# Exported from MakeClothes (TM)
# author punkduck
# license CC  BY 3.0
# homepage http://www.makehuman.org/
v 1.5281 -7.8602 1.6338
v 1.5265 -7.8592 1.6281
v 1.5184 -7.8574 1.6256
v 1.5119 -7.8573 1.6286
v 1.5135 -7.8584 1.6342
v 1.5215 -7.8606 1.6367
v 1.5245 -7.8807 1.6304
v 1.5236 -7.8758 1.6254
v 1.5158 -7.8724 1.6231
v 1.5090 -7.8740 1.6258
v 1.5099 -7.8789 1.6308
v 1.5177 -7.8823 1.6331
v 1.5163 -7.8927 1.6090
v 1.5170 -7.8847 1.6079
v 1.5100 -7.8797 1.6076
v 1.5024 -7.8829 1.6084
v 1.5017 -7.8909 1.6094
v 1.5087 -7.8958 1.6098
v 1.4647 -7.8251 1.4174
v 1.4666 -7.8187 1.4209
v 1.4602 -7.8146 1.4228
v 1.4520 -7.8169 1.4213
v 1.4501 -7.8233 1.4178
v 1.4565 -7.8274 1.4159
v 1.4638 -7.8012 1.4049
v 1.4658 -7.8001 1.4109
v 1.4595 -7.7987 1.4141
v 1.4512 -7.7983 1.4114
v 1.4492 -7.7994 1.4054
v 1.4555 -7.8008 1.4022
v 1.4673 -7.7806 1.4083
v 1.4687 -7.7835 1.4137
v 1.4621 -7.7837 1.4166
v 1.4541 -7.7817 1.4141
v 1.4527 -7.7788 1.4087
v 1.4592 -7.7791 1.4057
v 1.4745 -7.7688 1.4266
v 1.4739 -7.7768 1.4277
v 1.4663 -7.7799 1.4285
v 1.4593 -7.7750 1.4282
v 1.4599 -7.7670 1.4271
v 1.4676 -7.7638 1.4263
v 1.5262 -7.8364 1.6182
v 1.5243 -7.8428 1.6148
v 1.5161 -7.8451 1.6133
v 1.5097 -7.8410 1.6152
v 1.5116 -7.8346 1.6187
v 1.5198 -7.8322 1.6202
v 2.0363 -7.7633 1.0479
v 2.0401 -7.7543 1.0497
v 2.0343 -7.7462 1.0491
v 2.0246 -7.7471 1.0468
v 2.0208 -7.7562 1.0450
v 2.0266 -7.7643 1.0456
v 2.0311 -7.6343 0.7489
v 2.0349 -7.6268 0.7541
v 2.0292 -7.6217 0.7606
v 2.0196 -7.6242 0.7618
v 2.0157 -7.6318 0.7565
v 2.0214 -7.6368 0.7500
v 2.0136 -7.6036 0.7312
v 2.0207 -7.6007 0.7373
v 2.0201 -7.6035 0.7461
v 2.0133 -7.6103 0.7484
v 2.0066 -7.6136 0.7421
v 2.0072 -7.6108 0.7332
v 1.9963 -7.5839 0.7400
v 2.0043 -7.5820 0.7456
v 2.0068 -7.5884 0.7529
v 2.0013 -7.5966 0.7545
v 1.9933 -7.5985 0.7488
v 1.9908 -7.5921 0.7415
v 1.9803 -7.5765 0.7747
v 1.9900 -7.5755 0.7770
v 1.9958 -7.5836 0.7776
v 1.9920 -7.5927 0.7758
v 1.9823 -7.5937 0.7735
v 1.9764 -7.5856 0.7729
v 1.9855 -7.7055 1.0738
v 1.9951 -7.7030 1.0726
v 2.0008 -7.7081 1.0661
v 1.9969 -7.7156 1.0608
v 1.9873 -7.7181 1.0620
v 1.9816 -7.7130 1.0685
v 2.0025 -7.7375 1.0962
v 2.0104 -7.7320 1.0934
v 2.0126 -7.7311 1.0837
v 2.0070 -7.7357 1.0768
v 1.9991 -7.7411 1.0796
v 1.9969 -7.7421 1.0893
v 2.0198 -7.7572 1.0874
v 2.0268 -7.7507 1.0851
v 2.0259 -7.7462 1.0769
v 2.0190 -7.7493 1.0707
v 2.0124 -7.7563 1.0729
v 2.0133 -7.7608 1.0810
v 1.9917 -8.2276 0.5763
v 2.0779 -8.1771 0.5763
v 1.9547 -8.2187 0.3937
v 2.0777 -8.1662 0.3937
v 2.0408 -8.2415 0.7333
v 2.1024 -8.1926 0.7333
v 2.0982 -8.2708 0.9228
v 2.1341 -8.2177 0.9228
v 1.9460 -8.2047 0.2253
v 2.0632 -8.1600 0.2253
v 1.9081 -8.1993 0.0768
v 2.0005 -8.1427 0.0769
v 2.1494 -8.2992 1.0951
v 2.1494 -8.2408 1.0951
v 2.1568 -8.3045 1.2712
v 2.1568 -8.2494 1.2712
v 2.1444 -8.2998 1.4741
v 2.1444 -8.2503 1.4741
v 2.0936 -8.2745 1.6712
v 2.0936 -8.2220 1.6712
v 1.8623 -8.1900 -0.0227
v 1.9247 -8.1246 -0.0249
v 2.0278 -8.2519 1.8036
v 2.0278 -8.2000 1.8036
v 1.9550 -8.2164 1.9137
v 1.9550 -8.1755 1.9137
v 1.8853 -8.1979 1.9850
v 1.8853 -8.1551 1.9934
v 1.7883 -8.1729 2.0552
v 1.7883 -8.1265 2.0636
v 1.6791 -8.1565 2.0775
v 1.6791 -8.1093 2.0859
v 1.8192 -8.1866 -0.0709
v 1.8534 -8.1143 -0.0727
v 1.7615 -8.1865 -0.0900
v 1.7579 -8.1016 -0.0919
v 1.6864 -8.1922 -0.0640
v 1.6336 -8.1121 -0.0634
v 1.6251 -8.2037 0.0057
v 1.5321 -8.1338 0.0057
v 1.6000 -8.2174 0.1374
v 1.4907 -8.1579 0.1368
v 1.5948 -8.2113 0.2953
v 1.4819 -8.1618 0.2953
v 1.6119 -8.2103 0.4951
v 1.5074 -8.1679 0.4951
v 1.6113 -8.2175 0.6467
v 1.5433 -8.1661 0.6467
v 1.5927 -8.2261 0.8213
v 1.5358 -8.1620 0.8213
v 1.5058 -8.2699 0.9958
v 1.4841 -8.1787 0.9958
v 1.4363 -8.2927 1.1451
v 1.4216 -8.1961 1.1451
v 1.3540 -8.3000 1.2829
v 1.3439 -8.2172 1.2829
v 1.3326 -8.2911 1.3978
v 1.3326 -8.2261 1.3978
v 1.3357 -8.2915 1.5723
v 1.3357 -8.2275 1.5723
v 1.3379 -8.2849 1.7170
v 1.3379 -8.2089 1.7170
v 1.3703 -8.2441 1.8777
v 1.3661 -8.1747 1.8861
v 1.4464 -8.1963 2.0078
v 1.4459 -8.1376 2.0185
v 1.5780 -8.1655 2.0646
v 1.5774 -8.1098 2.0752
v 1.9664 -8.2393 0.5868
v 1.9334 -8.2275 0.4085
v 2.0206 -8.2522 0.7400
v 2.0710 -8.2931 0.9250
v 1.9257 -8.2130 0.2441
v 1.8920 -8.2090 0.0995
v 2.1212 -8.3007 1.0932
v 2.1280 -8.3061 1.2651
v 2.1065 -8.3018 1.4632
v 2.0590 -8.3013 1.6556
v 1.8512 -8.2032 0.0026
v 2.0083 -8.2940 1.7849
v 1.9407 -8.2943 1.8923
v 1.8760 -8.2632 1.9702
v 1.7859 -8.2251 2.0387
v 1.6846 -8.2089 2.0605
v 1.8129 -8.1998 -0.0443
v 1.7616 -8.2005 -0.0630
v 1.6948 -8.2059 -0.0378
v 1.6403 -8.2167 0.0302
v 1.6180 -8.2265 0.1588
v 1.6133 -8.2224 0.3125
v 1.6285 -8.2241 0.5075
v 1.6277 -8.2353 0.6555
v 1.6019 -8.2454 0.8259
v 1.5363 -8.2931 0.9963
v 1.4524 -8.2977 1.1421
v 1.3757 -8.3036 1.2766
v 1.3598 -8.3075 1.3887
v 1.3658 -8.2948 1.5591
v 1.3678 -8.2940 1.7003
v 1.4008 -8.2943 1.8592
v 1.4758 -8.2554 1.9915
v 1.5907 -8.2178 2.0479
v 1.6692 -8.2349 2.0265
v 1.6438 -8.2415 0.0331
v 1.8482 -8.2353 0.0067
v 1.7543 -8.2227 0.3174
v 1.7804 -8.2151 0.4771
v 1.8177 -8.2292 0.6368
v 1.8475 -8.2355 0.7965
v 1.8529 -8.2931 0.9230
v 1.8139 -8.2746 1.0915
v 1.7363 -8.2826 1.2565
v 1.6812 -8.2975 1.4249
v 1.6522 -8.2874 1.5724
v 1.6544 -8.2940 1.7146
v 1.6670 -8.2943 1.8603
v 2.0883 -8.1532 0.5705
v 2.0880 -8.1422 0.3855
v 2.1135 -8.1692 0.7296
v 2.1462 -8.1939 0.9216
v 2.0732 -8.1407 0.2149
v 2.0086 -8.1208 0.0646
v 2.1619 -8.2187 1.0961
v 2.1696 -8.2274 1.2745
v 2.1571 -8.2253 1.4801
v 2.1048 -8.1945 1.6799
v 1.9305 -8.1027 -0.0455
v 2.0367 -8.1684 1.8140
v 1.9617 -8.1439 1.9255
v 1.8899 -8.1234 2.0063
v 1.7900 -8.0944 2.0774
v 1.6775 -8.0772 2.1000
v 1.8571 -8.0893 -0.0940
v 1.7587 -8.0777 -0.1134
v 1.6306 -8.0836 -0.0846
v 1.5261 -8.1080 -0.0145
v 1.4834 -8.1331 0.1253
v 1.4744 -8.1401 0.2858
v 1.5006 -8.1522 0.4883
v 1.5340 -8.1460 0.6419
v 1.5233 -8.1363 0.8187
v 1.4761 -8.1469 0.9956
v 1.4090 -8.1654 1.1468
v 1.3331 -8.1874 1.2865
v 1.3193 -8.1959 1.4028
v 1.3238 -8.1989 1.5797
v 1.3260 -8.1773 1.7263
v 1.3547 -8.1432 1.8977
v 1.4368 -8.1052 2.0317
v 1.5728 -8.0777 2.0893
v 2.0943 -8.1356 0.5686
v 2.0979 -8.1282 0.3776
v 2.1181 -8.1516 0.7266
v 2.1509 -8.1753 0.9197
v 2.0781 -8.1255 0.2127
v 2.0175 -8.1044 0.0620
v 2.1760 -8.2031 1.0964
v 2.1839 -8.2117 1.2753
v 2.1712 -8.2094 1.4814
v 2.1172 -8.1772 1.6817
v 1.9369 -8.0859 -0.0483
v 2.0466 -8.1505 1.8162
v 1.9692 -8.1260 1.9280
v 1.8950 -8.1048 2.0090
v 1.7917 -8.0769 2.0803
v 1.6756 -8.0598 2.1030
v 1.8611 -8.0720 -0.0992
v 1.7594 -8.0606 -0.1187
v 1.6271 -8.0663 -0.0878
v 1.5192 -8.0908 -0.0175
v 1.4751 -8.1161 0.1229
v 1.4658 -8.1250 0.2839
v 1.4928 -8.1399 0.4869
v 1.5304 -8.1308 0.6409
v 1.5200 -8.1195 0.8182
v 1.4877 -8.1296 0.9956
v 1.4125 -8.1482 1.1472
v 1.3247 -8.1701 1.2872
v 1.3047 -8.1786 1.4039
v 1.3101 -8.1815 1.5812
v 1.3125 -8.1593 1.7282
v 1.3419 -8.1241 1.9003
v 1.4267 -8.0866 2.0346
v 1.5674 -8.0603 2.0922
v 2.0991 -8.0442 0.5686
v 2.0979 -8.0373 0.3776
v 2.1246 -8.0601 0.7266
v 2.1622 -8.0841 0.9197
v 2.0832 -8.0353 0.2045
v 2.0214 -8.0130 0.0538
v 2.1857 -8.1029 1.0964
v 2.1839 -8.1273 1.2753
v 2.1755 -8.1184 1.4814
v 2.1209 -8.0862 1.6836
v 1.9405 -7.9956 -0.0502
v 2.0466 -8.0606 1.8162
v 1.9692 -8.0385 1.9280
v 1.8950 -8.0268 2.0090
v 1.7917 -8.0118 2.0803
v 1.6756 -8.0068 2.1030
v 1.8589 -7.9815 -0.1039
v 1.7552 -7.9719 -0.1204
v 1.6294 -7.9774 -0.0917
v 1.5318 -7.9978 -0.0145
v 1.4755 -8.0246 0.1147
v 1.4560 -8.0348 0.2839
v 1.4715 -8.0516 0.4869
v 1.4999 -8.0545 0.6409
v 1.4852 -8.0560 0.8182
v 1.4137 -8.0567 0.9956
v 1.3529 -8.0661 1.1472
v 1.3078 -8.0787 1.2872
v 1.2949 -8.0871 1.4039
v 1.3101 -8.0890 1.5812
v 1.3125 -8.0599 1.7282
v 1.3419 -8.0356 1.9003
v 1.4267 -8.0089 2.0346
v 1.5674 -8.0075 2.0922
v 2.1121 -7.9676 0.5686
v 2.0979 -7.9662 0.3776
v 2.1437 -7.9750 0.7266
v 2.1804 -7.9990 0.9197
v 2.0945 -7.9502 0.1975
v 2.0344 -7.9262 0.0205
v 2.1938 -8.0178 1.0964
v 2.2017 -8.0253 1.2753
v 2.1831 -8.0333 1.4814
v 2.1131 -8.0157 1.6836
v 1.9457 -7.9092 -0.0762
v 2.0401 -7.9926 1.8162
v 1.9642 -7.9845 1.9143
v 1.8855 -7.9744 1.9953
v 1.7842 -7.9629 2.0624
v 1.6756 -7.9613 2.0880
v 1.8599 -7.8951 -0.1260
v 1.7551 -7.8855 -0.1389
v 1.6295 -7.8910 -0.1094
v 1.5349 -7.9110 -0.0296
v 1.4784 -7.9378 0.0954
v 1.4560 -7.9497 0.2839
v 1.4566 -7.9666 0.4869
v 1.4593 -7.9694 0.6409
v 1.4382 -7.9844 0.8146
v 1.3922 -7.9955 0.9956
v 1.3411 -8.0007 1.1472
v 1.2927 -8.0048 1.2872
v 1.2949 -8.0020 1.4039
v 1.3101 -8.0034 1.5812
v 1.3286 -7.9868 1.7282
v 1.3501 -7.9799 1.8866
v 1.4375 -7.9620 2.0209
v 1.5674 -7.9654 2.0716
v 1.6657 -7.9532 2.0064
v 1.7648 -7.9483 1.9028
v 1.5604 -7.9365 1.8913
v 1.8948 -7.9405 1.7942
v 1.6700 -7.9223 1.7954
v 1.4752 -7.9183 1.7502
v 2.1214 -7.8888 0.5686
v 2.0979 -7.8875 0.3776
v 2.1522 -7.8963 0.7266
v 2.1827 -7.9203 0.9197
v 2.0945 -7.8714 0.1975
v 2.0344 -7.8474 0.0205
v 2.1938 -7.9318 1.0964
v 2.1863 -7.9405 1.2753
v 2.1366 -7.9455 1.4814
v 2.0157 -7.9394 1.6836
v 1.9429 -7.8282 -0.0789
v 1.8596 -7.8141 -0.1268
v 1.7552 -7.8045 -0.1368
v 1.6300 -7.8100 -0.1113
v 1.5362 -7.8300 -0.0311
v 1.4784 -7.8590 0.0954
v 1.4560 -7.8709 0.2839
v 1.4470 -7.8878 0.4869
v 1.4282 -7.8906 0.6409
v 1.4154 -7.9057 0.8146
v 1.3922 -7.9168 0.9956
v 1.3343 -7.9219 1.1472
v 1.3013 -7.9261 1.2872
v 1.2949 -7.9233 1.4039
v 1.4026 -7.9237 1.5812
v 1.7614 -7.9040 1.7123
v 1.5884 -7.8934 1.6932
v 2.0911 -7.8006 0.5686
v 2.0903 -7.7993 0.3868
v 2.1049 -7.8081 0.7266
v 2.1165 -7.8321 0.9197
v 2.0595 -7.7832 0.2067
v 2.0008 -7.7638 0.0435
v 2.1272 -7.8436 1.0964
v 2.1064 -7.8633 1.2793
v 2.0095 -7.8797 1.4719
v 1.8989 -7.8973 1.6220
v 1.9225 -7.7426 -0.0628
v 1.8542 -7.7280 -0.1127
v 1.7539 -7.7188 -0.1246
v 1.6329 -7.7240 -0.1018
v 1.5427 -7.7443 -0.0225
v 1.4860 -7.7708 0.1046
v 1.4682 -7.7827 0.2931
v 1.4470 -7.7996 0.4869
v 1.4282 -7.8024 0.6409
v 1.4154 -7.8174 0.8146
v 1.3922 -7.8286 0.9956
v 1.3684 -7.8337 1.1472
v 1.3577 -7.8379 1.2872
v 1.4062 -7.8585 1.4198
v 1.4923 -7.8855 1.5758
v 1.7020 -7.8728 1.6086
v 1.9856 -7.6927 0.1323
v 1.9192 -7.6048 0.0725
v 1.8134 -7.4325 -0.0401
v 1.8758 -7.5033 0.0209
v 2.0127 -7.7154 0.2548
v 1.9965 -7.6560 0.4060
v 1.9663 -7.5601 0.5542
v 1.9337 -7.5209 0.6762
v 1.8628 -7.5349 0.8390
v 1.8493 -7.6278 0.9895
v 1.8557 -7.7006 1.1030
v 1.8615 -7.7531 1.2325
v 1.8505 -7.7924 1.4502
v 1.8302 -7.8626 1.5635
v 1.5303 -7.6941 0.1320
v 1.5575 -7.6048 0.0725
v 1.6386 -7.4325 -0.0456
v 1.5853 -7.5081 0.0203
v 1.4839 -7.7168 0.2545
v 1.4538 -7.6622 0.3948
v 1.4578 -7.5680 0.5521
v 1.4703 -7.5445 0.6762
v 1.4972 -7.5531 0.8390
v 1.5563 -7.6142 0.9895
v 1.5674 -7.6692 1.1278
v 1.6074 -7.7454 1.3064
v 1.5668 -7.7895 1.4414
v 1.5990 -7.8667 1.5635
v 1.7551 -7.4042 -0.0605
v 1.6969 -7.4042 -0.0605
v 1.9759 -7.6664 0.1315
v 1.9290 -7.5771 0.0617
v 1.8204 -7.4090 -0.0423
v 1.8782 -7.4800 0.0066
v 2.0139 -7.6891 0.2445
v 2.0133 -7.6251 0.4000
v 1.9785 -7.5405 0.5482
v 1.9432 -7.4994 0.6780
v 1.8515 -7.5348 0.8453
v 1.8442 -7.5985 1.0012
v 1.5127 -7.6518 0.1186
v 1.5469 -7.5695 0.0632
v 1.6345 -7.4048 -0.0618
v 1.5772 -7.4735 0.0021
v 1.4623 -7.6891 0.2445
v 1.4290 -7.6345 0.3892
v 1.4508 -7.5403 0.5502
v 1.4680 -7.5127 0.6780
v 1.5062 -7.5163 0.8453
v 1.5736 -7.5250 0.9356
v 1.7602 -7.3847 -0.0760
v 1.6951 -7.3816 -0.0860
v 1.9625 -7.6415 0.1406
v 1.9065 -7.5596 0.0792
v 1.8034 -7.3975 -0.0144
v 1.8430 -7.4746 0.0318
v 1.9976 -7.6702 0.2475
v 1.9955 -7.6086 0.4029
v 1.9528 -7.5299 0.5377
v 1.9150 -7.4844 0.6690
v 1.8236 -7.5197 0.8318
v 1.8187 -7.5943 0.9823
v 1.5309 -7.6417 0.1411
v 1.5609 -7.5446 0.0696
v 1.6433 -7.3873 -0.0465
v 1.5881 -7.4565 0.0168
v 1.4811 -7.6743 0.2422
v 1.4499 -7.6170 0.3875
v 1.4661 -7.5228 0.5448
v 1.4851 -7.4994 0.6650
v 1.5234 -7.4964 0.8318
v 1.5884 -7.5050 0.9186
v 1.7587 -7.3703 -0.0483
v 1.6983 -7.3590 -0.0622
v 1.9343 -7.6677 0.1495
v 1.9065 -7.5844 0.0885
v 1.8034 -7.4223 0.0156
v 1.8430 -7.4829 0.0446
v 1.9733 -7.6964 0.2472
v 1.9717 -7.6334 0.4029
v 1.9216 -7.5547 0.5377
v 1.8597 -7.5092 0.6690
v 1.7938 -7.5336 0.8318
v 1.8160 -7.6427 0.9733
v 1.5522 -7.6627 0.1480
v 1.5749 -7.5648 0.0901
v 1.6433 -7.4121 -0.0174
v 1.5881 -7.4981 0.0586
v 1.5000 -7.6964 0.2472
v 1.4688 -7.6334 0.4029
v 1.4781 -7.5651 0.5377
v 1.5089 -7.5164 0.6650
v 1.5443 -7.5013 0.8318
v 1.6419 -7.5673 0.9895
v 1.7533 -7.3838 -0.0269
v 1.6983 -7.3838 -0.0453
v 1.7432 -7.6409 -0.1074
v 1.7312 -7.5735 -0.0879
v 1.7140 -7.4939 -0.0720
v 1.9096 -7.6642 -0.0231
v 1.8445 -7.6490 -0.0862
v 1.6357 -7.6452 -0.0848
v 1.5606 -7.6660 -0.0064
v 1.8839 -7.5930 -0.0107
v 1.8244 -7.5820 -0.0657
v 1.6469 -7.5765 -0.0649
v 1.5879 -7.5904 -0.0027
v 1.6479 -7.5023 -0.0535
v 1.7888 -7.4952 -0.0598
v 1.8378 -7.4991 -0.0189
v 1.6109 -7.5035 -0.0142
v 1.8446 -7.4679 -0.0069
v 1.8553 -7.4423 -0.0089
v 1.8232 -7.4361 0.0044
v 1.8232 -7.4526 0.0301
v 2.0310 -7.7192 0.5916
v 2.0247 -7.7217 0.4305
v 2.0351 -7.7276 0.7527
v 2.0180 -7.7458 0.9534
v 2.0246 -7.7947 1.1274
v 2.0120 -7.8319 1.2870
v 1.4523 -7.7181 0.4550
v 1.4412 -7.7232 0.6374
v 1.4311 -7.7347 0.8078
v 1.4558 -7.7216 0.9986
v 1.4492 -7.7648 1.1744
v 1.4425 -7.8079 1.3009
v 1.7041 -7.9007 1.5979
v 1.8254 -7.7338 1.0517
v 1.8379 -7.7950 1.1859
v 1.8336 -7.8503 1.4275
v 1.8219 -7.9140 1.5500
v 1.6473 -7.6422 1.1278
v 1.6235 -7.7886 1.3247
v 1.5846 -7.8556 1.4186
v 1.6069 -7.8741 1.5500
v 1.4701 -7.6564 0.9016
v 1.4448 -7.6453 0.6243
v 1.4407 -7.6603 0.7454
v 1.4444 -7.6453 0.5081
v 1.4587 -7.6046 0.4734
v 1.4399 -7.5769 0.4696
v 1.4580 -7.5594 0.4661
v 1.4735 -7.5993 0.4703
v 1.9554 -7.6238 0.7500
v 1.9659 -7.6697 0.9102
v 1.9906 -7.6562 0.5157
v 1.9702 -7.6167 0.6211
v 1.9791 -7.6100 0.4752
v 1.9937 -7.5823 0.4705
v 1.9708 -7.5648 0.4670
v 1.9467 -7.5940 0.4703
v 1.8576 -7.8874 1.6033
v 1.7666 -7.9082 1.6281
v 1.6754 -7.9088 1.6304
v 1.5839 -7.8893 1.6104
v 1.8535 -7.8556 1.4533
v 1.7603 -7.8166 1.4781
v 1.6713 -7.8206 1.4805
v 1.5726 -7.8530 1.4604
v 1.8517 -7.8179 1.3038
v 1.7584 -7.7734 1.3286
v 1.6671 -7.7619 1.3309
v 1.5693 -7.8062 1.3109
v 1.8517 -7.7600 1.1613
v 1.7543 -7.7248 1.1861
v 1.6631 -7.7023 1.1885
v 1.5602 -7.7329 1.1684
v 1.8414 -7.6842 1.0303
v 1.7504 -7.6507 1.0551
v 1.6548 -7.6345 1.0574
v 1.5677 -7.6497 1.0374
v 1.8376 -7.6103 0.9063
v 1.7466 -7.5609 0.9311
v 1.6435 -7.5432 0.9285
v 1.5556 -7.5814 0.9134
v 1.8337 -7.5194 0.7985
v 1.7427 -7.4701 0.8147
v 1.6284 -7.4683 0.8338
v 1.5358 -7.5310 0.8304
v 1.8337 -7.5434 0.7734
v 1.7427 -7.4940 0.7896
v 1.6284 -7.4922 0.8087
v 1.5344 -7.5430 0.8053
v 1.6691 -7.7028 1.2433
v 1.7206 -7.5531 0.9531
v 1.7269 -7.6231 1.0914
v 1.7307 -7.6938 1.1994
v 1.7992 -7.5412 0.9094
v 1.8075 -7.6034 1.0477
v 1.8094 -7.6790 1.1436
v 1.8863 -7.5455 0.8730
v 1.8965 -7.6080 1.0113
v 1.8964 -7.6807 1.1072
v 2.0011 -7.5995 0.8301
v 2.0079 -7.6642 0.9780
v 2.0182 -7.7107 1.0691
v 1.6691 -7.7393 1.2603
v 1.7307 -7.7404 1.2164
v 1.8094 -7.7338 1.1552
v 1.8964 -7.7334 1.1188
v 2.0015 -7.7528 1.0886
v 1.6443 -7.5313 0.9387
v 1.7206 -7.5363 0.9147
v 1.7992 -7.5287 0.8710
v 1.8863 -7.5253 0.8346
v 1.6443 -7.5124 0.9205
v 1.7206 -7.5183 0.8965
v 1.7992 -7.5024 0.8528
v 1.8841 -7.5082 0.8176
v 2.0055 -7.5890 0.7985
v 2.0018 -7.5812 0.7727
v 1.5990 -7.5249 0.8856
v 1.6443 -7.5273 0.8900
v 1.7206 -7.5323 0.8660
v 1.7904 -7.5276 0.8335
v 1.8685 -7.5202 0.7871
v 1.9821 -7.6235 0.7577
v 1.9947 -7.6492 0.8391
v 2.0011 -7.7194 0.9870
v 1.9904 -7.6359 0.7966
v 1.9453 -7.6865 1.1009
v 1.9474 -7.6271 0.9985
v 1.9349 -7.5621 0.8593
v 1.9457 -7.7550 1.0960
v 1.9351 -7.5389 0.8250
v 1.9329 -7.5199 0.7941
v 1.9329 -7.5797 0.7692
v 2.1905 -7.9194 0.9521
v 2.1653 -7.8521 0.9806
v 2.0250 -7.7540 1.0374
v 2.0884 -7.7958 1.0111
v 2.2068 -7.9838 0.9236
v 2.1899 -8.0721 0.8887
v 2.0277 -7.7384 1.0473
v 2.0360 -7.7331 1.0526
v 2.0534 -7.7406 1.0513
v 2.0705 -7.7534 1.0451
v 2.1011 -7.7818 1.0296
v 2.1237 -7.8236 1.0073
v 2.1863 -7.9021 0.9657
v 2.2014 -7.9708 0.9356
v 2.2011 -8.0163 0.9135
v 2.1374 -7.8346 0.6850
v 2.0990 -7.7774 0.7135
v 2.0116 -7.6546 0.7703
v 2.0376 -7.6968 0.7441
v 2.1556 -7.8918 0.6566
v 2.1309 -7.9673 0.6217
v 2.0111 -7.6373 0.7809
v 2.0178 -7.6308 0.7864
v 2.0325 -7.6373 0.7852
v 2.0437 -7.6535 0.7778
v 2.0551 -7.6810 0.7622
v 2.0625 -7.7243 0.7400
v 2.1182 -7.8040 0.7003
v 2.1458 -7.8650 0.6699
v 2.1523 -7.8987 0.6603
v 2.1251 -7.7764 1.0335
v 2.0794 -7.6735 0.7661
v 2.0669 -7.6409 0.7842
v 2.0914 -7.7467 1.0515
v 2.0642 -7.8102 1.0053
v 2.0154 -7.7078 0.7382
v 2.0776 -7.7909 0.7067
v 2.1446 -7.8675 0.9737
v 2.1458 -7.8128 1.0131
v 2.0873 -7.7130 0.7458
v 1.9969 -7.7612 1.0357
v 1.9860 -7.6577 0.7686
v 2.2049 -7.8881 0.9720
v 2.1360 -7.7895 0.7076
v 2.1850 -7.9999 0.9165
v 2.1322 -7.9058 0.6494
v 2.1048 -7.9676 0.6205
v 2.1589 -8.0738 0.8876
v 2.2227 -7.9507 0.9437
v 2.1675 -7.8478 0.6788
v 2.0011 -7.7347 1.0523
v 1.9913 -7.6316 0.7857
v 2.2270 -8.0163 0.9102
v 2.1867 -7.8989 0.6605
v 2.0225 -7.7227 1.0626
v 2.0126 -7.6135 0.7975
v 2.0594 -7.7277 1.0616
v 2.0445 -7.6164 0.7964
v 2.1735 -7.9355 0.9448
v 2.1165 -7.8490 0.6778
v 2.0664 -7.7469 1.0176
v 2.0962 -7.7747 1.0020
v 2.1598 -7.8452 0.9531
v 2.0873 -7.7861 0.9836
v 2.1169 -7.8172 0.9797
v 2.0243 -7.7445 1.0098
v 2.1774 -7.8949 0.9399
v 2.1736 -8.0622 0.8614
v 2.2019 -7.9757 0.8961
v 2.1986 -7.9609 0.9099
v 2.0271 -7.7258 1.0205
v 2.1985 -8.0033 0.8912
v 2.0346 -7.7203 1.0260
v 2.0505 -7.7291 1.0249
v 2.1887 -7.9121 0.9246
v 2.1203 -7.7684 1.0060
v 2.0874 -7.7409 1.0240
v 2.0627 -7.8039 0.9778
v 2.1367 -7.8646 0.9462
v 2.1410 -7.8048 0.9856
v 1.9955 -7.7575 1.0082
v 2.1989 -7.8793 0.9459
v 2.1795 -7.9950 0.8890
v 2.1405 -8.0636 0.8606
v 2.2222 -7.9398 0.9177
v 1.9991 -7.7284 1.0253
v 2.2251 -8.0028 0.8868
v 2.0208 -7.7126 1.0365
v 2.0576 -7.7181 1.0356
v 2.1695 -7.9328 0.9173
v 2.0482 -7.6660 0.8033
v 2.1047 -7.7900 0.7391
v 2.1403 -7.9785 0.6478
v 2.0714 -7.6535 0.8097
v 2.0832 -7.8035 0.7322
v 2.0989 -7.9787 0.6466
v 2.0604 -7.6936 0.7878
v 2.0504 -7.7094 0.7696
v 2.0670 -7.7369 0.7655
v 2.0155 -7.6672 0.7958
v 2.1267 -7.8165 0.7258
v 2.1623 -7.9044 0.6821
v 2.1543 -7.8775 0.6954
v 2.0164 -7.6498 0.8064
v 2.1609 -7.9090 0.6868
v 2.0228 -7.6434 0.8119
v 2.0381 -7.6499 0.8107
v 2.1432 -7.8472 0.7106
v 2.0849 -7.6861 0.7916
v 2.0277 -7.7209 0.7638
v 2.0921 -7.7255 0.7713
v 1.9882 -7.6702 0.7942
v 2.1441 -7.8021 0.7331
v 2.1401 -7.9184 0.6750
v 2.1760 -7.8599 0.7043
v 1.9948 -7.6442 0.8112
v 2.1874 -7.9092 0.6871
v 2.0159 -7.6266 0.8230
v 2.0490 -7.6289 0.8220
v 2.1222 -7.8615 0.7033
v 2.2030 -8.0066 0.9187
v 2.1510 -7.8872 0.6643
v 2.1886 -7.8857 0.6652
v 2.2291 -8.0048 0.9145
v 2.2285 -7.9913 0.8912
v 2.2010 -7.9937 0.8970
v 2.1928 -7.8962 0.6917
v 2.1634 -7.8977 0.6908
v 2.2041 -8.0538 0.8948
v 2.1399 -7.9508 0.6283
v 2.1037 -7.9536 0.6262
v 2.1617 -8.0582 0.8927
v 2.1457 -8.0507 0.8660
v 2.1937 -8.0441 0.8675
v 2.0970 -7.9650 0.6522
v 2.1501 -7.9622 0.6544
v 1.8390 -7.6324 0.9845
v 1.8277 -7.8784 1.5593
v 1.7026 -7.8814 1.6053
v 1.6014 -7.8690 1.5593
v 1.5723 -7.8098 1.4344
v 1.6124 -7.7587 1.3120
v 1.8453 -7.8102 1.4432
v 1.8542 -7.7660 1.2182
v 1.8464 -7.7108 1.0872
v 1.8094 -7.6958 1.1489
v 1.8964 -7.6969 1.1125
v 1.7307 -7.7081 1.2047
v 1.6691 -7.7140 1.2485
v 2.0130 -7.7236 1.0751
v 1.9957 -7.5943 0.7681
v 2.0058 -7.6812 0.9808
v 1.9991 -7.6148 0.8329
v 2.0008 -7.6034 0.7979
v 1.9329 -7.5383 0.7826
v 1.9454 -7.7018 1.1046
v 1.8704 -7.5279 0.8024
v 1.5482 -7.8025 1.5994
v 1.5029 -7.8529 1.5937
v 1.5114 -7.8082 1.6070
v 1.4945 -7.8344 1.6024
v 1.5510 -7.8683 1.5759
v 1.6302 -7.8455 1.5632
v 1.7631 -7.8293 1.5343
v 1.8762 -7.8422 1.5004
v 2.0035 -7.8831 1.4576
v 2.1420 -7.9451 1.4054
v 1.6670 -7.7940 1.5715
v 1.7869 -7.7857 1.5439
v 1.9318 -7.8085 1.4983
v 2.0346 -7.8440 1.4631
v 2.1270 -7.8892 1.4274
v 1.5062 -7.7466 1.4378
v 1.4609 -7.7970 1.4321
v 1.4694 -7.7523 1.4454
v 1.4525 -7.7784 1.4407
v 1.5090 -7.8124 1.4143
v 1.5882 -7.7895 1.4016
v 1.7211 -7.7733 1.3727
v 1.8342 -7.7863 1.3388
v 1.9615 -7.8272 1.2960
v 2.1000 -7.8748 1.2438
v 1.6250 -7.7381 1.4099
v 1.7449 -7.7278 1.3823
v 1.8898 -7.7486 1.3367
v 1.9926 -7.7860 1.3014
v 2.0850 -7.8224 1.2658
v 2.0119 -7.8603 1.4633
v 1.9699 -7.8043 1.3017
v 1.8402 -7.7629 1.3454
v 1.8822 -7.8188 1.5070
v 1.5533 -7.8435 1.5839
v 1.5113 -7.7876 1.4223
v 1.4794 -7.7823 1.4324
v 1.5214 -7.8382 1.5940
v 2.1516 -7.9226 1.4107
v 2.1096 -7.8523 1.2491
v 1.5251 -7.8298 1.5960
v 1.4831 -7.7739 1.4344
v 1.5086 -7.7699 1.4291
v 1.5506 -7.8258 1.5907
v 1.6257 -7.7617 1.4015
v 1.6677 -7.8177 1.5631
v 1.4791 -7.7772 1.4342
v 1.5211 -7.8332 1.5959
v 1.7410 -7.7516 1.3750
v 1.7830 -7.8095 1.5367
v 1.8826 -7.7718 1.3306
v 1.9246 -7.8317 1.4922
v 1.6271 -7.8222 1.5721
v 1.5851 -7.7662 1.4105
v 1.9833 -7.8086 1.2960
v 2.0253 -7.8666 1.4576
v 1.7650 -7.8054 1.5421
v 1.7230 -7.7495 1.3805
v 2.0747 -7.8447 1.2608
v 2.1167 -7.9114 1.4224
v 1.8692 -7.8329 1.4735
v 1.9965 -7.8738 1.4306
v 1.4959 -7.8436 1.5668
v 1.5440 -7.8590 1.5490
v 2.1350 -7.9404 1.3785
v 1.5412 -7.7932 1.5725
v 1.5044 -7.7989 1.5801
v 1.6600 -7.7847 1.5446
v 1.4875 -7.8250 1.5754
v 1.7799 -7.7744 1.5170
v 1.9248 -7.7973 1.4714
v 1.6232 -7.8361 1.5363
v 2.0276 -7.8347 1.4361
v 1.7561 -7.8200 1.5074
v 2.1200 -7.8799 1.4005
v 2.0049 -7.8510 1.4364
v 1.8752 -7.8095 1.4800
v 1.5463 -7.8342 1.5570
v 1.5144 -7.8289 1.5671
v 2.1446 -7.9179 1.3838
v 1.5181 -7.8205 1.5690
v 1.5436 -7.8165 1.5638
v 1.6607 -7.8084 1.5362
v 1.5141 -7.8239 1.5689
v 1.7760 -7.7982 1.5097
v 1.9176 -7.8204 1.4652
v 1.6201 -7.8129 1.5452
v 2.0183 -7.8573 1.4307
v 1.7580 -7.7961 1.5151
v 2.1097 -7.9021 1.3955
v 1.8394 -7.7931 1.3586
v 1.4661 -7.8038 1.4519
v 1.5113 -7.7534 1.4576
v 1.6301 -7.7449 1.4297
v 1.4576 -7.7853 1.4606
v 1.7500 -7.7347 1.4021
v 1.8950 -7.7575 1.3565
v 1.9977 -7.7949 1.3212
v 2.0901 -7.8313 1.2856
v 1.8454 -7.7697 1.3652
v 1.4845 -7.7891 1.4522
v 1.5137 -7.7768 1.4489
v 1.6308 -7.7686 1.4213
v 1.4842 -7.7841 1.4540
v 1.7462 -7.7584 1.3949
v 1.8878 -7.7807 1.3504
v 1.9885 -7.8175 1.3158
v 2.0799 -7.8536 1.2806
v 1.9666 -7.8341 1.3158
v 1.5142 -7.8192 1.4341
v 2.1052 -7.8823 1.2636
v 1.4746 -7.7591 1.4652
v 1.5933 -7.7964 1.4214
v 1.7263 -7.7802 1.3925
v 1.9750 -7.8112 1.3215
v 1.5164 -7.7944 1.4421
v 2.1147 -7.8598 1.2689
v 1.4882 -7.7807 1.4542
v 1.5903 -7.7731 1.4303
v 1.7281 -7.7563 1.4003
v 2.1104 -7.8831 1.4336
v 2.0684 -7.8164 1.2720
v 2.0583 -7.8387 1.2669
v 2.1003 -7.9054 1.4285
v 2.0933 -7.8873 1.4016
v 2.1034 -7.8738 1.4067
v 2.0634 -7.8475 1.2867
v 2.0735 -7.8253 1.2918
v 2.1231 -7.9319 1.4125
v 2.0811 -7.8631 1.2509
v 2.0905 -7.8405 1.2563
v 2.1325 -7.9093 1.4179
v 2.1255 -7.9000 1.3910
v 2.1161 -7.9225 1.3856
v 2.0957 -7.8487 1.2761
v 2.0863 -7.8713 1.2707
v 1.5361 -7.8951 1.5789
v 1.4812 -7.8653 1.6059
v 1.5270 -7.8615 1.5942
v 1.4992 -7.8564 1.6057
v 1.4701 -7.9153 1.5901
v 1.4905 -7.8347 1.4198
v 1.4356 -7.8099 1.4468
v 1.4814 -7.8061 1.4352
v 1.4535 -7.7987 1.4466
v 1.4244 -7.8549 1.4311
v 1.4953 -7.9108 1.5846
v 1.4496 -7.8505 1.4256
v 1.4521 -7.8186 1.4369
v 1.4977 -7.8790 1.5960
v 1.5065 -7.8803 1.5930
v 1.4609 -7.8199 1.4339
v 1.4672 -7.8432 1.4233
v 1.5128 -7.9035 1.5823
v 1.4571 -7.8170 1.4361
v 1.5027 -7.8774 1.5951
v 1.4736 -7.8553 1.5794
v 1.4625 -7.9052 1.5636
v 1.5285 -7.8850 1.5524
v 1.5194 -7.8515 1.5677
v 1.4915 -7.8463 1.5792
v 1.4877 -7.9008 1.5581
v 1.4901 -7.8689 1.5695
v 1.4989 -7.8702 1.5664
v 1.5052 -7.8935 1.5558
v 1.4951 -7.8673 1.5686
v 1.4412 -7.8173 1.4663
v 1.4960 -7.8421 1.4393
v 1.4591 -7.8061 1.4661
v 1.4577 -7.8260 1.4564
v 1.4728 -7.8506 1.4428
v 1.4627 -7.8244 1.4556
v 1.4300 -7.8623 1.4506
v 1.4870 -7.8135 1.4547
v 1.4552 -7.8579 1.4450
v 1.4665 -7.8273 1.4534
v 1.8842 -8.2623 0.0994
v 1.9160 -8.2623 0.2324
v 1.8458 -8.2623 0.0101
v 1.8097 -8.2623 -0.0330
v 1.7613 -8.2623 -0.0502
v 1.6983 -8.2623 -0.0271
v 1.6469 -8.2623 0.0355
v 1.6258 -8.2623 0.1539
v 1.6214 -8.2623 0.2954
v 1.7550 -8.2623 0.0013
v 1.7494 -8.2623 0.1537
v 1.7544 -8.2623 0.2999
v 1.6967 -8.2366 -0.0320
v 1.8877 -8.2380 0.0994
v 1.9204 -8.2398 0.2378
v 1.7543 -8.2442 0.3079
v 1.6177 -8.2441 0.3032
v 1.8111 -8.2338 -0.0382
v 1.6222 -8.2460 0.1561
v 1.7614 -8.2341 -0.0560
v 1.9107 -7.6136 0.0615
v 2.0623 -7.3829 0.0092
v 2.0120 -7.4456 0.0852
v 1.9791 -7.5189 0.0785
v 2.0894 -7.4040 -0.0811
v 2.0664 -7.4716 -0.1468
v 2.0328 -7.5385 -0.1523
v 2.0022 -7.6344 -0.1330
v 1.9658 -7.7057 -0.1245
v 1.9278 -7.7601 -0.1115
v 1.8875 -7.8488 -0.1198
v 1.8395 -7.5466 -0.0238
v 1.9393 -7.3360 -0.0189
v 1.8984 -7.3906 0.0302
v 1.8762 -7.4519 0.0162
v 1.9663 -7.3429 -0.1091
v 1.9434 -7.4025 -0.1749
v 1.9097 -7.4835 -0.1909
v 1.8791 -7.5794 -0.1715
v 1.8428 -7.6507 -0.1606
v 1.8032 -7.7051 -0.1461
v 1.7629 -7.7938 -0.1439
v 1.9269 -7.7549 -0.0920
v 1.8023 -7.6999 -0.1265
v 1.7608 -7.7914 -0.1232
v 1.8855 -7.8464 -0.0992
v 2.0288 -7.5374 -0.1325
v 1.9057 -7.4824 -0.1711
v 1.8782 -7.5718 -0.1526
v 2.0013 -7.6268 -0.1140
v 1.9260 -7.6121 0.0481
v 1.8582 -7.5451 -0.0372
v 1.8846 -7.4566 -0.0027
v 1.9875 -7.5236 0.0595
v 1.9044 -7.3978 0.0108
v 2.0180 -7.4528 0.0658
v 1.8428 -7.6414 -0.1428
v 1.9658 -7.6964 -0.1066
v 2.0795 -7.4227 -0.0748
v 1.9565 -7.3588 -0.1033
v 1.9357 -7.4077 -0.1573
v 2.0588 -7.4796 -0.1288
v 2.0567 -7.4009 -0.0015
v 1.9337 -7.3539 -0.0296
v 1.7796 -7.8012 -0.1422
v 1.8199 -7.7125 -0.1434
v 1.8956 -7.5867 -0.1678
v 1.9263 -7.4909 -0.1871
v 1.8900 -7.4609 0.0246
v 1.8509 -7.5556 -0.0123
v 1.9137 -7.3980 0.0376
v 1.8593 -7.6581 -0.1569
v 1.9599 -7.4098 -0.1711
v 1.9828 -7.3489 -0.1053
v 1.9558 -7.3420 -0.0151
v 1.8191 -7.7073 -0.1239
v 1.7776 -7.7987 -0.1214
v 1.9222 -7.4898 -0.1673
v 1.8947 -7.5791 -0.1489
v 1.8696 -7.5541 -0.0258
v 1.8984 -7.4656 0.0057
v 1.9196 -7.4052 0.0182
v 1.8593 -7.6487 -0.1390
v 1.9730 -7.3602 -0.1003
v 1.9523 -7.4104 -0.1543
v 1.9502 -7.3599 -0.0258
v 1.9110 -7.7527 -0.1168
v 2.0162 -7.5311 -0.1579
v 1.8993 -7.6046 0.0500
v 2.0728 -7.3917 -0.0852
v 2.0457 -7.3755 0.0054
v 1.9101 -7.7475 -0.0973
v 2.0122 -7.5300 -0.1381
v 1.9146 -7.6030 0.0366
v 2.0630 -7.4104 -0.0789
v 2.0402 -7.3934 -0.0053
v 1.8707 -7.8414 -0.1243
v 1.9856 -7.6269 -0.1386
v 1.9652 -7.5099 0.0701
v 1.9967 -7.4382 0.0778
v 1.9492 -7.6983 -0.1297
v 2.0499 -7.4593 -0.1510
v 1.8687 -7.8389 -0.1035
v 1.9847 -7.6193 -0.1197
v 1.9736 -7.5146 0.0511
v 2.0026 -7.4454 0.0584
v 1.9493 -7.6889 -0.1119
v 2.0422 -7.4672 -0.1330
v 1.9156 -7.5984 0.0686
v 1.8444 -7.5314 -0.0167
v 1.8626 -7.5312 -0.0308
v 1.9304 -7.5982 0.0546
v 1.8740 -7.5402 -0.0193
v 1.8488 -7.5404 -0.0053
v 1.9033 -7.5894 0.0571
v 1.9190 -7.5892 0.0431
v 1.8990 -7.8235 -0.1194
v 1.7744 -7.7685 -0.1459
v 1.7727 -7.7653 -0.1239
v 1.8973 -7.8203 -0.0974
v 1.7894 -7.7727 -0.1200
v 1.7911 -7.7759 -0.1442
v 1.8822 -7.8161 -0.1243
v 1.8805 -7.8129 -0.1001
v 1.7385 -8.3994 1.1684
v 1.7385 -8.3294 1.1684
v 1.8162 -8.3994 1.1839
v 1.8162 -8.3294 1.1839
v 1.8821 -8.3994 1.2279
v 1.8821 -8.3294 1.2279
v 1.9261 -8.3994 1.2938
v 1.9261 -8.3294 1.2938
v 1.9416 -8.3994 1.3715
v 1.9416 -8.3294 1.3715
v 1.9261 -8.3994 1.4492
v 1.9261 -8.3294 1.4492
v 1.8821 -8.3994 1.5151
v 1.8821 -8.3294 1.5151
v 1.8162 -8.3994 1.5591
v 1.8162 -8.3294 1.5591
v 1.7385 -8.3994 1.5746
v 1.7385 -8.3294 1.5746
v 1.6608 -8.3994 1.5591
v 1.6608 -8.3294 1.5591
v 1.5949 -8.3994 1.5151
v 1.5949 -8.3294 1.5151
v 1.5667 -8.3994 1.4697
v 1.5667 -8.3294 1.4697
v 1.5667 -8.3994 1.2733
v 1.5667 -8.3294 1.2733
v 1.5949 -8.3994 1.2279
v 1.5949 -8.3294 1.2279
v 1.6608 -8.3994 1.1839
v 1.6608 -8.3294 1.1839
v 1.7341 -8.3994 0.9884
v 1.7341 -8.3294 0.9884
v 1.9289 -8.3994 0.9884
v 1.9289 -8.3294 0.9884
v 1.9814 -8.3994 1.0502
v 1.9814 -8.3294 1.0502
v 1.9972 -8.3994 1.1366
v 1.9972 -8.3294 1.1366
v 2.0219 -8.3994 1.3680
v 2.0219 -8.3294 1.3680
v 1.9972 -8.3994 1.5994
v 1.9972 -8.3294 1.5994
v 1.9814 -8.3994 1.6858
v 1.9814 -8.3294 1.6858
v 1.9289 -8.3994 1.7475
v 1.9289 -8.3294 1.7475
v 1.7341 -8.3994 1.7475
v 1.7341 -8.3294 1.7475
v 1.5393 -8.3994 1.7475
v 1.5393 -8.3294 1.7475
v 1.4962 -8.3994 1.6858
v 1.4962 -8.3294 1.6858
v 1.4764 -8.3994 1.5994
v 1.4764 -8.3294 1.5994
v 1.4764 -8.3994 1.1366
v 1.4764 -8.3294 1.1366
v 1.4962 -8.3994 1.0502
v 1.4962 -8.3294 1.0502
v 1.5393 -8.3994 0.9884
v 1.5393 -8.3294 0.9884
v 1.7385 -8.3819 1.1684
v 1.8162 -8.3819 1.1839
v 1.8821 -8.3819 1.2279
v 1.9261 -8.3819 1.2938
v 1.9416 -8.3819 1.3715
v 1.9261 -8.3819 1.4492
v 1.8821 -8.3819 1.5151
v 1.8162 -8.3819 1.5591
v 1.7385 -8.3819 1.5746
v 1.6608 -8.3819 1.5591
v 1.5949 -8.3819 1.5151
v 1.5667 -8.3819 1.4697
v 1.5667 -8.3819 1.2733
v 1.5949 -8.3819 1.2279
v 1.6608 -8.3819 1.1839
v 1.7341 -8.3819 0.9884
v 1.9289 -8.3819 0.9884
v 1.9814 -8.3819 1.0502
v 1.9972 -8.3819 1.1366
v 2.0219 -8.3819 1.3680
v 1.9972 -8.3819 1.5994
v 1.9814 -8.3819 1.6858
v 1.9289 -8.3819 1.7475
v 1.7341 -8.3819 1.7475
v 1.5393 -8.3819 1.7475
v 1.4962 -8.3819 1.6858
v 1.4764 -8.3819 1.5994
v 1.4764 -8.3819 1.1366
v 1.4962 -8.3819 1.0502
v 1.5393 -8.3819 0.9884
v 1.7341 -8.2737 0.9884
v 1.9289 -8.2737 0.9884
v 1.9814 -8.2737 1.0502
v 1.9972 -8.2737 1.1366
v 2.0219 -8.2737 1.3680
v 1.9972 -8.2737 1.5994
v 1.9814 -8.2737 1.6858
v 1.9289 -8.2737 1.7475
v 1.5393 -8.2737 1.7475
v 1.4962 -8.2737 1.6858
v 1.4764 -8.2737 1.5994
v 1.4764 -8.2737 1.1366
v 1.4962 -8.2737 1.0502
v 1.5393 -8.2737 0.9884
v 1.5473 -8.3294 1.3715
v 1.4412 -8.3294 1.3680
v 1.4412 -8.2737 1.3680
v 1.5570 -8.3294 1.3224
v 1.4569 -8.3294 1.2523
v 1.4569 -8.2737 1.2523
v 1.5570 -8.3294 1.4206
v 1.4569 -8.3294 1.4837
v 1.4569 -8.2737 1.4837
v 1.9338 -8.3994 1.3326
v 1.9338 -8.3294 1.3326
v 2.0130 -8.3994 1.2523
v 2.0130 -8.3294 1.2523
v 1.9338 -8.3819 1.3326
v 2.0130 -8.3819 1.2523
v 2.0130 -8.2737 1.2523
v 1.9338 -8.3994 1.4103
v 1.9338 -8.3294 1.4103
v 2.0130 -8.3994 1.4837
v 2.0130 -8.3294 1.4837
v 1.9338 -8.3819 1.4103
v 2.0130 -8.3819 1.4837
v 2.0130 -8.2737 1.4837
v 1.8604 -8.3294 1.8547
v 1.7341 -8.3294 1.8992
v 1.6079 -8.3294 1.8547
v 1.8604 -8.2737 1.8547
v 1.7341 -8.2737 1.8992
v 1.6079 -8.2737 1.8547
v 1.7385 -8.2908 1.1684
v 1.8162 -8.2908 1.1839
v 1.8821 -8.2908 1.2279
v 1.9261 -8.2908 1.2938
v 1.9416 -8.2908 1.3715
v 1.9261 -8.2908 1.4492
v 1.8821 -8.2908 1.5151
v 1.8162 -8.2908 1.5591
v 1.7385 -8.2908 1.5746
v 1.6608 -8.2908 1.5591
v 1.5949 -8.2908 1.5151
v 1.5667 -8.2908 1.4697
v 1.5667 -8.2908 1.2733
v 1.5949 -8.2908 1.2279
v 1.6608 -8.2908 1.1839
v 1.5473 -8.2908 1.3715
v 1.5570 -8.2908 1.3224
v 1.5570 -8.2908 1.4206
v 1.9338 -8.2908 1.3326
v 1.9338 -8.2908 1.4103
v 1.7385 -8.3819 1.2345
v 1.7385 -8.3294 1.2345
v 1.7985 -8.3294 1.2286
v 1.7985 -8.3294 1.5144
v 1.7385 -8.3294 1.5085
v 1.6784 -8.3294 1.5144
v 1.6784 -8.3294 1.2286
v 1.7985 -8.3819 1.2286
v 1.7985 -8.3819 1.5144
v 1.7385 -8.3819 1.5085
v 1.6784 -8.3819 1.5144
v 1.6784 -8.3819 1.2286
v -1.5281 -7.8602 1.6338
v -1.5265 -7.8592 1.6281
v -1.5184 -7.8574 1.6256
v -1.5119 -7.8573 1.6286
v -1.5135 -7.8584 1.6342
v -1.5215 -7.8606 1.6367
v -1.5245 -7.8807 1.6304
v -1.5236 -7.8758 1.6254
v -1.5158 -7.8724 1.6231
v -1.5090 -7.8740 1.6258
v -1.5099 -7.8789 1.6308
v -1.5177 -7.8823 1.6331
v -1.5163 -7.8927 1.6090
v -1.5170 -7.8847 1.6079
v -1.5100 -7.8797 1.6076
v -1.5024 -7.8829 1.6084
v -1.5017 -7.8909 1.6094
v -1.5087 -7.8958 1.6098
v -1.4647 -7.8251 1.4174
v -1.4666 -7.8187 1.4209
v -1.4602 -7.8146 1.4228
v -1.4520 -7.8169 1.4213
v -1.4501 -7.8233 1.4178
v -1.4565 -7.8274 1.4159
v -1.4638 -7.8012 1.4049
v -1.4658 -7.8001 1.4109
v -1.4595 -7.7987 1.4141
v -1.4512 -7.7983 1.4114
v -1.4492 -7.7994 1.4054
v -1.4555 -7.8008 1.4022
v -1.4673 -7.7806 1.4083
v -1.4687 -7.7835 1.4137
v -1.4621 -7.7837 1.4166
v -1.4541 -7.7817 1.4141
v -1.4527 -7.7788 1.4087
v -1.4592 -7.7791 1.4057
v -1.4745 -7.7688 1.4266
v -1.4739 -7.7768 1.4277
v -1.4663 -7.7799 1.4285
v -1.4593 -7.7750 1.4282
v -1.4599 -7.7670 1.4271
v -1.4676 -7.7638 1.4263
v -1.5262 -7.8364 1.6182
v -1.5243 -7.8428 1.6148
v -1.5161 -7.8451 1.6133
v -1.5097 -7.8410 1.6152
v -1.5116 -7.8346 1.6187
v -1.5198 -7.8322 1.6202
v -2.0363 -7.7633 1.0479
v -2.0401 -7.7543 1.0497
v -2.0343 -7.7462 1.0491
v -2.0246 -7.7471 1.0468
v -2.0208 -7.7562 1.0450
v -2.0266 -7.7643 1.0456
v -2.0311 -7.6343 0.7489
v -2.0349 -7.6268 0.7541
v -2.0292 -7.6217 0.7606
v -2.0196 -7.6242 0.7618
v -2.0157 -7.6318 0.7565
v -2.0214 -7.6368 0.7500
v -2.0136 -7.6036 0.7312
v -2.0207 -7.6007 0.7373
v -2.0201 -7.6035 0.7461
v -2.0133 -7.6103 0.7484
v -2.0066 -7.6136 0.7421
v -2.0072 -7.6108 0.7332
v -1.9963 -7.5839 0.7400
v -2.0043 -7.5820 0.7456
v -2.0068 -7.5884 0.7529
v -2.0013 -7.5966 0.7545
v -1.9933 -7.5985 0.7488
v -1.9908 -7.5921 0.7415
v -1.9803 -7.5765 0.7747
v -1.9900 -7.5755 0.7770
v -1.9958 -7.5836 0.7776
v -1.9920 -7.5927 0.7758
v -1.9823 -7.5937 0.7735
v -1.9764 -7.5856 0.7729
v -1.9855 -7.7055 1.0738
v -1.9951 -7.7030 1.0726
v -2.0008 -7.7081 1.0661
v -1.9969 -7.7156 1.0608
v -1.9873 -7.7181 1.0620
v -1.9816 -7.7130 1.0685
v -2.0025 -7.7375 1.0962
v -2.0104 -7.7320 1.0934
v -2.0126 -7.7311 1.0837
v -2.0070 -7.7357 1.0768
v -1.9991 -7.7411 1.0796
v -1.9969 -7.7421 1.0893
v -2.0198 -7.7572 1.0874
v -2.0268 -7.7507 1.0851
v -2.0259 -7.7462 1.0769
v -2.0190 -7.7493 1.0707
v -2.0124 -7.7563 1.0729
v -2.0133 -7.7608 1.0810
v -1.9917 -8.2276 0.5763
v -2.0779 -8.1771 0.5763
v -1.9547 -8.2187 0.3937
v -2.0777 -8.1662 0.3937
v -2.0408 -8.2415 0.7333
v -2.1024 -8.1926 0.7333
v -2.0982 -8.2708 0.9228
v -2.1341 -8.2177 0.9228
v -1.9460 -8.2047 0.2253
v -2.0632 -8.1600 0.2253
v -1.9081 -8.1993 0.0768
v -2.0005 -8.1427 0.0769
v -2.1494 -8.2992 1.0951
v -2.1494 -8.2408 1.0951
v -2.1568 -8.3045 1.2712
v -2.1568 -8.2494 1.2712
v -2.1444 -8.2998 1.4741
v -2.1444 -8.2503 1.4741
v -2.0936 -8.2745 1.6712
v -2.0936 -8.2220 1.6712
v -1.8623 -8.1900 -0.0227
v -1.9247 -8.1246 -0.0249
v -2.0278 -8.2519 1.8036
v -2.0278 -8.2000 1.8036
v -1.9550 -8.2164 1.9137
v -1.9550 -8.1755 1.9137
v -1.8853 -8.1979 1.9850
v -1.8853 -8.1551 1.9934
v -1.7883 -8.1729 2.0552
v -1.7883 -8.1265 2.0636
v -1.6791 -8.1565 2.0775
v -1.6791 -8.1093 2.0859
v -1.8192 -8.1866 -0.0709
v -1.8534 -8.1143 -0.0727
v -1.7615 -8.1865 -0.0900
v -1.7579 -8.1016 -0.0919
v -1.6864 -8.1922 -0.0640
v -1.6336 -8.1121 -0.0634
v -1.6251 -8.2037 0.0057
v -1.5321 -8.1338 0.0057
v -1.6000 -8.2174 0.1374
v -1.4907 -8.1579 0.1368
v -1.5948 -8.2113 0.2953
v -1.4819 -8.1618 0.2953
v -1.6119 -8.2103 0.4951
v -1.5074 -8.1679 0.4951
v -1.6113 -8.2175 0.6467
v -1.5433 -8.1661 0.6467
v -1.5927 -8.2261 0.8213
v -1.5358 -8.1620 0.8213
v -1.5058 -8.2699 0.9958
v -1.4841 -8.1787 0.9958
v -1.4363 -8.2927 1.1451
v -1.4216 -8.1961 1.1451
v -1.3540 -8.3000 1.2829
v -1.3439 -8.2172 1.2829
v -1.3326 -8.2911 1.3978
v -1.3326 -8.2261 1.3978
v -1.3357 -8.2915 1.5723
v -1.3357 -8.2275 1.5723
v -1.3379 -8.2849 1.7170
v -1.3379 -8.2089 1.7170
v -1.3703 -8.2441 1.8777
v -1.3661 -8.1747 1.8861
v -1.4464 -8.1963 2.0078
v -1.4459 -8.1376 2.0185
v -1.5780 -8.1655 2.0646
v -1.5774 -8.1098 2.0752
v -1.9664 -8.2393 0.5868
v -1.9334 -8.2275 0.4085
v -2.0206 -8.2522 0.7400
v -2.0710 -8.2931 0.9250
v -1.9257 -8.2130 0.2441
v -1.8920 -8.2090 0.0995
v -2.1212 -8.3007 1.0932
v -2.1280 -8.3061 1.2651
v -2.1065 -8.3018 1.4632
v -2.0590 -8.3013 1.6556
v -1.8512 -8.2032 0.0026
v -2.0083 -8.2940 1.7849
v -1.9407 -8.2943 1.8923
v -1.8760 -8.2632 1.9702
v -1.7859 -8.2251 2.0387
v -1.6846 -8.2089 2.0605
v -1.8129 -8.1998 -0.0443
v -1.7616 -8.2005 -0.0630
v -1.6948 -8.2059 -0.0378
v -1.6403 -8.2167 0.0302
v -1.6180 -8.2265 0.1588
v -1.6133 -8.2224 0.3125
v -1.6285 -8.2241 0.5075
v -1.6277 -8.2353 0.6555
v -1.6019 -8.2454 0.8259
v -1.5363 -8.2931 0.9963
v -1.4524 -8.2977 1.1421
v -1.3757 -8.3036 1.2766
v -1.3598 -8.3075 1.3887
v -1.3658 -8.2948 1.5591
v -1.3678 -8.2940 1.7003
v -1.4008 -8.2943 1.8592
v -1.4758 -8.2554 1.9915
v -1.5907 -8.2178 2.0479
v -1.6692 -8.2349 2.0265
v -1.6438 -8.2415 0.0331
v -1.8482 -8.2353 0.0067
v -1.7543 -8.2227 0.3174
v -1.7804 -8.2151 0.4771
v -1.8177 -8.2292 0.6368
v -1.8475 -8.2355 0.7965
v -1.8529 -8.2931 0.9230
v -1.8139 -8.2746 1.0915
v -1.7363 -8.2826 1.2565
v -1.6812 -8.2975 1.4249
v -1.6522 -8.2874 1.5724
v -1.6544 -8.2940 1.7146
v -1.6670 -8.2943 1.8603
v -2.0883 -8.1532 0.5705
v -2.0880 -8.1422 0.3855
v -2.1135 -8.1692 0.7296
v -2.1462 -8.1939 0.9216
v -2.0732 -8.1407 0.2149
v -2.0086 -8.1208 0.0646
v -2.1619 -8.2187 1.0961
v -2.1696 -8.2274 1.2745
v -2.1571 -8.2253 1.4801
v -2.1048 -8.1945 1.6799
v -1.9305 -8.1027 -0.0455
v -2.0367 -8.1684 1.8140
v -1.9617 -8.1439 1.9255
v -1.8899 -8.1234 2.0063
v -1.7900 -8.0944 2.0774
v -1.6775 -8.0772 2.1000
v -1.8571 -8.0893 -0.0940
v -1.7587 -8.0777 -0.1134
v -1.6306 -8.0836 -0.0846
v -1.5261 -8.1080 -0.0145
v -1.4834 -8.1331 0.1253
v -1.4744 -8.1401 0.2858
v -1.5006 -8.1522 0.4883
v -1.5340 -8.1460 0.6419
v -1.5233 -8.1363 0.8187
v -1.4761 -8.1469 0.9956
v -1.4090 -8.1654 1.1468
v -1.3331 -8.1874 1.2865
v -1.3193 -8.1959 1.4028
v -1.3238 -8.1989 1.5797
v -1.3260 -8.1773 1.7263
v -1.3547 -8.1432 1.8977
v -1.4368 -8.1052 2.0317
v -1.5728 -8.0777 2.0893
v -2.0943 -8.1356 0.5686
v -2.0979 -8.1282 0.3776
v -2.1181 -8.1516 0.7266
v -2.1509 -8.1753 0.9197
v -2.0781 -8.1255 0.2127
v -2.0175 -8.1044 0.0620
v -2.1760 -8.2031 1.0964
v -2.1839 -8.2117 1.2753
v -2.1712 -8.2094 1.4814
v -2.1172 -8.1772 1.6817
v -1.9369 -8.0859 -0.0483
v -2.0466 -8.1505 1.8162
v -1.9692 -8.1260 1.9280
v -1.8950 -8.1048 2.0090
v -1.7917 -8.0769 2.0803
v -1.6756 -8.0598 2.1030
v -1.8611 -8.0720 -0.0992
v -1.7594 -8.0606 -0.1187
v -1.6271 -8.0663 -0.0878
v -1.5192 -8.0908 -0.0175
v -1.4751 -8.1161 0.1229
v -1.4658 -8.1250 0.2839
v -1.4928 -8.1399 0.4869
v -1.5304 -8.1308 0.6409
v -1.5200 -8.1195 0.8182
v -1.4877 -8.1296 0.9956
v -1.4125 -8.1482 1.1472
v -1.3247 -8.1701 1.2872
v -1.3047 -8.1786 1.4039
v -1.3101 -8.1815 1.5812
v -1.3125 -8.1593 1.7282
v -1.3419 -8.1241 1.9003
v -1.4267 -8.0866 2.0346
v -1.5674 -8.0603 2.0922
v -2.0991 -8.0442 0.5686
v -2.0979 -8.0373 0.3776
v -2.1246 -8.0601 0.7266
v -2.1622 -8.0841 0.9197
v -2.0832 -8.0353 0.2045
v -2.0214 -8.0130 0.0538
v -2.1857 -8.1029 1.0964
v -2.1839 -8.1273 1.2753
v -2.1755 -8.1184 1.4814
v -2.1209 -8.0862 1.6836
v -1.9405 -7.9956 -0.0502
v -2.0466 -8.0606 1.8162
v -1.9692 -8.0385 1.9280
v -1.8950 -8.0268 2.0090
v -1.7917 -8.0118 2.0803
v -1.6756 -8.0068 2.1030
v -1.8589 -7.9815 -0.1039
v -1.7552 -7.9719 -0.1204
v -1.6294 -7.9774 -0.0917
v -1.5318 -7.9978 -0.0145
v -1.4755 -8.0246 0.1147
v -1.4560 -8.0348 0.2839
v -1.4715 -8.0516 0.4869
v -1.4999 -8.0545 0.6409
v -1.4852 -8.0560 0.8182
v -1.4137 -8.0567 0.9956
v -1.3529 -8.0661 1.1472
v -1.3078 -8.0787 1.2872
v -1.2949 -8.0871 1.4039
v -1.3101 -8.0890 1.5812
v -1.3125 -8.0599 1.7282
v -1.3419 -8.0356 1.9003
v -1.4267 -8.0089 2.0346
v -1.5674 -8.0075 2.0922
v -2.1121 -7.9676 0.5686
v -2.0979 -7.9662 0.3776
v -2.1437 -7.9750 0.7266
v -2.1804 -7.9990 0.9197
v -2.0945 -7.9502 0.1975
v -2.0344 -7.9262 0.0205
v -2.1938 -8.0178 1.0964
v -2.2017 -8.0253 1.2753
v -2.1831 -8.0333 1.4814
v -2.1131 -8.0157 1.6836
v -1.9457 -7.9092 -0.0762
v -2.0401 -7.9926 1.8162
v -1.9642 -7.9845 1.9143
v -1.8855 -7.9744 1.9953
v -1.7842 -7.9629 2.0624
v -1.6756 -7.9613 2.0880
v -1.8599 -7.8951 -0.1260
v -1.7551 -7.8855 -0.1389
v -1.6295 -7.8910 -0.1094
v -1.5349 -7.9110 -0.0296
v -1.4784 -7.9378 0.0954
v -1.4560 -7.9497 0.2839
v -1.4566 -7.9666 0.4869
v -1.4593 -7.9694 0.6409
v -1.4382 -7.9844 0.8146
v -1.3922 -7.9955 0.9956
v -1.3411 -8.0007 1.1472
v -1.2927 -8.0048 1.2872
v -1.2949 -8.0020 1.4039
v -1.3101 -8.0034 1.5812
v -1.3286 -7.9868 1.7282
v -1.3501 -7.9799 1.8866
v -1.4375 -7.9620 2.0209
v -1.5674 -7.9654 2.0716
v -1.6657 -7.9532 2.0064
v -1.7648 -7.9483 1.9028
v -1.5604 -7.9365 1.8913
v -1.8948 -7.9405 1.7942
v -1.6700 -7.9223 1.7954
v -1.4752 -7.9183 1.7502
v -2.1214 -7.8888 0.5686
v -2.0979 -7.8875 0.3776
v -2.1522 -7.8963 0.7266
v -2.1827 -7.9203 0.9197
v -2.0945 -7.8714 0.1975
v -2.0344 -7.8474 0.0205
v -2.1938 -7.9318 1.0964
v -2.1863 -7.9405 1.2753
v -2.1366 -7.9455 1.4814
v -2.0157 -7.9394 1.6836
v -1.9429 -7.8282 -0.0789
v -1.8596 -7.8141 -0.1268
v -1.7552 -7.8045 -0.1368
v -1.6300 -7.8100 -0.1113
v -1.5362 -7.8300 -0.0311
v -1.4784 -7.8590 0.0954
v -1.4560 -7.8709 0.2839
v -1.4470 -7.8878 0.4869
v -1.4282 -7.8906 0.6409
v -1.4154 -7.9057 0.8146
v -1.3922 -7.9168 0.9956
v -1.3343 -7.9219 1.1472
v -1.3013 -7.9261 1.2872
v -1.2949 -7.9233 1.4039
v -1.4026 -7.9237 1.5812
v -1.7614 -7.9040 1.7123
v -1.5884 -7.8934 1.6932
v -2.0911 -7.8006 0.5686
v -2.0903 -7.7993 0.3868
v -2.1049 -7.8081 0.7266
v -2.1165 -7.8321 0.9197
v -2.0595 -7.7832 0.2067
v -2.0008 -7.7638 0.0435
v -2.1272 -7.8436 1.0964
v -2.1064 -7.8633 1.2793
v -2.0095 -7.8797 1.4719
v -1.8989 -7.8973 1.6220
v -1.9225 -7.7426 -0.0628
v -1.8542 -7.7280 -0.1127
v -1.7539 -7.7188 -0.1246
v -1.6329 -7.7240 -0.1018
v -1.5427 -7.7443 -0.0225
v -1.4860 -7.7708 0.1046
v -1.4682 -7.7827 0.2931
v -1.4470 -7.7996 0.4869
v -1.4282 -7.8024 0.6409
v -1.4154 -7.8174 0.8146
v -1.3922 -7.8286 0.9956
v -1.3684 -7.8337 1.1472
v -1.3577 -7.8379 1.2872
v -1.4062 -7.8585 1.4198
v -1.4923 -7.8855 1.5758
v -1.7020 -7.8728 1.6086
v -1.9856 -7.6927 0.1323
v -1.9192 -7.6048 0.0725
v -1.8134 -7.4325 -0.0401
v -1.8758 -7.5033 0.0209
v -2.0127 -7.7154 0.2548
v -1.9965 -7.6560 0.4060
v -1.9663 -7.5601 0.5542
v -1.9337 -7.5209 0.6762
v -1.8628 -7.5349 0.8390
v -1.8493 -7.6278 0.9895
v -1.8557 -7.7006 1.1030
v -1.8615 -7.7531 1.2325
v -1.8505 -7.7924 1.4502
v -1.8302 -7.8626 1.5635
v -1.5303 -7.6941 0.1320
v -1.5575 -7.6048 0.0725
v -1.6386 -7.4325 -0.0456
v -1.5853 -7.5081 0.0203
v -1.4839 -7.7168 0.2545
v -1.4538 -7.6622 0.3948
v -1.4578 -7.5680 0.5521
v -1.4703 -7.5445 0.6762
v -1.4972 -7.5531 0.8390
v -1.5563 -7.6142 0.9895
v -1.5674 -7.6692 1.1278
v -1.6074 -7.7454 1.3064
v -1.5668 -7.7895 1.4414
v -1.5990 -7.8667 1.5635
v -1.7551 -7.4042 -0.0605
v -1.6969 -7.4042 -0.0605
v -1.9759 -7.6664 0.1315
v -1.9290 -7.5771 0.0617
v -1.8204 -7.4090 -0.0423
v -1.8782 -7.4800 0.0066
v -2.0139 -7.6891 0.2445
v -2.0133 -7.6251 0.4000
v -1.9785 -7.5405 0.5482
v -1.9432 -7.4994 0.6780
v -1.8515 -7.5348 0.8453
v -1.8442 -7.5985 1.0012
v -1.5127 -7.6518 0.1186
v -1.5469 -7.5695 0.0632
v -1.6345 -7.4048 -0.0618
v -1.5772 -7.4735 0.0021
v -1.4623 -7.6891 0.2445
v -1.4290 -7.6345 0.3892
v -1.4508 -7.5403 0.5502
v -1.4680 -7.5127 0.6780
v -1.5062 -7.5163 0.8453
v -1.5736 -7.5250 0.9356
v -1.7602 -7.3847 -0.0760
v -1.6951 -7.3816 -0.0860
v -1.9625 -7.6415 0.1406
v -1.9065 -7.5596 0.0792
v -1.8034 -7.3975 -0.0144
v -1.8430 -7.4746 0.0318
v -1.9976 -7.6702 0.2475
v -1.9955 -7.6086 0.4029
v -1.9528 -7.5299 0.5377
v -1.9150 -7.4844 0.6690
v -1.8236 -7.5197 0.8318
v -1.8187 -7.5943 0.9823
v -1.5309 -7.6417 0.1411
v -1.5609 -7.5446 0.0696
v -1.6433 -7.3873 -0.0465
v -1.5881 -7.4565 0.0168
v -1.4811 -7.6743 0.2422
v -1.4499 -7.6170 0.3875
v -1.4661 -7.5228 0.5448
v -1.4851 -7.4994 0.6650
v -1.5234 -7.4964 0.8318
v -1.5884 -7.5050 0.9186
v -1.7587 -7.3703 -0.0483
v -1.6983 -7.3590 -0.0622
v -1.9343 -7.6677 0.1495
v -1.9065 -7.5844 0.0885
v -1.8034 -7.4223 0.0156
v -1.8430 -7.4829 0.0446
v -1.9733 -7.6964 0.2472
v -1.9717 -7.6334 0.4029
v -1.9216 -7.5547 0.5377
v -1.8597 -7.5092 0.6690
v -1.7938 -7.5336 0.8318
v -1.8160 -7.6427 0.9733
v -1.5522 -7.6627 0.1480
v -1.5749 -7.5648 0.0901
v -1.6433 -7.4121 -0.0174
v -1.5881 -7.4981 0.0586
v -1.5000 -7.6964 0.2472
v -1.4688 -7.6334 0.4029
v -1.4781 -7.5651 0.5377
v -1.5089 -7.5164 0.6650
v -1.5443 -7.5013 0.8318
v -1.6419 -7.5673 0.9895
v -1.7533 -7.3838 -0.0269
v -1.6983 -7.3838 -0.0453
v -1.7432 -7.6409 -0.1074
v -1.7312 -7.5735 -0.0879
v -1.7140 -7.4939 -0.0720
v -1.9096 -7.6642 -0.0231
v -1.8445 -7.6490 -0.0862
v -1.6357 -7.6452 -0.0848
v -1.5606 -7.6660 -0.0064
v -1.8839 -7.5930 -0.0107
v -1.8244 -7.5820 -0.0657
v -1.6469 -7.5765 -0.0649
v -1.5879 -7.5904 -0.0027
v -1.6479 -7.5023 -0.0535
v -1.7888 -7.4952 -0.0598
v -1.8378 -7.4991 -0.0189
v -1.6109 -7.5035 -0.0142
v -1.8446 -7.4679 -0.0069
v -1.8553 -7.4423 -0.0089
v -1.8232 -7.4361 0.0044
v -1.8232 -7.4526 0.0301
v -2.0310 -7.7192 0.5916
v -2.0247 -7.7217 0.4305
v -2.0351 -7.7276 0.7527
v -2.0180 -7.7458 0.9534
v -2.0246 -7.7947 1.1274
v -2.0120 -7.8319 1.2870
v -1.4523 -7.7181 0.4550
v -1.4412 -7.7232 0.6374
v -1.4311 -7.7347 0.8078
v -1.4558 -7.7216 0.9986
v -1.4492 -7.7648 1.1744
v -1.4425 -7.8079 1.3009
v -1.7041 -7.9007 1.5979
v -1.8254 -7.7338 1.0517
v -1.8379 -7.7950 1.1859
v -1.8336 -7.8503 1.4275
v -1.8219 -7.9140 1.5500
v -1.6473 -7.6422 1.1278
v -1.6235 -7.7886 1.3247
v -1.5846 -7.8556 1.4186
v -1.6069 -7.8741 1.5500
v -1.4701 -7.6564 0.9016
v -1.4448 -7.6453 0.6243
v -1.4407 -7.6603 0.7454
v -1.4444 -7.6453 0.5081
v -1.4587 -7.6046 0.4734
v -1.4399 -7.5769 0.4696
v -1.4580 -7.5594 0.4661
v -1.4735 -7.5993 0.4703
v -1.9554 -7.6238 0.7500
v -1.9659 -7.6697 0.9102
v -1.9906 -7.6562 0.5157
v -1.9702 -7.6167 0.6211
v -1.9791 -7.6100 0.4752
v -1.9937 -7.5823 0.4705
v -1.9708 -7.5648 0.4670
v -1.9467 -7.5940 0.4703
v -1.8576 -7.8874 1.6033
v -1.7666 -7.9082 1.6281
v -1.6754 -7.9088 1.6304
v -1.5839 -7.8893 1.6104
v -1.8535 -7.8556 1.4533
v -1.7603 -7.8166 1.4781
v -1.6713 -7.8206 1.4805
v -1.5726 -7.8530 1.4604
v -1.8517 -7.8179 1.3038
v -1.7584 -7.7734 1.3286
v -1.6671 -7.7619 1.3309
v -1.5693 -7.8062 1.3109
v -1.8517 -7.7600 1.1613
v -1.7543 -7.7248 1.1861
v -1.6631 -7.7023 1.1885
v -1.5602 -7.7329 1.1684
v -1.8414 -7.6842 1.0303
v -1.7504 -7.6507 1.0551
v -1.6548 -7.6345 1.0574
v -1.5677 -7.6497 1.0374
v -1.8376 -7.6103 0.9063
v -1.7466 -7.5609 0.9311
v -1.6435 -7.5432 0.9285
v -1.5556 -7.5814 0.9134
v -1.8337 -7.5194 0.7985
v -1.7427 -7.4701 0.8147
v -1.6284 -7.4683 0.8338
v -1.5358 -7.5310 0.8304
v -1.8337 -7.5434 0.7734
v -1.7427 -7.4940 0.7896
v -1.6284 -7.4922 0.8087
v -1.5344 -7.5430 0.8053
v -1.6691 -7.7028 1.2433
v -1.7206 -7.5531 0.9531
v -1.7269 -7.6231 1.0914
v -1.7307 -7.6938 1.1994
v -1.7992 -7.5412 0.9094
v -1.8075 -7.6034 1.0477
v -1.8094 -7.6790 1.1436
v -1.8863 -7.5455 0.8730
v -1.8965 -7.6080 1.0113
v -1.8964 -7.6807 1.1072
v -2.0011 -7.5995 0.8301
v -2.0079 -7.6642 0.9780
v -2.0182 -7.7107 1.0691
v -1.6691 -7.7393 1.2603
v -1.7307 -7.7404 1.2164
v -1.8094 -7.7338 1.1552
v -1.8964 -7.7334 1.1188
v -2.0015 -7.7528 1.0886
v -1.6443 -7.5313 0.9387
v -1.7206 -7.5363 0.9147
v -1.7992 -7.5287 0.8710
v -1.8863 -7.5253 0.8346
v -1.6443 -7.5124 0.9205
v -1.7206 -7.5183 0.8965
v -1.7992 -7.5024 0.8528
v -1.8841 -7.5082 0.8176
v -2.0055 -7.5890 0.7985
v -2.0018 -7.5812 0.7727
v -1.5990 -7.5249 0.8856
v -1.6443 -7.5273 0.8900
v -1.7206 -7.5323 0.8660
v -1.7904 -7.5276 0.8335
v -1.8685 -7.5202 0.7871
v -1.9821 -7.6235 0.7577
v -1.9947 -7.6492 0.8391
v -2.0011 -7.7194 0.9870
v -1.9904 -7.6359 0.7966
v -1.9453 -7.6865 1.1009
v -1.9474 -7.6271 0.9985
v -1.9349 -7.5621 0.8593
v -1.9457 -7.7550 1.0960
v -1.9351 -7.5389 0.8250
v -1.9329 -7.5199 0.7941
v -1.9329 -7.5797 0.7692
v -2.1905 -7.9194 0.9521
v -2.1653 -7.8521 0.9806
v -2.0250 -7.7540 1.0374
v -2.0884 -7.7958 1.0111
v -2.2068 -7.9838 0.9236
v -2.1899 -8.0721 0.8887
v -2.0277 -7.7384 1.0473
v -2.0360 -7.7331 1.0526
v -2.0534 -7.7406 1.0513
v -2.0705 -7.7534 1.0451
v -2.1011 -7.7818 1.0296
v -2.1237 -7.8236 1.0073
v -2.1863 -7.9021 0.9657
v -2.2014 -7.9708 0.9356
v -2.2011 -8.0163 0.9135
v -2.1374 -7.8346 0.6850
v -2.0990 -7.7774 0.7135
v -2.0116 -7.6546 0.7703
v -2.0376 -7.6968 0.7441
v -2.1556 -7.8918 0.6566
v -2.1309 -7.9673 0.6217
v -2.0111 -7.6373 0.7809
v -2.0178 -7.6308 0.7864
v -2.0325 -7.6373 0.7852
v -2.0437 -7.6535 0.7778
v -2.0551 -7.6810 0.7622
v -2.0625 -7.7243 0.7400
v -2.1182 -7.8040 0.7003
v -2.1458 -7.8650 0.6699
v -2.1523 -7.8987 0.6603
v -2.1251 -7.7764 1.0335
v -2.0794 -7.6735 0.7661
v -2.0669 -7.6409 0.7842
v -2.0914 -7.7467 1.0515
v -2.0642 -7.8102 1.0053
v -2.0154 -7.7078 0.7382
v -2.0776 -7.7909 0.7067
v -2.1446 -7.8675 0.9737
v -2.1458 -7.8128 1.0131
v -2.0873 -7.7130 0.7458
v -1.9969 -7.7612 1.0357
v -1.9860 -7.6577 0.7686
v -2.2049 -7.8881 0.9720
v -2.1360 -7.7895 0.7076
v -2.1850 -7.9999 0.9165
v -2.1322 -7.9058 0.6494
v -2.1048 -7.9676 0.6205
v -2.1589 -8.0738 0.8876
v -2.2227 -7.9507 0.9437
v -2.1675 -7.8478 0.6788
v -2.0011 -7.7347 1.0523
v -1.9913 -7.6316 0.7857
v -2.2270 -8.0163 0.9102
v -2.1867 -7.8989 0.6605
v -2.0225 -7.7227 1.0626
v -2.0126 -7.6135 0.7975
v -2.0594 -7.7277 1.0616
v -2.0445 -7.6164 0.7964
v -2.1735 -7.9355 0.9448
v -2.1165 -7.8490 0.6778
v -2.0664 -7.7469 1.0176
v -2.0962 -7.7747 1.0020
v -2.1598 -7.8452 0.9531
v -2.0873 -7.7861 0.9836
v -2.1169 -7.8172 0.9797
v -2.0243 -7.7445 1.0098
v -2.1774 -7.8949 0.9399
v -2.1736 -8.0622 0.8614
v -2.2019 -7.9757 0.8961
v -2.1986 -7.9609 0.9099
v -2.0271 -7.7258 1.0205
v -2.1985 -8.0033 0.8912
v -2.0346 -7.7203 1.0260
v -2.0505 -7.7291 1.0249
v -2.1887 -7.9121 0.9246
v -2.1203 -7.7684 1.0060
v -2.0874 -7.7409 1.0240
v -2.0627 -7.8039 0.9778
v -2.1367 -7.8646 0.9462
v -2.1410 -7.8048 0.9856
v -1.9955 -7.7575 1.0082
v -2.1989 -7.8793 0.9459
v -2.1795 -7.9950 0.8890
v -2.1405 -8.0636 0.8606
v -2.2222 -7.9398 0.9177
v -1.9991 -7.7284 1.0253
v -2.2251 -8.0028 0.8868
v -2.0208 -7.7126 1.0365
v -2.0576 -7.7181 1.0356
v -2.1695 -7.9328 0.9173
v -2.0482 -7.6660 0.8033
v -2.1047 -7.7900 0.7391
v -2.1403 -7.9785 0.6478
v -2.0714 -7.6535 0.8097
v -2.0832 -7.8035 0.7322
v -2.0989 -7.9787 0.6466
v -2.0604 -7.6936 0.7878
v -2.0504 -7.7094 0.7696
v -2.0670 -7.7369 0.7655
v -2.0155 -7.6672 0.7958
v -2.1267 -7.8165 0.7258
v -2.1623 -7.9044 0.6821
v -2.1543 -7.8775 0.6954
v -2.0164 -7.6498 0.8064
v -2.1609 -7.9090 0.6868
v -2.0228 -7.6434 0.8119
v -2.0381 -7.6499 0.8107
v -2.1432 -7.8472 0.7106
v -2.0849 -7.6861 0.7916
v -2.0277 -7.7209 0.7638
v -2.0921 -7.7255 0.7713
v -1.9882 -7.6702 0.7942
v -2.1441 -7.8021 0.7331
v -2.1401 -7.9184 0.6750
v -2.1760 -7.8599 0.7043
v -1.9948 -7.6442 0.8112
v -2.1874 -7.9092 0.6871
v -2.0159 -7.6266 0.8230
v -2.0490 -7.6289 0.8220
v -2.1222 -7.8615 0.7033
v -2.2030 -8.0066 0.9187
v -2.1510 -7.8872 0.6643
v -2.1886 -7.8857 0.6652
v -2.2291 -8.0048 0.9145
v -2.2285 -7.9913 0.8912
v -2.2010 -7.9937 0.8970
v -2.1928 -7.8962 0.6917
v -2.1634 -7.8977 0.6908
v -2.2041 -8.0538 0.8948
v -2.1399 -7.9508 0.6283
v -2.1037 -7.9536 0.6262
v -2.1617 -8.0582 0.8927
v -2.1457 -8.0507 0.8660
v -2.1937 -8.0441 0.8675
v -2.0970 -7.9650 0.6522
v -2.1501 -7.9622 0.6544
v -1.8390 -7.6324 0.9845
v -1.8277 -7.8784 1.5593
v -1.7026 -7.8814 1.6053
v -1.6014 -7.8690 1.5593
v -1.5723 -7.8098 1.4344
v -1.6124 -7.7587 1.3120
v -1.8453 -7.8102 1.4432
v -1.8542 -7.7660 1.2182
v -1.8464 -7.7108 1.0872
v -1.8094 -7.6958 1.1489
v -1.8964 -7.6969 1.1125
v -1.7307 -7.7081 1.2047
v -1.6691 -7.7140 1.2485
v -2.0130 -7.7236 1.0751
v -1.9957 -7.5943 0.7681
v -2.0058 -7.6812 0.9808
v -1.9991 -7.6148 0.8329
v -2.0008 -7.6034 0.7979
v -1.9329 -7.5383 0.7826
v -1.9454 -7.7018 1.1046
v -1.8704 -7.5279 0.8024
v -1.5482 -7.8025 1.5994
v -1.5029 -7.8529 1.5937
v -1.5114 -7.8082 1.6070
v -1.4945 -7.8344 1.6024
v -1.5510 -7.8683 1.5759
v -1.6302 -7.8455 1.5632
v -1.7631 -7.8293 1.5343
v -1.8762 -7.8422 1.5004
v -2.0035 -7.8831 1.4576
v -2.1420 -7.9451 1.4054
v -1.6670 -7.7940 1.5715
v -1.7869 -7.7857 1.5439
v -1.9318 -7.8085 1.4983
v -2.0346 -7.8440 1.4631
v -2.1270 -7.8892 1.4274
v -1.5062 -7.7466 1.4378
v -1.4609 -7.7970 1.4321
v -1.4694 -7.7523 1.4454
v -1.4525 -7.7784 1.4407
v -1.5090 -7.8124 1.4143
v -1.5882 -7.7895 1.4016
v -1.7211 -7.7733 1.3727
v -1.8342 -7.7863 1.3388
v -1.9615 -7.8272 1.2960
v -2.1000 -7.8748 1.2438
v -1.6250 -7.7381 1.4099
v -1.7449 -7.7278 1.3823
v -1.8898 -7.7486 1.3367
v -1.9926 -7.7860 1.3014
v -2.0850 -7.8224 1.2658
v -2.0119 -7.8603 1.4633
v -1.9699 -7.8043 1.3017
v -1.8402 -7.7629 1.3454
v -1.8822 -7.8188 1.5070
v -1.5533 -7.8435 1.5839
v -1.5113 -7.7876 1.4223
v -1.4794 -7.7823 1.4324
v -1.5214 -7.8382 1.5940
v -2.1516 -7.9226 1.4107
v -2.1096 -7.8523 1.2491
v -1.5251 -7.8298 1.5960
v -1.4831 -7.7739 1.4344
v -1.5086 -7.7699 1.4291
v -1.5506 -7.8258 1.5907
v -1.6257 -7.7617 1.4015
v -1.6677 -7.8177 1.5631
v -1.4791 -7.7772 1.4342
v -1.5211 -7.8332 1.5959
v -1.7410 -7.7516 1.3750
v -1.7830 -7.8095 1.5367
v -1.8826 -7.7718 1.3306
v -1.9246 -7.8317 1.4922
v -1.6271 -7.8222 1.5721
v -1.5851 -7.7662 1.4105
v -1.9833 -7.8086 1.2960
v -2.0253 -7.8666 1.4576
v -1.7650 -7.8054 1.5421
v -1.7230 -7.7495 1.3805
v -2.0747 -7.8447 1.2608
v -2.1167 -7.9114 1.4224
v -1.8692 -7.8329 1.4735
v -1.9965 -7.8738 1.4306
v -1.4959 -7.8436 1.5668
v -1.5440 -7.8590 1.5490
v -2.1350 -7.9404 1.3785
v -1.5412 -7.7932 1.5725
v -1.5044 -7.7989 1.5801
v -1.6600 -7.7847 1.5446
v -1.4875 -7.8250 1.5754
v -1.7799 -7.7744 1.5170
v -1.9248 -7.7973 1.4714
v -1.6232 -7.8361 1.5363
v -2.0276 -7.8347 1.4361
v -1.7561 -7.8200 1.5074
v -2.1200 -7.8799 1.4005
v -2.0049 -7.8510 1.4364
v -1.8752 -7.8095 1.4800
v -1.5463 -7.8342 1.5570
v -1.5144 -7.8289 1.5671
v -2.1446 -7.9179 1.3838
v -1.5181 -7.8205 1.5690
v -1.5436 -7.8165 1.5638
v -1.6607 -7.8084 1.5362
v -1.5141 -7.8239 1.5689
v -1.7760 -7.7982 1.5097
v -1.9176 -7.8204 1.4652
v -1.6201 -7.8129 1.5452
v -2.0183 -7.8573 1.4307
v -1.7580 -7.7961 1.5151
v -2.1097 -7.9021 1.3955
v -1.8394 -7.7931 1.3586
v -1.4661 -7.8038 1.4519
v -1.5113 -7.7534 1.4576
v -1.6301 -7.7449 1.4297
v -1.4576 -7.7853 1.4606
v -1.7500 -7.7347 1.4021
v -1.8950 -7.7575 1.3565
v -1.9977 -7.7949 1.3212
v -2.0901 -7.8313 1.2856
v -1.8454 -7.7697 1.3652
v -1.4845 -7.7891 1.4522
v -1.5137 -7.7768 1.4489
v -1.6308 -7.7686 1.4213
v -1.4842 -7.7841 1.4540
v -1.7462 -7.7584 1.3949
v -1.8878 -7.7807 1.3504
v -1.9885 -7.8175 1.3158
v -2.0799 -7.8536 1.2806
v -1.9666 -7.8341 1.3158
v -1.5142 -7.8192 1.4341
v -2.1052 -7.8823 1.2636
v -1.4746 -7.7591 1.4652
v -1.5933 -7.7964 1.4214
v -1.7263 -7.7802 1.3925
v -1.9750 -7.8112 1.3215
v -1.5164 -7.7944 1.4421
v -2.1147 -7.8598 1.2689
v -1.4882 -7.7807 1.4542
v -1.5903 -7.7731 1.4303
v -1.7281 -7.7563 1.4003
v -2.1104 -7.8831 1.4336
v -2.0684 -7.8164 1.2720
v -2.0583 -7.8387 1.2669
v -2.1003 -7.9054 1.4285
v -2.0933 -7.8873 1.4016
v -2.1034 -7.8738 1.4067
v -2.0634 -7.8475 1.2867
v -2.0735 -7.8253 1.2918
v -2.1231 -7.9319 1.4125
v -2.0811 -7.8631 1.2509
v -2.0905 -7.8405 1.2563
v -2.1325 -7.9093 1.4179
v -2.1255 -7.9000 1.3910
v -2.1161 -7.9225 1.3856
v -2.0957 -7.8487 1.2761
v -2.0863 -7.8713 1.2707
v -1.5361 -7.8951 1.5789
v -1.4812 -7.8653 1.6059
v -1.5270 -7.8615 1.5942
v -1.4992 -7.8564 1.6057
v -1.4701 -7.9153 1.5901
v -1.4905 -7.8347 1.4198
v -1.4356 -7.8099 1.4468
v -1.4814 -7.8061 1.4352
v -1.4535 -7.7987 1.4466
v -1.4244 -7.8549 1.4311
v -1.4953 -7.9108 1.5846
v -1.4496 -7.8505 1.4256
v -1.4521 -7.8186 1.4369
v -1.4977 -7.8790 1.5960
v -1.5065 -7.8803 1.5930
v -1.4609 -7.8199 1.4339
v -1.4672 -7.8432 1.4233
v -1.5128 -7.9035 1.5823
v -1.4571 -7.8170 1.4361
v -1.5027 -7.8774 1.5951
v -1.4736 -7.8553 1.5794
v -1.4625 -7.9052 1.5636
v -1.5285 -7.8850 1.5524
v -1.5194 -7.8515 1.5677
v -1.4915 -7.8463 1.5792
v -1.4877 -7.9008 1.5581
v -1.4901 -7.8689 1.5695
v -1.4989 -7.8702 1.5664
v -1.5052 -7.8935 1.5558
v -1.4951 -7.8673 1.5686
v -1.4412 -7.8173 1.4663
v -1.4960 -7.8421 1.4393
v -1.4591 -7.8061 1.4661
v -1.4577 -7.8260 1.4564
v -1.4728 -7.8506 1.4428
v -1.4627 -7.8244 1.4556
v -1.4300 -7.8623 1.4506
v -1.4870 -7.8135 1.4547
v -1.4552 -7.8579 1.4450
v -1.4665 -7.8273 1.4534
v -1.8842 -8.2623 0.0994
v -1.9160 -8.2623 0.2324
v -1.8458 -8.2623 0.0101
v -1.8097 -8.2623 -0.0330
v -1.7613 -8.2623 -0.0502
v -1.6983 -8.2623 -0.0271
v -1.6469 -8.2623 0.0355
v -1.6258 -8.2623 0.1539
v -1.6214 -8.2623 0.2954
v -1.7550 -8.2623 0.0013
v -1.7494 -8.2623 0.1537
v -1.7544 -8.2623 0.2999
v -1.6967 -8.2366 -0.0320
v -1.8877 -8.2380 0.0994
v -1.9204 -8.2398 0.2378
v -1.7543 -8.2442 0.3079
v -1.6177 -8.2441 0.3032
v -1.8111 -8.2338 -0.0382
v -1.6222 -8.2460 0.1561
v -1.7614 -8.2341 -0.0560
v -1.9107 -7.6136 0.0615
v -2.0623 -7.3829 0.0092
v -2.0120 -7.4456 0.0852
v -1.9791 -7.5189 0.0785
v -2.0894 -7.4040 -0.0811
v -2.0664 -7.4716 -0.1468
v -2.0328 -7.5385 -0.1523
v -2.0022 -7.6344 -0.1330
v -1.9658 -7.7057 -0.1245
v -1.9278 -7.7601 -0.1115
v -1.8875 -7.8488 -0.1198
v -1.8395 -7.5466 -0.0238
v -1.9393 -7.3360 -0.0189
v -1.8984 -7.3906 0.0302
v -1.8762 -7.4519 0.0162
v -1.9663 -7.3429 -0.1091
v -1.9434 -7.4025 -0.1749
v -1.9097 -7.4835 -0.1909
v -1.8791 -7.5794 -0.1715
v -1.8428 -7.6507 -0.1606
v -1.8032 -7.7051 -0.1461
v -1.7629 -7.7938 -0.1439
v -1.9269 -7.7549 -0.0920
v -1.8023 -7.6999 -0.1265
v -1.7608 -7.7914 -0.1232
v -1.8855 -7.8464 -0.0992
v -2.0288 -7.5374 -0.1325
v -1.9057 -7.4824 -0.1711
v -1.8782 -7.5718 -0.1526
v -2.0013 -7.6268 -0.1140
v -1.9260 -7.6121 0.0481
v -1.8582 -7.5451 -0.0372
v -1.8846 -7.4566 -0.0027
v -1.9875 -7.5236 0.0595
v -1.9044 -7.3978 0.0108
v -2.0180 -7.4528 0.0658
v -1.8428 -7.6414 -0.1428
v -1.9658 -7.6964 -0.1066
v -2.0795 -7.4227 -0.0748
v -1.9565 -7.3588 -0.1033
v -1.9357 -7.4077 -0.1573
v -2.0588 -7.4796 -0.1288
v -2.0567 -7.4009 -0.0015
v -1.9337 -7.3539 -0.0296
v -1.7796 -7.8012 -0.1422
v -1.8199 -7.7125 -0.1434
v -1.8956 -7.5867 -0.1678
v -1.9263 -7.4909 -0.1871
v -1.8900 -7.4609 0.0246
v -1.8509 -7.5556 -0.0123
v -1.9137 -7.3980 0.0376
v -1.8593 -7.6581 -0.1569
v -1.9599 -7.4098 -0.1711
v -1.9828 -7.3489 -0.1053
v -1.9558 -7.3420 -0.0151
v -1.8191 -7.7073 -0.1239
v -1.7776 -7.7987 -0.1214
v -1.9222 -7.4898 -0.1673
v -1.8947 -7.5791 -0.1489
v -1.8696 -7.5541 -0.0258
v -1.8984 -7.4656 0.0057
v -1.9196 -7.4052 0.0182
v -1.8593 -7.6487 -0.1390
v -1.9730 -7.3602 -0.1003
v -1.9523 -7.4104 -0.1543
v -1.9502 -7.3599 -0.0258
v -1.9110 -7.7527 -0.1168
v -2.0162 -7.5311 -0.1579
v -1.8993 -7.6046 0.0500
v -2.0728 -7.3917 -0.0852
v -2.0457 -7.3755 0.0054
v -1.9101 -7.7475 -0.0973
v -2.0122 -7.5300 -0.1381
v -1.9146 -7.6030 0.0366
v -2.0630 -7.4104 -0.0789
v -2.0402 -7.3934 -0.0053
v -1.8707 -7.8414 -0.1243
v -1.9856 -7.6269 -0.1386
v -1.9652 -7.5099 0.0701
v -1.9967 -7.4382 0.0778
v -1.9492 -7.6983 -0.1297
v -2.0499 -7.4593 -0.1510
v -1.8687 -7.8389 -0.1035
v -1.9847 -7.6193 -0.1197
v -1.9736 -7.5146 0.0511
v -2.0026 -7.4454 0.0584
v -1.9493 -7.6889 -0.1119
v -2.0422 -7.4672 -0.1330
v -1.9156 -7.5984 0.0686
v -1.8444 -7.5314 -0.0167
v -1.8626 -7.5312 -0.0308
v -1.9304 -7.5982 0.0546
v -1.8740 -7.5402 -0.0193
v -1.8488 -7.5404 -0.0053
v -1.9033 -7.5894 0.0571
v -1.9190 -7.5892 0.0431
v -1.8990 -7.8235 -0.1194
v -1.7744 -7.7685 -0.1459
v -1.7727 -7.7653 -0.1239
v -1.8973 -7.8203 -0.0974
v -1.7894 -7.7727 -0.1200
v -1.7911 -7.7759 -0.1442
v -1.8822 -7.8161 -0.1243
v -1.8805 -7.8129 -0.1001
v -1.7385 -8.3994 1.1684
v -1.7385 -8.3294 1.1684
v -1.8162 -8.3994 1.1839
v -1.8162 -8.3294 1.1839
v -1.8821 -8.3994 1.2279
v -1.8821 -8.3294 1.2279
v -1.9261 -8.3994 1.2938
v -1.9261 -8.3294 1.2938
v -1.9416 -8.3994 1.3715
v -1.9416 -8.3294 1.3715
v -1.9261 -8.3994 1.4492
v -1.9261 -8.3294 1.4492
v -1.8821 -8.3994 1.5151
v -1.8821 -8.3294 1.5151
v -1.8162 -8.3994 1.5591
v -1.8162 -8.3294 1.5591
v -1.7385 -8.3994 1.5746
v -1.7385 -8.3294 1.5746
v -1.6608 -8.3994 1.5591
v -1.6608 -8.3294 1.5591
v -1.5949 -8.3994 1.5151
v -1.5949 -8.3294 1.5151
v -1.5667 -8.3994 1.4697
v -1.5667 -8.3294 1.4697
v -1.5667 -8.3994 1.2733
v -1.5667 -8.3294 1.2733
v -1.5949 -8.3994 1.2279
v -1.5949 -8.3294 1.2279
v -1.6608 -8.3994 1.1839
v -1.6608 -8.3294 1.1839
v -1.7341 -8.3994 0.9884
v -1.7341 -8.3294 0.9884
v -1.9289 -8.3994 0.9884
v -1.9289 -8.3294 0.9884
v -1.9814 -8.3994 1.0502
v -1.9814 -8.3294 1.0502
v -1.9972 -8.3994 1.1366
v -1.9972 -8.3294 1.1366
v -2.0219 -8.3994 1.3680
v -2.0219 -8.3294 1.3680
v -1.9972 -8.3994 1.5994
v -1.9972 -8.3294 1.5994
v -1.9814 -8.3994 1.6858
v -1.9814 -8.3294 1.6858
v -1.9289 -8.3994 1.7475
v -1.9289 -8.3294 1.7475
v -1.7341 -8.3994 1.7475
v -1.7341 -8.3294 1.7475
v -1.5393 -8.3994 1.7475
v -1.5393 -8.3294 1.7475
v -1.4962 -8.3994 1.6858
v -1.4962 -8.3294 1.6858
v -1.4764 -8.3994 1.5994
v -1.4764 -8.3294 1.5994
v -1.4764 -8.3994 1.1366
v -1.4764 -8.3294 1.1366
v -1.4962 -8.3994 1.0502
v -1.4962 -8.3294 1.0502
v -1.5393 -8.3994 0.9884
v -1.5393 -8.3294 0.9884
v -1.7385 -8.3819 1.1684
v -1.8162 -8.3819 1.1839
v -1.8821 -8.3819 1.2279
v -1.9261 -8.3819 1.2938
v -1.9416 -8.3819 1.3715
v -1.9261 -8.3819 1.4492
v -1.8821 -8.3819 1.5151
v -1.8162 -8.3819 1.5591
v -1.7385 -8.3819 1.5746
v -1.6608 -8.3819 1.5591
v -1.5949 -8.3819 1.5151
v -1.5667 -8.3819 1.4697
v -1.5667 -8.3819 1.2733
v -1.5949 -8.3819 1.2279
v -1.6608 -8.3819 1.1839
v -1.7341 -8.3819 0.9884
v -1.9289 -8.3819 0.9884
v -1.9814 -8.3819 1.0502
v -1.9972 -8.3819 1.1366
v -2.0219 -8.3819 1.3680
v -1.9972 -8.3819 1.5994
v -1.9814 -8.3819 1.6858
v -1.9289 -8.3819 1.7475
v -1.7341 -8.3819 1.7475
v -1.5393 -8.3819 1.7475
v -1.4962 -8.3819 1.6858
v -1.4764 -8.3819 1.5994
v -1.4764 -8.3819 1.1366
v -1.4962 -8.3819 1.0502
v -1.5393 -8.3819 0.9884
v -1.7341 -8.2737 0.9884
v -1.9289 -8.2737 0.9884
v -1.9814 -8.2737 1.0502
v -1.9972 -8.2737 1.1366
v -2.0219 -8.2737 1.3680
v -1.9972 -8.2737 1.5994
v -1.9814 -8.2737 1.6858
v -1.9289 -8.2737 1.7475
v -1.5393 -8.2737 1.7475
v -1.4962 -8.2737 1.6858
v -1.4764 -8.2737 1.5994
v -1.4764 -8.2737 1.1366
v -1.4962 -8.2737 1.0502
v -1.5393 -8.2737 0.9884
v -1.5473 -8.3294 1.3715
v -1.4412 -8.3294 1.3680
v -1.4412 -8.2737 1.3680
v -1.5570 -8.3294 1.3224
v -1.4569 -8.3294 1.2523
v -1.4569 -8.2737 1.2523
v -1.5570 -8.3294 1.4206
v -1.4569 -8.3294 1.4837
v -1.4569 -8.2737 1.4837
v -1.9338 -8.3994 1.3326
v -1.9338 -8.3294 1.3326
v -2.0130 -8.3994 1.2523
v -2.0130 -8.3294 1.2523
v -1.9338 -8.3819 1.3326
v -2.0130 -8.3819 1.2523
v -2.0130 -8.2737 1.2523
v -1.9338 -8.3994 1.4103
v -1.9338 -8.3294 1.4103
v -2.0130 -8.3994 1.4837
v -2.0130 -8.3294 1.4837
v -1.9338 -8.3819 1.4103
v -2.0130 -8.3819 1.4837
v -2.0130 -8.2737 1.4837
v -1.8604 -8.3294 1.8547
v -1.7341 -8.3294 1.8992
v -1.6079 -8.3294 1.8547
v -1.8604 -8.2737 1.8547
v -1.7341 -8.2737 1.8992
v -1.6079 -8.2737 1.8547
v -1.7385 -8.2908 1.1684
v -1.8162 -8.2908 1.1839
v -1.8821 -8.2908 1.2279
v -1.9261 -8.2908 1.2938
v -1.9416 -8.2908 1.3715
v -1.9261 -8.2908 1.4492
v -1.8821 -8.2908 1.5151
v -1.8162 -8.2908 1.5591
v -1.7385 -8.2908 1.5746
v -1.6608 -8.2908 1.5591
v -1.5949 -8.2908 1.5151
v -1.5667 -8.2908 1.4697
v -1.5667 -8.2908 1.2733
v -1.5949 -8.2908 1.2279
v -1.6608 -8.2908 1.1839
v -1.5473 -8.2908 1.3715
v -1.5570 -8.2908 1.3224
v -1.5570 -8.2908 1.4206
v -1.9338 -8.2908 1.3326
v -1.9338 -8.2908 1.4103
v -1.7385 -8.3819 1.2345
v -1.7385 -8.3294 1.2345
v -1.7985 -8.3294 1.2286
v -1.7985 -8.3294 1.5144
v -1.7385 -8.3294 1.5085
v -1.6784 -8.3294 1.5144
v -1.6784 -8.3294 1.2286
v -1.7985 -8.3819 1.2286
v -1.7985 -8.3819 1.5144
v -1.7385 -8.3819 1.5085
v -1.6784 -8.3819 1.5144
v -1.6784 -8.3819 1.2286
vt 0.0517 0.8076
vt 0.0665 0.8076
vt 0.0665 0.8162
vt 0.0517 0.8162
vt 0.0517 0.8312
vt 0.0665 0.8312
vt 0.0665 0.8380
vt 0.0517 0.8380
vt 0.0365 0.8076
vt 0.0365 0.8162
vt 0.0365 0.8380
vt 0.0517 0.8380
vt 0.0517 0.8490
vt 0.0365 0.8490
vt 0.0365 0.8233
vt 0.0517 0.8233
vt 0.0517 0.8312
vt 0.0365 0.8312
vt 0.0665 0.8233
vt 0.0517 0.8233
vt 0.0138 0.8162
vt 0.0365 0.8162
vt 0.0365 0.8233
vt 0.0138 0.8233
vt 0.0138 0.8490
vt 0.0365 0.8490
vt 0.0365 0.8584
vt 0.0138 0.8584
vt 0.0138 0.8380
vt 0.0138 0.8312
vt 0.0365 0.8312
vt 0.0138 0.8076
vt 0.3103 0.8076
vt 0.5124 0.8076
vt 0.5124 0.8162
vt 0.3103 0.8162
vt 0.3103 0.8490
vt 0.5124 0.8490
vt 0.5124 0.8584
vt 0.3103 0.8584
vt 0.3103 0.8380
vt 0.5124 0.8380
vt 0.3103 0.8312
vt 0.5124 0.8312
vt 0.3103 0.8233
vt 0.5124 0.8233
vt 0.2935 0.8162
vt 0.2935 0.8233
vt 0.2935 0.8490
vt 0.2935 0.8584
vt 0.2935 0.8380
vt 0.2935 0.8312
vt 0.2935 0.8076
vt 0.2769 0.8162
vt 0.2769 0.8233
vt 0.2769 0.8490
vt 0.2769 0.8584
vt 0.2769 0.8380
vt 0.2769 0.8312
vt 0.2769 0.8076
vt 0.2607 0.8076
vt 0.2607 0.8162
vt 0.2607 0.8490
vt 0.2607 0.8584
vt 0.2607 0.8380
vt 0.2607 0.8312
vt 0.2607 0.8233
vt 0.0665 0.8490
vt 0.0665 0.8584
vt 0.0665 0.8380
vt 0.0665 0.8233
vt 0.0517 0.8584
vt 0.0665 0.8235
vt 0.2607 0.8235
vt 0.2607 0.8315
vt 0.0665 0.8315
vt 0.2607 0.8392
vt 0.0665 0.8392
vt 0.2607 0.8486
vt 0.0665 0.8486
vt 0.2607 0.8585
vt 0.0665 0.8585
vt 0.0665 0.8077
vt 0.2607 0.8077
vt 0.2607 0.8160
vt 0.0665 0.8160
vt 0.2769 0.8235
vt 0.2769 0.8315
vt 0.2769 0.8392
vt 0.2769 0.8486
vt 0.2769 0.8585
vt 0.2769 0.8077
vt 0.2769 0.8160
vt 0.2935 0.8235
vt 0.2935 0.8315
vt 0.2935 0.8392
vt 0.2935 0.8486
vt 0.2935 0.8585
vt 0.2935 0.8077
vt 0.2935 0.8160
vt 0.3103 0.8235
vt 0.3103 0.8315
vt 0.3103 0.8392
vt 0.3103 0.8486
vt 0.3103 0.8585
vt 0.3103 0.8077
vt 0.3103 0.8160
vt 0.5124 0.8235
vt 0.5124 0.8315
vt 0.5124 0.8392
vt 0.5124 0.8486
vt 0.5124 0.8585
vt 0.5124 0.8077
vt 0.5124 0.8160
vt 0.0138 0.8235
vt 0.0365 0.8235
vt 0.0365 0.8315
vt 0.0138 0.8315
vt 0.0365 0.8392
vt 0.0138 0.8392
vt 0.0365 0.8486
vt 0.0138 0.8486
vt 0.0365 0.8585
vt 0.0138 0.8585
vt 0.0138 0.8077
vt 0.0365 0.8077
vt 0.0365 0.8160
vt 0.0138 0.8160
vt 0.0517 0.8235
vt 0.0517 0.8315
vt 0.0517 0.8392
vt 0.0517 0.8486
vt 0.0517 0.8585
vt 0.0517 0.8077
vt 0.0517 0.8160
vt 0.5083 0.8738
vt 0.4594 0.8738
vt 0.4603 0.9041
vt 0.5089 0.9041
vt 0.5516 0.9041
vt 0.5510 0.8738
vt 0.6025 0.9041
vt 0.6026 0.8738
vt 0.4139 0.8738
vt 0.4162 0.9041
vt 0.3706 0.8738
vt 0.3753 0.9041
vt 0.6492 0.9041
vt 0.6489 0.8738
vt 0.6970 0.9041
vt 0.6964 0.8738
vt 0.7528 0.9041
vt 0.7518 0.8738
vt 0.8102 0.9041
vt 0.8091 0.8738
vt 0.3380 0.8738
vt 0.3452 0.9041
vt 0.8517 0.9041
vt 0.8515 0.8738
vt 0.8883 0.9041
vt 0.8888 0.8738
vt 0.9167 0.9041
vt 0.9179 0.8738
vt 0.9465 0.9041
vt 0.9488 0.8738
vt 0.9717 0.9041
vt 0.9752 0.8738
vt 0.3161 0.8738
vt 0.3257 0.9041
vt 0.2917 0.8738
vt 0.3038 0.9041
vt 0.9752 0.9347
vt 0.9424 0.9347
vt 0.9333 0.9658
vt 0.9629 0.9658
vt 0.9087 0.9347
vt 0.9057 0.9658
vt 0.8699 0.9347
vt 0.8705 0.9658
vt 0.8254 0.9347
vt 0.8277 0.9658
vt 0.7701 0.9347
vt 0.7712 0.9658
vt 0.7281 0.9347
vt 0.7269 0.9658
vt 0.6823 0.9347
vt 0.6795 0.9658
vt 0.6348 0.9347
vt 0.6307 0.9658
vt 0.5910 0.9347
vt 0.5873 0.9658
vt 0.5477 0.9347
vt 0.5458 0.9658
vt 0.5162 0.9347
vt 0.5158 0.9658
vt 0.4691 0.9347
vt 0.4671 0.9658
vt 0.4285 0.9347
vt 0.4251 0.9658
vt 0.3802 0.9347
vt 0.3791 0.9658
vt 0.3378 0.9347
vt 0.3397 0.9658
vt 0.3064 0.9347
vt 0.3110 0.9658
vt 0.2839 0.9347
vt 0.2885 0.9658
vt 0.8231 0.3876
vt 0.8290 0.3910
vt 0.8303 0.4330
vt 0.8235 0.4301
vt 0.9328 0.4070
vt 0.9253 0.4106
vt 0.9149 0.3609
vt 0.9210 0.3566
vt 0.9888 0.6559
vt 0.9781 0.6534
vt 0.9807 0.5981
vt 0.9888 0.5993
vt 0.7739 0.7396
vt 0.7819 0.7337
vt 0.7977 0.7740
vt 0.7850 0.7852
vt 0.8162 0.3272
vt 0.8231 0.3317
vt 0.9196 0.3044
vt 0.9126 0.3100
vt 0.9094 0.2654
vt 0.9154 0.2583
vt 0.9757 0.5505
vt 0.9836 0.5505
vt 0.7688 0.6994
vt 0.7768 0.6948
vt 0.8744 0.8411
vt 0.8748 0.8259
vt 0.9008 0.8164
vt 0.9045 0.8310
vt 0.8094 0.2842
vt 0.8159 0.2894
vt 0.9577 0.5053
vt 0.9671 0.5028
vt 0.7632 0.6510
vt 0.7717 0.6477
vt 0.8129 0.2416
vt 0.8192 0.2497
vt 0.9221 0.7941
vt 0.9317 0.8099
vt 0.7672 0.6188
vt 0.7732 0.6166
vt 0.8459 0.8380
vt 0.8497 0.8233
vt 0.9363 0.7713
vt 0.9509 0.7880
vt 0.8319 0.2152
vt 0.8357 0.2250
vt 0.7865 0.5785
vt 0.7912 0.5774
vt 0.8951 0.2342
vt 0.8989 0.2243
vt 0.9546 0.7433
vt 0.9658 0.7521
vt 0.8585 0.2041
vt 0.8593 0.2153
vt 0.9422 0.4532
vt 0.9482 0.4505
vt 0.8011 0.5343
vt 0.8119 0.5352
vt 0.8807 0.2084
vt 0.8792 0.2193
vt 0.9675 0.7073
vt 0.9795 0.7122
vt 0.8175 0.4800
vt 0.8233 0.4825
vt 0.8093 0.8219
vt 0.8199 0.8071
vt 0.8700 0.8148
vt 0.8659 0.7684
vt 0.8595 0.7293
vt 0.8557 0.6911
vt 0.8606 0.6502
vt 0.8723 0.6028
vt 0.8904 0.5558
vt 0.8980 0.5079
vt 0.8936 0.4699
vt 0.8838 0.4257
vt 0.8721 0.3813
vt 0.8641 0.3369
vt 0.8875 0.2415
vt 0.9010 0.2677
vt 0.8938 0.2696
vt 0.8818 0.2469
vt 0.8214 0.2886
vt 0.8262 0.2534
vt 0.8318 0.2563
vt 0.8261 0.2879
vt 0.8746 0.2300
vt 0.8715 0.2374
vt 0.8409 0.2337
vt 0.8447 0.2401
vt 0.9050 0.3056
vt 0.8989 0.3020
vt 0.8632 0.3301
vt 0.8277 0.3259
vt 0.8312 0.3213
vt 0.8625 0.3244
vt 0.6027 0.9164
vt 0.6486 0.9164
vt 0.3090 0.9164
vt 0.3296 0.9164
vt 0.9127 0.9164
vt 0.9418 0.9164
vt 0.6310 0.9789
vt 0.6781 0.9789
vt 0.3486 0.9164
vt 0.3154 0.9789
vt 0.3431 0.9789
vt 0.7244 0.9789
vt 0.8850 0.9164
vt 0.3816 0.9789
vt 0.8492 0.9164
vt 0.7680 0.9789
vt 0.5528 0.9164
vt 0.4269 0.9789
vt 0.3795 0.9164
vt 0.4201 0.9164
vt 0.8084 0.9164
vt 0.8244 0.9789
vt 0.4694 0.9789
vt 0.5111 0.9164
vt 0.8665 0.9789
vt 0.4634 0.9164
vt 0.5179 0.9789
vt 0.7512 0.9164
vt 0.9033 0.9789
vt 0.2946 0.9789
vt 0.5479 0.9789
vt 0.9299 0.9789
vt 0.6960 0.9164
vt 0.5882 0.9789
vt 0.9577 0.9789
vt 0.9655 0.9164
vt 0.7485 0.9232
vt 0.8044 0.9232
vt 0.5898 0.9859
vt 0.6320 0.9859
vt 0.3342 0.9232
vt 0.3539 0.9232
vt 0.3200 0.9859
vt 0.3482 0.9859
vt 0.7223 0.9859
vt 0.7647 0.9859
vt 0.6032 0.9232
vt 0.6486 0.9232
vt 0.8797 0.9232
vt 0.9072 0.9232
vt 0.4314 0.9859
vt 0.4733 0.9859
vt 0.5541 0.9232
vt 0.8613 0.9859
vt 0.8982 0.9859
vt 0.3846 0.9232
vt 0.5493 0.9859
vt 0.2992 0.9859
vt 0.3138 0.9232
vt 0.6947 0.9232
vt 0.6773 0.9859
vt 0.9365 0.9232
vt 0.3866 0.9859
vt 0.8201 0.9859
vt 0.4244 0.9232
vt 0.4654 0.9232
vt 0.8445 0.9232
vt 0.5200 0.9859
vt 0.5137 0.9232
vt 0.9252 0.9859
vt 0.9533 0.9859
vt 0.9600 0.9232
vt 0.7997 0.0086
vt 0.7983 0.0313
vt 0.8424 0.0304
vt 0.8445 0.0055
vt 0.2685 0.0074
vt 0.2686 0.0287
vt 0.3091 0.0314
vt 0.3089 0.0074
vt 0.0626 0.5596
vt 0.0739 0.5424
vt 0.0546 0.5213
vt 0.0429 0.5353
vt 0.0732 0.3285
vt 0.0861 0.3486
vt 0.1147 0.3211
vt 0.1019 0.3004
vt 0.7511 0.0109
vt 0.7498 0.0334
vt 0.4013 0.0116
vt 0.4051 0.0343
vt 0.4410 0.0378
vt 0.4383 0.0146
vt 0.5516 0.0148
vt 0.5507 0.0365
vt 0.5821 0.0341
vt 0.5847 0.0121
vt 0.0899 0.0134
vt 0.0914 0.0372
vt 0.1291 0.0372
vt 0.1329 0.0112
vt 0.5033 0.0199
vt 0.5026 0.0413
vt 0.5275 0.0393
vt 0.5290 0.0174
vt 0.0171 0.4716
vt 0.0307 0.4690
vt 0.0299 0.4438
vt 0.0171 0.4416
vt 0.2231 0.0106
vt 0.2223 0.0293
vt 0.8867 0.0286
vt 0.8891 0.0080
vt 0.0386 0.4948
vt 0.0253 0.5038
vt 0.0443 0.3650
vt 0.0570 0.3803
vt 0.6245 0.0096
vt 0.6213 0.0317
vt 0.6635 0.0339
vt 0.6648 0.0116
vt 0.3608 0.0116
vt 0.3618 0.0349
vt 0.1196 0.6166
vt 0.1316 0.5952
vt 0.0998 0.5683
vt 0.0888 0.5874
vt 0.0590 0.0146
vt 0.0616 0.0381
vt 0.7103 0.0348
vt 0.7116 0.0124
vt 0.4702 0.0196
vt 0.4718 0.0412
vt 0.9363 0.0376
vt 0.9397 0.0153
vt 0.1767 0.0091
vt 0.1722 0.0359
vt 0.0239 0.4038
vt 0.0377 0.4128
vt 0.0131 0.0211
vt 0.0162 0.0448
vt 0.9857 0.0547
vt 0.9892 0.0325
vt 0.7973 0.0525
vt 0.8406 0.0512
vt 0.2688 0.0532
vt 0.3094 0.0540
vt 0.0827 0.5326
vt 0.0629 0.5123
vt 0.0948 0.3638
vt 0.1264 0.3407
vt 0.4119 0.0556
vt 0.4459 0.0588
vt 0.7492 0.0548
vt 0.5472 0.0567
vt 0.5759 0.0546
vt 0.0925 0.0559
vt 0.1293 0.0544
vt 0.5030 0.0615
vt 0.5258 0.0593
vt 0.0401 0.4672
vt 0.0402 0.4442
vt 0.2222 0.0521
vt 0.8837 0.0536
vt 0.0662 0.3883
vt 0.0475 0.4888
vt 0.6188 0.0521
vt 0.6624 0.0513
vt 0.3629 0.0570
vt 0.1399 0.5779
vt 0.1071 0.5537
vt 0.0642 0.0592
vt 0.7095 0.0539
vt 0.4746 0.0615
vt 0.9329 0.0578
vt 0.1719 0.0532
vt 0.0460 0.4177
vt 0.0195 0.0667
vt 0.9832 0.0722
vt 0.0582 0.4625
vt 0.0793 0.4338
vt 0.0842 0.4826
vt 0.1064 0.4039
vt 0.1136 0.5135
vt 0.1075 0.4552
vt 0.0934 0.0743
vt 0.1297 0.0748
vt 0.5745 0.0719
vt 0.6172 0.0707
vt 0.5255 0.0764
vt 0.5456 0.0741
vt 0.1733 0.0745
vt 0.2228 0.0741
vt 0.7482 0.0741
vt 0.7959 0.0716
vt 0.2690 0.0755
vt 0.3098 0.0749
vt 0.6610 0.0706
vt 0.7086 0.0736
vt 0.3643 0.0779
vt 0.4141 0.0753
vt 0.8816 0.0741
vt 0.9317 0.0816
vt 0.4483 0.0777
vt 0.4762 0.0793
vt 0.0667 0.0784
vt 0.8388 0.0720
vt 0.5036 0.0789
vt 0.9852 0.1032
vt 0.0189 0.0990
vt 0.1448 0.5444
vt 0.1411 0.3703
vt 0.0625 0.1096
vt 0.0970 0.1011
vt 0.5041 0.0971
vt 0.5250 0.0945
vt 0.1329 0.0994
vt 0.1750 0.0987
vt 0.5430 0.0929
vt 0.5730 0.0928
vt 0.2244 0.0976
vt 0.2700 0.0982
vt 0.6614 0.0927
vt 0.7061 0.0966
vt 0.8821 0.1009
vt 0.9331 0.1171
vt 0.1612 0.5102
vt 0.1331 0.4755
vt 0.3103 0.0982
vt 0.3638 0.1026
vt 0.7928 0.0973
vt 0.8367 0.0991
vt 0.6154 0.0941
vt 0.4158 0.0982
vt 0.4506 0.0978
vt 0.0185 0.1248
vt 0.4779 0.0980
vt 0.7449 0.0982
vt 0.9741 0.1360
vt 0.1293 0.4284
vt 0.1523 0.3942
vt 0.1598 0.4478
vt 0.1715 0.4945
vt 0.1572 0.4184
vt 0.9306 0.1585
vt 0.9664 0.1513
vt 0.1848 0.1700
vt 0.2047 0.1867
vt 0.2286 0.1755
vt 0.2273 0.1674
vt 0.6229 0.1181
vt 0.5884 0.1177
vt 0.5849 0.1246
vt 0.6192 0.1248
vt 0.7969 0.1885
vt 0.7572 0.1867
vt 0.7568 0.1927
vt 0.7853 0.1928
vt 0.2647 0.1642
vt 0.2654 0.1706
vt 0.2941 0.1634
vt 0.2933 0.1564
vt 0.5061 0.1612
vt 0.4972 0.1606
vt 0.4975 0.1654
vt 0.5060 0.1650
vt 0.7216 0.1736
vt 0.6965 0.1610
vt 0.6940 0.1654
vt 0.7199 0.1781
vt 0.3342 0.1353
vt 0.3356 0.1454
vt 0.3790 0.1325
vt 0.3773 0.1217
vt 0.4865 0.1589
vt 0.4886 0.1638
vt 0.6626 0.1362
vt 0.6597 0.1448
vt 0.4429 0.1389
vt 0.4474 0.1474
vt 0.4710 0.1578
vt 0.4666 0.1515
vt 0.5598 0.1341
vt 0.5369 0.1488
vt 0.5360 0.1545
vt 0.5576 0.1412
vt 0.4167 0.1231
vt 0.4212 0.1363
vt 0.3123 0.1482
vt 0.3136 0.1564
vt 0.5175 0.1583
vt 0.5175 0.1627
vt 0.6793 0.1485
vt 0.6768 0.1555
vt 0.5274 0.1533
vt 0.5268 0.1590
vt 0.5589 0.1492
vt 0.5843 0.1324
vt 0.4502 0.1540
vt 0.4710 0.1624
vt 0.4980 0.1697
vt 0.5072 0.1699
vt 0.4178 0.1441
vt 0.4889 0.1678
vt 0.7180 0.1846
vt 0.7536 0.1993
vt 0.2323 0.1808
vt 0.2682 0.1764
vt 0.6599 0.1505
vt 0.6756 0.1621
vt 0.5180 0.1688
vt 0.5270 0.1669
vt 0.3140 0.1623
vt 0.3367 0.1526
vt 0.6182 0.1318
vt 0.3818 0.1389
vt 0.7846 0.1967
vt 0.2090 0.1923
vt 0.6910 0.1713
vt 0.2952 0.1690
vt 0.5375 0.1644
vt 0.5892 0.1413
vt 0.6148 0.1411
vt 0.4597 0.1630
vt 0.4826 0.1704
vt 0.3833 0.1477
vt 0.4135 0.1510
vt 0.5092 0.1745
vt 0.5250 0.1725
vt 0.1790 0.2824
vt 0.1769 0.2866
vt 0.1874 0.2912
vt 0.1848 0.2848
vt 0.1001 0.1631
vt 0.1243 0.1745
vt 0.1443 0.1837
vt 0.1458 0.1640
vt 0.6861 0.1794
vt 0.7169 0.1983
vt 0.6544 0.1566
vt 0.2694 0.1849
vt 0.3030 0.1767
vt 0.5407 0.1650
vt 0.5651 0.1489
vt 0.3381 0.1601
vt 0.4431 0.1570
vt 0.4965 0.1752
vt 0.7564 0.2090
vt 0.2301 0.1866
vt 0.6698 0.1686
vt 0.5334 0.1691
vt 0.3211 0.1697
vt 0.4544 0.1166
vt 0.4793 0.1153
vt 0.5245 0.1121
vt 0.5447 0.1125
vt 0.5027 0.1139
vt 0.4630 0.1335
vt 0.4823 0.1306
vt 0.5213 0.1274
vt 0.5391 0.1288
vt 0.5009 0.1287
vt 0.4986 0.1451
vt 0.4851 0.1461
vt 0.5135 0.1452
vt 0.5262 0.1467
vt 0.4746 0.1493
vt 0.8442 0.1279
vt 0.8861 0.1252
vt 0.7968 0.1328
vt 0.7477 0.1247
vt 0.7089 0.1217
vt 0.6697 0.1187
vt 0.0936 0.1238
vt 0.1289 0.1290
vt 0.1799 0.1328
vt 0.2289 0.1193
vt 0.2720 0.1185
vt 0.3188 0.1195
vt 0.1735 0.2805
vt 0.1435 0.2695
vt 0.1396 0.2733
vt 0.1702 0.2845
vt 0.1848 0.1700
vt 0.1823 0.1950
vt 0.1782 0.4916
vt 0.1849 0.4886
vt 0.1689 0.4470
vt 0.1644 0.4474
vt 0.1620 0.4197
vt 0.1596 0.4191
vt 0.0138 0.1506
vt 0.0145 0.1529
vt 0.0513 0.1715
vt 0.0535 0.1625
vt 0.0990 0.1779
vt 0.0995 0.1705
vt 0.1480 0.2044
vt 0.1833 0.2167
vt 0.9321 0.1660
vt 0.9337 0.1736
vt 0.9717 0.1636
vt 0.9690 0.1574
vt 0.8732 0.1819
vt 0.8711 0.1906
vt 0.8350 0.1911
vt 0.8343 0.2015
vt 0.7973 0.1957
vt 0.7977 0.2030
vt 0.1235 0.1957
vt 0.0131 0.1483
vt 0.0556 0.1534
vt 0.1001 0.1631
vt 0.8753 0.1732
vt 0.8356 0.1807
vt 0.2086 0.1452
vt 0.2465 0.1361
vt 0.2760 0.1376
vt 0.3043 0.1374
vt 0.7422 0.1551
vt 0.7808 0.1542
vt 0.7969 0.1885
vt 0.7128 0.1502
vt 0.6893 0.1379
vt 0.0213 0.9672
vt 0.0602 0.9672
vt 0.0585 0.9414
vt 0.0139 0.9414
vt 0.0585 0.9167
vt 0.0142 0.9167
vt 0.0612 0.8907
vt 0.0220 0.8907
vt 0.0994 0.9672
vt 0.0983 0.9414
vt 0.0997 0.9167
vt 0.1010 0.8907
vt 0.1387 0.9672
vt 0.1374 0.9414
vt 0.1400 0.9167
vt 0.1420 0.8907
vt 0.1775 0.9672
vt 0.1767 0.9414
vt 0.1787 0.9167
vt 0.1818 0.8907
vt 0.2143 0.9672
vt 0.2154 0.9414
vt 0.2188 0.9167
vt 0.2186 0.8907
vt 0.2491 0.9672
vt 0.2484 0.9414
vt 0.2466 0.9167
vt 0.2463 0.8907
vt 0.2548 0.9167
vt 0.2547 0.8907
vt 0.2559 0.9414
vt 0.2569 0.9672
vt 0.1254 0.2176
vt 0.1523 0.2255
vt 0.1837 0.2378
vt 0.1285 0.2393
vt 0.1514 0.2462
vt 0.1804 0.2576
vt 0.1479 0.2572
vt 0.1277 0.2495
vt 0.1285 0.2621
vt 0.1435 0.2695
vt 0.1765 0.2673
vt 0.1226 0.2393
vt 0.1213 0.2174
vt 0.1122 0.2174
vt 0.1139 0.2399
vt 0.1162 0.1953
vt 0.1086 0.1942
vt 0.1135 0.1788
vt 0.1058 0.1842
vt 0.0995 0.1705
vt 0.1135 0.1788
vt 0.1226 0.2501
vt 0.1115 0.2539
vt 0.1881 0.2617
vt 0.1913 0.2424
vt 0.1924 0.2215
vt 0.1966 0.2019
vt 0.1974 0.2453
vt 0.1981 0.2241
vt 0.2027 0.2043
vt 0.1927 0.2637
vt 0.1894 0.2728
vt 0.1834 0.2703
vt 0.1765 0.2673
vt 0.1834 0.2703
vt 0.2009 0.2692
vt 0.2095 0.2492
vt 0.2107 0.2310
vt 0.2159 0.2133
vt 0.2192 0.2006
vt 0.1960 0.2802
vt 0.1874 0.2912
vt 0.1924 0.2978
vt 0.2021 0.2880
vt 0.1396 0.2733
vt 0.1238 0.2645
vt 0.1121 0.2682
vt 0.1334 0.2773
vt 0.1769 0.2866
vt 0.1702 0.2845
vt 0.1645 0.2891
vt 0.1739 0.2929
vt 0.1226 0.2501
vt 0.1238 0.2645
vt 0.4772 0.3826
vt 0.4772 0.3680
vt 0.4854 0.3680
vt 0.4854 0.3826
vt 0.4772 0.3158
vt 0.4772 0.2852
vt 0.4854 0.2852
vt 0.4854 0.3158
vt 0.4772 0.4017
vt 0.4854 0.4017
vt 0.4772 0.3413
vt 0.4854 0.3413
vt 0.4772 0.4397
vt 0.4854 0.4397
vt 0.4772 0.2019
vt 0.4772 0.1974
vt 0.4854 0.1974
vt 0.4854 0.2019
vt 0.4772 0.4701
vt 0.4854 0.4701
vt 0.4772 0.3498
vt 0.4854 0.3498
vt 0.4772 0.4876
vt 0.4854 0.4876
vt 0.4772 0.3553
vt 0.4854 0.3553
vt 0.4772 0.3611
vt 0.4854 0.3611
vt 0.4772 0.2568
vt 0.4772 0.2281
vt 0.4854 0.2281
vt 0.4854 0.2568
vt 0.5244 0.3866
vt 0.5167 0.3866
vt 0.5167 0.3722
vt 0.5244 0.3722
vt 0.5244 0.3097
vt 0.5167 0.3097
vt 0.5167 0.2779
vt 0.5244 0.2779
vt 0.5244 0.4043
vt 0.5167 0.4043
vt 0.5244 0.3367
vt 0.5167 0.3367
vt 0.5244 0.4431
vt 0.5167 0.4431
vt 0.5244 0.1999
vt 0.5167 0.1999
vt 0.5167 0.1925
vt 0.5244 0.1925
vt 0.5244 0.4722
vt 0.5167 0.4722
vt 0.5244 0.3472
vt 0.5167 0.3472
vt 0.5244 0.4824
vt 0.5167 0.4824
vt 0.5244 0.3553
vt 0.5167 0.3553
vt 0.5244 0.3634
vt 0.5167 0.3634
vt 0.5244 0.2483
vt 0.5167 0.2483
vt 0.5167 0.2190
vt 0.5244 0.2190
vt 0.5082 0.4722
vt 0.5082 0.4431
vt 0.5920 0.4824
vt 0.5830 0.4948
vt 0.5830 0.4874
vt 0.5830 0.4824
vt 0.5920 0.2190
vt 0.5920 0.2483
vt 0.5830 0.2483
vt 0.5830 0.2190
vt 0.5082 0.4824
vt 0.5082 0.2483
vt 0.5082 0.2190
vt 0.5920 0.2779
vt 0.5830 0.2779
vt 0.5082 0.2779
vt 0.5920 0.3097
vt 0.5830 0.3097
vt 0.5082 0.3097
vt 0.5920 0.3367
vt 0.5830 0.3367
vt 0.5082 0.3367
vt 0.5920 0.1999
vt 0.5830 0.1999
vt 0.5082 0.1999
vt 0.5167 0.1846
vt 0.5920 0.3472
vt 0.5830 0.3472
vt 0.5082 0.3472
vt 0.5920 0.3553
vt 0.5830 0.3553
vt 0.5082 0.3553
vt 0.5920 0.3634
vt 0.5830 0.3634
vt 0.5082 0.3634
vt 0.5920 0.3722
vt 0.5830 0.3722
vt 0.5730 0.1846
vt 0.5830 0.1846
vt 0.5830 0.1925
vt 0.5730 0.1925
vt 0.5082 0.3722
vt 0.5920 0.3866
vt 0.5830 0.3866
vt 0.5082 0.3866
vt 0.5920 0.4043
vt 0.5830 0.4043
vt 0.5082 0.4043
vt 0.5920 0.4431
vt 0.5830 0.4431
vt 0.5920 0.4722
vt 0.5830 0.4722
vt 0.5244 0.4948
vt 0.5167 0.4948
vt 0.5167 0.4874
vt 0.5244 0.4874
vt 0.5726 0.4948
vt 0.5730 0.4874
vt 0.5244 0.1846
vt 0.5244 0.1925
vt 0.5730 0.2779
vt 0.5730 0.2483
vt 0.5730 0.3722
vt 0.5730 0.3634
vt 0.5730 0.2190
vt 0.5730 0.3553
vt 0.5730 0.3472
vt 0.5830 0.4824
vt 0.5730 0.4824
vt 0.5730 0.4722
vt 0.5830 0.4722
vt 0.5730 0.3367
vt 0.5730 0.4431
vt 0.5830 0.1999
vt 0.5730 0.1999
vt 0.5730 0.4043
vt 0.5730 0.3097
vt 0.5730 0.3866
vt 0.3995 0.2852
vt 0.3995 0.2568
vt 0.4084 0.2568
vt 0.4084 0.2852
vt 0.3995 0.3680
vt 0.3995 0.3611
vt 0.4084 0.3611
vt 0.4084 0.3680
vt 0.3995 0.2281
vt 0.4084 0.2281
vt 0.3995 0.3553
vt 0.4084 0.3553
vt 0.3995 0.3498
vt 0.4084 0.3498
vt 0.3995 0.4876
vt 0.3995 0.4701
vt 0.4084 0.4701
vt 0.4084 0.4876
vt 0.3995 0.3413
vt 0.4084 0.3413
vt 0.3995 0.4397
vt 0.4084 0.4397
vt 0.3995 0.2019
vt 0.3995 0.1974
vt 0.4084 0.1974
vt 0.4084 0.2019
vt 0.3995 0.4017
vt 0.4084 0.4017
vt 0.3995 0.3158
vt 0.4084 0.3158
vt 0.3995 0.3826
vt 0.4084 0.3826
vt 0.4084 0.4912
vt 0.4772 0.4912
vt 0.3995 0.4912
vt 0.4854 0.4912
vt 0.2085 0.2725
vt 0.3098 0.2463
vt 0.3098 0.2827
vt 0.3038 0.2827
vt 0.3038 0.2463
vt 0.3098 0.3722
vt 0.3098 0.3795
vt 0.3038 0.3795
vt 0.3038 0.3722
vt 0.3098 0.2152
vt 0.3038 0.2152
vt 0.3098 0.3900
vt 0.3098 0.3954
vt 0.3038 0.3954
vt 0.3038 0.3900
vt 0.3098 0.4253
vt 0.3038 0.4250
vt 0.3098 0.3846
vt 0.3038 0.3846
vt 0.3098 0.4559
vt 0.3038 0.4559
vt 0.3098 0.4942
vt 0.3038 0.4942
vt 0.3098 0.3529
vt 0.3038 0.3529
vt 0.3098 0.5220
vt 0.3038 0.5220
vt 0.3098 0.3157
vt 0.3038 0.3157
vt 0.3098 0.5481
vt 0.3098 0.5537
vt 0.3038 0.5537
vt 0.3038 0.5481
vt 0.2372 0.5118
vt 0.2319 0.5118
vt 0.2319 0.4773
vt 0.2372 0.4773
vt 0.2372 0.3928
vt 0.2319 0.3928
vt 0.2319 0.3844
vt 0.2372 0.3844
vt 0.2372 0.5451
vt 0.2319 0.5451
vt 0.2372 0.3818
vt 0.2319 0.3818
vt 0.2319 0.3753
vt 0.2372 0.3753
vt 0.2319 0.3456
vt 0.2372 0.3456
vt 0.2319 0.3831
vt 0.2372 0.3831
vt 0.2319 0.3163
vt 0.2372 0.3163
vt 0.2319 0.2793
vt 0.2372 0.2793
vt 0.2372 0.4119
vt 0.2319 0.4119
vt 0.2319 0.2523
vt 0.2372 0.2523
vt 0.2372 0.4470
vt 0.2319 0.4470
vt 0.2372 0.2229
vt 0.2319 0.2229
vt 0.2319 0.2184
vt 0.2372 0.2184
vt 0.3586 0.4253
vt 0.3586 0.3954
vt 0.3660 0.3954
vt 0.3660 0.4251
vt 0.2972 0.4248
vt 0.2972 0.3954
vt 0.3586 0.4562
vt 0.3660 0.4559
vt 0.2972 0.4556
vt 0.3586 0.4942
vt 0.3660 0.4942
vt 0.2972 0.4942
vt 0.3586 0.5220
vt 0.3660 0.5220
vt 0.2972 0.5220
vt 0.3586 0.5481
vt 0.3660 0.5481
vt 0.3586 0.3795
vt 0.3586 0.3722
vt 0.3660 0.3722
vt 0.3660 0.3795
vt 0.3038 0.5598
vt 0.2972 0.5481
vt 0.2972 0.3795
vt 0.2972 0.3722
vt 0.3586 0.3900
vt 0.3660 0.3900
vt 0.2972 0.3900
vt 0.3511 0.5537
vt 0.3586 0.5537
vt 0.3586 0.5598
vt 0.3511 0.5598
vt 0.3586 0.3846
vt 0.3660 0.3846
vt 0.2972 0.3846
vt 0.3586 0.3529
vt 0.3660 0.3529
vt 0.2972 0.3529
vt 0.3586 0.3157
vt 0.3660 0.3157
vt 0.3098 0.2098
vt 0.3038 0.2098
vt 0.3038 0.2030
vt 0.3098 0.2030
vt 0.2972 0.3157
vt 0.3586 0.2827
vt 0.3660 0.2827
vt 0.2972 0.2827
vt 0.3586 0.2463
vt 0.3660 0.2463
vt 0.2972 0.2463
vt 0.3586 0.2152
vt 0.3586 0.2098
vt 0.3586 0.2030
vt 0.3660 0.2152
vt 0.2972 0.2152
vt 0.3511 0.2098
vt 0.3511 0.2030
vt 0.3098 0.5537
vt 0.3098 0.5598
vt 0.2754 0.4773
vt 0.2681 0.4773
vt 0.2681 0.4470
vt 0.2754 0.4470
vt 0.2754 0.2229
vt 0.2681 0.2229
vt 0.2681 0.2184
vt 0.2754 0.2184
vt 0.2681 0.4119
vt 0.2754 0.4119
vt 0.2754 0.2793
vt 0.2681 0.2793
vt 0.2681 0.2523
vt 0.2754 0.2523
vt 0.2681 0.3928
vt 0.2754 0.3928
vt 0.2754 0.3163
vt 0.2681 0.3163
vt 0.2754 0.3831
vt 0.2681 0.3831
vt 0.2681 0.3818
vt 0.2754 0.3818
vt 0.2754 0.3456
vt 0.2681 0.3456
vt 0.2754 0.3844
vt 0.2681 0.3844
vt 0.2754 0.3753
vt 0.2681 0.3753
vt 0.2754 0.5451
vt 0.2681 0.5451
vt 0.2681 0.5118
vt 0.2754 0.5118
vt 0.3511 0.3157
vt 0.3511 0.2827
vt 0.3586 0.5481
vt 0.3511 0.5481
vt 0.3511 0.3529
vt 0.3511 0.5220
vt 0.3511 0.4942
vt 0.3511 0.3722
vt 0.3511 0.4562
vt 0.3511 0.3900
vt 0.3511 0.3846
vt 0.3511 0.4256
vt 0.3511 0.3795
vt 0.3511 0.3954
vt 0.3586 0.2152
vt 0.3586 0.2463
vt 0.3511 0.2463
vt 0.3511 0.2152
vt 0.2681 0.5504
vt 0.2372 0.5504
vt 0.2754 0.5504
vt 0.2319 0.5504
vt 0.5684 0.5537
vt 0.5684 0.5425
vt 0.5778 0.5425
vt 0.5778 0.5537
vt 0.5684 0.5252
vt 0.5684 0.5139
vt 0.5778 0.5139
vt 0.5778 0.5252
vt 0.5684 0.5323
vt 0.5778 0.5323
vt 0.4687 0.5178
vt 0.4784 0.5178
vt 0.4784 0.5331
vt 0.4687 0.5331
vt 0.4687 0.5379
vt 0.4784 0.5379
vt 0.4784 0.5498
vt 0.4687 0.5498
vt 0.4784 0.5356
vt 0.4687 0.5356
vt 0.5198 0.5425
vt 0.5198 0.5537
vt 0.5090 0.5537
vt 0.5090 0.5425
vt 0.5869 0.5425
vt 0.5869 0.5537
vt 0.5198 0.5139
vt 0.5198 0.5252
vt 0.5090 0.5252
vt 0.5090 0.5139
vt 0.5869 0.5139
vt 0.5869 0.5252
vt 0.5198 0.5323
vt 0.5090 0.5323
vt 0.5869 0.5323
vt 0.3990 0.5356
vt 0.4122 0.5356
vt 0.4122 0.5379
vt 0.3990 0.5379
vt 0.3990 0.5331
vt 0.4122 0.5331
vt 0.4122 0.5498
vt 0.3990 0.5498
vt 0.3990 0.5178
vt 0.4122 0.5178
vt 0.5289 0.5252
vt 0.5289 0.5323
vt 0.5289 0.5425
vt 0.5289 0.5139
vt 0.5289 0.5537
vt 0.8261 0.2879
vt 0.8592 0.2857
vt 0.8590 0.2470
vt 0.8598 0.2341
vt 0.8595 0.2264
vt 0.6630 0.2396
vt 0.6630 0.2297
vt 0.6714 0.2297
vt 0.6714 0.2396
vt 0.6630 0.4142
vt 0.6630 0.3609
vt 0.6714 0.3611
vt 0.6714 0.4142
vt 0.6630 0.5905
vt 0.6630 0.5730
vt 0.6714 0.5730
vt 0.6714 0.5905
vt 0.6630 0.5487
vt 0.6714 0.5487
vt 0.6630 0.3064
vt 0.6714 0.3067
vt 0.6630 0.4852
vt 0.6630 0.4558
vt 0.6714 0.4558
vt 0.6714 0.4852
vt 0.6630 0.5212
vt 0.6714 0.5212
vt 0.6630 0.2672
vt 0.6714 0.2672
vt 0.7003 0.2321
vt 0.6930 0.2321
vt 0.6930 0.2208
vt 0.7003 0.2208
vt 0.7002 0.4094
vt 0.6930 0.4094
vt 0.6930 0.3537
vt 0.7002 0.3537
vt 0.7002 0.6001
vt 0.6929 0.6001
vt 0.6929 0.5774
vt 0.7002 0.5774
vt 0.6929 0.5497
vt 0.7002 0.5497
vt 0.6930 0.2991
vt 0.7003 0.2991
vt 0.7002 0.4823
vt 0.6929 0.4823
vt 0.6929 0.4532
vt 0.7002 0.4532
vt 0.7002 0.5194
vt 0.6929 0.5194
vt 0.6930 0.2604
vt 0.7003 0.2604
vt 0.6805 0.5486
vt 0.6805 0.5730
vt 0.6630 0.5984
vt 0.6714 0.5984
vt 0.6804 0.6058
vt 0.6630 0.6058
vt 0.6227 0.5905
vt 0.6227 0.5984
vt 0.6124 0.6058
vt 0.6124 0.5905
vt 0.6805 0.2672
vt 0.6805 0.3070
vt 0.6805 0.4854
vt 0.6805 0.5212
vt 0.6227 0.4558
vt 0.6227 0.4855
vt 0.6124 0.4858
vt 0.6124 0.4558
vt 0.6804 0.2212
vt 0.6805 0.2396
vt 0.6227 0.4142
vt 0.6124 0.4142
vt 0.6313 0.2297
vt 0.6227 0.2297
vt 0.6124 0.2212
vt 0.6313 0.2212
vt 0.6805 0.5905
vt 0.6227 0.3612
vt 0.6124 0.3614
vt 0.6805 0.4558
vt 0.6227 0.3063
vt 0.6124 0.3065
vt 0.6227 0.5494
vt 0.6227 0.5730
vt 0.6124 0.5730
vt 0.6124 0.5494
vt 0.6805 0.4142
vt 0.6227 0.2672
vt 0.6124 0.2672
vt 0.6227 0.5216
vt 0.6124 0.5216
vt 0.6805 0.3614
vt 0.6227 0.2396
vt 0.6124 0.2396
vt 0.6630 0.2212
vt 0.6313 0.5984
vt 0.6313 0.6058
vt 0.7397 0.5497
vt 0.7398 0.5194
vt 0.7398 0.4532
vt 0.7398 0.4094
vt 0.7398 0.2992
vt 0.7398 0.2604
vt 0.7398 0.4823
vt 0.7398 0.3537
vt 0.7397 0.5774
vt 0.7397 0.6001
vt 0.7399 0.2321
vt 0.7399 0.2209
vt 0.6313 0.5491
vt 0.6313 0.5213
vt 0.6313 0.4558
vt 0.6313 0.4142
vt 0.6313 0.3061
vt 0.6313 0.2672
vt 0.6313 0.4852
vt 0.6313 0.3610
vt 0.6313 0.5730
vt 0.6313 0.5905
vt 0.6313 0.2396
vt 0.6313 0.2297
vt 0.6227 0.2396
vt 0.6227 0.5905
vt 0.6227 0.5730
vt 0.7471 0.2321
vt 0.7472 0.2209
vt 0.7471 0.4094
vt 0.7471 0.3537
vt 0.7470 0.6001
vt 0.7470 0.5774
vt 0.7470 0.5497
vt 0.7471 0.2992
vt 0.7471 0.4823
vt 0.7471 0.4532
vt 0.7470 0.5194
vt 0.7471 0.2604
vt 0.7470 0.6064
vt 0.7397 0.6064
vt 0.7002 0.6063
vt 0.6929 0.6063
vt 0.0522 0.7468
vt 0.0522 0.7209
vt 0.0657 0.7299
vt 0.0657 0.7405
vt 0.2495 0.7468
vt 0.2221 0.7468
vt 0.2221 0.7209
vt 0.2495 0.7209
vt 0.1969 0.7468
vt 0.1969 0.7209
vt 0.1844 0.7468
vt 0.1718 0.7468
vt 0.1718 0.7209
vt 0.1844 0.7209
vt 0.1592 0.7468
vt 0.1466 0.7468
vt 0.1466 0.7209
vt 0.1592 0.7209
vt 0.1214 0.7468
vt 0.1214 0.7209
vt 0.0952 0.7468
vt 0.0952 0.7209
vt 0.0744 0.7209
vt 0.0952 0.7209
vt 0.0839 0.7299
vt 0.0744 0.7299
vt 0.2958 0.7468
vt 0.2722 0.7468
vt 0.2722 0.7405
vt 0.2824 0.7405
vt 0.0276 0.7468
vt 0.0276 0.7209
vt 0.0120 0.7468
vt 0.0120 0.7209
vt 0.3403 0.7468
vt 0.3227 0.7468
vt 0.3227 0.7209
vt 0.3403 0.7209
vt 0.2958 0.7468
vt 0.2958 0.7209
vt 0.4255 0.7724
vt 0.4255 0.7913
vt 0.3769 0.7913
vt 0.3769 0.7724
vt 0.3567 0.7913
vt 0.3567 0.7724
vt 0.3348 0.7913
vt 0.3348 0.7724
vt 0.3057 0.7724
vt 0.3057 0.7913
vt 0.2767 0.7913
vt 0.2767 0.7724
vt 0.2478 0.7724
vt 0.2478 0.7913
vt 0.2187 0.7913
vt 0.2187 0.7724
vt 0.1968 0.7913
vt 0.1968 0.7724
vt 0.1766 0.7913
vt 0.1766 0.7724
vt 0.1280 0.7913
vt 0.1280 0.7724
vt 0.0794 0.7913
vt 0.0794 0.7724
vt 0.0606 0.7913
vt 0.0606 0.7724
vt 0.0385 0.7913
vt 0.0385 0.7724
vt 0.5150 0.7724
vt 0.5150 0.7913
vt 0.4928 0.7913
vt 0.4928 0.7724
vt 0.4741 0.7913
vt 0.4741 0.7724
vt 0.2958 0.7534
vt 0.2722 0.7534
vt 0.3227 0.7534
vt 0.3403 0.7534
vt 0.0276 0.7534
vt 0.0120 0.7534
vt 0.0522 0.7534
vt 0.0744 0.7534
vt 0.0744 0.7468
vt 0.0952 0.7534
vt 0.0952 0.7468
vt 0.1214 0.7534
vt 0.1466 0.7534
vt 0.1592 0.7534
vt 0.1844 0.7534
vt 0.1718 0.7534
vt 0.2221 0.7534
vt 0.1969 0.7534
vt 0.2495 0.7534
vt 0.4741 0.7661
vt 0.4255 0.7661
vt 0.4928 0.7661
vt 0.5150 0.7661
vt 0.0606 0.7661
vt 0.0385 0.7661
vt 0.0794 0.7661
vt 0.1280 0.7661
vt 0.1766 0.7661
vt 0.1968 0.7661
vt 0.2187 0.7661
vt 0.2478 0.7661
vt 0.3057 0.7661
vt 0.2767 0.7661
vt 0.3567 0.7661
vt 0.3348 0.7661
vt 0.3769 0.7661
vt 0.2454 0.6631
vt 0.2124 0.6848
vt 0.2123 0.6424
vt 0.2412 0.6423
vt 0.2573 0.6807
vt 0.2259 0.6942
vt 0.2695 0.6883
vt 0.2447 0.6984
vt 0.2121 0.6000
vt 0.2453 0.6215
vt 0.2255 0.5885
vt 0.2571 0.6038
vt 0.2444 0.5850
vt 0.2747 0.5919
vt 0.2851 0.5898
vt 0.2695 0.5815
vt 0.2947 0.5795
vt 0.2955 0.5877
vt 0.3059 0.5898
vt 0.3199 0.5813
vt 0.3451 0.5847
vt 0.3163 0.5918
vt 0.3639 0.5881
vt 0.3340 0.6035
vt 0.3774 0.5995
vt 0.3459 0.6212
vt 0.3775 0.6419
vt 0.3501 0.6420
vt 0.3777 0.6843
vt 0.3460 0.6628
vt 0.3643 0.6937
vt 0.3343 0.6805
vt 0.3455 0.6981
vt 0.3221 0.6881
vt 0.0094 0.7661
vt 0.0094 0.7724
vt 0.0094 0.7913
vt 0.5456 0.7661
vt 0.5456 0.7724
vt 0.5456 0.7913
vt 0.6223 0.7012
vt 0.6273 0.6757
vt 0.6462 0.7055
vt 0.6443 0.7160
vt 0.7400 0.7476
vt 0.7409 0.7232
vt 0.7531 0.7228
vt 0.7522 0.7487
vt 0.6363 0.7938
vt 0.6454 0.8056
vt 0.6363 0.8135
vt 0.6261 0.7998
vt 0.7329 0.6745
vt 0.7264 0.6582
vt 0.7367 0.6507
vt 0.7451 0.6704
vt 0.7227 0.8016
vt 0.7330 0.8094
vt 0.7134 0.8302
vt 0.7072 0.8212
vt 0.7172 0.6471
vt 0.6792 0.6454
vt 0.6793 0.6327
vt 0.7223 0.6365
vt 0.6436 0.6462
vt 0.6341 0.6577
vt 0.6230 0.6508
vt 0.6365 0.6358
vt 0.7320 0.7888
vt 0.7366 0.7718
vt 0.7484 0.7744
vt 0.7428 0.7933
vt 0.6301 0.7768
vt 0.6180 0.7808
vt 0.6238 0.7515
vt 0.6112 0.7539
vt 0.7385 0.6988
vt 0.7507 0.6968
vt 0.6454 0.8056
vt 0.6842 0.8019
vt 0.6858 0.8289
vt 0.6635 0.8231
vt 0.6273 0.6757
vt 0.6147 0.6718
vt 0.6223 0.7012
vt 0.6204 0.7264
vt 0.6078 0.7270
vt 0.6093 0.6996
vt 0.6238 0.7515
vt 0.6204 0.7264
vt 0.6426 0.7265
vt 0.6449 0.7369
vt 0.6474 0.7472
vt 0.6858 0.8289
vt 0.6870 0.8405
vt 0.6575 0.8343
vt 0.5706 0.6908
vt 0.5538 0.7170
vt 0.5433 0.7072
vt 0.5573 0.6854
vt 0.4395 0.7144
vt 0.4276 0.6951
vt 0.4413 0.6889
vt 0.4504 0.7044
vt 0.4221 0.6746
vt 0.4371 0.6718
vt 0.5769 0.6427
vt 0.5779 0.6590
vt 0.5634 0.6587
vt 0.5620 0.6452
vt 0.4965 0.7406
vt 0.4654 0.7334
vt 0.4712 0.7200
vt 0.4965 0.7259
vt 0.4681 0.5782
vt 0.4995 0.5726
vt 0.4994 0.5872
vt 0.4739 0.5916
vt 0.5306 0.5799
vt 0.5564 0.5988
vt 0.5457 0.6090
vt 0.5247 0.5933
vt 0.5277 0.7347
vt 0.5219 0.7214
vt 0.4206 0.6542
vt 0.4236 0.6339
vt 0.4382 0.6374
vt 0.4352 0.6545
vt 0.4301 0.6147
vt 0.4417 0.5961
vt 0.4525 0.6056
vt 0.4434 0.6206
vt 0.5756 0.6754
vt 0.5610 0.6721
vt 0.5729 0.6263
vt 0.5592 0.6318
vt 0.2722 0.7405
vt 0.2627 0.7405
vt 0.2625 0.7299
vt 0.2722 0.7299
vt 0.0839 0.7405
vt 0.0744 0.7405
vt 0.2826 0.7299
vt 0.2722 0.7209
vt 0.2958 0.7209
vt 0.0517 0.8076
vt 0.0517 0.8162
vt 0.0665 0.8162
vt 0.0665 0.8076
vt 0.0517 0.8312
vt 0.0517 0.8380
vt 0.0665 0.8380
vt 0.0665 0.8312
vt 0.0365 0.8076
vt 0.0365 0.8162
vt 0.0365 0.8380
vt 0.0365 0.8490
vt 0.0517 0.8490
vt 0.0517 0.8380
vt 0.0365 0.8233
vt 0.0365 0.8312
vt 0.0517 0.8312
vt 0.0517 0.8233
vt 0.0517 0.8233
vt 0.0665 0.8233
vt 0.0138 0.8162
vt 0.0138 0.8233
vt 0.0365 0.8233
vt 0.0365 0.8162
vt 0.0138 0.8490
vt 0.0138 0.8584
vt 0.0365 0.8584
vt 0.0365 0.8490
vt 0.0138 0.8380
vt 0.0138 0.8312
vt 0.0365 0.8312
vt 0.0138 0.8076
vt 0.3103 0.8076
vt 0.3103 0.8162
vt 0.5124 0.8162
vt 0.5124 0.8076
vt 0.3103 0.8490
vt 0.3103 0.8584
vt 0.5124 0.8584
vt 0.5124 0.8490
vt 0.3103 0.8380
vt 0.5124 0.8380
vt 0.3103 0.8312
vt 0.5124 0.8312
vt 0.3103 0.8233
vt 0.5124 0.8233
vt 0.2935 0.8162
vt 0.2935 0.8233
vt 0.2935 0.8490
vt 0.2935 0.8584
vt 0.2935 0.8380
vt 0.2935 0.8312
vt 0.2935 0.8076
vt 0.2769 0.8162
vt 0.2769 0.8233
vt 0.2769 0.8490
vt 0.2769 0.8584
vt 0.2769 0.8380
vt 0.2769 0.8312
vt 0.2769 0.8076
vt 0.2607 0.8076
vt 0.2607 0.8162
vt 0.2607 0.8490
vt 0.2607 0.8584
vt 0.2607 0.8380
vt 0.2607 0.8312
vt 0.2607 0.8233
vt 0.0665 0.8490
vt 0.0665 0.8584
vt 0.0665 0.8380
vt 0.0665 0.8233
vt 0.0517 0.8584
vt 0.0665 0.8235
vt 0.0665 0.8315
vt 0.2607 0.8315
vt 0.2607 0.8235
vt 0.0665 0.8392
vt 0.2607 0.8392
vt 0.0665 0.8486
vt 0.2607 0.8486
vt 0.0665 0.8585
vt 0.2607 0.8585
vt 0.0665 0.8077
vt 0.0665 0.8160
vt 0.2607 0.8160
vt 0.2607 0.8077
vt 0.2769 0.8315
vt 0.2769 0.8235
vt 0.2769 0.8392
vt 0.2769 0.8486
vt 0.2769 0.8585
vt 0.2769 0.8160
vt 0.2769 0.8077
vt 0.2935 0.8315
vt 0.2935 0.8235
vt 0.2935 0.8392
vt 0.2935 0.8486
vt 0.2935 0.8585
vt 0.2935 0.8160
vt 0.2935 0.8077
vt 0.3103 0.8315
vt 0.3103 0.8235
vt 0.3103 0.8392
vt 0.3103 0.8486
vt 0.3103 0.8585
vt 0.3103 0.8160
vt 0.3103 0.8077
vt 0.5124 0.8315
vt 0.5124 0.8235
vt 0.5124 0.8392
vt 0.5124 0.8486
vt 0.5124 0.8585
vt 0.5124 0.8160
vt 0.5124 0.8077
vt 0.0138 0.8235
vt 0.0138 0.8315
vt 0.0365 0.8315
vt 0.0365 0.8235
vt 0.0138 0.8392
vt 0.0365 0.8392
vt 0.0138 0.8486
vt 0.0365 0.8486
vt 0.0138 0.8585
vt 0.0365 0.8585
vt 0.0138 0.8077
vt 0.0138 0.8160
vt 0.0365 0.8160
vt 0.0365 0.8077
vt 0.0517 0.8315
vt 0.0517 0.8235
vt 0.0517 0.8392
vt 0.0517 0.8486
vt 0.0517 0.8585
vt 0.0517 0.8160
vt 0.0517 0.8077
vt 0.5083 0.8738
vt 0.5089 0.9041
vt 0.4603 0.9041
vt 0.4594 0.8738
vt 0.5510 0.8738
vt 0.5516 0.9041
vt 0.6026 0.8738
vt 0.6025 0.9041
vt 0.4162 0.9041
vt 0.4139 0.8738
vt 0.3753 0.9041
vt 0.3706 0.8738
vt 0.6489 0.8738
vt 0.6492 0.9041
vt 0.6964 0.8738
vt 0.6970 0.9041
vt 0.7518 0.8738
vt 0.7528 0.9041
vt 0.8091 0.8738
vt 0.8102 0.9041
vt 0.3452 0.9041
vt 0.3380 0.8738
vt 0.8515 0.8738
vt 0.8517 0.9041
vt 0.8888 0.8738
vt 0.8883 0.9041
vt 0.9179 0.8738
vt 0.9167 0.9041
vt 0.9488 0.8738
vt 0.9465 0.9041
vt 0.9752 0.8738
vt 0.9717 0.9041
vt 0.3257 0.9041
vt 0.3161 0.8738
vt 0.3038 0.9041
vt 0.2917 0.8738
vt 0.9752 0.9347
vt 0.9629 0.9658
vt 0.9333 0.9658
vt 0.9424 0.9347
vt 0.9057 0.9658
vt 0.9087 0.9347
vt 0.8705 0.9658
vt 0.8699 0.9347
vt 0.8277 0.9658
vt 0.8254 0.9347
vt 0.7712 0.9658
vt 0.7701 0.9347
vt 0.7269 0.9658
vt 0.7281 0.9347
vt 0.6795 0.9658
vt 0.6823 0.9347
vt 0.6307 0.9658
vt 0.6348 0.9347
vt 0.5873 0.9658
vt 0.5910 0.9347
vt 0.5458 0.9658
vt 0.5477 0.9347
vt 0.5158 0.9658
vt 0.5162 0.9347
vt 0.4671 0.9658
vt 0.4691 0.9347
vt 0.4251 0.9658
vt 0.4285 0.9347
vt 0.3791 0.9658
vt 0.3802 0.9347
vt 0.3397 0.9658
vt 0.3378 0.9347
vt 0.3110 0.9658
vt 0.3064 0.9347
vt 0.2839 0.9347
vt 0.2885 0.9658
vt 0.8231 0.3876
vt 0.8235 0.4301
vt 0.8303 0.4330
vt 0.8290 0.3910
vt 0.9328 0.4070
vt 0.9210 0.3566
vt 0.9149 0.3609
vt 0.9253 0.4106
vt 0.9888 0.6559
vt 0.9888 0.5993
vt 0.9807 0.5981
vt 0.9781 0.6534
vt 0.7739 0.7396
vt 0.7850 0.7852
vt 0.7977 0.7740
vt 0.7819 0.7337
vt 0.8162 0.3272
vt 0.8231 0.3317
vt 0.9196 0.3044
vt 0.9154 0.2583
vt 0.9094 0.2654
vt 0.9126 0.3100
vt 0.9836 0.5505
vt 0.9757 0.5505
vt 0.7688 0.6994
vt 0.7768 0.6948
vt 0.8744 0.8411
vt 0.9045 0.8310
vt 0.9008 0.8164
vt 0.8748 0.8259
vt 0.8094 0.2842
vt 0.8159 0.2894
vt 0.9671 0.5028
vt 0.9577 0.5053
vt 0.7632 0.6510
vt 0.7717 0.6477
vt 0.8129 0.2416
vt 0.8192 0.2497
vt 0.9317 0.8099
vt 0.9221 0.7941
vt 0.7672 0.6188
vt 0.7732 0.6166
vt 0.8459 0.8380
vt 0.8497 0.8233
vt 0.9509 0.7880
vt 0.9363 0.7713
vt 0.8319 0.2152
vt 0.8357 0.2250
vt 0.7865 0.5785
vt 0.7912 0.5774
vt 0.8989 0.2243
vt 0.8951 0.2342
vt 0.9658 0.7521
vt 0.9546 0.7433
vt 0.8585 0.2041
vt 0.8593 0.2153
vt 0.9482 0.4505
vt 0.9422 0.4532
vt 0.8011 0.5343
vt 0.8119 0.5352
vt 0.8807 0.2084
vt 0.8792 0.2193
vt 0.9795 0.7122
vt 0.9675 0.7073
vt 0.8175 0.4800
vt 0.8233 0.4825
vt 0.8093 0.8219
vt 0.8199 0.8071
vt 0.8700 0.8148
vt 0.8659 0.7684
vt 0.8595 0.7293
vt 0.8557 0.6911
vt 0.8606 0.6502
vt 0.8723 0.6028
vt 0.8904 0.5558
vt 0.8980 0.5079
vt 0.8936 0.4699
vt 0.8838 0.4257
vt 0.8721 0.3813
vt 0.8641 0.3369
vt 0.8875 0.2415
vt 0.8818 0.2469
vt 0.8938 0.2696
vt 0.9010 0.2677
vt 0.8214 0.2886
vt 0.8261 0.2879
vt 0.8318 0.2563
vt 0.8262 0.2534
vt 0.8746 0.2300
vt 0.8715 0.2374
vt 0.8447 0.2401
vt 0.8409 0.2337
vt 0.8989 0.3020
vt 0.9050 0.3056
vt 0.8632 0.3301
vt 0.8625 0.3244
vt 0.8312 0.3213
vt 0.8277 0.3259
vt 0.6486 0.9164
vt 0.6027 0.9164
vt 0.3296 0.9164
vt 0.3090 0.9164
vt 0.9418 0.9164
vt 0.9127 0.9164
vt 0.6781 0.9789
vt 0.6310 0.9789
vt 0.3486 0.9164
vt 0.3431 0.9789
vt 0.3154 0.9789
vt 0.7244 0.9789
vt 0.8850 0.9164
vt 0.3816 0.9789
vt 0.8492 0.9164
vt 0.7680 0.9789
vt 0.5528 0.9164
vt 0.4269 0.9789
vt 0.4201 0.9164
vt 0.3795 0.9164
vt 0.8084 0.9164
vt 0.8244 0.9789
vt 0.4694 0.9789
vt 0.5111 0.9164
vt 0.8665 0.9789
vt 0.4634 0.9164
vt 0.5179 0.9789
vt 0.7512 0.9164
vt 0.9033 0.9789
vt 0.2946 0.9789
vt 0.5479 0.9789
vt 0.9299 0.9789
vt 0.6960 0.9164
vt 0.5882 0.9789
vt 0.9577 0.9789
vt 0.9655 0.9164
vt 0.8044 0.9232
vt 0.7485 0.9232
vt 0.6320 0.9859
vt 0.5898 0.9859
vt 0.3539 0.9232
vt 0.3342 0.9232
vt 0.3482 0.9859
vt 0.3200 0.9859
vt 0.7647 0.9859
vt 0.7223 0.9859
vt 0.6486 0.9232
vt 0.6032 0.9232
vt 0.9072 0.9232
vt 0.8797 0.9232
vt 0.4733 0.9859
vt 0.4314 0.9859
vt 0.5541 0.9232
vt 0.8982 0.9859
vt 0.8613 0.9859
vt 0.3846 0.9232
vt 0.5493 0.9859
vt 0.2992 0.9859
vt 0.3138 0.9232
vt 0.6947 0.9232
vt 0.6773 0.9859
vt 0.9365 0.9232
vt 0.3866 0.9859
vt 0.8201 0.9859
vt 0.4654 0.9232
vt 0.4244 0.9232
vt 0.8445 0.9232
vt 0.5200 0.9859
vt 0.5137 0.9232
vt 0.9533 0.9859
vt 0.9252 0.9859
vt 0.9600 0.9232
vt 0.7997 0.0086
vt 0.8445 0.0055
vt 0.8424 0.0304
vt 0.7983 0.0313
vt 0.2685 0.0074
vt 0.3089 0.0074
vt 0.3091 0.0314
vt 0.2686 0.0287
vt 0.0626 0.5596
vt 0.0429 0.5353
vt 0.0546 0.5213
vt 0.0739 0.5424
vt 0.0732 0.3285
vt 0.1019 0.3004
vt 0.1147 0.3211
vt 0.0861 0.3486
vt 0.7511 0.0109
vt 0.7498 0.0334
vt 0.4013 0.0116
vt 0.4383 0.0146
vt 0.4410 0.0378
vt 0.4051 0.0343
vt 0.5516 0.0148
vt 0.5847 0.0121
vt 0.5821 0.0341
vt 0.5507 0.0365
vt 0.0899 0.0134
vt 0.1329 0.0112
vt 0.1291 0.0372
vt 0.0914 0.0372
vt 0.5033 0.0199
vt 0.5290 0.0174
vt 0.5275 0.0393
vt 0.5026 0.0413
vt 0.0171 0.4716
vt 0.0171 0.4416
vt 0.0299 0.4438
vt 0.0307 0.4690
vt 0.2231 0.0106
vt 0.2223 0.0293
vt 0.8891 0.0080
vt 0.8867 0.0286
vt 0.0253 0.5038
vt 0.0386 0.4948
vt 0.0443 0.3650
vt 0.0570 0.3803
vt 0.6245 0.0096
vt 0.6648 0.0116
vt 0.6635 0.0339
vt 0.6213 0.0317
vt 0.3608 0.0116
vt 0.3618 0.0349
vt 0.1196 0.6166
vt 0.0888 0.5874
vt 0.0998 0.5683
vt 0.1316 0.5952
vt 0.0590 0.0146
vt 0.0616 0.0381
vt 0.7116 0.0124
vt 0.7103 0.0348
vt 0.4702 0.0196
vt 0.4718 0.0412
vt 0.9397 0.0153
vt 0.9363 0.0376
vt 0.1767 0.0091
vt 0.1722 0.0359
vt 0.0239 0.4038
vt 0.0377 0.4128
vt 0.0131 0.0211
vt 0.0162 0.0448
vt 0.9892 0.0325
vt 0.9857 0.0547
vt 0.8406 0.0512
vt 0.7973 0.0525
vt 0.3094 0.0540
vt 0.2688 0.0532
vt 0.0629 0.5123
vt 0.0827 0.5326
vt 0.1264 0.3407
vt 0.0948 0.3638
vt 0.4459 0.0588
vt 0.4119 0.0556
vt 0.7492 0.0548
vt 0.5759 0.0546
vt 0.5472 0.0567
vt 0.1293 0.0544
vt 0.0925 0.0559
vt 0.5258 0.0593
vt 0.5030 0.0615
vt 0.0402 0.4442
vt 0.0401 0.4672
vt 0.2222 0.0521
vt 0.8837 0.0536
vt 0.0662 0.3883
vt 0.0475 0.4888
vt 0.6624 0.0513
vt 0.6188 0.0521
vt 0.3629 0.0570
vt 0.1071 0.5537
vt 0.1399 0.5779
vt 0.0642 0.0592
vt 0.7095 0.0539
vt 0.4746 0.0615
vt 0.9329 0.0578
vt 0.1719 0.0532
vt 0.0460 0.4177
vt 0.0195 0.0667
vt 0.9832 0.0722
vt 0.0582 0.4625
vt 0.0793 0.4338
vt 0.0842 0.4826
vt 0.1064 0.4039
vt 0.1136 0.5135
vt 0.1075 0.4552
vt 0.1297 0.0748
vt 0.0934 0.0743
vt 0.6172 0.0707
vt 0.5745 0.0719
vt 0.5456 0.0741
vt 0.5255 0.0764
vt 0.2228 0.0741
vt 0.1733 0.0745
vt 0.7959 0.0716
vt 0.7482 0.0741
vt 0.3098 0.0749
vt 0.2690 0.0755
vt 0.7086 0.0736
vt 0.6610 0.0706
vt 0.4141 0.0753
vt 0.3643 0.0779
vt 0.9317 0.0816
vt 0.8816 0.0741
vt 0.4762 0.0793
vt 0.4483 0.0777
vt 0.0667 0.0784
vt 0.8388 0.0720
vt 0.5036 0.0789
vt 0.9852 0.1032
vt 0.0189 0.0990
vt 0.1448 0.5444
vt 0.1411 0.3703
vt 0.0970 0.1011
vt 0.0625 0.1096
vt 0.5250 0.0945
vt 0.5041 0.0971
vt 0.1750 0.0987
vt 0.1329 0.0994
vt 0.5730 0.0928
vt 0.5430 0.0929
vt 0.2700 0.0982
vt 0.2244 0.0976
vt 0.7061 0.0966
vt 0.6614 0.0927
vt 0.9331 0.1171
vt 0.8821 0.1009
vt 0.1331 0.4755
vt 0.1612 0.5102
vt 0.3638 0.1026
vt 0.3103 0.0982
vt 0.8367 0.0991
vt 0.7928 0.0973
vt 0.6154 0.0941
vt 0.4506 0.0978
vt 0.4158 0.0982
vt 0.0185 0.1248
vt 0.4779 0.0980
vt 0.7449 0.0982
vt 0.9741 0.1360
vt 0.1523 0.3942
vt 0.1293 0.4284
vt 0.1598 0.4478
vt 0.1715 0.4945
vt 0.1572 0.4184
vt 0.9664 0.1513
vt 0.9306 0.1585
vt 0.1848 0.1700
vt 0.2273 0.1674
vt 0.2286 0.1755
vt 0.2047 0.1867
vt 0.6229 0.1181
vt 0.6192 0.1248
vt 0.5849 0.1246
vt 0.5884 0.1177
vt 0.7969 0.1885
vt 0.7853 0.1928
vt 0.7568 0.1927
vt 0.7572 0.1867
vt 0.2647 0.1642
vt 0.2933 0.1564
vt 0.2941 0.1634
vt 0.2654 0.1706
vt 0.5061 0.1612
vt 0.5060 0.1650
vt 0.4975 0.1654
vt 0.4972 0.1606
vt 0.7216 0.1736
vt 0.7199 0.1781
vt 0.6940 0.1654
vt 0.6965 0.1610
vt 0.3342 0.1353
vt 0.3773 0.1217
vt 0.3790 0.1325
vt 0.3356 0.1454
vt 0.4865 0.1589
vt 0.4886 0.1638
vt 0.6626 0.1362
vt 0.6597 0.1448
vt 0.4429 0.1389
vt 0.4666 0.1515
vt 0.4710 0.1578
vt 0.4474 0.1474
vt 0.5598 0.1341
vt 0.5576 0.1412
vt 0.5360 0.1545
vt 0.5369 0.1488
vt 0.4167 0.1231
vt 0.4212 0.1363
vt 0.3123 0.1482
vt 0.3136 0.1564
vt 0.5175 0.1583
vt 0.5175 0.1627
vt 0.6793 0.1485
vt 0.6768 0.1555
vt 0.5274 0.1533
vt 0.5268 0.1590
vt 0.5843 0.1324
vt 0.5589 0.1492
vt 0.4710 0.1624
vt 0.4502 0.1540
vt 0.5072 0.1699
vt 0.4980 0.1697
vt 0.4178 0.1441
vt 0.4889 0.1678
vt 0.7536 0.1993
vt 0.7180 0.1846
vt 0.2682 0.1764
vt 0.2323 0.1808
vt 0.6756 0.1621
vt 0.6599 0.1505
vt 0.5270 0.1669
vt 0.5180 0.1688
vt 0.3367 0.1526
vt 0.3140 0.1623
vt 0.6182 0.1318
vt 0.3818 0.1389
vt 0.7846 0.1967
vt 0.2090 0.1923
vt 0.6910 0.1713
vt 0.2952 0.1690
vt 0.5375 0.1644
vt 0.6148 0.1411
vt 0.5892 0.1413
vt 0.4826 0.1704
vt 0.4597 0.1630
vt 0.4135 0.1510
vt 0.3833 0.1477
vt 0.5250 0.1725
vt 0.5092 0.1745
vt 0.1790 0.2824
vt 0.1848 0.2848
vt 0.1874 0.2912
vt 0.1769 0.2866
vt 0.1001 0.1631
vt 0.1458 0.1640
vt 0.1443 0.1837
vt 0.1243 0.1745
vt 0.7169 0.1983
vt 0.6861 0.1794
vt 0.6544 0.1566
vt 0.3030 0.1767
vt 0.2694 0.1849
vt 0.5651 0.1489
vt 0.5407 0.1650
vt 0.3381 0.1601
vt 0.4431 0.1570
vt 0.4965 0.1752
vt 0.7564 0.2090
vt 0.2301 0.1866
vt 0.6698 0.1686
vt 0.5334 0.1691
vt 0.3211 0.1697
vt 0.4793 0.1153
vt 0.4544 0.1166
vt 0.5447 0.1125
vt 0.5245 0.1121
vt 0.5027 0.1139
vt 0.4823 0.1306
vt 0.4630 0.1335
vt 0.5391 0.1288
vt 0.5213 0.1274
vt 0.5009 0.1287
vt 0.4851 0.1461
vt 0.4986 0.1451
vt 0.5135 0.1452
vt 0.5262 0.1467
vt 0.4746 0.1493
vt 0.8861 0.1252
vt 0.8442 0.1279
vt 0.7968 0.1328
vt 0.7477 0.1247
vt 0.7089 0.1217
vt 0.6697 0.1187
vt 0.1289 0.1290
vt 0.0936 0.1238
vt 0.1799 0.1328
vt 0.2289 0.1193
vt 0.2720 0.1185
vt 0.3188 0.1195
vt 0.1735 0.2805
vt 0.1702 0.2845
vt 0.1396 0.2733
vt 0.1435 0.2695
vt 0.1848 0.1700
vt 0.1823 0.1950
vt 0.1782 0.4916
vt 0.1644 0.4474
vt 0.1689 0.4470
vt 0.1849 0.4886
vt 0.1596 0.4191
vt 0.1620 0.4197
vt 0.0138 0.1506
vt 0.0535 0.1625
vt 0.0513 0.1715
vt 0.0145 0.1529
vt 0.0995 0.1705
vt 0.0990 0.1779
vt 0.1833 0.2167
vt 0.1480 0.2044
vt 0.9321 0.1660
vt 0.9690 0.1574
vt 0.9717 0.1636
vt 0.9337 0.1736
vt 0.8711 0.1906
vt 0.8732 0.1819
vt 0.8343 0.2015
vt 0.8350 0.1911
vt 0.7977 0.2030
vt 0.7973 0.1957
vt 0.1235 0.1957
vt 0.0556 0.1534
vt 0.0131 0.1483
vt 0.1001 0.1631
vt 0.8753 0.1732
vt 0.8356 0.1807
vt 0.2086 0.1452
vt 0.2760 0.1376
vt 0.2465 0.1361
vt 0.3043 0.1374
vt 0.7808 0.1542
vt 0.7422 0.1551
vt 0.7969 0.1885
vt 0.7128 0.1502
vt 0.6893 0.1379
vt 0.0213 0.9672
vt 0.0139 0.9414
vt 0.0585 0.9414
vt 0.0602 0.9672
vt 0.0142 0.9167
vt 0.0585 0.9167
vt 0.0220 0.8907
vt 0.0612 0.8907
vt 0.0983 0.9414
vt 0.0994 0.9672
vt 0.0997 0.9167
vt 0.1010 0.8907
vt 0.1374 0.9414
vt 0.1387 0.9672
vt 0.1400 0.9167
vt 0.1420 0.8907
vt 0.1767 0.9414
vt 0.1775 0.9672
vt 0.1787 0.9167
vt 0.1818 0.8907
vt 0.2154 0.9414
vt 0.2143 0.9672
vt 0.2188 0.9167
vt 0.2186 0.8907
vt 0.2484 0.9414
vt 0.2491 0.9672
vt 0.2466 0.9167
vt 0.2463 0.8907
vt 0.2547 0.8907
vt 0.2548 0.9167
vt 0.2559 0.9414
vt 0.2569 0.9672
vt 0.1523 0.2255
vt 0.1254 0.2176
vt 0.1837 0.2378
vt 0.1514 0.2462
vt 0.1285 0.2393
vt 0.1804 0.2576
vt 0.1479 0.2572
vt 0.1435 0.2695
vt 0.1285 0.2621
vt 0.1277 0.2495
vt 0.1765 0.2673
vt 0.1226 0.2393
vt 0.1139 0.2399
vt 0.1122 0.2174
vt 0.1213 0.2174
vt 0.1086 0.1942
vt 0.1162 0.1953
vt 0.1058 0.1842
vt 0.1135 0.1788
vt 0.0995 0.1705
vt 0.1135 0.1788
vt 0.1226 0.2501
vt 0.1115 0.2539
vt 0.1913 0.2424
vt 0.1881 0.2617
vt 0.1924 0.2215
vt 0.1966 0.2019
vt 0.1981 0.2241
vt 0.1974 0.2453
vt 0.2027 0.2043
vt 0.1927 0.2637
vt 0.1894 0.2728
vt 0.1834 0.2703
vt 0.1765 0.2673
vt 0.1834 0.2703
vt 0.2095 0.2492
vt 0.2009 0.2692
vt 0.2159 0.2133
vt 0.2107 0.2310
vt 0.2192 0.2006
vt 0.1960 0.2802
vt 0.2021 0.2880
vt 0.1924 0.2978
vt 0.1874 0.2912
vt 0.1396 0.2733
vt 0.1334 0.2773
vt 0.1121 0.2682
vt 0.1238 0.2645
vt 0.1769 0.2866
vt 0.1739 0.2929
vt 0.1645 0.2891
vt 0.1702 0.2845
vt 0.1238 0.2645
vt 0.1226 0.2501
vt 0.4772 0.3826
vt 0.4854 0.3826
vt 0.4854 0.3680
vt 0.4772 0.3680
vt 0.4772 0.3158
vt 0.4854 0.3158
vt 0.4854 0.2852
vt 0.4772 0.2852
vt 0.4772 0.4017
vt 0.4854 0.4017
vt 0.4772 0.3413
vt 0.4854 0.3413
vt 0.4772 0.4397
vt 0.4854 0.4397
vt 0.4772 0.2019
vt 0.4854 0.2019
vt 0.4854 0.1974
vt 0.4772 0.1974
vt 0.4772 0.4701
vt 0.4854 0.4701
vt 0.4772 0.3498
vt 0.4854 0.3498
vt 0.4772 0.4876
vt 0.4854 0.4876
vt 0.4772 0.3553
vt 0.4854 0.3553
vt 0.4772 0.3611
vt 0.4854 0.3611
vt 0.4772 0.2568
vt 0.4854 0.2568
vt 0.4854 0.2281
vt 0.4772 0.2281
vt 0.5244 0.3866
vt 0.5244 0.3722
vt 0.5167 0.3722
vt 0.5167 0.3866
vt 0.5244 0.3097
vt 0.5244 0.2779
vt 0.5167 0.2779
vt 0.5167 0.3097
vt 0.5244 0.4043
vt 0.5167 0.4043
vt 0.5244 0.3367
vt 0.5167 0.3367
vt 0.5244 0.4431
vt 0.5167 0.4431
vt 0.5244 0.1999
vt 0.5244 0.1925
vt 0.5167 0.1925
vt 0.5167 0.1999
vt 0.5244 0.4722
vt 0.5167 0.4722
vt 0.5244 0.3472
vt 0.5167 0.3472
vt 0.5244 0.4824
vt 0.5167 0.4824
vt 0.5244 0.3553
vt 0.5167 0.3553
vt 0.5244 0.3634
vt 0.5167 0.3634
vt 0.5244 0.2483
vt 0.5244 0.2190
vt 0.5167 0.2190
vt 0.5167 0.2483
vt 0.5082 0.4722
vt 0.5082 0.4431
vt 0.5920 0.4824
vt 0.5830 0.4824
vt 0.5830 0.4874
vt 0.5830 0.4948
vt 0.5920 0.2190
vt 0.5830 0.2190
vt 0.5830 0.2483
vt 0.5920 0.2483
vt 0.5082 0.4824
vt 0.5082 0.2483
vt 0.5082 0.2190
vt 0.5830 0.2779
vt 0.5920 0.2779
vt 0.5082 0.2779
vt 0.5830 0.3097
vt 0.5920 0.3097
vt 0.5082 0.3097
vt 0.5830 0.3367
vt 0.5920 0.3367
vt 0.5082 0.3367
vt 0.5920 0.1999
vt 0.5830 0.1999
vt 0.5082 0.1999
vt 0.5167 0.1846
vt 0.5830 0.3472
vt 0.5920 0.3472
vt 0.5082 0.3472
vt 0.5830 0.3553
vt 0.5920 0.3553
vt 0.5082 0.3553
vt 0.5830 0.3634
vt 0.5920 0.3634
vt 0.5082 0.3634
vt 0.5830 0.3722
vt 0.5920 0.3722
vt 0.5730 0.1846
vt 0.5730 0.1925
vt 0.5830 0.1925
vt 0.5830 0.1846
vt 0.5082 0.3722
vt 0.5830 0.3866
vt 0.5920 0.3866
vt 0.5082 0.3866
vt 0.5830 0.4043
vt 0.5920 0.4043
vt 0.5082 0.4043
vt 0.5830 0.4431
vt 0.5920 0.4431
vt 0.5830 0.4722
vt 0.5920 0.4722
vt 0.5244 0.4948
vt 0.5244 0.4874
vt 0.5167 0.4874
vt 0.5167 0.4948
vt 0.5730 0.4874
vt 0.5726 0.4948
vt 0.5244 0.1846
vt 0.5244 0.1925
vt 0.5730 0.2483
vt 0.5730 0.2779
vt 0.5730 0.3634
vt 0.5730 0.3722
vt 0.5730 0.2190
vt 0.5730 0.3553
vt 0.5730 0.3472
vt 0.5830 0.4824
vt 0.5830 0.4722
vt 0.5730 0.4722
vt 0.5730 0.4824
vt 0.5730 0.3367
vt 0.5730 0.4431
vt 0.5830 0.1999
vt 0.5730 0.1999
vt 0.5730 0.4043
vt 0.5730 0.3097
vt 0.5730 0.3866
vt 0.3995 0.2852
vt 0.4084 0.2852
vt 0.4084 0.2568
vt 0.3995 0.2568
vt 0.3995 0.3680
vt 0.4084 0.3680
vt 0.4084 0.3611
vt 0.3995 0.3611
vt 0.4084 0.2281
vt 0.3995 0.2281
vt 0.4084 0.3553
vt 0.3995 0.3553
vt 0.4084 0.3498
vt 0.3995 0.3498
vt 0.3995 0.4876
vt 0.4084 0.4876
vt 0.4084 0.4701
vt 0.3995 0.4701
vt 0.4084 0.3413
vt 0.3995 0.3413
vt 0.4084 0.4397
vt 0.3995 0.4397
vt 0.3995 0.2019
vt 0.4084 0.2019
vt 0.4084 0.1974
vt 0.3995 0.1974
vt 0.4084 0.4017
vt 0.3995 0.4017
vt 0.4084 0.3158
vt 0.3995 0.3158
vt 0.4084 0.3826
vt 0.3995 0.3826
vt 0.4084 0.4912
vt 0.4772 0.4912
vt 0.3995 0.4912
vt 0.4854 0.4912
vt 0.2085 0.2725
vt 0.3098 0.2463
vt 0.3038 0.2463
vt 0.3038 0.2827
vt 0.3098 0.2827
vt 0.3098 0.3722
vt 0.3038 0.3722
vt 0.3038 0.3795
vt 0.3098 0.3795
vt 0.3098 0.2152
vt 0.3038 0.2152
vt 0.3098 0.3900
vt 0.3038 0.3900
vt 0.3038 0.3954
vt 0.3098 0.3954
vt 0.3038 0.4250
vt 0.3098 0.4253
vt 0.3038 0.3846
vt 0.3098 0.3846
vt 0.3038 0.4559
vt 0.3098 0.4559
vt 0.3038 0.4942
vt 0.3098 0.4942
vt 0.3098 0.3529
vt 0.3038 0.3529
vt 0.3038 0.5220
vt 0.3098 0.5220
vt 0.3098 0.3157
vt 0.3038 0.3157
vt 0.3098 0.5481
vt 0.3038 0.5481
vt 0.3038 0.5537
vt 0.3098 0.5537
vt 0.2372 0.5118
vt 0.2372 0.4773
vt 0.2319 0.4773
vt 0.2319 0.5118
vt 0.2372 0.3928
vt 0.2372 0.3844
vt 0.2319 0.3844
vt 0.2319 0.3928
vt 0.2372 0.5451
vt 0.2319 0.5451
vt 0.2372 0.3818
vt 0.2372 0.3753
vt 0.2319 0.3753
vt 0.2319 0.3818
vt 0.2372 0.3456
vt 0.2319 0.3456
vt 0.2372 0.3831
vt 0.2319 0.3831
vt 0.2372 0.3163
vt 0.2319 0.3163
vt 0.2372 0.2793
vt 0.2319 0.2793
vt 0.2372 0.4119
vt 0.2319 0.4119
vt 0.2372 0.2523
vt 0.2319 0.2523
vt 0.2372 0.4470
vt 0.2319 0.4470
vt 0.2372 0.2229
vt 0.2372 0.2184
vt 0.2319 0.2184
vt 0.2319 0.2229
vt 0.3586 0.4253
vt 0.3660 0.4251
vt 0.3660 0.3954
vt 0.3586 0.3954
vt 0.2972 0.3954
vt 0.2972 0.4248
vt 0.3586 0.4562
vt 0.3660 0.4559
vt 0.2972 0.4556
vt 0.3586 0.4942
vt 0.3660 0.4942
vt 0.2972 0.4942
vt 0.3586 0.5220
vt 0.3660 0.5220
vt 0.2972 0.5220
vt 0.3586 0.5481
vt 0.3660 0.5481
vt 0.3586 0.3795
vt 0.3660 0.3795
vt 0.3660 0.3722
vt 0.3586 0.3722
vt 0.2972 0.5481
vt 0.3038 0.5598
vt 0.2972 0.3722
vt 0.2972 0.3795
vt 0.3660 0.3900
vt 0.3586 0.3900
vt 0.2972 0.3900
vt 0.3511 0.5537
vt 0.3511 0.5598
vt 0.3586 0.5598
vt 0.3586 0.5537
vt 0.3586 0.3846
vt 0.3660 0.3846
vt 0.2972 0.3846
vt 0.3660 0.3529
vt 0.3586 0.3529
vt 0.2972 0.3529
vt 0.3660 0.3157
vt 0.3586 0.3157
vt 0.3098 0.2098
vt 0.3098 0.2030
vt 0.3038 0.2030
vt 0.3038 0.2098
vt 0.2972 0.3157
vt 0.3660 0.2827
vt 0.3586 0.2827
vt 0.2972 0.2827
vt 0.3660 0.2463
vt 0.3586 0.2463
vt 0.2972 0.2463
vt 0.3586 0.2152
vt 0.3660 0.2152
vt 0.3586 0.2030
vt 0.3586 0.2098
vt 0.2972 0.2152
vt 0.3511 0.2030
vt 0.3511 0.2098
vt 0.3098 0.5537
vt 0.3098 0.5598
vt 0.2754 0.4773
vt 0.2754 0.4470
vt 0.2681 0.4470
vt 0.2681 0.4773
vt 0.2754 0.2229
vt 0.2754 0.2184
vt 0.2681 0.2184
vt 0.2681 0.2229
vt 0.2754 0.4119
vt 0.2681 0.4119
vt 0.2754 0.2793
vt 0.2754 0.2523
vt 0.2681 0.2523
vt 0.2681 0.2793
vt 0.2754 0.3928
vt 0.2681 0.3928
vt 0.2754 0.3163
vt 0.2681 0.3163
vt 0.2754 0.3831
vt 0.2754 0.3818
vt 0.2681 0.3818
vt 0.2681 0.3831
vt 0.2754 0.3456
vt 0.2681 0.3456
vt 0.2754 0.3844
vt 0.2681 0.3844
vt 0.2754 0.3753
vt 0.2681 0.3753
vt 0.2754 0.5451
vt 0.2754 0.5118
vt 0.2681 0.5118
vt 0.2681 0.5451
vt 0.3511 0.2827
vt 0.3511 0.3157
vt 0.3586 0.5481
vt 0.3511 0.5481
vt 0.3511 0.3529
vt 0.3511 0.4942
vt 0.3511 0.5220
vt 0.3511 0.3722
vt 0.3511 0.4562
vt 0.3511 0.3846
vt 0.3511 0.3900
vt 0.3511 0.4256
vt 0.3511 0.3795
vt 0.3511 0.3954
vt 0.3586 0.2152
vt 0.3511 0.2152
vt 0.3511 0.2463
vt 0.3586 0.2463
vt 0.2681 0.5504
vt 0.2372 0.5504
vt 0.2754 0.5504
vt 0.2319 0.5504
vt 0.5684 0.5537
vt 0.5778 0.5537
vt 0.5778 0.5425
vt 0.5684 0.5425
vt 0.5684 0.5252
vt 0.5778 0.5252
vt 0.5778 0.5139
vt 0.5684 0.5139
vt 0.5778 0.5323
vt 0.5684 0.5323
vt 0.4687 0.5178
vt 0.4687 0.5331
vt 0.4784 0.5331
vt 0.4784 0.5178
vt 0.4687 0.5379
vt 0.4687 0.5498
vt 0.4784 0.5498
vt 0.4784 0.5379
vt 0.4687 0.5356
vt 0.4784 0.5356
vt 0.5198 0.5425
vt 0.5090 0.5425
vt 0.5090 0.5537
vt 0.5198 0.5537
vt 0.5869 0.5537
vt 0.5869 0.5425
vt 0.5198 0.5139
vt 0.5090 0.5139
vt 0.5090 0.5252
vt 0.5198 0.5252
vt 0.5869 0.5252
vt 0.5869 0.5139
vt 0.5198 0.5323
vt 0.5090 0.5323
vt 0.5869 0.5323
vt 0.3990 0.5356
vt 0.3990 0.5379
vt 0.4122 0.5379
vt 0.4122 0.5356
vt 0.3990 0.5331
vt 0.4122 0.5331
vt 0.3990 0.5498
vt 0.4122 0.5498
vt 0.3990 0.5178
vt 0.4122 0.5178
vt 0.5289 0.5323
vt 0.5289 0.5252
vt 0.5289 0.5425
vt 0.5289 0.5139
vt 0.5289 0.5537
vt 0.8261 0.2879
vt 0.8592 0.2857
vt 0.8598 0.2341
vt 0.8590 0.2470
vt 0.8595 0.2264
vt 0.6630 0.2396
vt 0.6714 0.2396
vt 0.6714 0.2297
vt 0.6630 0.2297
vt 0.6630 0.4142
vt 0.6714 0.4142
vt 0.6714 0.3611
vt 0.6630 0.3609
vt 0.6630 0.5905
vt 0.6714 0.5905
vt 0.6714 0.5730
vt 0.6630 0.5730
vt 0.6714 0.5487
vt 0.6630 0.5487
vt 0.6714 0.3067
vt 0.6630 0.3064
vt 0.6630 0.4852
vt 0.6714 0.4852
vt 0.6714 0.4558
vt 0.6630 0.4558
vt 0.6630 0.5212
vt 0.6714 0.5212
vt 0.6714 0.2672
vt 0.6630 0.2672
vt 0.7003 0.2321
vt 0.7003 0.2208
vt 0.6930 0.2208
vt 0.6930 0.2321
vt 0.7002 0.4094
vt 0.7002 0.3537
vt 0.6930 0.3537
vt 0.6930 0.4094
vt 0.7002 0.6001
vt 0.7002 0.5774
vt 0.6929 0.5774
vt 0.6929 0.6001
vt 0.7002 0.5497
vt 0.6929 0.5497
vt 0.7003 0.2991
vt 0.6930 0.2991
vt 0.7002 0.4823
vt 0.7002 0.4532
vt 0.6929 0.4532
vt 0.6929 0.4823
vt 0.7002 0.5194
vt 0.6929 0.5194
vt 0.7003 0.2604
vt 0.6930 0.2604
vt 0.6805 0.5730
vt 0.6805 0.5486
vt 0.6630 0.5984
vt 0.6630 0.6058
vt 0.6804 0.6058
vt 0.6714 0.5984
vt 0.6227 0.5905
vt 0.6124 0.5905
vt 0.6124 0.6058
vt 0.6227 0.5984
vt 0.6805 0.3070
vt 0.6805 0.2672
vt 0.6805 0.5212
vt 0.6805 0.4854
vt 0.6227 0.4558
vt 0.6124 0.4558
vt 0.6124 0.4858
vt 0.6227 0.4855
vt 0.6805 0.2396
vt 0.6804 0.2212
vt 0.6227 0.4142
vt 0.6124 0.4142
vt 0.6313 0.2297
vt 0.6313 0.2212
vt 0.6124 0.2212
vt 0.6227 0.2297
vt 0.6805 0.5905
vt 0.6227 0.3612
vt 0.6124 0.3614
vt 0.6805 0.4558
vt 0.6227 0.3063
vt 0.6124 0.3065
vt 0.6227 0.5494
vt 0.6124 0.5494
vt 0.6124 0.5730
vt 0.6227 0.5730
vt 0.6805 0.4142
vt 0.6227 0.2672
vt 0.6124 0.2672
vt 0.6124 0.5216
vt 0.6227 0.5216
vt 0.6805 0.3614
vt 0.6227 0.2396
vt 0.6124 0.2396
vt 0.6630 0.2212
vt 0.6313 0.5984
vt 0.6313 0.6058
vt 0.7397 0.5497
vt 0.7398 0.5194
vt 0.7398 0.4532
vt 0.7398 0.4094
vt 0.7398 0.2992
vt 0.7398 0.2604
vt 0.7398 0.4823
vt 0.7398 0.3537
vt 0.7397 0.5774
vt 0.7397 0.6001
vt 0.7399 0.2321
vt 0.7399 0.2209
vt 0.6313 0.5491
vt 0.6313 0.5213
vt 0.6313 0.4558
vt 0.6313 0.4142
vt 0.6313 0.3061
vt 0.6313 0.2672
vt 0.6313 0.4852
vt 0.6313 0.3610
vt 0.6313 0.5730
vt 0.6313 0.5905
vt 0.6313 0.2396
vt 0.6313 0.2297
vt 0.6227 0.2396
vt 0.6227 0.5905
vt 0.6227 0.5730
vt 0.7471 0.2321
vt 0.7472 0.2209
vt 0.7471 0.4094
vt 0.7471 0.3537
vt 0.7470 0.6001
vt 0.7470 0.5774
vt 0.7470 0.5497
vt 0.7471 0.2992
vt 0.7471 0.4823
vt 0.7471 0.4532
vt 0.7470 0.5194
vt 0.7471 0.2604
vt 0.7470 0.6064
vt 0.7397 0.6064
vt 0.7002 0.6063
vt 0.6929 0.6063
vt 0.0522 0.7468
vt 0.0657 0.7405
vt 0.0657 0.7299
vt 0.0522 0.7209
vt 0.2495 0.7468
vt 0.2495 0.7209
vt 0.2221 0.7209
vt 0.2221 0.7468
vt 0.1969 0.7209
vt 0.1969 0.7468
vt 0.1844 0.7468
vt 0.1844 0.7209
vt 0.1718 0.7209
vt 0.1718 0.7468
vt 0.1592 0.7468
vt 0.1592 0.7209
vt 0.1466 0.7209
vt 0.1466 0.7468
vt 0.1214 0.7209
vt 0.1214 0.7468
vt 0.0952 0.7209
vt 0.0952 0.7468
vt 0.0744 0.7209
vt 0.0744 0.7299
vt 0.0839 0.7299
vt 0.0952 0.7209
vt 0.2958 0.7468
vt 0.2824 0.7405
vt 0.2722 0.7405
vt 0.2722 0.7468
vt 0.0276 0.7209
vt 0.0276 0.7468
vt 0.0120 0.7209
vt 0.0120 0.7468
vt 0.3403 0.7468
vt 0.3403 0.7209
vt 0.3227 0.7209
vt 0.3227 0.7468
vt 0.2958 0.7209
vt 0.2958 0.7468
vt 0.4255 0.7724
vt 0.3769 0.7724
vt 0.3769 0.7913
vt 0.4255 0.7913
vt 0.3567 0.7724
vt 0.3567 0.7913
vt 0.3348 0.7724
vt 0.3348 0.7913
vt 0.3057 0.7724
vt 0.2767 0.7724
vt 0.2767 0.7913
vt 0.3057 0.7913
vt 0.2478 0.7724
vt 0.2187 0.7724
vt 0.2187 0.7913
vt 0.2478 0.7913
vt 0.1968 0.7724
vt 0.1968 0.7913
vt 0.1766 0.7724
vt 0.1766 0.7913
vt 0.1280 0.7724
vt 0.1280 0.7913
vt 0.0794 0.7724
vt 0.0794 0.7913
vt 0.0606 0.7724
vt 0.0606 0.7913
vt 0.0385 0.7724
vt 0.0385 0.7913
vt 0.5150 0.7724
vt 0.4928 0.7724
vt 0.4928 0.7913
vt 0.5150 0.7913
vt 0.4741 0.7724
vt 0.4741 0.7913
vt 0.2958 0.7534
vt 0.2722 0.7534
vt 0.3227 0.7534
vt 0.3403 0.7534
vt 0.0276 0.7534
vt 0.0120 0.7534
vt 0.0522 0.7534
vt 0.0744 0.7534
vt 0.0744 0.7468
vt 0.0952 0.7534
vt 0.0952 0.7468
vt 0.1214 0.7534
vt 0.1466 0.7534
vt 0.1592 0.7534
vt 0.1844 0.7534
vt 0.1718 0.7534
vt 0.2221 0.7534
vt 0.1969 0.7534
vt 0.2495 0.7534
vt 0.4741 0.7661
vt 0.4255 0.7661
vt 0.4928 0.7661
vt 0.5150 0.7661
vt 0.0606 0.7661
vt 0.0385 0.7661
vt 0.0794 0.7661
vt 0.1280 0.7661
vt 0.1766 0.7661
vt 0.1968 0.7661
vt 0.2187 0.7661
vt 0.2478 0.7661
vt 0.3057 0.7661
vt 0.2767 0.7661
vt 0.3567 0.7661
vt 0.3348 0.7661
vt 0.3769 0.7661
vt 0.2454 0.6631
vt 0.2412 0.6423
vt 0.2123 0.6424
vt 0.2124 0.6848
vt 0.2573 0.6807
vt 0.2259 0.6942
vt 0.2695 0.6883
vt 0.2447 0.6984
vt 0.2453 0.6215
vt 0.2121 0.6000
vt 0.2571 0.6038
vt 0.2255 0.5885
vt 0.2747 0.5919
vt 0.2444 0.5850
vt 0.2851 0.5898
vt 0.2955 0.5877
vt 0.2947 0.5795
vt 0.2695 0.5815
vt 0.3059 0.5898
vt 0.3163 0.5918
vt 0.3451 0.5847
vt 0.3199 0.5813
vt 0.3340 0.6035
vt 0.3639 0.5881
vt 0.3459 0.6212
vt 0.3774 0.5995
vt 0.3501 0.6420
vt 0.3775 0.6419
vt 0.3460 0.6628
vt 0.3777 0.6843
vt 0.3343 0.6805
vt 0.3643 0.6937
vt 0.3221 0.6881
vt 0.3455 0.6981
vt 0.0094 0.7661
vt 0.0094 0.7724
vt 0.0094 0.7913
vt 0.5456 0.7661
vt 0.5456 0.7724
vt 0.5456 0.7913
vt 0.6223 0.7012
vt 0.6443 0.7160
vt 0.6462 0.7055
vt 0.6273 0.6757
vt 0.7400 0.7476
vt 0.7522 0.7487
vt 0.7531 0.7228
vt 0.7409 0.7232
vt 0.6363 0.7938
vt 0.6261 0.7998
vt 0.6363 0.8135
vt 0.6454 0.8056
vt 0.7329 0.6745
vt 0.7451 0.6704
vt 0.7367 0.6507
vt 0.7264 0.6582
vt 0.7227 0.8016
vt 0.7072 0.8212
vt 0.7134 0.8302
vt 0.7330 0.8094
vt 0.7172 0.6471
vt 0.7223 0.6365
vt 0.6793 0.6327
vt 0.6792 0.6454
vt 0.6436 0.6462
vt 0.6365 0.6358
vt 0.6230 0.6508
vt 0.6341 0.6577
vt 0.7320 0.7888
vt 0.7428 0.7933
vt 0.7484 0.7744
vt 0.7366 0.7718
vt 0.6301 0.7768
vt 0.6180 0.7808
vt 0.6238 0.7515
vt 0.6112 0.7539
vt 0.7385 0.6988
vt 0.7507 0.6968
vt 0.6454 0.8056
vt 0.6635 0.8231
vt 0.6858 0.8289
vt 0.6842 0.8019
vt 0.6147 0.6718
vt 0.6273 0.6757
vt 0.6223 0.7012
vt 0.6093 0.6996
vt 0.6078 0.7270
vt 0.6204 0.7264
vt 0.6238 0.7515
vt 0.6449 0.7369
vt 0.6426 0.7265
vt 0.6204 0.7264
vt 0.6474 0.7472
vt 0.6858 0.8289
vt 0.6870 0.8405
vt 0.6575 0.8343
vt 0.5706 0.6908
vt 0.5573 0.6854
vt 0.5433 0.7072
vt 0.5538 0.7170
vt 0.4395 0.7144
vt 0.4504 0.7044
vt 0.4413 0.6889
vt 0.4276 0.6951
vt 0.4371 0.6718
vt 0.4221 0.6746
vt 0.5769 0.6427
vt 0.5620 0.6452
vt 0.5634 0.6587
vt 0.5779 0.6590
vt 0.4965 0.7406
vt 0.4965 0.7259
vt 0.4712 0.7200
vt 0.4654 0.7334
vt 0.4681 0.5782
vt 0.4739 0.5916
vt 0.4994 0.5872
vt 0.4995 0.5726
vt 0.5306 0.5799
vt 0.5247 0.5933
vt 0.5457 0.6090
vt 0.5564 0.5988
vt 0.5219 0.7214
vt 0.5277 0.7347
vt 0.4206 0.6542
vt 0.4352 0.6545
vt 0.4382 0.6374
vt 0.4236 0.6339
vt 0.4301 0.6147
vt 0.4434 0.6206
vt 0.4525 0.6056
vt 0.4417 0.5961
vt 0.5756 0.6754
vt 0.5610 0.6721
vt 0.5592 0.6318
vt 0.5729 0.6263
vt 0.2722 0.7405
vt 0.2722 0.7299
vt 0.2625 0.7299
vt 0.2627 0.7405
vt 0.0839 0.7405
vt 0.0744 0.7405
vt 0.2826 0.7299
vt 0.2722 0.7209
vt 0.2958 0.7209
f 2/1 44/2 43/3 1/4
f 5/5 47/6 46/7 4/8
f 8/9 2/1 1/4 7/10
f 10/11 4/12 3/13 9/14
f 12/15 6/16 5/17 11/18
f 1/4 43/3 48/19 6/20
f 13/21 7/22 12/23 18/24
f 15/25 9/26 8/27 14/28
f 16/29 10/11 9/14 15/25
f 17/30 11/31 10/11 16/29
f 18/24 12/23 11/18 17/30
f 14/32 8/9 7/10 13/21
f 20/33 14/34 13/35 19/36
f 21/37 15/38 14/39 20/40
f 22/41 16/42 15/38 21/37
f 23/43 17/44 16/42 22/41
f 24/45 18/46 17/44 23/43
f 19/36 13/35 18/46 24/45
f 25/47 19/36 24/45 30/48
f 27/49 21/37 20/40 26/50
f 28/51 22/41 21/37 27/49
f 29/52 23/43 22/41 28/51
f 30/48 24/45 23/43 29/52
f 26/53 20/33 19/36 25/47
f 31/54 25/47 30/48 36/55
f 33/56 27/49 26/50 32/57
f 34/58 28/51 27/49 33/56
f 35/59 29/52 28/51 34/58
f 36/55 30/48 29/52 35/59
f 32/60 26/53 25/47 31/54
f 38/61 32/60 31/54 37/62
f 39/63 33/56 32/57 38/64
f 40/65 34/58 33/56 39/63
f 41/66 35/59 34/58 40/65
f 42/67 36/55 35/59 41/66
f 37/62 31/54 36/55 42/67
f 44/2 38/61 37/62 43/3
f 45/68 39/63 38/64 44/69
f 46/70 40/65 39/63 45/68
f 47/6 41/66 40/65 46/7
f 48/71 42/67 41/66 47/6
f 48/19 43/3 37/62 42/67
f 4/12 46/7 45/68 3/13
f 6/20 48/19 47/6 5/17
f 7/10 1/4 6/20 12/23
f 9/26 3/13 2/72 8/27
f 11/18 5/17 4/8 10/11
f 3/13 45/68 44/69 2/72
f 49/73 55/74 56/75 50/76
f 50/76 56/75 57/77 51/78
f 51/78 57/77 58/79 52/80
f 52/80 58/79 59/81 53/82
f 53/83 59/84 60/85 54/86
f 49/73 54/86 60/85 55/74
f 55/74 61/87 62/88 56/75
f 56/75 62/88 63/89 57/77
f 57/77 63/89 64/90 58/79
f 58/79 64/90 65/91 59/81
f 59/84 65/92 66/93 60/85
f 60/85 66/93 61/87 55/74
f 61/87 67/94 68/95 62/88
f 62/88 68/95 69/96 63/89
f 63/89 69/96 70/97 64/90
f 64/90 70/97 71/98 65/91
f 65/92 71/99 72/100 66/93
f 66/93 72/100 67/94 61/87
f 67/94 73/101 74/102 68/95
f 68/95 74/102 75/103 69/96
f 69/96 75/103 76/104 70/97
f 70/97 76/104 77/105 71/98
f 71/99 77/106 78/107 72/100
f 72/100 78/107 73/101 67/94
f 73/101 79/108 80/109 74/102
f 74/102 80/109 81/110 75/103
f 75/103 81/110 82/111 76/104
f 76/104 82/111 83/112 77/105
f 77/106 83/113 84/114 78/107
f 78/107 84/114 79/108 73/101
f 79/115 85/116 86/117 80/118
f 80/118 86/117 87/119 81/120
f 81/120 87/119 88/121 82/122
f 82/122 88/121 89/123 83/124
f 83/125 89/126 90/127 84/128
f 84/128 90/127 85/116 79/115
f 85/116 91/129 92/130 86/117
f 86/117 92/130 93/131 87/119
f 87/119 93/131 94/132 88/121
f 88/121 94/132 95/133 89/123
f 89/126 95/134 96/135 90/127
f 90/127 96/135 91/129 85/116
f 91/129 49/73 50/76 92/130
f 92/130 50/76 51/78 93/131
f 93/131 51/78 52/80 94/132
f 94/132 52/80 53/82 95/133
f 95/134 53/83 54/86 96/135
f 96/135 54/86 49/73 91/129
f 97/136 99/137 100/138 98/139
f 98/139 102/140 101/141 97/136
f 102/140 104/142 103/143 101/141
f 99/137 105/144 106/145 100/138
f 105/144 107/146 108/147 106/145
f 104/142 110/148 109/149 103/143
f 110/148 112/150 111/151 109/149
f 112/150 114/152 113/153 111/151
f 114/152 116/154 115/155 113/153
f 107/146 117/156 118/157 108/147
f 116/154 120/158 119/159 115/155
f 120/158 122/160 121/161 119/159
f 122/160 124/162 123/163 121/161
f 124/162 126/164 125/165 123/163
f 126/164 128/166 127/167 125/165
f 117/156 129/168 130/169 118/157
f 129/168 131/170 132/171 130/169
f 131/172 133/173 134/174 132/175
f 133/173 135/176 136/177 134/174
f 135/176 137/178 138/179 136/177
f 137/178 139/180 140/181 138/179
f 139/180 141/182 142/183 140/181
f 141/182 143/184 144/185 142/183
f 143/184 145/186 146/187 144/185
f 145/186 147/188 148/189 146/187
f 147/188 149/190 150/191 148/189
f 149/190 151/192 152/193 150/191
f 151/192 153/194 154/195 152/193
f 153/194 155/196 156/197 154/195
f 155/196 157/198 158/199 156/197
f 157/198 159/200 160/201 158/199
f 159/200 161/202 162/203 160/201
f 161/202 163/204 164/205 162/203
f 127/206 128/207 164/205 163/204
f 141/208 187/209 188/210 143/211
f 97/212 165/213 166/214 99/215
f 113/216 173/217 172/218 111/219
f 157/220 195/221 196/222 159/223
f 139/224 186/225 187/209 141/208
f 105/226 169/227 170/228 107/229
f 111/219 172/218 171/230 109/231
f 155/232 194/233 195/221 157/220
f 127/234 180/235 179/236 125/237
f 137/238 185/239 186/225 139/224
f 99/215 166/214 169/227 105/226
f 109/231 171/230 168/240 103/241
f 153/242 193/243 194/233 155/232
f 135/244 184/245 185/239 137/238
f 125/237 179/236 178/246 123/247
f 151/248 192/249 193/243 153/242
f 163/250 198/251 180/235 127/234
f 123/247 178/246 177/252 121/253
f 133/254 183/255 184/245 135/244
f 149/256 191/257 192/249 151/248
f 107/229 170/228 175/258 117/259
f 121/253 177/252 176/260 119/261
f 131/262 182/263 183/255 133/254
f 103/241 168/240 167/264 101/265
f 147/266 190/267 191/257 149/256
f 129/268 181/269 182/263 131/262
f 119/261 176/260 174/270 115/271
f 101/265 167/264 165/213 97/212
f 145/272 189/273 190/267 147/266
f 161/274 197/275 198/251 163/250
f 117/259 175/258 181/269 129/268
f 143/211 188/210 189/273 145/272
f 115/271 174/270 173/217 113/216
f 159/223 196/222 197/275 161/274
f 197/275 199/276 180/235 198/251
f 178/246 179/236 180/235 199/276
f 197/275 196/222 212/277 199/276
f 178/246 199/276 212/277 177/252
f 176/260 177/252 212/277 211/278
f 195/221 211/278 212/277 196/222
f 174/270 176/260 211/278 210/279
f 194/233 210/279 211/278 195/221
f 173/217 174/270 210/279 209/280
f 193/243 209/280 210/279 194/233
f 172/218 173/217 209/280 208/281
f 192/249 208/281 209/280 193/243
f 171/230 172/218 208/281 207/282
f 191/257 207/282 208/281 192/249
f 190/267 206/283 207/282 191/257
f 168/240 171/230 207/282 206/283
f 167/264 168/240 206/283 205/284
f 189/273 205/284 206/283 190/267
f 165/213 167/264 205/284 204/285
f 188/210 204/285 205/284 189/273
f 166/214 165/213 204/285 203/286
f 187/209 203/286 204/285 188/210
f 169/227 166/214 203/286 202/287
f 186/225 202/287 203/286 187/209
f 201/288 982/289 969/290 971/291
f 987/292 200/293 975/294 976/295
f 986/296 201/288 971/291 972/297
f 200/293 981/298 974/299 975/294
f 982/289 983/300 970/301 969/290
f 984/302 985/303 977/304 980/305
f 104/142 216/306 219/307 110/148
f 132/171 230/308 229/309 130/169
f 124/162 226/310 227/311 126/164
f 148/189 238/312 237/313 146/187
f 130/169 229/309 223/314 118/157
f 164/205 246/315 245/316 162/203
f 146/187 237/313 236/317 144/185
f 122/160 225/318 226/310 124/162
f 162/203 245/316 244/319 160/201
f 120/158 224/320 225/318 122/160
f 144/185 236/317 235/321 142/183
f 102/140 215/322 216/306 104/142
f 160/201 244/319 243/323 158/199
f 108/147 218/324 217/325 106/145
f 116/154 222/326 224/320 120/158
f 142/183 235/321 234/327 140/181
f 158/199 243/323 242/328 156/197
f 98/139 213/329 215/322 102/140
f 140/181 234/327 233/330 138/179
f 106/145 217/325 214/331 100/138
f 100/138 214/331 213/329 98/139
f 156/197 242/328 241/332 154/195
f 114/152 221/333 222/326 116/154
f 138/179 233/330 232/334 136/177
f 128/207 228/335 246/315 164/205
f 154/195 241/332 240/336 152/193
f 136/177 232/334 231/337 134/174
f 112/150 220/338 221/333 114/152
f 152/193 240/336 239/339 150/191
f 118/157 223/314 218/324 108/147
f 134/174 231/337 230/340 132/175
f 110/148 219/307 220/338 112/150
f 150/191 239/339 238/312 148/189
f 126/164 227/311 228/341 128/166
f 221/333 255/342 256/343 222/326
f 239/339 273/344 272/345 238/312
f 229/309 263/346 257/347 223/314
f 246/315 280/348 279/349 245/316
f 236/317 270/350 269/351 235/321
f 216/306 250/352 253/353 219/307
f 225/318 259/354 260/355 226/310
f 243/323 277/356 276/357 242/328
f 215/322 249/358 250/352 216/306
f 233/330 267/359 266/360 232/334
f 223/314 257/347 252/361 218/324
f 240/336 274/362 273/344 239/339
f 228/335 262/363 280/348 246/315
f 230/308 264/364 263/346 229/309
f 219/307 253/353 254/365 220/338
f 237/313 271/366 270/350 236/317
f 226/310 260/355 261/367 227/311
f 244/319 278/368 277/356 243/323
f 234/327 268/369 267/359 233/330
f 217/325 251/370 248/371 214/331
f 222/326 256/343 258/372 224/320
f 241/332 275/373 274/362 240/336
f 214/331 248/371 247/374 213/329
f 231/337 265/375 264/376 230/340
f 238/312 272/345 271/366 237/313
f 220/338 254/365 255/342 221/333
f 245/316 279/349 278/368 244/319
f 227/311 261/367 262/377 228/341
f 218/324 252/361 251/370 217/325
f 235/321 269/351 268/369 234/327
f 224/320 258/372 259/354 225/318
f 242/328 276/357 275/373 241/332
f 213/329 247/374 249/358 215/322
f 232/334 266/360 265/375 231/337
f 250/378 284/379 287/380 253/381
f 270/382 304/383 303/384 269/385
f 259/386 293/387 294/388 260/389
f 277/390 311/391 310/392 276/393
f 249/394 283/395 284/379 250/378
f 267/396 301/397 300/398 266/399
f 257/400 291/401 286/402 252/403
f 274/404 308/405 307/406 273/407
f 264/408 298/409 297/410 263/411
f 262/412 296/413 314/414 280/415
f 271/416 305/417 304/383 270/382
f 253/381 287/380 288/418 254/419
f 260/389 294/388 295/420 261/421
f 278/422 312/423 311/391 277/390
f 251/424 285/425 282/426 248/427
f 268/428 302/429 301/397 267/396
f 256/430 290/431 292/432 258/433
f 275/434 309/435 308/405 274/404
f 248/427 282/426 281/436 247/437
f 265/438 299/439 298/409 264/408
f 254/419 288/418 289/440 255/441
f 272/442 306/443 305/417 271/416
f 261/421 295/420 296/413 262/412
f 279/444 313/445 312/423 278/422
f 269/385 303/384 302/429 268/428
f 252/403 286/402 285/425 251/424
f 258/433 292/432 293/387 259/386
f 276/446 310/447 309/435 275/434
f 247/437 281/436 283/395 249/394
f 266/399 300/398 299/439 265/438
f 273/407 307/406 306/443 272/442
f 255/441 289/440 290/448 256/449
f 280/415 314/414 313/445 279/444
f 263/411 297/410 291/401 257/400
f 284/379 318/450 321/451 287/380
f 304/383 338/452 337/453 303/384
f 293/387 327/454 328/455 294/388
f 311/391 345/456 344/457 310/392
f 301/397 335/458 334/459 300/398
f 283/395 317/460 318/450 284/379
f 291/401 325/461 320/462 286/402
f 308/405 342/463 341/464 307/406
f 298/409 332/465 331/466 297/410
f 296/413 330/467 348/468 314/414
f 305/417 339/469 338/452 304/383
f 287/380 321/451 322/470 288/418
f 312/423 346/471 345/456 311/391
f 294/388 328/455 329/472 295/420
f 285/425 319/473 316/474 282/426
f 302/429 336/475 335/458 301/397
f 290/431 324/476 326/477 292/432
f 309/435 343/478 342/463 308/405
f 282/426 316/474 315/479 281/436
f 299/439 333/480 332/465 298/409
f 288/418 322/470 323/481 289/440
f 306/443 340/482 339/469 305/417
f 295/420 329/472 330/467 296/413
f 313/445 347/483 346/471 312/423
f 303/384 337/453 336/475 302/429
f 286/402 320/462 319/473 285/425
f 292/432 326/477 327/454 293/387
f 310/447 344/484 343/478 309/435
f 281/436 315/479 317/460 283/395
f 300/398 334/459 333/480 299/439
f 289/440 323/481 324/485 290/448
f 307/406 341/464 340/482 306/443
f 314/414 348/468 347/483 313/445
f 297/410 331/466 325/461 291/401
f 328/455 349/486 330/467 329/472
f 347/483 348/468 330/467 349/486
f 346/471 347/483 349/486 351/487
f 327/454 350/488 349/486 328/455
f 345/456 346/471 351/487 354/489
f 326/477 352/490 350/488 327/454
f 349/486 350/488 353/491 351/487
f 342/463 377/492 376/493 341/464
f 320/462 360/494 359/495 319/473
f 331/466 366/496 365/497 325/461
f 340/482 375/498 374/499 339/469
f 317/460 357/500 358/501 318/450
f 338/452 373/502 372/503 337/453
f 316/474 356/504 355/505 315/479
f 325/461 365/497 360/494 320/462
f 336/475 371/506 370/507 335/458
f 322/470 362/508 363/509 323/481
f 334/459 369/510 368/511 333/480
f 343/478 378/512 377/492 342/463
f 318/450 358/501 361/513 321/451
f 332/465 367/514 366/496 331/466
f 341/464 376/493 375/498 340/482
f 319/473 359/495 356/504 316/474
f 339/469 374/499 373/502 338/452
f 315/479 355/505 357/500 317/460
f 337/453 372/503 371/506 336/475
f 323/481 363/509 364/515 324/485
f 335/458 370/507 369/510 334/459
f 344/484 379/516 378/512 343/478
f 321/451 361/513 362/508 322/470
f 333/480 368/511 367/514 332/465
f 324/476 364/517 352/490 326/477
f 344/457 345/456 354/489 379/518
f 378/512 405/519 404/520 377/492
f 367/514 394/521 393/522 366/496
f 376/493 403/523 402/524 375/498
f 365/497 392/525 387/526 360/494
f 374/499 401/527 400/528 373/502
f 356/504 383/529 382/530 355/505
f 362/508 389/531 390/532 363/509
f 364/517 391/533 380/534 352/490
f 372/503 399/535 398/536 371/506
f 358/501 385/537 388/538 361/513
f 359/495 386/539 383/529 356/504
f 370/507 397/540 396/541 369/510
f 379/516 406/542 405/519 378/512
f 368/511 395/543 394/521 367/514
f 377/492 404/520 403/523 376/493
f 366/496 393/522 392/525 365/497
f 375/498 402/524 401/527 374/499
f 355/505 382/530 384/544 357/500
f 363/509 390/532 391/545 364/515
f 354/489 381/546 406/547 379/518
f 373/502 400/528 399/535 372/503
f 361/513 388/538 389/531 362/508
f 360/494 387/526 386/539 359/495
f 371/506 398/536 397/540 370/507
f 357/500 384/544 385/537 358/501
f 369/510 396/541 395/543 368/511
f 354/489 351/487 353/491 381/546
f 352/490 380/534 353/491 350/488
f 353/491 380/534 407/548 381/546
f 391/533 421/549 407/548 380/534
f 406/547 381/546 407/548 435/550
f 391/545 390/532 420/551 421/552
f 431/553 457/554 456/555 430/556
f 412/557 408/558 438/559 442/560
f 417/561 416/562 446/563 447/564
f 429/565 455/566 454/567 428/568
f 436/569 437/570 459/571 458/572
f 415/573 414/574 444/575 445/576
f 427/577 453/578 452/579 426/580
f 424/581 450/582 459/571 437/570
f 413/583 412/557 442/560 443/584
f 423/585 449/586 451/587 425/588
f 409/589 411/590 441/591 439/592
f 422/593 448/594 449/586 423/585
f 430/556 456/555 455/566 429/565
f 408/558 409/589 439/592 438/559
f 416/562 415/573 445/576 446/563
f 548/595 549/596 453/578 427/577
f 410/597 436/569 458/572 440/598
f 556/599 413/583 443/584 557/600
f 425/588 451/587 450/582 424/581
f 519/601 410/597 440/598 520/602
f 426/580 452/579 448/594 422/593
f 438/559 439/592 461/603 460/604
f 449/586 471/605 473/606 451/587
f 458/572 459/571 481/607 480/608
f 448/594 470/609 471/605 449/586
f 450/582 472/610 481/607 459/571
f 446/563 445/576 467/611 468/612
f 456/555 478/613 477/614 455/566
f 557/600 443/584 465/615 558/616
f 520/602 440/598 462/617 521/618
f 549/596 550/619 475/620 453/578
f 442/560 438/559 460/604 464/621
f 451/587 473/606 472/610 450/582
f 452/579 474/622 470/609 448/594
f 440/598 458/572 480/608 462/617
f 447/564 446/563 468/612 469/623
f 457/554 479/624 478/613 456/555
f 445/576 444/575 466/625 467/611
f 443/584 442/560 464/621 465/615
f 455/566 477/614 476/626 454/567
f 439/592 441/591 463/627 461/603
f 453/578 475/620 474/622 452/579
f 464/621 460/604 482/628 486/629
f 473/606 495/630 494/631 472/610
f 474/622 496/632 492/633 470/609
f 462/617 480/608 502/634 484/635
f 618/636 789/637 786/638 619/639
f 433/640 592/641 540/642 432/643
f 467/611 466/625 488/644 489/645
f 465/615 464/621 486/629 487/646
f 477/614 499/647 498/648 476/626
f 461/603 463/627 485/649 483/650
f 475/620 497/651 496/632 474/622
f 460/604 461/603 483/650 482/628
f 471/605 493/652 495/630 473/606
f 480/608 481/607 503/653 502/634
f 470/609 492/633 493/652 471/605
f 472/610 494/631 503/653 481/607
f 468/612 467/611 489/645 490/654
f 478/613 500/655 499/647 477/614
f 558/616 465/615 487/646 559/656
f 521/618 462/617 484/635 522/657
f 550/619 551/658 497/651 475/620
f 398/536 426/580 422/593 397/540
f 386/539 387/526 408/558 412/557
f 396/541 510/659 509/660 395/543
f 393/522 508/661 507/662 392/525
f 393/522 394/521 504/663 508/661
f 395/543 509/660 504/663 394/521
f 392/525 507/662 408/558 387/526
f 396/541 397/540 422/593 510/659
f 510/659 514/664 513/665 509/660
f 508/661 512/666 511/667 507/662
f 422/593 423/585 514/664 510/659
f 409/589 408/558 507/662 511/667
f 504/663 505/668 512/666 508/661
f 505/668 504/663 509/660 513/665
f 424/581 437/570 506/669 515/670
f 436/569 516/671 506/669 437/570
f 505/668 513/665 515/670 506/669
f 505/668 506/669 516/671 512/666
f 512/666 516/671 517/672 511/667
f 411/590 409/589 511/667 517/672
f 513/665 514/664 518/673 515/670
f 425/588 518/673 514/664 423/585
f 424/581 515/670 518/673 425/588
f 436/569 410/597 517/672 516/671
f 411/590 519/601 520/602 441/591
f 441/591 520/602 521/618 463/627
f 463/627 521/618 522/657 485/649
f 411/590 517/672 410/597 519/601
f 388/538 527/674 528/675 389/531
f 385/537 526/676 527/674 388/538
f 384/544 525/677 526/676 385/537
f 382/530 523/678 525/677 384/544
f 383/529 524/679 523/678 382/530
f 404/520 534/680 533/681 403/523
f 403/523 533/681 532/682 402/524
f 402/524 532/682 531/683 401/527
f 401/527 531/683 530/684 400/528
f 400/528 530/684 529/685 399/535
f 399/535 529/685 426/580 398/536
f 383/529 386/539 412/557 524/679
f 602/686 603/687 787/688 788/689
f 431/690 432/643 540/642 501/691
f 773/692 539/693 535/694 774/695
f 774/695 535/694 543/696 775/697
f 775/698 543/699 542/700 776/701
f 776/701 542/700 541/702 777/703
f 501/691 540/642 594/704 593/705
f 778/706 538/707 539/708 773/709
f 778/706 779/710 537/711 538/707
f 779/710 780/712 536/713 537/711
f 780/712 772/714 491/715 536/713
f 540/642 592/641 595/716 594/704
f 389/531 528/675 420/551 390/532
f 406/542 435/717 434/718 405/519
f 405/519 434/718 534/680 404/520
f 434/718 433/719 533/681 534/680
f 419/720 420/551 528/675 527/674
f 418/721 419/720 527/674 526/676
f 433/640 432/643 532/682 533/681
f 431/690 544/722 532/682 432/643
f 531/683 546/723 545/724 530/684
f 531/683 532/682 544/722 546/723
f 430/556 546/723 544/722 431/553
f 430/556 429/565 545/724 546/723
f 529/685 530/684 545/724 547/725
f 428/568 547/725 545/724 429/565
f 427/577 426/580 529/685 547/725
f 428/568 454/567 549/596 548/595
f 454/567 476/626 550/619 549/596
f 476/626 498/648 551/658 550/619
f 428/568 548/595 427/577 547/725
f 525/677 552/726 553/727 526/676
f 417/728 418/721 526/676 553/727
f 525/677 523/678 555/729 552/726
f 413/583 554/730 524/679 412/557
f 524/679 554/730 555/729 523/678
f 416/562 417/561 553/727 552/726
f 416/562 552/726 555/729 415/573
f 414/574 415/573 555/729 554/730
f 414/574 556/599 557/600 444/575
f 444/575 557/600 558/616 466/625
f 466/625 558/616 559/656 488/644
f 556/599 414/574 554/730 413/583
f 560/731 564/732 565/733 561/734
f 561/734 565/733 566/735 562/736
f 562/736 566/735 567/737 563/738
f 564/732 568/739 569/740 565/733
f 565/733 569/740 570/741 566/735
f 566/735 570/741 571/742 567/737
f 568/739 572/743 573/744 569/740
f 569/740 573/744 574/745 570/741
f 570/741 574/745 575/746 571/742
f 572/743 576/747 577/748 573/744
f 573/744 577/748 578/749 574/745
f 574/745 578/749 579/750 575/746
f 576/747 580/751 581/752 577/748
f 577/748 581/752 582/753 578/749
f 578/749 582/753 583/754 579/750
f 580/751 584/755 585/756 581/752
f 581/752 585/756 586/757 582/753
f 582/753 586/757 587/758 583/754
f 586/757 590/759 591/760 587/758
f 585/756 589/761 590/759 586/757
f 584/755 588/762 589/761 585/756
f 594/704 595/716 598/763 597/764
f 593/705 594/704 597/764 596/765
f 597/764 598/763 601/766 600/767
f 596/765 597/764 600/767 599/768
f 630/769 629/770 604/771 603/772
f 631/773 630/769 603/772 602/686
f 782/774 781/775 607/776 608/777
f 781/775 783/778 606/779 607/776
f 783/778 784/780 605/781 606/779
f 777/782 784/783 592/641 433/640
f 791/784 782/774 608/777 632/785
f 596/765 599/768 613/786 612/787
f 593/705 596/765 612/787 611/788
f 501/691 593/705 611/788 610/789
f 431/553 501/691 610/789 457/554
f 611/788 612/787 616/790 615/791
f 610/789 611/788 615/791 614/792
f 457/554 610/789 614/792 479/624
f 617/793 616/790 612/787 613/786
f 634/794 633/795 618/636 619/639
f 631/796 633/797 613/786 599/768
f 617/793 792/798 623/799 616/790
f 614/792 615/791 622/800 621/801
f 479/624 614/792 621/801 620/802
f 615/791 616/790 623/799 622/800
f 790/803 786/804 625/805 635/806
f 479/624 620/802 500/655 478/613
f 787/807 785/808 609/809 627/810
f 789/811 788/812 626/813 628/814
f 788/812 787/688 627/810 626/813
f 789/811 628/814 625/805 786/638
f 604/771 629/770 791/815 785/816
f 602/686 618/636 633/795 631/773
f 617/793 613/786 633/797 634/794
f 785/808 791/815 632/785 609/809
f 599/768 600/767 630/769 631/796
f 600/767 601/766 629/770 630/769
f 732/817 726/818 660/819 661/820
f 733/821 727/822 652/823 654/824
f 734/825 732/817 661/820 662/826
f 735/827 733/821 654/824 653/828
f 736/829 734/825 662/826 663/830
f 771/831 728/832 656/833 765/834
f 738/835 736/829 663/830 664/836
f 739/837 735/827 653/828 657/838
f 763/839 738/835 664/836 757/840
f 741/841 739/837 657/838 658/842
f 742/843 741/841 658/842 659/844
f 743/845 737/846 655/847 651/848
f 726/818 742/843 659/844 660/819
f 727/822 743/845 651/848 652/823
f 744/849 667/850 668/851 729/852
f 745/853 671/854 672/855 730/856
f 746/857 675/858 667/850 744/849
f 747/859 677/860 671/854 745/853
f 748/861 679/862 675/858 746/857
f 770/863 766/864 682/865 731/866
f 750/867 685/868 679/862 748/861
f 751/869 687/870 677/860 747/859
f 762/871 758/872 685/868 750/867
f 753/873 691/874 687/870 751/869
f 754/875 693/876 691/874 753/873
f 755/877 695/878 681/879 749/880
f 729/852 668/851 693/876 754/875
f 730/856 672/855 695/878 755/877
f 664/881 663/882 679/862 685/868
f 756/883 650/884 688/885 759/886
f 640/887 636/888 694/889 680/890
f 757/891 664/881 685/868 758/872
f 651/892 655/893 681/879 695/878
f 636/888 637/894 673/895 694/889
f 652/896 651/892 695/878 672/855
f 637/894 639/897 670/898 673/895
f 654/899 652/896 672/855 671/854
f 639/897 638/900 676/901 670/898
f 653/902 654/899 671/854 677/860
f 764/903 640/887 680/890 767/904
f 765/905 656/906 682/865 766/864
f 638/900 642/907 686/908 676/901
f 657/909 653/902 677/860 687/870
f 642/907 643/910 690/911 686/908
f 658/912 657/909 687/870 691/874
f 643/910 644/913 692/914 690/911
f 659/915 658/912 691/874 693/876
f 644/913 645/916 669/917 692/914
f 703/918 641/919 683/920 719/921
f 660/922 659/915 693/876 668/851
f 645/916 646/923 666/924 669/917
f 661/925 660/922 668/851 667/850
f 646/923 647/926 674/927 666/924
f 662/928 661/925 667/850 675/858
f 647/926 648/929 678/930 674/927
f 663/882 662/928 675/858 679/862
f 648/929 649/931 684/932 678/930
f 740/933 665/934 689/935 752/936
f 650/884 707/937 722/938 688/885
f 728/939 703/918 719/921 731/940
f 673/895 714/941 725/942 694/889
f 669/917 712/943 724/944 692/914
f 694/889 725/942 718/945 680/890
f 692/914 724/944 723/946 690/911
f 690/911 723/946 721/947 686/908
f 759/948 760/949 720/950 684/951
f 686/908 721/947 716/952 676/901
f 684/951 720/950 717/953 678/930
f 767/954 768/955 719/921 683/920
f 678/930 717/953 715/956 674/927
f 676/901 716/952 713/957 670/898
f 674/927 715/956 711/958 666/924
f 670/898 713/957 714/941 673/895
f 666/924 711/958 712/943 669/917
f 637/959 636/960 710/961 698/962
f 645/963 644/964 709/965 696/966
f 636/960 640/967 704/968 710/961
f 644/964 643/969 708/970 709/965
f 643/969 642/971 706/972 708/970
f 756/973 649/974 705/975 761/976
f 642/971 638/977 701/978 706/972
f 649/974 648/979 702/980 705/975
f 764/981 641/982 703/983 769/984
f 648/979 647/985 700/986 702/980
f 638/977 639/987 699/988 701/978
f 647/985 646/989 697/990 700/986
f 639/987 637/959 698/962 699/988
f 646/989 645/963 696/966 697/990
f 656/906 728/939 731/940 682/865
f 707/937 740/933 752/936 722/938
f 714/941 730/856 755/877 725/942
f 712/943 729/852 754/875 724/944
f 725/942 755/877 749/880 718/945
f 724/944 754/875 753/873 723/946
f 723/946 753/873 751/869 721/947
f 760/949 762/871 750/867 720/950
f 721/947 751/869 747/859 716/952
f 720/950 750/867 748/861 717/953
f 768/955 770/863 731/866 719/921
f 717/953 748/861 746/857 715/956
f 716/952 747/859 745/853 713/957
f 715/956 746/857 744/849 711/958
f 713/957 745/853 730/856 714/941
f 711/958 744/849 729/852 712/943
f 698/962 710/961 743/845 727/822
f 696/966 709/965 742/843 726/818
f 710/961 704/968 737/846 743/845
f 709/965 708/970 741/841 742/843
f 708/970 706/972 739/837 741/841
f 761/976 705/975 738/835 763/839
f 706/972 701/978 735/827 739/837
f 705/975 702/980 736/829 738/835
f 769/984 703/983 728/832 771/831
f 702/980 700/986 734/825 736/829
f 701/978 699/988 733/821 735/827
f 700/986 697/990 732/817 734/825
f 699/988 698/962 727/822 733/821
f 697/990 696/966 726/818 732/817
f 707/991 761/976 763/839 740/992
f 722/938 752/936 762/871 760/949
f 650/993 756/973 761/976 707/991
f 688/885 722/938 760/949 759/886
f 665/934 757/891 758/872 689/935
f 649/931 756/883 759/886 684/932
f 752/936 689/935 758/872 762/871
f 740/992 763/839 757/840 665/994
f 704/968 769/984 771/831 737/846
f 718/945 749/880 770/863 768/955
f 640/967 764/981 769/984 704/968
f 680/890 718/945 768/955 767/904
f 655/893 765/905 766/864 681/879
f 641/919 764/903 767/904 683/920
f 749/880 681/879 766/864 770/863
f 737/846 771/831 765/834 655/847
f 618/636 602/686 788/689 789/637
f 603/772 604/771 785/816 787/688
f 634/794 619/639 786/638 790/803
f 629/770 601/766 782/774 791/815
f 541/702 605/781 784/780 777/703
f 595/716 592/641 784/783 783/778
f 598/763 595/716 783/778 781/775
f 601/766 598/763 781/775 782/774
f 418/721 417/728 772/714 780/712
f 419/720 418/721 780/712 779/710
f 420/551 419/720 779/710 778/706
f 420/551 778/706 773/709 421/552
f 434/718 776/701 777/703 433/719
f 435/717 775/698 776/701 434/718
f 407/548 774/695 775/697 435/550
f 421/549 773/692 774/695 407/548
f 617/793 634/794 790/803 792/798
f 624/995 792/798 790/803 635/806
f 901/996 883/997 815/998 816/999
f 902/1000 884/1001 809/1002 812/1003
f 928/1004 901/996 816/999 922/1005
f 904/1006 885/1007 808/1008 810/1009
f 885/1007 886/1010 818/1011 808/1008
f 884/1001 887/1012 811/1013 809/1002
f 886/1010 888/1014 819/1015 818/1011
f 887/1012 904/1006 810/1009 811/1013
f 888/1014 889/1016 820/1017 819/1015
f 905/1018 902/1000 812/1003 813/1019
f 889/1016 890/1020 821/1021 820/1017
f 906/1022 905/1018 813/1019 814/1023
f 920/1024 891/1025 822/1026 914/1027
f 883/997 906/1022 814/1023 815/998
f 907/1028 824/1029 825/1030 892/1031
f 908/1032 828/1033 829/1034 893/1035
f 927/1036 923/1037 824/1029 907/1028
f 910/1038 834/1039 835/1040 894/1041
f 894/1041 835/1040 837/1042 895/1043
f 893/1035 829/1034 839/1044 896/1045
f 895/1043 837/1042 841/1046 897/1047
f 896/1045 839/1044 834/1039 910/1038
f 897/1047 841/1046 843/1048 898/1049
f 911/1050 846/1051 828/1033 908/1032
f 898/1049 843/1048 847/1052 899/1053
f 912/1054 850/1055 846/1051 911/1050
f 919/1056 915/1057 851/1058 900/1059
f 892/1031 825/1030 850/1055 912/1054
f 803/1060 793/1061 836/1062 838/1063
f 808/1008 818/1011 837/1064 835/1065
f 804/1066 803/1060 838/1063 842/1067
f 818/1011 819/1015 841/1068 837/1064
f 805/1069 804/1066 842/1067 844/1070
f 819/1015 820/1017 843/1071 841/1068
f 806/1072 805/1069 844/1070 848/1073
f 820/1017 821/1021 847/1074 843/1071
f 913/1075 806/1072 848/1073 916/1076
f 794/1077 797/1078 827/1079 830/1080
f 914/1027 822/1026 851/1081 915/1082
f 812/1003 809/1002 829/1083 828/1084
f 793/1061 795/1085 833/1086 836/1062
f 810/1009 808/1008 835/1065 834/1087
f 867/1088 807/1089 852/1090 882/1091
f 796/1092 794/1077 830/1080 840/1093
f 809/1002 811/1013 839/1094 829/1083
f 795/1085 796/1092 840/1093 833/1086
f 811/1013 810/1009 834/1087 839/1094
f 797/1078 798/1095 845/1096 827/1079
f 813/1019 812/1003 828/1084 846/1097
f 798/1095 799/1098 849/1099 845/1096
f 903/1100 817/1101 832/1102 909/1103
f 814/1023 813/1019 846/1097 850/1104
f 799/1098 800/1105 826/1106 849/1099
f 815/998 814/1023 850/1104 825/1107
f 800/1105 801/1108 823/1109 826/1106
f 816/999 815/998 825/1107 824/1110
f 921/1111 802/1112 831/1113 924/1114
f 922/1005 816/999 824/1110 923/1115
f 802/1112 857/1116 872/1117 831/1113
f 891/1118 867/1088 882/1091 900/1119
f 826/1120 869/1121 881/1122 849/1123
f 916/1124 917/1125 882/1126 852/1127
f 849/1123 881/1122 879/1128 845/1129
f 844/1130 878/1131 880/1132 848/1133
f 845/1129 879/1128 870/1134 827/1135
f 842/1136 877/1137 878/1131 844/1130
f 840/1138 876/1139 873/1140 833/1141
f 838/1142 875/1143 877/1137 842/1136
f 830/1144 871/1145 876/1139 840/1138
f 836/1146 874/1147 875/1143 838/1142
f 833/1141 873/1140 874/1147 836/1146
f 924/1148 925/1149 868/1150 823/1151
f 827/1135 870/1134 871/1145 830/1144
f 823/1151 868/1150 869/1121 826/1120
f 800/1105 799/1098 866/1152 853/1153
f 913/1154 807/1089 867/1088 918/1155
f 799/1098 798/1095 864/1156 866/1152
f 805/1069 806/1072 865/1157 863/1158
f 798/1095 797/1078 856/1159 864/1156
f 804/1066 805/1069 863/1158 862/1160
f 796/1092 795/1085 859/1161 861/1162
f 803/1060 804/1066 862/1160 860/1163
f 794/1077 796/1092 861/1162 855/1164
f 793/1061 803/1060 860/1163 858/1165
f 795/1085 793/1061 858/1165 859/1161
f 921/1166 801/1167 854/1168 926/1169
f 797/1078 794/1077 855/1164 856/1159
f 801/1108 800/1105 853/1153 854/1168
f 822/1026 891/1025 900/1119 851/1081
f 857/1116 903/1100 909/1103 872/1117
f 869/1121 892/1031 912/1054 881/1122
f 917/1125 919/1056 900/1059 882/1126
f 881/1122 912/1054 911/1050 879/1128
f 878/1131 898/1049 899/1053 880/1132
f 879/1128 911/1050 908/1032 870/1134
f 877/1137 897/1047 898/1049 878/1131
f 876/1139 896/1045 910/1038 873/1140
f 875/1143 895/1043 897/1047 877/1137
f 871/1145 893/1035 896/1045 876/1139
f 874/1147 894/1041 895/1043 875/1143
f 873/1140 910/1038 894/1041 874/1147
f 925/1149 927/1036 907/1028 868/1150
f 870/1134 908/1032 893/1035 871/1145
f 868/1150 907/1028 892/1031 869/1121
f 853/1153 866/1152 906/1022 883/997
f 918/1155 867/1088 891/1118 920/1024
f 866/1152 864/1156 905/1018 906/1022
f 863/1158 865/1157 890/1020 889/1016
f 864/1156 856/1159 902/1000 905/1018
f 862/1160 863/1158 889/1016 888/1014
f 861/1162 859/1161 904/1006 887/1012
f 860/1163 862/1160 888/1014 886/1010
f 855/1164 861/1162 887/1012 884/1001
f 858/1165 860/1163 886/1010 885/1007
f 859/1161 858/1165 885/1007 904/1006
f 926/1169 854/1168 901/996 928/1004
f 856/1159 855/1164 884/1001 902/1000
f 854/1168 853/1153 883/997 901/996
f 865/1157 918/1155 920/1024 890/1020
f 880/1132 899/1053 919/1056 917/1125
f 806/1072 913/1075 918/1155 865/1157
f 848/1133 880/1132 917/1125 916/1124
f 821/1021 914/1027 915/1082 847/1074
f 807/1089 913/1154 916/1076 852/1090
f 899/1053 847/1052 915/1057 919/1056
f 890/1020 920/1024 914/1027 821/1021
f 857/1116 926/1169 928/1004 903/1100
f 872/1170 909/1171 927/1036 925/1149
f 802/1112 921/1111 926/1169 857/1116
f 831/1172 872/1170 925/1149 924/1148
f 817/1101 922/1005 923/1115 832/1102
f 801/1167 921/1166 924/1114 823/1109
f 909/1171 832/1173 923/1037 927/1036
f 903/1100 928/1004 922/1005 817/1101
f 965/1174 959/1175 935/1176 938/1177
f 966/1178 960/1179 934/1180 936/1181
f 959/1175 961/1182 937/1183 935/1176
f 961/1182 966/1178 936/1181 937/1183
f 967/1184 940/1185 941/1186 962/1187
f 968/1188 944/1189 945/1190 963/1191
f 962/1187 941/1186 947/1192 964/1193
f 964/1193 947/1192 944/1189 968/1188
f 930/1194 933/1195 939/1196 942/1197
f 938/1177 935/1176 941/1198 940/1199
f 929/1200 931/1201 943/1202 946/1203
f 936/1181 934/1180 945/1204 944/1205
f 932/1206 930/1194 942/1197 948/1207
f 935/1176 937/1183 947/1208 941/1198
f 931/1201 932/1206 948/1207 943/1202
f 937/1183 936/1181 944/1205 947/1208
f 948/1209 958/1210 956/1211 943/1212
f 942/1213 955/1214 958/1210 948/1209
f 943/1212 956/1211 957/1215 946/1216
f 939/1217 954/1218 955/1214 942/1213
f 932/1206 931/1201 952/1219 953/1220
f 930/1194 932/1206 953/1220 949/1221
f 931/1201 929/1200 951/1222 952/1219
f 933/1195 930/1194 949/1221 950/1223
f 958/1210 964/1193 968/1188 956/1211
f 955/1214 962/1187 964/1193 958/1210
f 956/1211 968/1188 963/1191 957/1215
f 954/1218 967/1184 962/1187 955/1214
f 953/1220 952/1219 966/1178 961/1182
f 949/1221 953/1220 961/1182 959/1175
f 952/1219 951/1222 960/1179 966/1178
f 950/1223 949/1221 959/1175 965/1174
f 976/1224 979/1225 980/305 977/304
f 969/290 970/301 980/305 979/1225
f 972/297 971/291 978/1226 973/1227
f 973/1227 978/1226 975/294 974/299
f 975/294 978/1226 979/1225 976/295
f 971/291 969/290 979/1225 978/1226
f 988/1228 986/296 972/297 973/1227
f 985/303 987/292 976/295 977/304
f 983/300 984/302 980/305 970/301
f 981/298 988/1228 973/1227 974/299
f 183/255 182/263 988/1228 981/298
f 169/227 202/287 984/302 983/300
f 186/225 185/239 987/292 985/303
f 182/263 181/269 986/296 988/1228
f 202/287 186/225 985/303 984/302
f 170/228 169/227 983/300 982/289
f 184/245 183/255 981/298 200/293
f 181/269 175/258 201/288 986/296
f 185/239 184/245 200/293 987/292
f 175/258 170/228 982/289 201/288
f 1090/1229 1033/1230 1010/1231 1086/1232
f 1036/1233 1035/1234 1007/1235 1006/1236
f 1082/1237 1037/1238 1003/1239 1078/1240
f 1037/1238 1039/1241 1002/1242 1003/1239
f 1035/1234 1040/1243 1008/1244 1007/1235
f 1042/1245 1041/1246 1005/1247 1004/1248
f 1043/1249 1042/1245 1004/1248 1001/1250
f 1040/1243 1034/1251 1009/1252 1008/1244
f 1041/1246 1036/1233 1006/1236 1005/1247
f 1039/1241 1043/1249 1001/1250 1002/1242
f 1089/1253 1087/1254 1013/1255 1045/1256
f 1046/1257 1016/1258 1017/1259 1047/1260
f 1081/1261 1079/1262 1021/1263 1049/1264
f 1049/1264 1021/1263 1023/1265 1050/1266
f 1047/1260 1017/1259 1025/1267 1051/1268
f 1052/1269 1028/1270 1029/1271 1053/1272
f 1054/1273 1032/1274 1028/1270 1052/1269
f 1051/1268 1025/1267 1012/1275 1044/1276
f 1053/1272 1029/1271 1016/1258 1046/1257
f 1050/1266 1023/1265 1032/1274 1054/1273
f 1003/1239 1002/1242 1023/1277 1021/1278
f 1038/1279 1000/1280 1020/1281 1048/1282
f 1077/1283 989/1284 1019/1285 1080/1286
f 1008/1244 1009/1252 1012/1287 1025/1288
f 1001/1250 1004/1248 1028/1289 1032/1290
f 994/1291 993/1292 1027/1293 1030/1294
f 1086/1232 1010/1231 1013/1295 1087/1296
f 1002/1242 1001/1250 1032/1290 1023/1277
f 995/1297 994/1291 1030/1294 1015/1298
f 1065/1299 999/1300 1014/1301 1071/1302
f 1078/1240 1003/1239 1021/1278 1079/1303
f 996/1304 995/1297 1015/1298 1018/1305
f 1004/1248 1005/1247 1029/1306 1028/1289
f 997/1307 996/1304 1018/1305 1026/1308
f 991/1309 992/1310 1022/1311 1024/1312
f 1005/1247 1006/1236 1016/1313 1029/1306
f 998/1314 997/1307 1026/1308 1011/1315
f 993/1292 990/1316 1031/1317 1027/1293
f 1006/1236 1007/1235 1017/1318 1016/1313
f 1085/1319 998/1314 1011/1315 1088/1320
f 990/1316 991/1309 1024/1312 1031/1317
f 1007/1235 1008/1244 1025/1288 1017/1318
f 1010/1231 1033/1230 1045/1321 1013/1295
f 1057/1322 1038/1279 1048/1282 1062/1323
f 1074/1324 1050/1266 1054/1273 1064/1325
f 1076/1326 1053/1272 1046/1257 1061/1327
f 1075/1328 1051/1268 1044/1276 1060/1329
f 1064/1325 1054/1273 1052/1269 1063/1330
f 1063/1330 1052/1269 1053/1272 1076/1326
f 1072/1331 1047/1260 1051/1268 1075/1328
f 1073/1332 1049/1264 1050/1266 1074/1324
f 1084/1333 1081/1261 1049/1264 1073/1332
f 1061/1327 1046/1257 1047/1260 1072/1331
f 1092/1334 1089/1253 1045/1256 1071/1335
f 1068/1336 1059/1337 1043/1249 1039/1241
f 1070/1338 1056/1339 1036/1233 1041/1246
f 1069/1340 1055/1341 1034/1251 1040/1243
f 1059/1337 1058/1342 1042/1245 1043/1249
f 1058/1342 1070/1338 1041/1246 1042/1245
f 1066/1343 1069/1340 1040/1243 1035/1234
f 1067/1344 1068/1336 1039/1241 1037/1238
f 1083/1345 1067/1344 1037/1238 1082/1237
f 1056/1339 1066/1343 1035/1234 1036/1233
f 1091/1346 1065/1347 1033/1230 1090/1229
f 1085/1348 999/1300 1065/1299 1091/1346
f 995/1297 996/1304 1066/1343 1056/1339
f 1077/1349 992/1350 1067/1344 1083/1345
f 992/1310 991/1309 1068/1336 1067/1344
f 996/1304 997/1307 1069/1340 1066/1343
f 993/1292 994/1291 1070/1338 1058/1342
f 990/1316 993/1292 1058/1342 1059/1337
f 997/1307 998/1314 1055/1341 1069/1340
f 994/1291 995/1297 1056/1339 1070/1338
f 991/1309 990/1316 1059/1337 1068/1336
f 1088/1351 1092/1334 1071/1335 1014/1352
f 1015/1353 1061/1327 1072/1331 1018/1354
f 1080/1355 1084/1333 1073/1332 1022/1356
f 1022/1356 1073/1332 1074/1324 1024/1357
f 1018/1354 1072/1331 1075/1328 1026/1358
f 1027/1359 1063/1330 1076/1326 1030/1360
f 1031/1361 1064/1325 1063/1330 1027/1359
f 1026/1358 1075/1328 1060/1329 1011/1362
f 1030/1360 1076/1326 1061/1327 1015/1353
f 1024/1357 1074/1324 1064/1325 1031/1361
f 989/1284 1057/1322 1062/1323 1019/1285
f 1033/1230 1065/1347 1071/1302 1045/1321
f 1019/1363 1062/1364 1084/1333 1080/1355
f 989/1284 1077/1283 1083/1345 1057/1322
f 1057/1322 1083/1345 1082/1237 1038/1279
f 1062/1364 1048/1365 1081/1261 1084/1333
f 1000/1280 1078/1240 1079/1303 1020/1281
f 992/1350 1077/1349 1080/1286 1022/1311
f 1048/1365 1020/1366 1079/1262 1081/1261
f 1038/1279 1082/1237 1078/1240 1000/1280
f 1011/1362 1060/1329 1092/1334 1088/1351
f 998/1314 1085/1319 1091/1346 1055/1341
f 1055/1341 1091/1346 1090/1229 1034/1251
f 1060/1329 1044/1276 1089/1253 1092/1334
f 999/1300 1085/1348 1088/1320 1014/1301
f 1009/1252 1086/1232 1087/1296 1012/1287
f 1044/1276 1012/1275 1087/1254 1089/1253
f 1034/1251 1090/1229 1086/1232 1009/1252
f 1162/1367 1112/1368 1251/1369 1256/1370
f 1154/1371 1155/1372 1098/1373 1096/1374
f 1155/1372 1156/1375 1100/1376 1098/1373
f 1210/1377 1157/1378 1102/1379 1207/1380
f 1217/1381 1158/1382 1104/1383 1214/1384
f 1158/1382 1159/1385 1106/1386 1104/1383
f 1159/1385 1160/1387 1108/1388 1106/1386
f 1110/1389 1108/1390 1249/1391 1250/1392
f 1167/1393 1153/1394 1246/1395 1257/1396
f 1162/1367 1163/1397 1114/1398 1112/1368
f 1163/1397 1164/1399 1116/1400 1114/1398
f 1165/1401 1166/1402 1120/1403 1118/1404
f 1166/1402 1167/1405 1122/1406 1120/1403
f 1112/1368 1110/1389 1250/1392 1251/1369
f 1168/1407 1124/1408 1126/1409 1169/1410
f 1169/1410 1126/1409 1128/1411 1170/1412
f 1170/1412 1128/1411 1130/1413 1171/1414
f 1211/1415 1209/1416 1132/1417 1172/1418
f 1218/1419 1216/1420 1134/1421 1173/1422
f 1173/1422 1134/1421 1136/1423 1174/1424
f 1174/1424 1136/1423 1138/1425 1175/1426
f 1175/1426 1138/1425 1140/1427 1176/1428
f 1176/1428 1140/1427 1142/1429 1177/1430
f 1177/1430 1142/1429 1144/1431 1178/1432
f 1178/1432 1144/1431 1146/1433 1179/1434
f 1180/1435 1148/1436 1150/1437 1181/1438
f 1181/1438 1150/1437 1152/1439 1182/1440
f 1182/1440 1152/1439 1124/1408 1168/1407
f 1121/1441 1093/1442 1153/1394 1167/1393
f 1119/1443 1121/1441 1167/1393 1166/1402
f 1117/1444 1119/1443 1166/1402 1165/1401
f 1113/1445 1115/1446 1164/1399 1163/1397
f 1111/1447 1113/1445 1163/1397 1162/1367
f 1109/1448 1111/1447 1162/1367 1161/1449
f 1107/1450 1109/1448 1161/1449 1160/1451
f 1105/1452 1107/1450 1160/1451 1159/1385
f 1103/1453 1105/1452 1159/1385 1158/1382
f 1213/1454 1103/1453 1158/1382 1217/1381
f 1206/1455 1101/1456 1157/1378 1210/1377
f 1097/1457 1099/1458 1156/1375 1155/1372
f 1095/1459 1097/1457 1155/1372 1154/1371
f 1093/1442 1095/1459 1154/1371 1153/1394
f 1151/1460 1182/1440 1168/1407 1123/1461
f 1149/1462 1181/1438 1182/1440 1151/1460
f 1147/1463 1180/1435 1181/1438 1149/1462
f 1143/1464 1178/1432 1179/1434 1145/1465
f 1141/1466 1177/1430 1178/1432 1143/1464
f 1139/1467 1176/1428 1177/1430 1141/1466
f 1137/1468 1175/1426 1176/1428 1139/1467
f 1135/1469 1174/1424 1175/1426 1137/1468
f 1133/1470 1173/1422 1174/1424 1135/1469
f 1215/1471 1218/1419 1173/1422 1133/1470
f 1208/1472 1211/1415 1172/1418 1131/1473
f 1127/1474 1170/1412 1171/1414 1129/1475
f 1125/1476 1169/1410 1170/1412 1127/1474
f 1123/1461 1168/1407 1169/1410 1125/1476
f 1121/1477 1151/1478 1123/1479 1093/1480
f 1119/1481 1149/1482 1151/1478 1121/1477
f 1117/1483 1147/1484 1149/1482 1119/1481
f 1093/1480 1123/1479 1125/1485 1095/1486
f 1095/1486 1125/1485 1127/1487 1097/1488
f 1097/1488 1127/1487 1129/1489 1099/1490
f 1206/1491 1208/1492 1131/1493 1101/1494
f 1213/1495 1215/1496 1133/1497 1103/1498
f 1103/1498 1133/1497 1135/1499 1105/1500
f 1105/1500 1135/1499 1137/1501 1107/1502
f 1107/1502 1137/1501 1139/1503 1109/1504
f 1109/1504 1139/1503 1141/1505 1111/1506
f 1111/1506 1141/1505 1143/1507 1113/1508
f 1113/1508 1143/1507 1145/1509 1115/1510
f 1115/1511 1145/1465 1179/1434 1164/1512
f 1164/1512 1179/1434 1146/1433 1116/1513
f 1117/1514 1165/1515 1180/1435 1147/1463
f 1165/1515 1118/1516 1148/1436 1180/1435
f 1201/1517 1148/1518 1118/1519 1200/1520
f 1216/1521 1132/1522 1187/1523 1219/1524
f 1144/1525 1142/1526 1191/1527 1192/1528
f 1130/1529 1128/1530 1185/1531 1186/1532
f 1138/1533 1190/1534 1223/1535 1220/1536
f 1126/1537 1124/1538 1183/1539 1184/1540
f 1152/1541 1150/1542 1195/1543 1196/1544
f 1136/1545 1134/1546 1188/1547 1189/1548
f 1146/1549 1144/1525 1192/1528 1193/1550
f 1204/1551 1146/1549 1193/1550 1205/1552
f 1209/1553 1130/1529 1186/1532 1212/1554
f 1142/1555 1140/1556 1221/1557 1222/1558
f 1124/1538 1152/1541 1196/1544 1183/1539
f 1128/1530 1126/1537 1184/1540 1185/1531
f 1138/1533 1136/1545 1189/1548 1190/1534
f 1150/1542 1148/1559 1194/1560 1195/1543
f 1201/1561 1198/1562 1199/1563 1202/1564
f 1204/1565 1198/1566 1197/1567 1203/1568
f 1148/1518 1201/1517 1202/1564 1194/1560
f 1198/1566 1201/1561 1200/1520 1197/1567
f 1146/1549 1204/1551 1203/1568 1116/1569
f 1198/1566 1204/1565 1205/1552 1199/1563
f 1132/1522 1209/1553 1212/1554 1187/1523
f 1099/1490 1129/1489 1208/1492 1206/1491
f 1129/1475 1171/1414 1211/1415 1208/1472
f 1099/1458 1206/1455 1210/1377 1156/1375
f 1171/1414 1130/1413 1209/1416 1211/1415
f 1156/1375 1210/1377 1207/1380 1100/1376
f 1134/1546 1216/1521 1219/1524 1188/1547
f 1101/1494 1131/1493 1215/1496 1213/1495
f 1131/1473 1172/1418 1218/1419 1215/1471
f 1101/1456 1213/1454 1217/1381 1157/1378
f 1172/1418 1132/1417 1216/1420 1218/1419
f 1157/1378 1217/1381 1214/1384 1102/1379
f 1221/1570 1220/1536 1223/1535 1224/1571
f 1222/1558 1221/1557 1224/1571 1225/1572
f 1191/1527 1142/1526 1222/1558 1225/1572
f 1140/1556 1138/1533 1220/1536 1221/1557
f 1104/1573 1106/1574 1232/1575 1231/1576
f 1114/1577 1116/1578 1237/1579 1236/1580
f 1116/1578 1203/1581 1243/1582 1237/1579
f 1207/1583 1102/1584 1230/1585 1244/1586
f 1110/1587 1112/1588 1235/1589 1234/1590
f 1122/1591 1094/1592 1226/1593 1240/1594
f 1096/1595 1098/1596 1228/1597 1227/1598
f 1106/1574 1108/1599 1233/1600 1232/1575
f 1197/1601 1200/1602 1242/1603 1241/1604
f 1118/1605 1120/1606 1239/1607 1238/1608
f 1214/1609 1104/1573 1231/1576 1245/1610
f 1112/1588 1114/1577 1236/1580 1235/1589
f 1102/1584 1214/1609 1245/1610 1230/1585
f 1200/1602 1118/1605 1238/1608 1242/1603
f 1203/1581 1197/1601 1241/1604 1243/1582
f 1098/1596 1100/1611 1229/1612 1228/1597
f 1108/1599 1110/1587 1234/1590 1233/1600
f 1100/1611 1207/1583 1244/1586 1229/1612
f 1094/1592 1096/1595 1227/1598 1226/1593
f 1120/1606 1122/1591 1240/1594 1239/1607
f 1246/1613 1253/1614 1248/1615 1247/1616
f 1254/1617 1255/1618 1250/1392 1249/1391
f 1255/1618 1256/1370 1251/1369 1250/1392
f 1257/1396 1246/1395 1247/1616 1252/1619
f 1161/1449 1162/1367 1256/1370 1255/1618
f 1108/1388 1160/1387 1254/1617 1249/1391
f 1094/1620 1122/1621 1252/1619 1247/1616
f 1122/1406 1167/1405 1257/1396 1252/1619
f 1160/1451 1161/1449 1255/1618 1254/1617
f 1153/1394 1154/1371 1253/1614 1246/1395
f 1154/1371 1096/1374 1248/1615 1253/1614
f 1096/1374 1094/1620 1247/1616 1248/1615
f 1259/1622 1258/1623 1300/1624 1301/1625
f 1262/1626 1261/1627 1303/1628 1304/1629
f 1265/1630 1264/1631 1258/1623 1259/1622
f 1267/1632 1266/1633 1260/1634 1261/1635
f 1269/1636 1268/1637 1262/1638 1263/1639
f 1258/1623 1263/1640 1305/1641 1300/1624
f 1270/1642 1275/1643 1269/1644 1264/1645
f 1272/1646 1271/1647 1265/1648 1266/1649
f 1273/1650 1272/1646 1266/1649 1267/1632
f 1274/1651 1273/1650 1267/1632 1268/1652
f 1275/1643 1274/1651 1268/1652 1269/1644
f 1271/1653 1270/1642 1264/1645 1265/1630
f 1277/1654 1276/1655 1270/1656 1271/1657
f 1278/1658 1277/1659 1271/1660 1272/1661
f 1279/1662 1278/1658 1272/1661 1273/1663
f 1280/1664 1279/1662 1273/1663 1274/1665
f 1281/1666 1280/1664 1274/1665 1275/1667
f 1276/1655 1281/1666 1275/1667 1270/1656
f 1282/1668 1287/1669 1281/1666 1276/1655
f 1284/1670 1283/1671 1277/1659 1278/1658
f 1285/1672 1284/1670 1278/1658 1279/1662
f 1286/1673 1285/1672 1279/1662 1280/1664
f 1287/1669 1286/1673 1280/1664 1281/1666
f 1283/1674 1282/1668 1276/1655 1277/1654
f 1288/1675 1293/1676 1287/1669 1282/1668
f 1290/1677 1289/1678 1283/1671 1284/1670
f 1291/1679 1290/1677 1284/1670 1285/1672
f 1292/1680 1291/1679 1285/1672 1286/1673
f 1293/1676 1292/1680 1286/1673 1287/1669
f 1289/1681 1288/1675 1282/1668 1283/1674
f 1295/1682 1294/1683 1288/1675 1289/1681
f 1296/1684 1295/1685 1289/1678 1290/1677
f 1297/1686 1296/1684 1290/1677 1291/1679
f 1298/1687 1297/1686 1291/1679 1292/1680
f 1299/1688 1298/1687 1292/1680 1293/1676
f 1294/1683 1299/1688 1293/1676 1288/1675
f 1301/1625 1300/1624 1294/1683 1295/1682
f 1302/1689 1301/1690 1295/1685 1296/1684
f 1303/1691 1302/1689 1296/1684 1297/1686
f 1304/1629 1303/1628 1297/1686 1298/1687
f 1305/1692 1304/1629 1298/1687 1299/1688
f 1305/1641 1299/1688 1294/1683 1300/1624
f 1261/1635 1260/1634 1302/1689 1303/1628
f 1263/1640 1262/1638 1304/1629 1305/1641
f 1264/1631 1269/1644 1263/1639 1258/1623
f 1266/1649 1265/1648 1259/1693 1260/1634
f 1268/1637 1267/1632 1261/1635 1262/1638
f 1260/1634 1259/1693 1301/1690 1302/1689
f 1306/1694 1307/1695 1313/1696 1312/1697
f 1307/1695 1308/1698 1314/1699 1313/1696
f 1308/1698 1309/1700 1315/1701 1314/1699
f 1309/1700 1310/1702 1316/1703 1315/1701
f 1310/1704 1311/1705 1317/1706 1316/1707
f 1306/1694 1312/1697 1317/1706 1311/1705
f 1312/1697 1313/1696 1319/1708 1318/1709
f 1313/1696 1314/1699 1320/1710 1319/1708
f 1314/1699 1315/1701 1321/1711 1320/1710
f 1315/1701 1316/1703 1322/1712 1321/1711
f 1316/1707 1317/1706 1323/1713 1322/1714
f 1317/1706 1312/1697 1318/1709 1323/1713
f 1318/1709 1319/1708 1325/1715 1324/1716
f 1319/1708 1320/1710 1326/1717 1325/1715
f 1320/1710 1321/1711 1327/1718 1326/1717
f 1321/1711 1322/1712 1328/1719 1327/1718
f 1322/1714 1323/1713 1329/1720 1328/1721
f 1323/1713 1318/1709 1324/1716 1329/1720
f 1324/1716 1325/1715 1331/1722 1330/1723
f 1325/1715 1326/1717 1332/1724 1331/1722
f 1326/1717 1327/1718 1333/1725 1332/1724
f 1327/1718 1328/1719 1334/1726 1333/1725
f 1328/1721 1329/1720 1335/1727 1334/1728
f 1329/1720 1324/1716 1330/1723 1335/1727
f 1330/1723 1331/1722 1337/1729 1336/1730
f 1331/1722 1332/1724 1338/1731 1337/1729
f 1332/1724 1333/1725 1339/1732 1338/1731
f 1333/1725 1334/1726 1340/1733 1339/1732
f 1334/1728 1335/1727 1341/1734 1340/1735
f 1335/1727 1330/1723 1336/1730 1341/1734
f 1336/1736 1337/1737 1343/1738 1342/1739
f 1337/1737 1338/1740 1344/1741 1343/1738
f 1338/1740 1339/1742 1345/1743 1344/1741
f 1339/1742 1340/1744 1346/1745 1345/1743
f 1340/1746 1341/1747 1347/1748 1346/1749
f 1341/1747 1336/1736 1342/1739 1347/1748
f 1342/1739 1343/1738 1349/1750 1348/1751
f 1343/1738 1344/1741 1350/1752 1349/1750
f 1344/1741 1345/1743 1351/1753 1350/1752
f 1345/1743 1346/1745 1352/1754 1351/1753
f 1346/1749 1347/1748 1353/1755 1352/1756
f 1347/1748 1342/1739 1348/1751 1353/1755
f 1348/1751 1349/1750 1307/1695 1306/1694
f 1349/1750 1350/1752 1308/1698 1307/1695
f 1350/1752 1351/1753 1309/1700 1308/1698
f 1351/1753 1352/1754 1310/1702 1309/1700
f 1352/1756 1353/1755 1311/1705 1310/1704
f 1353/1755 1348/1751 1306/1694 1311/1705
f 1354/1757 1355/1758 1357/1759 1356/1760
f 1355/1758 1354/1757 1358/1761 1359/1762
f 1359/1762 1358/1761 1360/1763 1361/1764
f 1356/1760 1357/1759 1363/1765 1362/1766
f 1362/1766 1363/1765 1365/1767 1364/1768
f 1361/1764 1360/1763 1366/1769 1367/1770
f 1367/1770 1366/1769 1368/1771 1369/1772
f 1369/1772 1368/1771 1370/1773 1371/1774
f 1371/1774 1370/1773 1372/1775 1373/1776
f 1364/1768 1365/1767 1375/1777 1374/1778
f 1373/1776 1372/1775 1376/1779 1377/1780
f 1377/1780 1376/1779 1378/1781 1379/1782
f 1379/1782 1378/1781 1380/1783 1381/1784
f 1381/1784 1380/1783 1382/1785 1383/1786
f 1383/1786 1382/1785 1384/1787 1385/1788
f 1374/1778 1375/1777 1387/1789 1386/1790
f 1386/1790 1387/1789 1389/1791 1388/1792
f 1388/1793 1389/1794 1391/1795 1390/1796
f 1390/1796 1391/1795 1393/1797 1392/1798
f 1392/1798 1393/1797 1395/1799 1394/1800
f 1394/1800 1395/1799 1397/1801 1396/1802
f 1396/1802 1397/1801 1399/1803 1398/1804
f 1398/1804 1399/1803 1401/1805 1400/1806
f 1400/1806 1401/1805 1403/1807 1402/1808
f 1402/1808 1403/1807 1405/1809 1404/1810
f 1404/1810 1405/1809 1407/1811 1406/1812
f 1406/1812 1407/1811 1409/1813 1408/1814
f 1408/1814 1409/1813 1411/1815 1410/1816
f 1410/1816 1411/1815 1413/1817 1412/1818
f 1412/1818 1413/1817 1415/1819 1414/1820
f 1414/1820 1415/1819 1417/1821 1416/1822
f 1416/1822 1417/1821 1419/1823 1418/1824
f 1418/1824 1419/1823 1421/1825 1420/1826
f 1384/1827 1420/1826 1421/1825 1385/1828
f 1398/1829 1400/1830 1445/1831 1444/1832
f 1354/1833 1356/1834 1423/1835 1422/1836
f 1370/1837 1368/1838 1429/1839 1430/1840
f 1414/1841 1416/1842 1453/1843 1452/1844
f 1396/1845 1398/1829 1444/1832 1443/1846
f 1362/1847 1364/1848 1427/1849 1426/1850
f 1368/1838 1366/1851 1428/1852 1429/1839
f 1412/1853 1414/1841 1452/1844 1451/1854
f 1384/1855 1382/1856 1436/1857 1437/1858
f 1394/1859 1396/1845 1443/1846 1442/1860
f 1356/1834 1362/1847 1426/1850 1423/1835
f 1366/1851 1360/1861 1425/1862 1428/1852
f 1410/1863 1412/1853 1451/1854 1450/1864
f 1392/1865 1394/1859 1442/1860 1441/1866
f 1382/1856 1380/1867 1435/1868 1436/1857
f 1408/1869 1410/1863 1450/1864 1449/1870
f 1420/1871 1384/1855 1437/1858 1455/1872
f 1380/1867 1378/1873 1434/1874 1435/1868
f 1390/1875 1392/1865 1441/1866 1440/1876
f 1406/1877 1408/1869 1449/1870 1448/1878
f 1364/1848 1374/1879 1432/1880 1427/1849
f 1378/1873 1376/1881 1433/1882 1434/1874
f 1388/1883 1390/1875 1440/1876 1439/1884
f 1360/1861 1358/1885 1424/1886 1425/1862
f 1404/1887 1406/1877 1448/1878 1447/1888
f 1386/1889 1388/1883 1439/1884 1438/1890
f 1376/1881 1372/1891 1431/1892 1433/1882
f 1358/1885 1354/1833 1422/1836 1424/1886
f 1402/1893 1404/1887 1447/1888 1446/1894
f 1418/1895 1420/1871 1455/1872 1454/1896
f 1374/1879 1386/1889 1438/1890 1432/1880
f 1400/1830 1402/1893 1446/1894 1445/1831
f 1372/1891 1370/1837 1430/1840 1431/1892
f 1416/1842 1418/1895 1454/1896 1453/1843
f 1454/1896 1455/1872 1437/1858 1456/1897
f 1435/1868 1456/1897 1437/1858 1436/1857
f 1454/1896 1456/1897 1469/1898 1453/1843
f 1435/1868 1434/1874 1469/1898 1456/1897
f 1433/1882 1468/1899 1469/1898 1434/1874
f 1452/1844 1453/1843 1469/1898 1468/1899
f 1431/1892 1467/1900 1468/1899 1433/1882
f 1451/1854 1452/1844 1468/1899 1467/1900
f 1430/1840 1466/1901 1467/1900 1431/1892
f 1450/1864 1451/1854 1467/1900 1466/1901
f 1429/1839 1465/1902 1466/1901 1430/1840
f 1449/1870 1450/1864 1466/1901 1465/1902
f 1428/1852 1464/1903 1465/1902 1429/1839
f 1448/1878 1449/1870 1465/1902 1464/1903
f 1447/1888 1448/1878 1464/1903 1463/1904
f 1425/1862 1463/1904 1464/1903 1428/1852
f 1424/1886 1462/1905 1463/1904 1425/1862
f 1446/1894 1447/1888 1463/1904 1462/1905
f 1422/1836 1461/1906 1462/1905 1424/1886
f 1445/1831 1446/1894 1462/1905 1461/1906
f 1423/1835 1460/1907 1461/1906 1422/1836
f 1444/1832 1445/1831 1461/1906 1460/1907
f 1426/1850 1459/1908 1460/1907 1423/1835
f 1443/1846 1444/1832 1460/1907 1459/1908
f 1458/1909 2228/1910 2226/1911 2239/1912
f 2244/1913 2233/1914 2232/1915 1457/1916
f 2243/1917 2229/1918 2228/1910 1458/1909
f 1457/1916 2232/1915 2231/1919 2238/1920
f 2239/1912 2226/1911 2227/1921 2240/1922
f 2241/1923 2237/1924 2234/1925 2242/1926
f 1361/1764 1367/1770 1476/1927 1473/1928
f 1389/1791 1387/1789 1486/1929 1487/1930
f 1381/1784 1383/1786 1484/1931 1483/1932
f 1405/1809 1403/1807 1494/1933 1495/1934
f 1387/1789 1375/1777 1480/1935 1486/1929
f 1421/1825 1419/1823 1502/1936 1503/1937
f 1403/1807 1401/1805 1493/1938 1494/1933
f 1379/1782 1381/1784 1483/1932 1482/1939
f 1419/1823 1417/1821 1501/1940 1502/1936
f 1377/1780 1379/1782 1482/1939 1481/1941
f 1401/1805 1399/1803 1492/1942 1493/1938
f 1359/1762 1361/1764 1473/1928 1472/1943
f 1417/1821 1415/1819 1500/1944 1501/1940
f 1365/1767 1363/1765 1474/1945 1475/1946
f 1373/1776 1377/1780 1481/1941 1479/1947
f 1399/1803 1397/1801 1491/1948 1492/1942
f 1415/1819 1413/1817 1499/1949 1500/1944
f 1355/1758 1359/1762 1472/1943 1470/1950
f 1397/1801 1395/1799 1490/1951 1491/1948
f 1363/1765 1357/1759 1471/1952 1474/1945
f 1357/1759 1355/1758 1470/1950 1471/1952
f 1413/1817 1411/1815 1498/1953 1499/1949
f 1371/1774 1373/1776 1479/1947 1478/1954
f 1395/1799 1393/1797 1489/1955 1490/1951
f 1385/1828 1421/1825 1503/1937 1485/1956
f 1411/1815 1409/1813 1497/1957 1498/1953
f 1393/1797 1391/1795 1488/1958 1489/1955
f 1369/1772 1371/1774 1478/1954 1477/1959
f 1409/1813 1407/1811 1496/1960 1497/1957
f 1375/1777 1365/1767 1475/1946 1480/1935
f 1391/1795 1389/1794 1487/1961 1488/1958
f 1367/1770 1369/1772 1477/1959 1476/1927
f 1407/1811 1405/1809 1495/1934 1496/1960
f 1383/1786 1385/1788 1485/1962 1484/1931
f 1478/1954 1479/1947 1513/1963 1512/1964
f 1496/1960 1495/1934 1529/1965 1530/1966
f 1486/1929 1480/1935 1514/1967 1520/1968
f 1503/1937 1502/1936 1536/1969 1537/1970
f 1493/1938 1492/1942 1526/1971 1527/1972
f 1473/1928 1476/1927 1510/1973 1507/1974
f 1482/1939 1483/1932 1517/1975 1516/1976
f 1500/1944 1499/1949 1533/1977 1534/1978
f 1472/1943 1473/1928 1507/1974 1506/1979
f 1490/1951 1489/1955 1523/1980 1524/1981
f 1480/1935 1475/1946 1509/1982 1514/1967
f 1497/1957 1496/1960 1530/1966 1531/1983
f 1485/1956 1503/1937 1537/1970 1519/1984
f 1487/1930 1486/1929 1520/1968 1521/1985
f 1476/1927 1477/1959 1511/1986 1510/1973
f 1494/1933 1493/1938 1527/1972 1528/1987
f 1483/1932 1484/1931 1518/1988 1517/1975
f 1501/1940 1500/1944 1534/1978 1535/1989
f 1491/1948 1490/1951 1524/1981 1525/1990
f 1474/1945 1471/1952 1505/1991 1508/1992
f 1479/1947 1481/1941 1515/1993 1513/1963
f 1498/1953 1497/1957 1531/1983 1532/1994
f 1471/1952 1470/1950 1504/1995 1505/1991
f 1488/1958 1487/1961 1521/1996 1522/1997
f 1495/1934 1494/1933 1528/1987 1529/1965
f 1477/1959 1478/1954 1512/1964 1511/1986
f 1502/1936 1501/1940 1535/1989 1536/1969
f 1484/1931 1485/1962 1519/1998 1518/1988
f 1475/1946 1474/1945 1508/1992 1509/1982
f 1492/1942 1491/1948 1525/1990 1526/1971
f 1481/1941 1482/1939 1516/1976 1515/1993
f 1499/1949 1498/1953 1532/1994 1533/1977
f 1470/1950 1472/1943 1506/1979 1504/1995
f 1489/1955 1488/1958 1522/1997 1523/1980
f 1507/1999 1510/2000 1544/2001 1541/2002
f 1527/2003 1526/2004 1560/2005 1561/2006
f 1516/2007 1517/2008 1551/2009 1550/2010
f 1534/2011 1533/2012 1567/2013 1568/2014
f 1506/2015 1507/1999 1541/2002 1540/2016
f 1524/2017 1523/2018 1557/2019 1558/2020
f 1514/2021 1509/2022 1543/2023 1548/2024
f 1531/2025 1530/2026 1564/2027 1565/2028
f 1521/2029 1520/2030 1554/2031 1555/2032
f 1519/2033 1537/2034 1571/2035 1553/2036
f 1528/2037 1527/2003 1561/2006 1562/2038
f 1510/2000 1511/2039 1545/2040 1544/2001
f 1517/2008 1518/2041 1552/2042 1551/2009
f 1535/2043 1534/2011 1568/2014 1569/2044
f 1508/2045 1505/2046 1539/2047 1542/2048
f 1525/2049 1524/2017 1558/2020 1559/2050
f 1513/2051 1515/2052 1549/2053 1547/2054
f 1532/2055 1531/2025 1565/2028 1566/2056
f 1505/2046 1504/2057 1538/2058 1539/2047
f 1522/2059 1521/2029 1555/2032 1556/2060
f 1511/2039 1512/2061 1546/2062 1545/2040
f 1529/2063 1528/2037 1562/2038 1563/2064
f 1518/2041 1519/2033 1553/2036 1552/2042
f 1536/2065 1535/2043 1569/2044 1570/2066
f 1526/2004 1525/2049 1559/2050 1560/2005
f 1509/2022 1508/2045 1542/2048 1543/2023
f 1515/2052 1516/2007 1550/2010 1549/2053
f 1533/2067 1532/2055 1566/2056 1567/2068
f 1504/2057 1506/2015 1540/2016 1538/2058
f 1523/2018 1522/2059 1556/2060 1557/2019
f 1530/2026 1529/2063 1563/2064 1564/2027
f 1512/2061 1513/2069 1547/2070 1546/2062
f 1537/2034 1536/2065 1570/2066 1571/2035
f 1520/2030 1514/2021 1548/2024 1554/2031
f 1541/2002 1544/2001 1578/2071 1575/2072
f 1561/2006 1560/2005 1594/2073 1595/2074
f 1550/2010 1551/2009 1585/2075 1584/2076
f 1568/2014 1567/2013 1601/2077 1602/2078
f 1558/2020 1557/2019 1591/2079 1592/2080
f 1540/2016 1541/2002 1575/2072 1574/2081
f 1548/2024 1543/2023 1577/2082 1582/2083
f 1565/2028 1564/2027 1598/2084 1599/2085
f 1555/2032 1554/2031 1588/2086 1589/2087
f 1553/2036 1571/2035 1605/2088 1587/2089
f 1562/2038 1561/2006 1595/2074 1596/2090
f 1544/2001 1545/2040 1579/2091 1578/2071
f 1569/2044 1568/2014 1602/2078 1603/2092
f 1551/2009 1552/2042 1586/2093 1585/2075
f 1542/2048 1539/2047 1573/2094 1576/2095
f 1559/2050 1558/2020 1592/2080 1593/2096
f 1547/2054 1549/2053 1583/2097 1581/2098
f 1566/2056 1565/2028 1599/2085 1600/2099
f 1539/2047 1538/2058 1572/2100 1573/2094
f 1556/2060 1555/2032 1589/2087 1590/2101
f 1545/2040 1546/2062 1580/2102 1579/2091
f 1563/2064 1562/2038 1596/2090 1597/2103
f 1552/2042 1553/2036 1587/2089 1586/2093
f 1570/2066 1569/2044 1603/2092 1604/2104
f 1560/2005 1559/2050 1593/2096 1594/2073
f 1543/2023 1542/2048 1576/2095 1577/2082
f 1549/2053 1550/2010 1584/2076 1583/2097
f 1567/2068 1566/2056 1600/2099 1601/2105
f 1538/2058 1540/2016 1574/2081 1572/2100
f 1557/2019 1556/2060 1590/2101 1591/2079
f 1546/2062 1547/2070 1581/2106 1580/2102
f 1564/2027 1563/2064 1597/2103 1598/2084
f 1571/2035 1570/2066 1604/2104 1605/2088
f 1554/2031 1548/2024 1582/2083 1588/2086
f 1585/2075 1586/2093 1587/2089 1606/2107
f 1604/2104 1606/2107 1587/2089 1605/2088
f 1603/2092 1608/2108 1606/2107 1604/2104
f 1584/2076 1585/2075 1606/2107 1607/2109
f 1602/2078 1611/2110 1608/2108 1603/2092
f 1583/2097 1584/2076 1607/2109 1609/2111
f 1606/2107 1608/2108 1610/2112 1607/2109
f 1599/2085 1598/2084 1633/2113 1634/2114
f 1577/2082 1576/2095 1616/2115 1617/2116
f 1588/2086 1582/2083 1622/2117 1623/2118
f 1597/2103 1596/2090 1631/2119 1632/2120
f 1574/2081 1575/2072 1615/2121 1614/2122
f 1595/2074 1594/2073 1629/2123 1630/2124
f 1573/2094 1572/2100 1612/2125 1613/2126
f 1582/2083 1577/2082 1617/2116 1622/2117
f 1593/2096 1592/2080 1627/2127 1628/2128
f 1579/2091 1580/2102 1620/2129 1619/2130
f 1591/2079 1590/2101 1625/2131 1626/2132
f 1600/2099 1599/2085 1634/2114 1635/2133
f 1575/2072 1578/2071 1618/2134 1615/2121
f 1589/2087 1588/2086 1623/2118 1624/2135
f 1598/2084 1597/2103 1632/2120 1633/2113
f 1576/2095 1573/2094 1613/2126 1616/2115
f 1596/2090 1595/2074 1630/2124 1631/2119
f 1572/2100 1574/2081 1614/2122 1612/2125
f 1594/2073 1593/2096 1628/2128 1629/2123
f 1580/2102 1581/2106 1621/2136 1620/2129
f 1592/2080 1591/2079 1626/2132 1627/2127
f 1601/2105 1600/2099 1635/2133 1636/2137
f 1578/2071 1579/2091 1619/2130 1618/2134
f 1590/2101 1589/2087 1624/2135 1625/2131
f 1581/2098 1583/2097 1609/2111 1621/2138
f 1601/2077 1636/2139 1611/2110 1602/2078
f 1635/2133 1634/2114 1661/2140 1662/2141
f 1624/2135 1623/2118 1650/2142 1651/2143
f 1633/2113 1632/2120 1659/2144 1660/2145
f 1622/2117 1617/2116 1644/2146 1649/2147
f 1631/2119 1630/2124 1657/2148 1658/2149
f 1613/2126 1612/2125 1639/2150 1640/2151
f 1619/2130 1620/2129 1647/2152 1646/2153
f 1621/2138 1609/2111 1637/2154 1648/2155
f 1629/2123 1628/2128 1655/2156 1656/2157
f 1615/2121 1618/2134 1645/2158 1642/2159
f 1616/2115 1613/2126 1640/2151 1643/2160
f 1627/2127 1626/2132 1653/2161 1654/2162
f 1636/2137 1635/2133 1662/2141 1663/2163
f 1625/2131 1624/2135 1651/2143 1652/2164
f 1634/2114 1633/2113 1660/2145 1661/2140
f 1623/2118 1622/2117 1649/2147 1650/2142
f 1632/2120 1631/2119 1658/2149 1659/2144
f 1612/2125 1614/2122 1641/2165 1639/2150
f 1620/2129 1621/2136 1648/2166 1647/2152
f 1611/2110 1636/2139 1663/2167 1638/2168
f 1630/2124 1629/2123 1656/2157 1657/2148
f 1618/2134 1619/2130 1646/2153 1645/2158
f 1617/2116 1616/2115 1643/2160 1644/2146
f 1628/2128 1627/2127 1654/2162 1655/2156
f 1614/2122 1615/2121 1642/2159 1641/2165
f 1626/2132 1625/2131 1652/2164 1653/2161
f 1611/2110 1638/2168 1610/2112 1608/2108
f 1609/2111 1607/2109 1610/2112 1637/2154
f 1610/2112 1638/2168 1664/2169 1637/2154
f 1648/2155 1637/2154 1664/2169 1678/2170
f 1663/2167 1692/2171 1664/2169 1638/2168
f 1648/2166 1678/2172 1677/2173 1647/2152
f 1688/2174 1687/2175 1713/2176 1714/2177
f 1669/2178 1699/2179 1695/2180 1665/2181
f 1674/2182 1704/2183 1703/2184 1673/2185
f 1686/2186 1685/2187 1711/2188 1712/2189
f 1693/2190 1715/2191 1716/2192 1694/2193
f 1672/2194 1702/2195 1701/2196 1671/2197
f 1684/2198 1683/2199 1709/2200 1710/2201
f 1681/2202 1694/2193 1716/2192 1707/2203
f 1670/2204 1700/2205 1699/2179 1669/2178
f 1680/2206 1682/2207 1708/2208 1706/2209
f 1666/2210 1696/2211 1698/2212 1668/2213
f 1679/2214 1680/2206 1706/2209 1705/2215
f 1687/2175 1686/2186 1712/2189 1713/2176
f 1665/2181 1695/2180 1696/2211 1666/2210
f 1673/2185 1703/2184 1702/2195 1672/2194
f 1805/2216 1684/2198 1710/2201 1806/2217
f 1667/2218 1697/2219 1715/2191 1693/2190
f 1813/2220 1814/2221 1700/2205 1670/2204
f 1682/2207 1681/2202 1707/2203 1708/2208
f 1776/2222 1777/2223 1697/2219 1667/2218
f 1683/2199 1679/2214 1705/2215 1709/2200
f 1695/2180 1717/2224 1718/2225 1696/2211
f 1706/2209 1708/2208 1730/2226 1728/2227
f 1715/2191 1737/2228 1738/2229 1716/2192
f 1705/2215 1706/2209 1728/2227 1727/2230
f 1707/2203 1716/2192 1738/2229 1729/2231
f 1703/2184 1725/2232 1724/2233 1702/2195
f 1713/2176 1712/2189 1734/2234 1735/2235
f 1814/2221 1815/2236 1722/2237 1700/2205
f 1777/2223 1778/2238 1719/2239 1697/2219
f 1806/2217 1710/2201 1732/2240 1807/2241
f 1699/2179 1721/2242 1717/2224 1695/2180
f 1708/2208 1707/2203 1729/2231 1730/2226
f 1709/2200 1705/2215 1727/2230 1731/2243
f 1697/2219 1719/2239 1737/2228 1715/2191
f 1704/2183 1726/2244 1725/2232 1703/2184
f 1714/2177 1713/2176 1735/2235 1736/2245
f 1702/2195 1724/2233 1723/2246 1701/2196
f 1700/2205 1722/2237 1721/2242 1699/2179
f 1712/2189 1711/2188 1733/2247 1734/2234
f 1696/2211 1718/2225 1720/2248 1698/2212
f 1710/2201 1709/2200 1731/2243 1732/2240
f 1721/2242 1743/2249 1739/2250 1717/2224
f 1730/2226 1729/2231 1751/2251 1752/2252
f 1731/2243 1727/2230 1749/2253 1753/2254
f 1719/2239 1741/2255 1759/2256 1737/2228
f 1875/2257 1876/2258 2043/2259 2046/2260
f 1690/2261 1689/2262 1797/2263 1849/2264
f 1724/2233 1746/2265 1745/2266 1723/2246
f 1722/2237 1744/2267 1743/2249 1721/2242
f 1734/2234 1733/2247 1755/2268 1756/2269
f 1718/2225 1740/2270 1742/2271 1720/2248
f 1732/2240 1731/2243 1753/2254 1754/2272
f 1717/2224 1739/2250 1740/2270 1718/2225
f 1728/2227 1730/2226 1752/2252 1750/2273
f 1737/2228 1759/2256 1760/2274 1738/2229
f 1727/2230 1728/2227 1750/2273 1749/2253
f 1729/2231 1738/2229 1760/2274 1751/2251
f 1725/2232 1747/2275 1746/2265 1724/2233
f 1735/2235 1734/2234 1756/2269 1757/2276
f 1815/2236 1816/2277 1744/2267 1722/2237
f 1778/2238 1779/2278 1741/2255 1719/2239
f 1807/2241 1732/2240 1754/2272 1808/2279
f 1655/2156 1654/2162 1679/2214 1683/2199
f 1643/2160 1669/2178 1665/2181 1644/2146
f 1653/2161 1652/2164 1766/2280 1767/2281
f 1650/2142 1649/2147 1764/2282 1765/2283
f 1650/2142 1765/2283 1761/2284 1651/2143
f 1652/2164 1651/2143 1761/2284 1766/2280
f 1649/2147 1644/2146 1665/2181 1764/2282
f 1653/2161 1767/2281 1679/2214 1654/2162
f 1767/2281 1766/2280 1770/2285 1771/2286
f 1765/2283 1764/2282 1768/2287 1769/2288
f 1679/2214 1767/2281 1771/2286 1680/2206
f 1666/2210 1768/2287 1764/2282 1665/2181
f 1761/2284 1765/2283 1769/2288 1762/2289
f 1762/2289 1770/2285 1766/2280 1761/2284
f 1681/2202 1772/2290 1763/2291 1694/2193
f 1693/2190 1694/2193 1763/2291 1773/2292
f 1762/2289 1763/2291 1772/2290 1770/2285
f 1762/2289 1769/2288 1773/2292 1763/2291
f 1769/2288 1768/2287 1774/2293 1773/2292
f 1668/2213 1774/2293 1768/2287 1666/2210
f 1770/2285 1772/2290 1775/2294 1771/2286
f 1682/2207 1680/2206 1771/2286 1775/2294
f 1681/2202 1682/2207 1775/2294 1772/2290
f 1693/2190 1773/2292 1774/2293 1667/2218
f 1668/2213 1698/2212 1777/2223 1776/2222
f 1698/2212 1720/2248 1778/2238 1777/2223
f 1720/2248 1742/2271 1779/2278 1778/2238
f 1668/2213 1776/2222 1667/2218 1774/2293
f 1645/2158 1646/2153 1785/2295 1784/2296
f 1642/2159 1645/2158 1784/2296 1783/2297
f 1641/2165 1642/2159 1783/2297 1782/2298
f 1639/2150 1641/2165 1782/2298 1780/2299
f 1640/2151 1639/2150 1780/2299 1781/2300
f 1661/2140 1660/2145 1790/2301 1791/2302
f 1660/2145 1659/2144 1789/2303 1790/2301
f 1659/2144 1658/2149 1788/2304 1789/2303
f 1658/2149 1657/2148 1787/2305 1788/2304
f 1657/2148 1656/2157 1786/2306 1787/2305
f 1656/2157 1655/2156 1683/2199 1786/2306
f 1640/2151 1781/2300 1669/2178 1643/2160
f 1859/2307 2045/2308 2044/2309 1860/2310
f 1688/2311 1758/2312 1797/2263 1689/2262
f 2030/2313 2031/2314 1792/2315 1796/2316
f 2031/2314 2032/2317 1800/2318 1792/2315
f 2032/2319 2033/2320 1799/2321 1800/2322
f 2033/2320 2034/2323 1798/2324 1799/2321
f 1758/2312 1850/2325 1851/2326 1797/2263
f 2035/2327 2030/2328 1796/2329 1795/2330
f 2035/2327 1795/2330 1794/2331 2036/2332
f 2036/2332 1794/2331 1793/2333 2037/2334
f 2037/2334 1793/2333 1748/2335 2029/2336
f 1797/2263 1851/2326 1852/2337 1849/2264
f 1646/2153 1647/2152 1677/2173 1785/2295
f 1663/2163 1662/2141 1691/2338 1692/2339
f 1662/2141 1661/2140 1791/2302 1691/2338
f 1691/2338 1791/2302 1790/2301 1690/2340
f 1676/2341 1784/2296 1785/2295 1677/2173
f 1675/2342 1783/2297 1784/2296 1676/2341
f 1690/2261 1790/2301 1789/2303 1689/2262
f 1688/2311 1689/2262 1789/2303 1801/2343
f 1788/2304 1787/2305 1802/2344 1803/2345
f 1788/2304 1803/2345 1801/2343 1789/2303
f 1687/2175 1688/2174 1801/2343 1803/2345
f 1687/2175 1803/2345 1802/2344 1686/2186
f 1786/2306 1804/2346 1802/2344 1787/2305
f 1685/2187 1686/2186 1802/2344 1804/2346
f 1684/2198 1804/2346 1786/2306 1683/2199
f 1685/2187 1805/2216 1806/2217 1711/2188
f 1711/2188 1806/2217 1807/2241 1733/2247
f 1733/2247 1807/2241 1808/2279 1755/2268
f 1685/2187 1804/2346 1684/2198 1805/2216
f 1782/2298 1783/2297 1810/2347 1809/2348
f 1674/2349 1810/2347 1783/2297 1675/2342
f 1782/2298 1809/2348 1812/2350 1780/2299
f 1670/2204 1669/2178 1781/2300 1811/2351
f 1781/2300 1780/2299 1812/2350 1811/2351
f 1673/2185 1809/2348 1810/2347 1674/2182
f 1673/2185 1672/2194 1812/2350 1809/2348
f 1671/2197 1811/2351 1812/2350 1672/2194
f 1671/2197 1701/2196 1814/2221 1813/2220
f 1701/2196 1723/2246 1815/2236 1814/2221
f 1723/2246 1745/2266 1816/2277 1815/2236
f 1813/2220 1670/2204 1811/2351 1671/2197
f 1817/2352 1818/2353 1822/2354 1821/2355
f 1818/2353 1819/2356 1823/2357 1822/2354
f 1819/2356 1820/2358 1824/2359 1823/2357
f 1821/2355 1822/2354 1826/2360 1825/2361
f 1822/2354 1823/2357 1827/2362 1826/2360
f 1823/2357 1824/2359 1828/2363 1827/2362
f 1825/2361 1826/2360 1830/2364 1829/2365
f 1826/2360 1827/2362 1831/2366 1830/2364
f 1827/2362 1828/2363 1832/2367 1831/2366
f 1829/2365 1830/2364 1834/2368 1833/2369
f 1830/2364 1831/2366 1835/2370 1834/2368
f 1831/2366 1832/2367 1836/2371 1835/2370
f 1833/2369 1834/2368 1838/2372 1837/2373
f 1834/2368 1835/2370 1839/2374 1838/2372
f 1835/2370 1836/2371 1840/2375 1839/2374
f 1837/2373 1838/2372 1842/2376 1841/2377
f 1838/2372 1839/2374 1843/2378 1842/2376
f 1839/2374 1840/2375 1844/2379 1843/2378
f 1843/2378 1844/2379 1848/2380 1847/2381
f 1842/2376 1843/2378 1847/2381 1846/2382
f 1841/2377 1842/2376 1846/2382 1845/2383
f 1851/2326 1854/2384 1855/2385 1852/2337
f 1850/2325 1853/2386 1854/2384 1851/2326
f 1854/2384 1857/2387 1858/2388 1855/2385
f 1853/2386 1856/2389 1857/2387 1854/2384
f 1887/2390 1860/2391 1861/2392 1886/2393
f 1888/2394 1859/2307 1860/2310 1887/2390
f 2039/2395 1865/2396 1864/2397 2038/2398
f 2038/2398 1864/2397 1863/2399 2040/2400
f 2040/2400 1863/2399 1862/2401 2041/2402
f 2034/2403 1690/2261 1849/2264 2041/2404
f 2048/2405 1889/2406 1865/2396 2039/2395
f 1853/2386 1869/2407 1870/2408 1856/2389
f 1850/2325 1868/2409 1869/2407 1853/2386
f 1758/2312 1867/2410 1868/2409 1850/2325
f 1688/2174 1714/2177 1867/2410 1758/2312
f 1868/2409 1872/2411 1873/2412 1869/2407
f 1867/2410 1871/2413 1872/2411 1868/2409
f 1714/2177 1736/2245 1871/2413 1867/2410
f 1874/2414 1870/2408 1869/2407 1873/2412
f 1891/2415 1876/2258 1875/2257 1890/2416
f 1888/2417 1856/2389 1870/2408 1890/2418
f 1874/2414 1873/2412 1880/2419 2049/2420
f 1871/2413 1878/2421 1879/2422 1872/2411
f 1736/2245 1877/2423 1878/2421 1871/2413
f 1872/2411 1879/2422 1880/2419 1873/2412
f 2047/2424 1892/2425 1882/2426 2043/2427
f 1736/2245 1735/2235 1757/2276 1877/2423
f 2044/2428 1884/2429 1866/2430 2042/2431
f 2046/2432 1885/2433 1883/2434 2045/2435
f 2045/2435 1883/2434 1884/2429 2044/2309
f 2046/2432 2043/2259 1882/2426 1885/2433
f 1861/2392 2042/2436 2048/2437 1886/2393
f 1859/2307 1888/2394 1890/2418 1875/2257
f 1874/2414 1891/2415 1890/2416 1870/2408
f 2042/2431 1866/2430 1889/2406 2048/2437
f 1856/2389 1888/2417 1887/2390 1857/2387
f 1857/2387 1887/2390 1886/2393 1858/2388
f 1989/2438 1918/2439 1917/2440 1983/2441
f 1990/2442 1911/2443 1909/2444 1984/2445
f 1991/2446 1919/2447 1918/2439 1989/2438
f 1992/2448 1910/2449 1911/2443 1990/2442
f 1993/2450 1920/2451 1919/2447 1991/2446
f 2028/2452 2022/2453 1913/2454 1985/2455
f 1995/2456 1921/2457 1920/2451 1993/2450
f 1996/2458 1914/2459 1910/2449 1992/2448
f 2020/2460 2014/2461 1921/2457 1995/2456
f 1998/2462 1915/2463 1914/2459 1996/2458
f 1999/2464 1916/2465 1915/2463 1998/2462
f 2000/2466 1908/2467 1912/2468 1994/2469
f 1983/2441 1917/2440 1916/2465 1999/2464
f 1984/2445 1909/2444 1908/2467 2000/2466
f 2001/2470 1986/2471 1925/2472 1924/2473
f 2002/2474 1987/2475 1929/2476 1928/2477
f 2003/2478 2001/2470 1924/2473 1932/2479
f 2004/2480 2002/2474 1928/2477 1934/2481
f 2005/2482 2003/2478 1932/2479 1936/2483
f 2027/2484 1988/2485 1939/2486 2023/2487
f 2007/2488 2005/2482 1936/2483 1942/2489
f 2008/2490 2004/2480 1934/2481 1944/2491
f 2019/2492 2007/2488 1942/2489 2015/2493
f 2010/2494 2008/2490 1944/2491 1948/2495
f 2011/2496 2010/2494 1948/2495 1950/2497
f 2012/2498 2006/2499 1938/2500 1952/2501
f 1986/2471 2011/2496 1950/2497 1925/2472
f 1987/2475 2012/2498 1952/2501 1929/2476
f 1921/2502 1942/2489 1936/2483 1920/2503
f 2013/2504 2016/2505 1945/2506 1907/2507
f 1897/2508 1937/2509 1951/2510 1893/2511
f 2014/2512 2015/2493 1942/2489 1921/2502
f 1908/2513 1952/2501 1938/2500 1912/2514
f 1893/2511 1951/2510 1930/2515 1894/2516
f 1909/2517 1929/2476 1952/2501 1908/2513
f 1894/2516 1930/2515 1927/2518 1896/2519
f 1911/2520 1928/2477 1929/2476 1909/2517
f 1896/2519 1927/2518 1933/2521 1895/2522
f 1910/2523 1934/2481 1928/2477 1911/2520
f 2021/2524 2024/2525 1937/2509 1897/2508
f 2022/2526 2023/2487 1939/2486 1913/2527
f 1895/2522 1933/2521 1943/2528 1899/2529
f 1914/2530 1944/2491 1934/2481 1910/2523
f 1899/2529 1943/2528 1947/2531 1900/2532
f 1915/2533 1948/2495 1944/2491 1914/2530
f 1900/2532 1947/2531 1949/2534 1901/2535
f 1916/2536 1950/2497 1948/2495 1915/2533
f 1901/2535 1949/2534 1926/2537 1902/2538
f 1960/2539 1976/2540 1940/2541 1898/2542
f 1917/2543 1925/2472 1950/2497 1916/2536
f 1902/2538 1926/2537 1923/2544 1903/2545
f 1918/2546 1924/2473 1925/2472 1917/2543
f 1903/2545 1923/2544 1931/2547 1904/2548
f 1919/2549 1932/2479 1924/2473 1918/2546
f 1904/2548 1931/2547 1935/2550 1905/2551
f 1920/2503 1936/2483 1932/2479 1919/2549
f 1905/2551 1935/2550 1941/2552 1906/2553
f 1997/2554 2009/2555 1946/2556 1922/2557
f 1907/2507 1945/2506 1979/2558 1964/2559
f 1985/2560 1988/2561 1976/2540 1960/2539
f 1930/2515 1951/2510 1982/2562 1971/2563
f 1926/2537 1949/2534 1981/2564 1969/2565
f 1951/2510 1937/2509 1975/2566 1982/2562
f 1949/2534 1947/2531 1980/2567 1981/2564
f 1947/2531 1943/2528 1978/2568 1980/2567
f 2016/2569 1941/2570 1977/2571 2017/2572
f 1943/2528 1933/2521 1973/2573 1978/2568
f 1941/2570 1935/2550 1974/2574 1977/2571
f 2024/2575 1940/2541 1976/2540 2025/2576
f 1935/2550 1931/2547 1972/2577 1974/2574
f 1933/2521 1927/2518 1970/2578 1973/2573
f 1931/2547 1923/2544 1968/2579 1972/2577
f 1927/2518 1930/2515 1971/2563 1970/2578
f 1923/2544 1926/2537 1969/2565 1968/2579
f 1894/2580 1955/2581 1967/2582 1893/2583
f 1902/2584 1953/2585 1966/2586 1901/2587
f 1893/2583 1967/2582 1961/2588 1897/2589
f 1901/2587 1966/2586 1965/2590 1900/2591
f 1900/2591 1965/2590 1963/2592 1899/2593
f 2013/2594 2018/2595 1962/2596 1906/2597
f 1899/2593 1963/2592 1958/2598 1895/2599
f 1906/2597 1962/2596 1959/2600 1905/2601
f 2021/2602 2026/2603 1960/2604 1898/2605
f 1905/2601 1959/2600 1957/2606 1904/2607
f 1895/2599 1958/2598 1956/2608 1896/2609
f 1904/2607 1957/2606 1954/2610 1903/2611
f 1896/2609 1956/2608 1955/2581 1894/2580
f 1903/2611 1954/2610 1953/2585 1902/2584
f 1913/2527 1939/2486 1988/2485 1985/2560
f 1964/2559 1979/2558 2009/2555 1997/2554
f 1971/2563 1982/2562 2012/2498 1987/2475
f 1969/2565 1981/2564 2011/2496 1986/2471
f 1982/2562 1975/2566 2006/2499 2012/2498
f 1981/2564 1980/2567 2010/2494 2011/2496
f 1980/2567 1978/2568 2008/2490 2010/2494
f 2017/2572 1977/2571 2007/2488 2019/2492
f 1978/2568 1973/2573 2004/2480 2008/2490
f 1977/2571 1974/2574 2005/2482 2007/2488
f 2025/2576 1976/2540 1988/2561 2027/2484
f 1974/2574 1972/2577 2003/2478 2005/2482
f 1973/2573 1970/2578 2002/2474 2004/2480
f 1972/2577 1968/2579 2001/2470 2003/2478
f 1970/2578 1971/2563 1987/2475 2002/2474
f 1968/2579 1969/2565 1986/2471 2001/2470
f 1955/2581 1984/2445 2000/2466 1967/2582
f 1953/2585 1983/2441 1999/2464 1966/2586
f 1967/2582 2000/2466 1994/2469 1961/2588
f 1966/2586 1999/2464 1998/2462 1965/2590
f 1965/2590 1998/2462 1996/2458 1963/2592
f 2018/2595 2020/2460 1995/2456 1962/2596
f 1963/2592 1996/2458 1992/2448 1958/2598
f 1962/2596 1995/2456 1993/2450 1959/2600
f 2026/2603 2028/2452 1985/2455 1960/2604
f 1959/2600 1993/2450 1991/2446 1957/2606
f 1958/2598 1992/2448 1990/2442 1956/2608
f 1957/2606 1991/2446 1989/2438 1954/2610
f 1956/2608 1990/2442 1984/2445 1955/2581
f 1954/2610 1989/2438 1983/2441 1953/2585
f 1964/2612 1997/2613 2020/2460 2018/2595
f 1979/2558 2017/2572 2019/2492 2009/2555
f 1907/2614 1964/2612 2018/2595 2013/2594
f 1945/2506 2016/2505 2017/2572 1979/2558
f 1922/2557 1946/2556 2015/2493 2014/2512
f 1906/2553 1941/2552 2016/2569 2013/2504
f 2009/2555 2019/2492 2015/2493 1946/2556
f 1997/2613 1922/2615 2014/2461 2020/2460
f 1961/2588 1994/2469 2028/2452 2026/2603
f 1975/2566 2025/2576 2027/2484 2006/2499
f 1897/2589 1961/2588 2026/2603 2021/2602
f 1937/2509 2024/2525 2025/2576 1975/2566
f 1912/2514 1938/2500 2023/2487 2022/2526
f 1898/2542 1940/2541 2024/2575 2021/2524
f 2006/2499 2027/2484 2023/2487 1938/2500
f 1994/2469 1912/2468 2022/2453 2028/2452
f 1875/2257 2046/2260 2045/2435 1859/2307
f 1860/2391 2044/2309 2042/2431 1861/2392
f 1891/2415 2047/2424 2043/2427 1876/2258
f 1886/2393 2048/2437 2039/2395 1858/2388
f 1798/2324 2034/2323 2041/2404 1862/2401
f 1852/2337 2040/2400 2041/2402 1849/2264
f 1855/2385 2038/2398 2040/2400 1852/2337
f 1858/2388 2039/2395 2038/2398 1855/2385
f 1675/2342 2037/2334 2029/2336 1674/2349
f 1676/2341 2036/2332 2037/2334 1675/2342
f 1677/2173 2035/2327 2036/2332 1676/2341
f 1677/2173 1678/2172 2030/2328 2035/2327
f 1691/2338 1690/2340 2034/2403 2033/2320
f 1692/2339 1691/2338 2033/2320 2032/2319
f 1664/2169 1692/2171 2032/2317 2031/2314
f 1678/2170 1664/2169 2031/2314 2030/2313
f 1874/2414 2049/2420 2047/2424 1891/2415
f 1881/2616 1892/2425 2047/2424 2049/2420
f 2158/2617 2073/2618 2072/2619 2140/2620
f 2159/2621 2069/2622 2066/2623 2141/2624
f 2185/2625 2179/2626 2073/2618 2158/2617
f 2161/2627 2067/2628 2065/2629 2142/2630
f 2142/2630 2065/2629 2075/2631 2143/2632
f 2141/2624 2066/2623 2068/2633 2144/2634
f 2143/2632 2075/2631 2076/2635 2145/2636
f 2144/2634 2068/2633 2067/2628 2161/2627
f 2145/2636 2076/2635 2077/2637 2146/2638
f 2162/2639 2070/2640 2069/2622 2159/2621
f 2146/2638 2077/2637 2078/2641 2147/2642
f 2163/2643 2071/2644 2070/2640 2162/2639
f 2177/2645 2171/2646 2079/2647 2148/2648
f 2140/2620 2072/2619 2071/2644 2163/2643
f 2164/2649 2149/2650 2082/2651 2081/2652
f 2165/2653 2150/2654 2086/2655 2085/2656
f 2184/2657 2164/2649 2081/2652 2180/2658
f 2167/2659 2151/2660 2092/2661 2091/2662
f 2151/2660 2152/2663 2094/2664 2092/2661
f 2150/2654 2153/2665 2096/2666 2086/2655
f 2152/2663 2154/2667 2098/2668 2094/2664
f 2153/2665 2167/2659 2091/2662 2096/2666
f 2154/2667 2155/2669 2100/2670 2098/2668
f 2168/2671 2165/2653 2085/2656 2103/2672
f 2155/2669 2156/2673 2104/2674 2100/2670
f 2169/2675 2168/2671 2103/2672 2107/2676
f 2176/2677 2157/2678 2108/2679 2172/2680
f 2149/2650 2169/2675 2107/2676 2082/2651
f 2060/2681 2095/2682 2093/2683 2050/2684
f 2065/2629 2092/2685 2094/2686 2075/2631
f 2061/2687 2099/2688 2095/2682 2060/2681
f 2075/2631 2094/2686 2098/2689 2076/2635
f 2062/2690 2101/2691 2099/2688 2061/2687
f 2076/2635 2098/2689 2100/2692 2077/2637
f 2063/2693 2105/2694 2101/2691 2062/2690
f 2077/2637 2100/2692 2104/2695 2078/2641
f 2170/2696 2173/2697 2105/2694 2063/2693
f 2051/2698 2087/2699 2084/2700 2054/2701
f 2171/2646 2172/2702 2108/2703 2079/2647
f 2069/2622 2085/2704 2086/2705 2066/2623
f 2050/2684 2093/2683 2090/2706 2052/2707
f 2067/2628 2091/2708 2092/2685 2065/2629
f 2124/2709 2139/2710 2109/2711 2064/2712
f 2053/2713 2097/2714 2087/2699 2051/2698
f 2066/2623 2086/2705 2096/2715 2068/2633
f 2052/2707 2090/2706 2097/2714 2053/2713
f 2068/2633 2096/2715 2091/2708 2067/2628
f 2054/2701 2084/2700 2102/2716 2055/2717
f 2070/2640 2103/2718 2085/2704 2069/2622
f 2055/2717 2102/2716 2106/2719 2056/2720
f 2160/2721 2166/2722 2089/2723 2074/2724
f 2071/2644 2107/2725 2103/2718 2070/2640
f 2056/2720 2106/2719 2083/2726 2057/2727
f 2072/2619 2082/2728 2107/2725 2071/2644
f 2057/2727 2083/2726 2080/2729 2058/2730
f 2073/2618 2081/2731 2082/2728 2072/2619
f 2178/2732 2181/2733 2088/2734 2059/2735
f 2179/2626 2180/2736 2081/2731 2073/2618
f 2059/2735 2088/2734 2129/2737 2114/2738
f 2148/2739 2157/2740 2139/2710 2124/2709
f 2083/2741 2106/2742 2138/2743 2126/2744
f 2173/2745 2109/2746 2139/2747 2174/2748
f 2106/2742 2102/2749 2136/2750 2138/2743
f 2101/2751 2105/2752 2137/2753 2135/2754
f 2102/2749 2084/2755 2127/2756 2136/2750
f 2099/2757 2101/2751 2135/2754 2134/2758
f 2097/2759 2090/2760 2130/2761 2133/2762
f 2095/2763 2099/2757 2134/2758 2132/2764
f 2087/2765 2097/2759 2133/2762 2128/2766
f 2093/2767 2095/2763 2132/2764 2131/2768
f 2090/2760 2093/2767 2131/2768 2130/2761
f 2181/2769 2080/2770 2125/2771 2182/2772
f 2084/2755 2087/2765 2128/2766 2127/2756
f 2080/2770 2083/2741 2126/2744 2125/2771
f 2057/2727 2110/2773 2123/2774 2056/2720
f 2170/2775 2175/2776 2124/2709 2064/2712
f 2056/2720 2123/2774 2121/2777 2055/2717
f 2062/2690 2120/2778 2122/2779 2063/2693
f 2055/2717 2121/2777 2113/2780 2054/2701
f 2061/2687 2119/2781 2120/2778 2062/2690
f 2053/2713 2118/2782 2116/2783 2052/2707
f 2060/2681 2117/2784 2119/2781 2061/2687
f 2051/2698 2112/2785 2118/2782 2053/2713
f 2050/2684 2115/2786 2117/2784 2060/2681
f 2052/2707 2116/2783 2115/2786 2050/2684
f 2178/2787 2183/2788 2111/2789 2058/2790
f 2054/2701 2113/2780 2112/2785 2051/2698
f 2058/2730 2111/2789 2110/2773 2057/2727
f 2079/2647 2108/2703 2157/2740 2148/2648
f 2114/2738 2129/2737 2166/2722 2160/2721
f 2126/2744 2138/2743 2169/2675 2149/2650
f 2174/2748 2139/2747 2157/2678 2176/2677
f 2138/2743 2136/2750 2168/2671 2169/2675
f 2135/2754 2137/2753 2156/2673 2155/2669
f 2136/2750 2127/2756 2165/2653 2168/2671
f 2134/2758 2135/2754 2155/2669 2154/2667
f 2133/2762 2130/2761 2167/2659 2153/2665
f 2132/2764 2134/2758 2154/2667 2152/2663
f 2128/2766 2133/2762 2153/2665 2150/2654
f 2131/2768 2132/2764 2152/2663 2151/2660
f 2130/2761 2131/2768 2151/2660 2167/2659
f 2182/2772 2125/2771 2164/2649 2184/2657
f 2127/2756 2128/2766 2150/2654 2165/2653
f 2125/2771 2126/2744 2149/2650 2164/2649
f 2110/2773 2140/2620 2163/2643 2123/2774
f 2175/2776 2177/2645 2148/2648 2124/2709
f 2123/2774 2163/2643 2162/2639 2121/2777
f 2120/2778 2146/2638 2147/2642 2122/2779
f 2121/2777 2162/2639 2159/2621 2113/2780
f 2119/2781 2145/2636 2146/2638 2120/2778
f 2118/2782 2144/2634 2161/2627 2116/2783
f 2117/2784 2143/2632 2145/2636 2119/2781
f 2112/2785 2141/2624 2144/2634 2118/2782
f 2115/2786 2142/2630 2143/2632 2117/2784
f 2116/2783 2161/2627 2142/2630 2115/2786
f 2183/2788 2185/2625 2158/2617 2111/2789
f 2113/2780 2159/2621 2141/2624 2112/2785
f 2111/2789 2158/2617 2140/2620 2110/2773
f 2122/2779 2147/2642 2177/2645 2175/2776
f 2137/2753 2174/2748 2176/2677 2156/2673
f 2063/2693 2122/2779 2175/2776 2170/2696
f 2105/2752 2173/2745 2174/2748 2137/2753
f 2078/2641 2104/2695 2172/2702 2171/2646
f 2064/2712 2109/2711 2173/2697 2170/2775
f 2156/2673 2176/2677 2172/2680 2104/2674
f 2147/2642 2078/2641 2171/2646 2177/2645
f 2114/2738 2160/2721 2185/2625 2183/2788
f 2129/2791 2182/2772 2184/2657 2166/2792
f 2059/2735 2114/2738 2183/2788 2178/2732
f 2088/2793 2181/2769 2182/2772 2129/2791
f 2074/2724 2089/2723 2180/2736 2179/2626
f 2058/2790 2080/2729 2181/2733 2178/2787
f 2166/2792 2184/2657 2180/2658 2089/2794
f 2160/2721 2074/2724 2179/2626 2185/2625
f 2222/2795 2195/2796 2192/2797 2216/2798
f 2223/2799 2193/2800 2191/2801 2217/2802
f 2216/2798 2192/2797 2194/2803 2218/2804
f 2218/2804 2194/2803 2193/2800 2223/2799
f 2224/2805 2219/2806 2198/2807 2197/2808
f 2225/2809 2220/2810 2202/2811 2201/2812
f 2219/2806 2221/2813 2204/2814 2198/2807
f 2221/2813 2225/2809 2201/2812 2204/2814
f 2187/2815 2199/2816 2196/2817 2190/2818
f 2195/2796 2197/2819 2198/2820 2192/2797
f 2186/2821 2203/2822 2200/2823 2188/2824
f 2193/2800 2201/2825 2202/2826 2191/2801
f 2189/2827 2205/2828 2199/2816 2187/2815
f 2192/2797 2198/2820 2204/2829 2194/2803
f 2188/2824 2200/2823 2205/2828 2189/2827
f 2194/2803 2204/2829 2201/2825 2193/2800
f 2205/2830 2200/2831 2213/2832 2215/2833
f 2199/2834 2205/2830 2215/2833 2212/2835
f 2200/2831 2203/2836 2214/2837 2213/2832
f 2196/2838 2199/2834 2212/2835 2211/2839
f 2189/2827 2210/2840 2209/2841 2188/2824
f 2187/2815 2206/2842 2210/2840 2189/2827
f 2188/2824 2209/2841 2208/2843 2186/2821
f 2190/2818 2207/2844 2206/2842 2187/2815
f 2215/2833 2213/2832 2225/2809 2221/2813
f 2212/2835 2215/2833 2221/2813 2219/2806
f 2213/2832 2214/2837 2220/2810 2225/2809
f 2211/2839 2212/2835 2219/2806 2224/2805
f 2210/2840 2218/2804 2223/2799 2209/2841
f 2206/2842 2216/2798 2218/2804 2210/2840
f 2209/2841 2223/2799 2217/2802 2208/2843
f 2207/2844 2222/2795 2216/2798 2206/2842
f 2233/2845 2234/1925 2237/1924 2236/2846
f 2226/1911 2236/2846 2237/1924 2227/1921
f 2229/1918 2230/2847 2235/2848 2228/1910
f 2230/2847 2231/1919 2232/1915 2235/2848
f 2232/1915 2233/1914 2236/2846 2235/2848
f 2228/1910 2235/2848 2236/2846 2226/1911
f 2245/2849 2230/2847 2229/1918 2243/1917
f 2242/1926 2234/1925 2233/2845 2244/1913
f 2240/1922 2227/1921 2237/1924 2241/1923
f 2238/1920 2231/1919 2230/2847 2245/2849
f 1440/1876 2238/1920 2245/2849 1439/1884
f 1426/1850 2240/1922 2241/1923 1459/1908
f 1443/1846 2242/1926 2244/1913 1442/1860
f 1439/1884 2245/2849 2243/1917 1438/1890
f 1459/1908 2241/1923 2242/1926 1443/1846
f 1427/1849 2239/1912 2240/1922 1426/1850
f 1441/1866 1457/1916 2238/1920 1440/1876
f 1438/1890 2243/1917 1458/1909 1432/1880
f 1442/1860 2244/1913 1457/1916 1441/1866
f 1432/1880 1458/1909 2239/1912 1427/1849
f 2347/2850 2343/2851 2267/2852 2290/2853
f 2293/2854 2263/2855 2264/2856 2292/2857
f 2339/2858 2335/2859 2260/2860 2294/2861
f 2294/2861 2260/2860 2259/2862 2296/2863
f 2292/2857 2264/2856 2265/2864 2297/2865
f 2299/2866 2261/2867 2262/2868 2298/2869
f 2300/2870 2258/2871 2261/2867 2299/2866
f 2297/2865 2265/2864 2266/2872 2291/2873
f 2298/2869 2262/2868 2263/2855 2293/2854
f 2296/2863 2259/2862 2258/2871 2300/2870
f 2346/2874 2302/2875 2270/2876 2344/2877
f 2303/2878 2304/2879 2274/2880 2273/2881
f 2338/2882 2306/2883 2278/2884 2336/2885
f 2306/2883 2307/2886 2280/2887 2278/2884
f 2304/2879 2308/2888 2282/2889 2274/2880
f 2309/2890 2310/2891 2286/2892 2285/2893
f 2311/2894 2309/2890 2285/2893 2289/2895
f 2308/2888 2301/2896 2269/2897 2282/2889
f 2310/2891 2303/2878 2273/2881 2286/2892
f 2307/2886 2311/2894 2289/2895 2280/2887
f 2260/2860 2278/2898 2280/2899 2259/2862
f 2295/2900 2305/2901 2277/2902 2257/2903
f 2334/2904 2337/2905 2276/2906 2246/2907
f 2265/2864 2282/2908 2269/2909 2266/2872
f 2258/2871 2289/2910 2285/2911 2261/2867
f 2251/2912 2287/2913 2284/2914 2250/2915
f 2343/2851 2344/2916 2270/2917 2267/2852
f 2259/2862 2280/2899 2289/2910 2258/2871
f 2252/2918 2272/2919 2287/2913 2251/2912
f 2322/2920 2328/2921 2271/2922 2256/2923
f 2335/2859 2336/2924 2278/2898 2260/2860
f 2253/2925 2275/2926 2272/2919 2252/2918
f 2261/2867 2285/2911 2286/2927 2262/2868
f 2254/2928 2283/2929 2275/2926 2253/2925
f 2248/2930 2281/2931 2279/2932 2249/2933
f 2262/2868 2286/2927 2273/2934 2263/2855
f 2255/2935 2268/2936 2283/2929 2254/2928
f 2250/2915 2284/2914 2288/2937 2247/2938
f 2263/2855 2273/2934 2274/2939 2264/2856
f 2342/2940 2345/2941 2268/2936 2255/2935
f 2247/2938 2288/2937 2281/2931 2248/2930
f 2264/2856 2274/2939 2282/2908 2265/2864
f 2267/2852 2270/2917 2302/2942 2290/2853
f 2314/2943 2319/2944 2305/2901 2295/2900
f 2331/2945 2321/2946 2311/2894 2307/2886
f 2333/2947 2318/2948 2303/2878 2310/2891
f 2332/2949 2317/2950 2301/2896 2308/2888
f 2321/2946 2320/2951 2309/2890 2311/2894
f 2320/2951 2333/2947 2310/2891 2309/2890
f 2329/2952 2332/2949 2308/2888 2304/2879
f 2330/2953 2331/2945 2307/2886 2306/2883
f 2341/2954 2330/2953 2306/2883 2338/2882
f 2318/2948 2329/2952 2304/2879 2303/2878
f 2349/2955 2328/2956 2302/2875 2346/2874
f 2325/2957 2296/2863 2300/2870 2316/2958
f 2327/2959 2298/2869 2293/2854 2313/2960
f 2326/2961 2297/2865 2291/2873 2312/2962
f 2316/2958 2300/2870 2299/2866 2315/2963
f 2315/2963 2299/2866 2298/2869 2327/2959
f 2323/2964 2292/2857 2297/2865 2326/2961
f 2324/2965 2294/2861 2296/2863 2325/2957
f 2340/2966 2339/2858 2294/2861 2324/2965
f 2313/2960 2293/2854 2292/2857 2323/2964
f 2348/2967 2347/2850 2290/2853 2322/2968
f 2342/2969 2348/2967 2322/2968 2256/2923
f 2252/2918 2313/2960 2323/2964 2253/2925
f 2334/2970 2340/2966 2324/2965 2249/2971
f 2249/2933 2324/2965 2325/2957 2248/2930
f 2253/2925 2323/2964 2326/2961 2254/2928
f 2250/2915 2315/2963 2327/2959 2251/2912
f 2247/2938 2316/2958 2315/2963 2250/2915
f 2254/2928 2326/2961 2312/2962 2255/2935
f 2251/2912 2327/2959 2313/2960 2252/2918
f 2248/2930 2325/2957 2316/2958 2247/2938
f 2345/2972 2271/2973 2328/2956 2349/2955
f 2272/2974 2275/2975 2329/2952 2318/2948
f 2337/2976 2279/2977 2330/2953 2341/2954
f 2279/2977 2281/2978 2331/2945 2330/2953
f 2275/2975 2283/2979 2332/2949 2329/2952
f 2284/2980 2287/2981 2333/2947 2320/2951
f 2288/2982 2284/2980 2320/2951 2321/2946
f 2283/2979 2268/2983 2317/2950 2332/2949
f 2287/2981 2272/2974 2318/2948 2333/2947
f 2281/2978 2288/2982 2321/2946 2331/2945
f 2246/2907 2276/2906 2319/2944 2314/2943
f 2290/2853 2302/2942 2328/2921 2322/2968
f 2276/2984 2337/2976 2341/2954 2319/2985
f 2246/2907 2314/2943 2340/2966 2334/2904
f 2314/2943 2295/2900 2339/2858 2340/2966
f 2319/2985 2341/2954 2338/2882 2305/2986
f 2257/2903 2277/2902 2336/2924 2335/2859
f 2249/2971 2279/2932 2337/2905 2334/2970
f 2305/2986 2338/2882 2336/2885 2277/2987
f 2295/2900 2257/2903 2335/2859 2339/2858
f 2268/2983 2345/2972 2349/2955 2317/2950
f 2255/2935 2312/2962 2348/2967 2342/2940
f 2312/2962 2291/2873 2347/2850 2348/2967
f 2317/2950 2349/2955 2346/2874 2301/2896
f 2256/2923 2271/2922 2345/2941 2342/2969
f 2266/2872 2269/2909 2344/2916 2343/2851
f 2301/2896 2346/2874 2344/2877 2269/2897
f 2291/2873 2266/2872 2343/2851 2347/2850
f 2419/2988 2513/2989 2508/2990 2369/2991
f 2411/2992 2353/2993 2355/2994 2412/2995
f 2412/2995 2355/2994 2357/2996 2413/2997
f 2467/2998 2464/2999 2359/3000 2414/3001
f 2474/3002 2471/3003 2361/3004 2415/3005
f 2415/3005 2361/3004 2363/3006 2416/3007
f 2416/3007 2363/3006 2365/3008 2417/3009
f 2367/3010 2507/3011 2506/3012 2365/3013
f 2424/3014 2514/3015 2503/3016 2410/3017
f 2419/2988 2369/2991 2371/3018 2420/3019
f 2420/3019 2371/3018 2373/3020 2421/3021
f 2422/3022 2375/3023 2377/3024 2423/3025
f 2423/3025 2377/3024 2379/3026 2424/3027
f 2369/2991 2508/2990 2507/3011 2367/3010
f 2425/3028 2426/3029 2383/3030 2381/3031
f 2426/3029 2427/3032 2385/3033 2383/3030
f 2427/3032 2428/3034 2387/3035 2385/3033
f 2468/3036 2429/3037 2389/3038 2466/3039
f 2475/3040 2430/3041 2391/3042 2473/3043
f 2430/3041 2431/3044 2393/3045 2391/3042
f 2431/3044 2432/3046 2395/3047 2393/3045
f 2432/3046 2433/3048 2397/3049 2395/3047
f 2433/3048 2434/3050 2399/3051 2397/3049
f 2434/3050 2435/3052 2401/3053 2399/3051
f 2435/3052 2436/3054 2403/3055 2401/3053
f 2437/3056 2438/3057 2407/3058 2405/3059
f 2438/3057 2439/3060 2409/3061 2407/3058
f 2439/3060 2425/3028 2381/3031 2409/3061
f 2378/3062 2424/3014 2410/3017 2350/3063
f 2376/3064 2423/3025 2424/3027 2378/3062
f 2374/3065 2422/3022 2423/3025 2376/3064
f 2370/3066 2420/3019 2421/3021 2372/3067
f 2368/3068 2419/2988 2420/3019 2370/3066
f 2366/3069 2418/3070 2419/2988 2368/3068
f 2364/3071 2417/3072 2418/3070 2366/3069
f 2362/3073 2416/3007 2417/3009 2364/3071
f 2360/3074 2415/3005 2416/3007 2362/3073
f 2470/3075 2474/3002 2415/3005 2360/3074
f 2463/3076 2467/2998 2414/3001 2358/3077
f 2354/3078 2412/2995 2413/2997 2356/3079
f 2352/3080 2411/2992 2412/2995 2354/3078
f 2350/3063 2410/3017 2411/2992 2352/3080
f 2408/3081 2380/3082 2425/3028 2439/3060
f 2406/3083 2408/3081 2439/3060 2438/3057
f 2404/3084 2406/3083 2438/3057 2437/3056
f 2400/3085 2402/3086 2436/3054 2435/3052
f 2398/3087 2400/3085 2435/3052 2434/3050
f 2396/3088 2398/3087 2434/3050 2433/3048
f 2394/3089 2396/3088 2433/3048 2432/3046
f 2392/3090 2394/3089 2432/3046 2431/3044
f 2390/3091 2392/3090 2431/3044 2430/3041
f 2472/3092 2390/3091 2430/3041 2475/3040
f 2465/3093 2388/3094 2429/3037 2468/3036
f 2384/3095 2386/3096 2428/3034 2427/3032
f 2382/3097 2384/3095 2427/3032 2426/3029
f 2380/3082 2382/3097 2426/3029 2425/3028
f 2378/3098 2350/3099 2380/3100 2408/3101
f 2376/3102 2378/3098 2408/3101 2406/3103
f 2374/3104 2376/3102 2406/3103 2404/3105
f 2350/3099 2352/3106 2382/3107 2380/3100
f 2352/3106 2354/3108 2384/3109 2382/3107
f 2354/3108 2356/3110 2386/3111 2384/3109
f 2463/3112 2358/3113 2388/3114 2465/3115
f 2470/3116 2360/3117 2390/3118 2472/3119
f 2360/3117 2362/3120 2392/3121 2390/3118
f 2362/3120 2364/3122 2394/3123 2392/3121
f 2364/3122 2366/3124 2396/3125 2394/3123
f 2366/3124 2368/3126 2398/3127 2396/3125
f 2368/3126 2370/3128 2400/3129 2398/3127
f 2370/3128 2372/3130 2402/3131 2400/3129
f 2372/3132 2421/3133 2436/3054 2402/3086
f 2421/3133 2373/3134 2403/3055 2436/3054
f 2374/3135 2404/3084 2437/3056 2422/3136
f 2422/3136 2437/3056 2405/3059 2375/3137
f 2458/3138 2457/3139 2375/3140 2405/3141
f 2473/3142 2476/3143 2444/3144 2389/3145
f 2401/3146 2449/3147 2448/3148 2399/3149
f 2387/3150 2443/3151 2442/3152 2385/3153
f 2395/3154 2477/3155 2480/3156 2447/3157
f 2383/3158 2441/3159 2440/3160 2381/3161
f 2409/3162 2453/3163 2452/3164 2407/3165
f 2393/3166 2446/3167 2445/3168 2391/3169
f 2403/3170 2450/3171 2449/3147 2401/3146
f 2461/3172 2462/3173 2450/3171 2403/3170
f 2466/3174 2469/3175 2443/3151 2387/3150
f 2399/3176 2479/3177 2478/3178 2397/3179
f 2381/3161 2440/3160 2453/3163 2409/3162
f 2385/3153 2442/3152 2441/3159 2383/3158
f 2395/3154 2447/3157 2446/3167 2393/3166
f 2407/3165 2452/3164 2451/3180 2405/3181
f 2458/3182 2459/3183 2456/3184 2455/3185
f 2461/3186 2460/3187 2454/3188 2455/3189
f 2405/3141 2451/3180 2459/3183 2458/3138
f 2455/3189 2454/3188 2457/3139 2458/3182
f 2403/3170 2373/3190 2460/3187 2461/3172
f 2455/3189 2456/3184 2462/3173 2461/3186
f 2389/3145 2444/3144 2469/3175 2466/3174
f 2356/3110 2463/3112 2465/3115 2386/3111
f 2386/3096 2465/3093 2468/3036 2428/3034
f 2356/3079 2413/2997 2467/2998 2463/3076
f 2428/3034 2468/3036 2466/3039 2387/3035
f 2413/2997 2357/2996 2464/2999 2467/2998
f 2391/3169 2445/3168 2476/3143 2473/3142
f 2358/3113 2470/3116 2472/3119 2388/3114
f 2388/3094 2472/3092 2475/3040 2429/3037
f 2358/3077 2414/3001 2474/3002 2470/3075
f 2429/3037 2475/3040 2473/3043 2389/3038
f 2414/3001 2359/3000 2471/3003 2474/3002
f 2478/3191 2481/3192 2480/3156 2477/3155
f 2479/3177 2482/3193 2481/3192 2478/3178
f 2448/3148 2482/3193 2479/3177 2399/3149
f 2397/3179 2478/3178 2477/3155 2395/3154
f 2361/3194 2488/3195 2489/3196 2363/3197
f 2371/3198 2493/3199 2494/3200 2373/3201
f 2373/3201 2494/3200 2500/3202 2460/3203
f 2464/3204 2501/3205 2487/3206 2359/3207
f 2367/3208 2491/3209 2492/3210 2369/3211
f 2379/3212 2497/3213 2483/3214 2351/3215
f 2353/3216 2484/3217 2485/3218 2355/3219
f 2363/3197 2489/3196 2490/3220 2365/3221
f 2454/3222 2498/3223 2499/3224 2457/3225
f 2375/3226 2495/3227 2496/3228 2377/3229
f 2471/3230 2502/3231 2488/3195 2361/3194
f 2369/3211 2492/3210 2493/3199 2371/3198
f 2359/3207 2487/3206 2502/3231 2471/3230
f 2457/3225 2499/3224 2495/3227 2375/3226
f 2460/3203 2500/3202 2498/3223 2454/3222
f 2355/3219 2485/3218 2486/3232 2357/3233
f 2365/3221 2490/3220 2491/3209 2367/3208
f 2357/3233 2486/3232 2501/3205 2464/3204
f 2351/3215 2483/3214 2484/3217 2353/3216
f 2377/3229 2496/3228 2497/3213 2379/3212
f 2503/3234 2504/3235 2505/3236 2510/3237
f 2511/3238 2506/3012 2507/3011 2512/3239
f 2512/3239 2507/3011 2508/2990 2513/2989
f 2514/3015 2509/3240 2504/3235 2503/3016
f 2418/3070 2512/3239 2513/2989 2419/2988
f 2365/3008 2506/3012 2511/3238 2417/3009
f 2351/3241 2504/3235 2509/3240 2379/3242
f 2379/3026 2509/3240 2514/3015 2424/3027
f 2417/3072 2511/3238 2512/3239 2418/3070
f 2410/3017 2503/3016 2510/3237 2411/2992
f 2411/2992 2510/3237 2505/3236 2353/2993
f 2353/2993 2505/3236 2504/3235 2351/3241