# Exported from MakeClothes (TM)
# author Elvaerwyn
# license CC_by
# homepage http://www.makehuman.org/
v 1.7317 -7.5573 -0.1154
v 1.7317 -7.5573 -0.1154
v 1.7317 -7.5573 -0.1154
v 1.7317 -7.5573 -0.1154
v 1.7317 -7.5573 -0.1154
v 1.7317 -7.5573 -0.1154
v 1.7317 -7.5573 -0.1154
v 1.7317 -7.5573 -0.1154
v 1.7317 -7.5573 -0.1154
v 1.7317 -7.5573 -0.1154
v 1.7317 -7.5573 -0.1154
v 1.7317 -7.5573 -0.1154
v 1.7317 -7.5573 -0.1154
v 1.7317 -7.5573 -0.1154
v 1.7317 -7.5573 -0.1154
v 1.7317 -7.5573 -0.1154
v 1.7317 -7.5573 -0.1154
v 1.7317 -7.5573 -0.1154
v 1.7317 -7.5573 -0.1154
v 1.7317 -7.5573 -0.1154
v 1.7317 -7.5573 -0.1154
v 1.7317 -7.5573 -0.1154
v 1.7317 -7.5573 -0.1154
v 1.7317 -7.5573 -0.1154
v 1.7317 -7.5573 -0.1154
v 1.7317 -7.5573 -0.1154
v 1.7317 -7.5573 -0.1154
v 1.7317 -7.5573 -0.1154
v 1.7317 -7.5573 -0.1154
v 1.7317 -7.5573 -0.1154
v 1.7317 -7.5573 -0.1154
v 1.7317 -7.5573 -0.1154
v 1.7317 -7.5573 -0.1154
v 1.7243 -7.5824 -0.0953
v 1.7464 -7.5824 -0.0945
v 1.7668 -7.5825 -0.0917
v 1.7863 -7.5799 -0.0871
v 1.8007 -7.5800 -0.0842
v 1.8098 -7.5774 -0.0858
v 1.8144 -7.5724 -0.0885
v 1.8158 -7.5700 -0.0950
v 1.8154 -7.5674 -0.1003
v 1.8151 -7.5649 -0.1056
v 1.8148 -7.5623 -0.1109
v 1.8118 -7.5573 -0.1150
v 1.8047 -7.5548 -0.1210
v 1.7928 -7.5548 -0.1269
v 1.7747 -7.5522 -0.1319
v 1.7543 -7.5498 -0.1354
v 1.7313 -7.5498 -0.1378
v 1.7068 -7.5498 -0.1368
v 1.6848 -7.5498 -0.1335
v 1.6646 -7.5523 -0.1291
v 1.6488 -7.5548 -0.1225
v 1.6397 -7.5573 -0.1156
v 1.6349 -7.5598 -0.1092
v 1.6344 -7.5624 -0.1038
v 1.6365 -7.5674 -0.0975
v 1.6384 -7.5674 -0.0923
v 1.6422 -7.5724 -0.0860
v 1.6476 -7.5749 -0.0825
v 1.6555 -7.5774 -0.0812
v 1.6683 -7.5799 -0.0831
v 1.6854 -7.5824 -0.0884
v 1.7243 -7.5824 -0.0953
v 1.7040 -7.5824 -0.0925
v 1.7254 -7.6125 -0.1050
v 1.7467 -7.6125 -0.1049
v 1.7679 -7.6124 -0.1021
v 1.7865 -7.6100 -0.0997
v 1.8000 -7.6099 -0.0996
v 1.8099 -7.6075 -0.1011
v 1.8145 -7.6024 -0.1046
v 1.8150 -7.6000 -0.1113
v 1.8148 -7.5999 -0.1172
v 1.8152 -7.5950 -0.1218
v 1.8140 -7.5924 -0.1271
v 1.8112 -7.5899 -0.1314
v 1.8051 -7.5899 -0.1360
v 1.7930 -7.5874 -0.1413
v 1.7750 -7.5850 -0.1458
v 1.7545 -7.5824 -0.1487
v 1.7324 -7.5824 -0.1505
v 1.7087 -7.5823 -0.1503
v 1.6858 -7.5824 -0.1471
v 1.6656 -7.5849 -0.1426
v 1.6505 -7.5874 -0.1379
v 1.6405 -7.5874 -0.1315
v 1.6357 -7.5899 -0.1257
v 1.6352 -7.5949 -0.1210
v 1.6364 -7.5975 -0.1151
v 1.6384 -7.6000 -0.1093
v 1.6412 -7.6025 -0.1042
v 1.6467 -7.6050 -0.0994
v 1.6546 -7.6076 -0.0974
v 1.6675 -7.6101 -0.0985
v 1.6845 -7.6099 -0.1003
v 1.7254 -7.6125 -0.1050
v 1.7042 -7.6126 -0.1036
v 1.7254 -7.6376 -0.1119
v 1.7475 -7.6376 -0.1119
v 1.7678 -7.6351 -0.1108
v 1.7865 -7.6351 -0.1097
v 1.8008 -7.6351 -0.1095
v 1.8098 -7.6325 -0.1126
v 1.8138 -7.6300 -0.1168
v 1.8151 -7.6275 -0.1227
v 1.8147 -7.6250 -0.1287
v 1.8152 -7.6225 -0.1332
v 1.8142 -7.6225 -0.1378
v 1.8113 -7.6175 -0.1416
v 1.8051 -7.6150 -0.1462
v 1.7930 -7.6126 -0.1509
v 1.7758 -7.6100 -0.1553
v 1.7555 -7.6125 -0.1581
v 1.7333 -7.6100 -0.1593
v 1.7095 -7.6100 -0.1590
v 1.6876 -7.6124 -0.1565
v 1.6672 -7.6124 -0.1527
v 1.6522 -7.6151 -0.1473
v 1.6422 -7.6175 -0.1423
v 1.6364 -7.6199 -0.1370
v 1.6358 -7.6200 -0.1318
v 1.6370 -7.6225 -0.1266
v 1.6391 -7.6275 -0.1206
v 1.6420 -7.6300 -0.1149
v 1.6464 -7.6300 -0.1107
v 1.6544 -7.6326 -0.1080
v 1.6674 -7.6351 -0.1076
v 1.6844 -7.6351 -0.1094
v 1.7254 -7.6376 -0.1119
v 1.7041 -7.6376 -0.1112
v 1.7261 -7.6601 -0.1181
v 1.7474 -7.6601 -0.1181
v 1.7687 -7.6601 -0.1175
v 1.7872 -7.6576 -0.1169
v 1.8007 -7.6576 -0.1175
v 1.8098 -7.6576 -0.1204
v 1.8146 -7.6551 -0.1246
v 1.8151 -7.6526 -0.1305
v 1.8154 -7.6476 -0.1366
v 1.8150 -7.6450 -0.1413
v 1.8149 -7.6451 -0.1451
v 1.8120 -7.6426 -0.1500
v 1.8058 -7.6401 -0.1540
v 1.7937 -7.6376 -0.1586
v 1.7767 -7.6376 -0.1622
v 1.7563 -7.6376 -0.1650
v 1.7340 -7.6351 -0.1668
v 1.7102 -7.6351 -0.1665
v 1.6883 -7.6375 -0.1632
v 1.6688 -7.6376 -0.1596
v 1.6536 -7.6376 -0.1546
v 1.6436 -7.6401 -0.1496
v 1.6380 -7.6451 -0.1440
v 1.6374 -7.6476 -0.1393
v 1.6376 -7.6476 -0.1342
v 1.6397 -7.6502 -0.1284
v 1.6425 -7.6526 -0.1233
v 1.6472 -7.6552 -0.1183
v 1.6550 -7.6551 -0.1158
v 1.6671 -7.6576 -0.1152
v 1.6851 -7.6576 -0.1164
v 1.7261 -7.6601 -0.1181
v 1.7048 -7.6601 -0.1174
v 1.7267 -7.6802 -0.1232
v 1.7480 -7.6802 -0.1233
v 1.7693 -7.6802 -0.1228
v 1.7871 -7.6802 -0.1227
v 1.8013 -7.6777 -0.1243
v 1.8104 -7.6777 -0.1273
v 1.8143 -7.6752 -0.1322
v 1.8156 -7.6727 -0.1374
v 1.8153 -7.6702 -0.1428
v 1.8158 -7.6677 -0.1474
v 1.8147 -7.6677 -0.1518
v 1.8119 -7.6651 -0.1561
v 1.8057 -7.6626 -0.1601
v 1.7944 -7.6601 -0.1645
v 1.7773 -7.6601 -0.1685
v 1.7568 -7.6576 -0.1708
v 1.7348 -7.6602 -0.1721
v 1.7118 -7.6602 -0.1717
v 1.6897 -7.6576 -0.1690
v 1.6694 -7.6601 -0.1652
v 1.6551 -7.6627 -0.1600
v 1.6450 -7.6626 -0.1554
v 1.6394 -7.6677 -0.1498
v 1.6387 -7.6676 -0.1454
v 1.6391 -7.6702 -0.1401
v 1.6403 -7.6727 -0.1342
v 1.6431 -7.6752 -0.1297
v 1.6477 -7.6777 -0.1247
v 1.6556 -7.6777 -0.1215
v 1.6676 -7.6777 -0.1212
v 1.6857 -7.6802 -0.1212
v 1.7267 -7.6802 -0.1232
v 1.7054 -7.6802 -0.1219
v 1.7273 -7.7003 -0.1272
v 1.7486 -7.7002 -0.1280
v 1.7698 -7.7003 -0.1277
v 1.7876 -7.7002 -0.1278
v 1.8018 -7.6977 -0.1295
v 1.8100 -7.6952 -0.1329
v 1.8148 -7.6927 -0.1372
v 1.8154 -7.6928 -0.1428
v 1.8158 -7.6902 -0.1486
v 1.8155 -7.6877 -0.1533
v 1.8152 -7.6852 -0.1573
v 1.8126 -7.6877 -0.1610
v 1.8063 -7.6852 -0.1655
v 1.7951 -7.6827 -0.1693
v 1.7770 -7.6802 -0.1734
v 1.7574 -7.6802 -0.1758
v 1.7352 -7.6777 -0.1770
v 1.7123 -7.6777 -0.1760
v 1.6903 -7.6802 -0.1733
v 1.6707 -7.6802 -0.1699
v 1.6556 -7.6827 -0.1648
v 1.6455 -7.6827 -0.1602
v 1.6406 -7.6852 -0.1551
v 1.6392 -7.6877 -0.1497
v 1.6404 -7.6902 -0.1450
v 1.6416 -7.6927 -0.1398
v 1.6435 -7.6928 -0.1343
v 1.6481 -7.6952 -0.1299
v 1.6561 -7.6977 -0.1264
v 1.6682 -7.6977 -0.1253
v 1.6863 -7.7003 -0.1253
v 1.7273 -7.7003 -0.1272
v 1.7059 -7.7003 -0.1265
v 1.7277 -7.7178 -0.1308
v 1.7490 -7.7177 -0.1310
v 1.7695 -7.7178 -0.1314
v 1.7881 -7.7178 -0.1329
v 1.8014 -7.7153 -0.1348
v 1.8106 -7.7153 -0.1372
v 1.8153 -7.7128 -0.1422
v 1.8158 -7.7103 -0.1475
v 1.8163 -7.7078 -0.1527
v 1.8160 -7.7078 -0.1577
v 1.8157 -7.7053 -0.1623
v 1.8129 -7.7028 -0.1659
v 1.8068 -7.7028 -0.1701
v 1.7955 -7.7003 -0.1737
v 1.7783 -7.6977 -0.1777
v 1.7579 -7.7002 -0.1796
v 1.7357 -7.6977 -0.1807
v 1.7127 -7.6977 -0.1796
v 1.6906 -7.6977 -0.1773
v 1.6711 -7.6977 -0.1740
v 1.6568 -7.7003 -0.1690
v 1.6468 -7.7028 -0.1642
v 1.6419 -7.7053 -0.1591
v 1.6405 -7.7078 -0.1543
v 1.6408 -7.7078 -0.1494
v 1.6428 -7.7103 -0.1436
v 1.6448 -7.7128 -0.1390
v 1.6493 -7.7128 -0.1343
v 1.6565 -7.7154 -0.1313
v 1.6695 -7.7178 -0.1292
v 1.6867 -7.7177 -0.1294
v 1.7277 -7.7178 -0.1308
v 1.7064 -7.7178 -0.1307
v 1.7281 -7.7328 -0.1346
v 1.7494 -7.7328 -0.1355
v 1.7698 -7.7329 -0.1354
v 1.7884 -7.7328 -0.1370
v 1.8018 -7.7303 -0.1390
v 1.8110 -7.7328 -0.1418
v 1.8157 -7.7303 -0.1468
v 1.8162 -7.7279 -0.1521
v 1.8167 -7.7253 -0.1573
v 1.8164 -7.7228 -0.1620
v 1.8161 -7.7227 -0.1669
v 1.8132 -7.7202 -0.1711
v 1.8072 -7.7203 -0.1739
v 1.7959 -7.7178 -0.1781
v 1.7788 -7.7177 -0.1815
v 1.7582 -7.7152 -0.1834
v 1.7361 -7.7153 -0.1846
v 1.7131 -7.7154 -0.1835
v 1.6919 -7.7154 -0.1807
v 1.6724 -7.7178 -0.1770
v 1.6573 -7.7203 -0.1721
v 1.6479 -7.7177 -0.1681
v 1.6422 -7.7203 -0.1630
v 1.6417 -7.7228 -0.1583
v 1.6420 -7.7253 -0.1524
v 1.6432 -7.7278 -0.1477
v 1.6452 -7.7303 -0.1419
v 1.6496 -7.7278 -0.1389
v 1.6576 -7.7303 -0.1346
v 1.6698 -7.7329 -0.1337
v 1.6870 -7.7329 -0.1333
v 1.7281 -7.7328 -0.1346
v 1.7067 -7.7329 -0.1344
v 1.7285 -7.7504 -0.1380
v 1.7497 -7.7479 -0.1387
v 1.7701 -7.7479 -0.1394
v 1.7887 -7.7479 -0.1405
v 1.8022 -7.7479 -0.1429
v 1.8112 -7.7455 -0.1465
v 1.8161 -7.7454 -0.1511
v 1.8165 -7.7428 -0.1564
v 1.8170 -7.7405 -0.1616
v 1.8168 -7.7404 -0.1659
v 1.8164 -7.7379 -0.1705
v 1.8137 -7.7379 -0.1744
v 1.8083 -7.7354 -0.1787
v 1.7963 -7.7353 -0.1818
v 1.7791 -7.7329 -0.1854
v 1.7586 -7.7328 -0.1868
v 1.7364 -7.7303 -0.1877
v 1.7134 -7.7303 -0.1871
v 1.6922 -7.7328 -0.1839
v 1.6727 -7.7329 -0.1801
v 1.6584 -7.7354 -0.1759
v 1.6483 -7.7354 -0.1709
v 1.6434 -7.7379 -0.1659
v 1.6420 -7.7379 -0.1609
v 1.6431 -7.7404 -0.1563
v 1.6442 -7.7404 -0.1515
v 1.6463 -7.7429 -0.1463
v 1.6508 -7.7454 -0.1418
v 1.6580 -7.7479 -0.1381
v 1.6701 -7.7479 -0.1369
v 1.6873 -7.7479 -0.1371
v 1.7285 -7.7504 -0.1380
v 1.7070 -7.7479 -0.1376
v 1.7287 -7.7629 -0.1409
v 1.7500 -7.7629 -0.1420
v 1.7705 -7.7630 -0.1428
v 1.7890 -7.7604 -0.1443
v 1.8024 -7.7604 -0.1469
v 1.8115 -7.7603 -0.1502
v 1.8163 -7.7579 -0.1546
v 1.8169 -7.7580 -0.1601
v 1.8174 -7.7579 -0.1650
v 1.8171 -7.7555 -0.1703
v 1.8167 -7.7530 -0.1749
v 1.8148 -7.7529 -0.1792
v 1.8086 -7.7503 -0.1823
v 1.7965 -7.7479 -0.1856
v 1.7794 -7.7479 -0.1887
v 1.7589 -7.7479 -0.1900
v 1.7366 -7.7453 -0.1913
v 1.7137 -7.7454 -0.1895
v 1.6925 -7.7479 -0.1869
v 1.6729 -7.7478 -0.1832
v 1.6587 -7.7504 -0.1784
v 1.6495 -7.7505 -0.1736
v 1.6437 -7.7529 -0.1692
v 1.6432 -7.7554 -0.1639
v 1.6434 -7.7555 -0.1590
v 1.6446 -7.7579 -0.1538
v 1.6466 -7.7580 -0.1490
v 1.6510 -7.7579 -0.1455
v 1.6590 -7.7604 -0.1419
v 1.6703 -7.7604 -0.1399
v 1.6885 -7.7629 -0.1397
v 1.7287 -7.7629 -0.1409
v 1.7073 -7.7629 -0.1401
v 1.7290 -7.7755 -0.1434
v 1.7503 -7.7755 -0.1445
v 1.7707 -7.7755 -0.1454
v 1.7894 -7.7779 -0.1464
v 1.8028 -7.7755 -0.1494
v 1.8119 -7.7754 -0.1528
v 1.8166 -7.7730 -0.1578
v 1.8172 -7.7730 -0.1634
v 1.8177 -7.7705 -0.1686
v 1.8173 -7.7679 -0.1738
v 1.8170 -7.7680 -0.1781
v 1.8150 -7.7654 -0.1827
v 1.8089 -7.7654 -0.1860
v 1.7968 -7.7654 -0.1895
v 1.7797 -7.7654 -0.1919
v 1.7592 -7.7629 -0.1933
v 1.7370 -7.7629 -0.1936
v 1.7141 -7.7629 -0.1917
v 1.6928 -7.7629 -0.1895
v 1.6733 -7.7630 -0.1858
v 1.6588 -7.7629 -0.1814
v 1.6497 -7.7654 -0.1769
v 1.6448 -7.7654 -0.1718
v 1.6434 -7.7680 -0.1671
v 1.6445 -7.7705 -0.1619
v 1.6456 -7.7705 -0.1570
v 1.6477 -7.7730 -0.1518
v 1.6523 -7.7755 -0.1474
v 1.6593 -7.7755 -0.1440
v 1.6714 -7.7730 -0.1431
v 1.6887 -7.7755 -0.1421
v 1.7290 -7.7755 -0.1434
v 1.7084 -7.7755 -0.1432
v 1.7293 -7.7905 -0.1449
v 1.7507 -7.7906 -0.1462
v 1.7711 -7.7905 -0.1471
v 1.7897 -7.7905 -0.1493
v 1.8030 -7.7881 -0.1523
v 1.8122 -7.7881 -0.1558
v 1.8169 -7.7854 -0.1609
v 1.8174 -7.7855 -0.1671
v 1.8179 -7.7830 -0.1723
v 1.8184 -7.7831 -0.1772
v 1.8180 -7.7805 -0.1823
v 1.8153 -7.7829 -0.1865
v 1.8091 -7.7804 -0.1900
v 1.7979 -7.7805 -0.1933
v 1.7799 -7.7780 -0.1958
v 1.7603 -7.7781 -0.1968
v 1.7373 -7.7780 -0.1963
v 1.7143 -7.7780 -0.1950
v 1.6930 -7.7780 -0.1921
v 1.6735 -7.7780 -0.1891
v 1.6591 -7.7804 -0.1845
v 1.6499 -7.7779 -0.1795
v 1.6450 -7.7805 -0.1747
v 1.6444 -7.7805 -0.1697
v 1.6447 -7.7830 -0.1645
v 1.6459 -7.7855 -0.1587
v 1.6479 -7.7855 -0.1544
v 1.6525 -7.7880 -0.1500
v 1.6595 -7.7880 -0.1466
v 1.6717 -7.7880 -0.1440
v 1.6890 -7.7905 -0.1443
v 1.7293 -7.7905 -0.1449
v 1.7088 -7.7905 -0.1441
v 1.7296 -7.8030 -0.1458
v 1.7509 -7.8031 -0.1477
v 1.7713 -7.8030 -0.1494
v 1.7899 -7.8030 -0.1511
v 1.8033 -7.8005 -0.1542
v 1.8124 -7.8006 -0.1584
v 1.8171 -7.7980 -0.1641
v 1.8177 -7.7980 -0.1691
v 1.8181 -7.7955 -0.1749
v 1.8187 -7.7980 -0.1808
v 1.8184 -7.7980 -0.1858
v 1.8156 -7.7956 -0.1897
v 1.8102 -7.7955 -0.1941
v 1.7981 -7.7930 -0.1970
v 1.7802 -7.7931 -0.1985
v 1.7605 -7.7931 -0.1999
v 1.7383 -7.7905 -0.1996
v 1.7153 -7.7904 -0.1982
v 1.6933 -7.7930 -0.1951
v 1.6745 -7.7930 -0.1921
v 1.6602 -7.7930 -0.1873
v 1.6502 -7.7955 -0.1823
v 1.6452 -7.7955 -0.1778
v 1.6447 -7.7955 -0.1722
v 1.6449 -7.7955 -0.1667
v 1.6461 -7.7980 -0.1615
v 1.6490 -7.7981 -0.1561
v 1.6527 -7.8005 -0.1516
v 1.6607 -7.8005 -0.1476
v 1.6720 -7.8005 -0.1461
v 1.6893 -7.8031 -0.1451
v 1.7296 -7.8030 -0.1458
v 1.7090 -7.8031 -0.1455
v 1.7299 -7.8156 -0.1475
v 1.7512 -7.8156 -0.1482
v 1.7716 -7.8156 -0.1500
v 1.7903 -7.8156 -0.1518
v 1.8036 -7.8131 -0.1550
v 1.8127 -7.8131 -0.1599
v 1.8176 -7.8156 -0.1654
v 1.8180 -7.8131 -0.1717
v 1.8185 -7.8132 -0.1780
v 1.8189 -7.8106 -0.1837
v 1.8186 -7.8106 -0.1893
v 1.8166 -7.8106 -0.1936
v 1.8104 -7.8081 -0.1976
v 1.7983 -7.8081 -0.2007
v 1.7812 -7.8081 -0.2026
v 1.7607 -7.8056 -0.2029
v 1.7385 -7.8056 -0.2022
v 1.7156 -7.8056 -0.2008
v 1.6934 -7.8055 -0.1979
v 1.6748 -7.8081 -0.1947
v 1.6604 -7.8081 -0.1906
v 1.6512 -7.8081 -0.1853
v 1.6455 -7.8106 -0.1805
v 1.6449 -7.8106 -0.1750
v 1.6452 -7.8131 -0.1692
v 1.6473 -7.8131 -0.1637
v 1.6493 -7.8131 -0.1582
v 1.6530 -7.8131 -0.1527
v 1.6610 -7.8131 -0.1486
v 1.6723 -7.8131 -0.1465
v 1.6896 -7.8156 -0.1455
v 1.7299 -7.8156 -0.1475
v 1.7093 -7.8155 -0.1459
v 1.7302 -7.8281 -0.1469
v 1.7516 -7.8281 -0.1483
v 1.7720 -7.8281 -0.1502
v 1.7907 -7.8306 -0.1526
v 1.8041 -7.8306 -0.1564
v 1.8131 -7.8281 -0.1610
v 1.8179 -7.8282 -0.1666
v 1.8192 -7.8281 -0.1729
v 1.8196 -7.8256 -0.1799
v 1.8193 -7.8256 -0.1855
v 1.8196 -7.8231 -0.1918
v 1.8168 -7.8231 -0.1962
v 1.8106 -7.8231 -0.2011
v 1.7994 -7.8231 -0.2042
v 1.7814 -7.8206 -0.2055
v 1.7609 -7.8206 -0.2060
v 1.7387 -7.8207 -0.2058
v 1.7157 -7.8205 -0.2043
v 1.6936 -7.8205 -0.2008
v 1.6749 -7.8205 -0.1973
v 1.6606 -7.8231 -0.1930
v 1.6514 -7.8231 -0.1877
v 1.6456 -7.8231 -0.1832
v 1.6451 -7.8257 -0.1774
v 1.6463 -7.8256 -0.1706
v 1.6475 -7.8255 -0.1645
v 1.6496 -7.8281 -0.1587
v 1.6533 -7.8281 -0.1539
v 1.6612 -7.8256 -0.1500
v 1.6726 -7.8281 -0.1470
v 1.6899 -7.8281 -0.1455
v 1.7302 -7.8281 -0.1469
v 1.7097 -7.8281 -0.1459
v 1.7307 -7.8432 -0.1457
v 1.7520 -7.8432 -0.1472
v 1.7725 -7.8432 -0.1487
v 1.7911 -7.8432 -0.1520
v 1.8045 -7.8431 -0.1553
v 1.8136 -7.8432 -0.1611
v 1.8182 -7.8407 -0.1681
v 1.8195 -7.8407 -0.1744
v 1.8200 -7.8406 -0.1813
v 1.8204 -7.8382 -0.1876
v 1.8199 -7.8382 -0.1945
v 1.8179 -7.8382 -0.2001
v 1.8117 -7.8381 -0.2038
v 1.7995 -7.8356 -0.2075
v 1.7816 -7.8356 -0.2091
v 1.7611 -7.8356 -0.2095
v 1.7390 -7.8357 -0.2086
v 1.7160 -7.8356 -0.2064
v 1.6938 -7.8356 -0.2041
v 1.6751 -7.8357 -0.2000
v 1.6608 -7.8382 -0.1958
v 1.6516 -7.8382 -0.1905
v 1.6467 -7.8382 -0.1854
v 1.6453 -7.8381 -0.1792
v 1.6466 -7.8407 -0.1728
v 1.6478 -7.8407 -0.1666
v 1.6498 -7.8407 -0.1598
v 1.6536 -7.8432 -0.1541
v 1.6616 -7.8432 -0.1500
v 1.6730 -7.8432 -0.1465
v 1.6903 -7.8432 -0.1450
v 1.7307 -7.8432 -0.1457
v 1.7101 -7.8432 -0.1454
v 1.7312 -7.8582 -0.1444
v 1.7525 -7.8581 -0.1460
v 1.7729 -7.8582 -0.1482
v 1.7915 -7.8557 -0.1511
v 1.8058 -7.8557 -0.1551
v 1.8149 -7.8557 -0.1602
v 1.8196 -7.8557 -0.1672
v 1.8201 -7.8557 -0.1741
v 1.8204 -7.8557 -0.1823
v 1.8207 -7.8531 -0.1892
v 1.8203 -7.8531 -0.1961
v 1.8182 -7.8532 -0.2018
v 1.8121 -7.8557 -0.2067
v 1.8000 -7.8557 -0.2096
v 1.7828 -7.8532 -0.2112
v 1.7614 -7.8531 -0.2121
v 1.7392 -7.8531 -0.2118
v 1.7163 -7.8533 -0.2088
v 1.6942 -7.8532 -0.2053
v 1.6754 -7.8507 -0.2018
v 1.6610 -7.8532 -0.1977
v 1.6518 -7.8532 -0.1932
v 1.6461 -7.8532 -0.1874
v 1.6456 -7.8532 -0.1811
v 1.6468 -7.8532 -0.1743
v 1.6481 -7.8557 -0.1673
v 1.6501 -7.8557 -0.1611
v 1.6539 -7.8557 -0.1549
v 1.6619 -7.8556 -0.1500
v 1.6733 -7.8556 -0.1459
v 1.6908 -7.8583 -0.1443
v 1.7312 -7.8582 -0.1444
v 1.7106 -7.8583 -0.1440
v 1.7316 -7.8707 -0.1429
v 1.7529 -7.8707 -0.1445
v 1.7742 -7.8707 -0.1468
v 1.7921 -7.8707 -0.1490
v 1.8064 -7.8707 -0.1536
v 1.8156 -7.8707 -0.1588
v 1.8202 -7.8707 -0.1664
v 1.8214 -7.8707 -0.1740
v 1.8217 -7.8707 -0.1822
v 1.8221 -7.8707 -0.1897
v 1.8216 -7.8707 -0.1966
v 1.8187 -7.8707 -0.2029
v 1.8133 -7.8707 -0.2078
v 1.8011 -7.8707 -0.2120
v 1.7830 -7.8707 -0.2142
v 1.7626 -7.8708 -0.2145
v 1.7395 -7.8707 -0.2141
v 1.7166 -7.8707 -0.2112
v 1.6944 -7.8707 -0.2083
v 1.6757 -7.8707 -0.2042
v 1.6613 -7.8707 -0.2002
v 1.6522 -7.8707 -0.1943
v 1.6464 -7.8682 -0.1886
v 1.6459 -7.8683 -0.1829
v 1.6471 -7.8708 -0.1760
v 1.6484 -7.8707 -0.1685
v 1.6505 -7.8707 -0.1616
v 1.6543 -7.8707 -0.1547
v 1.6615 -7.8707 -0.1492
v 1.6738 -7.8707 -0.1450
v 1.6911 -7.8707 -0.1428
v 1.7316 -7.8707 -0.1429
v 1.7110 -7.8707 -0.1419
v 1.7320 -7.8858 -0.1409
v 1.7534 -7.8858 -0.1425
v 1.7748 -7.8857 -0.1442
v 1.7936 -7.8858 -0.1470
v 1.8071 -7.8858 -0.1510
v 1.8162 -7.8858 -0.1574
v 1.8209 -7.8883 -0.1650
v 1.8221 -7.8882 -0.1720
v 1.8225 -7.8883 -0.1802
v 1.8227 -7.8883 -0.1890
v 1.8222 -7.8882 -0.1966
v 1.8200 -7.8883 -0.2034
v 1.8137 -7.8883 -0.2090
v 1.8014 -7.8883 -0.2132
v 1.7834 -7.8883 -0.2154
v 1.7629 -7.8883 -0.2163
v 1.7398 -7.8883 -0.2160
v 1.7168 -7.8883 -0.2131
v 1.6947 -7.8883 -0.2095
v 1.6760 -7.8882 -0.2061
v 1.6617 -7.8883 -0.2008
v 1.6524 -7.8882 -0.1962
v 1.6467 -7.8883 -0.1905
v 1.6462 -7.8883 -0.1842
v 1.6466 -7.8883 -0.1766
v 1.6479 -7.8883 -0.1684
v 1.6500 -7.8858 -0.1615
v 1.6547 -7.8858 -0.1534
v 1.6619 -7.8858 -0.1479
v 1.6742 -7.8858 -0.1437
v 1.6916 -7.8858 -0.1408
v 1.7320 -7.8858 -0.1409
v 1.7115 -7.8858 -0.1399
v 1.7327 -7.9059 -0.1377
v 1.7541 -7.9058 -0.1394
v 1.7756 -7.9058 -0.1416
v 1.7944 -7.9058 -0.1451
v 1.8079 -7.9058 -0.1491
v 1.8170 -7.9058 -0.1549
v 1.8217 -7.9058 -0.1619
v 1.8229 -7.9059 -0.1701
v 1.8231 -7.9058 -0.1789
v 1.8234 -7.9058 -0.1871
v 1.8229 -7.9058 -0.1947
v 1.8206 -7.9058 -0.2022
v 1.8142 -7.9058 -0.2084
v 1.8019 -7.9058 -0.2126
v 1.7838 -7.9058 -0.2161
v 1.7632 -7.9059 -0.2170
v 1.7401 -7.9058 -0.2166
v 1.7172 -7.9058 -0.2131
v 1.6951 -7.9058 -0.2102
v 1.6763 -7.9058 -0.2067
v 1.6620 -7.9058 -0.2014
v 1.6519 -7.9058 -0.1962
v 1.6471 -7.9058 -0.1911
v 1.6466 -7.9058 -0.1842
v 1.6469 -7.9058 -0.1772
v 1.6483 -7.9059 -0.1684
v 1.6505 -7.9059 -0.1603
v 1.6551 -7.9058 -0.1528
v 1.6624 -7.9058 -0.1460
v 1.6748 -7.9058 -0.1412
v 1.6922 -7.9058 -0.1383
v 1.7327 -7.9059 -0.1377
v 1.7120 -7.9058 -0.1374
v 1.7333 -7.9234 -0.1340
v 1.7556 -7.9234 -0.1362
v 1.7762 -7.9234 -0.1385
v 1.7951 -7.9234 -0.1413
v 1.8096 -7.9234 -0.1453
v 1.8187 -7.9233 -0.1518
v 1.8225 -7.9234 -0.1594
v 1.8236 -7.9233 -0.1676
v 1.8238 -7.9234 -0.1770
v 1.8242 -7.9260 -0.1846
v 1.8235 -7.9260 -0.1940
v 1.8213 -7.9258 -0.2003
v 1.8148 -7.9259 -0.2071
v 1.8025 -7.9259 -0.2120
v 1.7843 -7.9259 -0.2148
v 1.7636 -7.9258 -0.2163
v 1.7406 -7.9259 -0.2160
v 1.7176 -7.9259 -0.2124
v 1.6955 -7.9259 -0.2095
v 1.6768 -7.9259 -0.2061
v 1.6615 -7.9258 -0.2014
v 1.6523 -7.9258 -0.1962
v 1.6475 -7.9259 -0.1898
v 1.6470 -7.9260 -0.1835
v 1.6473 -7.9259 -0.1766
v 1.6486 -7.9234 -0.1678
v 1.6508 -7.9234 -0.1590
v 1.6547 -7.9234 -0.1509
v 1.6620 -7.9234 -0.1435
v 1.6744 -7.9234 -0.1386
v 1.6927 -7.9234 -0.1352
v 1.7333 -7.9234 -0.1340
v 1.7117 -7.9234 -0.1342
v 1.7339 -7.9435 -0.1302
v 1.7563 -7.9434 -0.1324
v 1.7770 -7.9435 -0.1347
v 1.7959 -7.9434 -0.1375
v 1.8105 -7.9460 -0.1415
v 1.8196 -7.9460 -0.1486
v 1.8234 -7.9460 -0.1562
v 1.8245 -7.9461 -0.1644
v 1.8238 -7.9460 -0.1739
v 1.8241 -7.9485 -0.1827
v 1.8235 -7.9485 -0.1909
v 1.8212 -7.9485 -0.1984
v 1.8147 -7.9485 -0.2052
v 1.8032 -7.9510 -0.2101
v 1.7850 -7.9509 -0.2123
v 1.7642 -7.9510 -0.2145
v 1.7412 -7.9510 -0.2128
v 1.7182 -7.9509 -0.2105
v 1.6960 -7.9509 -0.2076
v 1.6764 -7.9509 -0.2035
v 1.6620 -7.9510 -0.1995
v 1.6527 -7.9485 -0.1950
v 1.6479 -7.9485 -0.1892
v 1.6465 -7.9485 -0.1829
v 1.6469 -7.9485 -0.1747
v 1.6482 -7.9435 -0.1659
v 1.6504 -7.9435 -0.1565
v 1.6553 -7.9460 -0.1478
v 1.6625 -7.9459 -0.1403
v 1.6748 -7.9409 -0.1349
v 1.6923 -7.9435 -0.1320
v 1.7339 -7.9435 -0.1302
v 1.7123 -7.9435 -0.1305
v 1.7344 -7.9635 -0.1270
v 1.7570 -7.9636 -0.1280
v 1.7786 -7.9635 -0.1303
v 1.7976 -7.9635 -0.1331
v 1.8113 -7.9660 -0.1384
v 1.8204 -7.9659 -0.1448
v 1.8241 -7.9660 -0.1531
v 1.8243 -7.9685 -0.1625
v 1.8237 -7.9684 -0.1713
v 1.8239 -7.9685 -0.1802
v 1.8233 -7.9710 -0.1890
v 1.8211 -7.9710 -0.1953
v 1.8145 -7.9710 -0.2021
v 1.8030 -7.9736 -0.2063
v 1.7856 -7.9735 -0.2085
v 1.7649 -7.9735 -0.2094
v 1.7417 -7.9736 -0.2090
v 1.7187 -7.9736 -0.2061
v 1.6965 -7.9735 -0.2032
v 1.6769 -7.9736 -0.2010
v 1.6624 -7.9736 -0.1970
v 1.6532 -7.9710 -0.1924
v 1.6474 -7.9710 -0.1867
v 1.6469 -7.9685 -0.1797
v 1.6473 -7.9685 -0.1722
v 1.6487 -7.9684 -0.1628
v 1.6509 -7.9660 -0.1527
v 1.6549 -7.9660 -0.1427
v 1.6622 -7.9660 -0.1353
v 1.6746 -7.9660 -0.1298
v 1.6929 -7.9634 -0.1270
v 1.7344 -7.9635 -0.1270
v 1.7128 -7.9635 -0.1261
v 1.7351 -7.9886 -0.1214
v 1.7577 -7.9886 -0.1236
v 1.7794 -7.9886 -0.1259
v 1.7984 -7.9886 -0.1287
v 1.8121 -7.9886 -0.1334
v 1.8212 -7.9885 -0.1398
v 1.8249 -7.9910 -0.1493
v 1.8242 -7.9886 -0.1588
v 1.8235 -7.9910 -0.1688
v 1.8237 -7.9910 -0.1776
v 1.8222 -7.9936 -0.1864
v 1.8199 -7.9936 -0.1933
v 1.8134 -7.9960 -0.1989
v 1.8029 -7.9961 -0.2019
v 1.7855 -7.9962 -0.2035
v 1.7656 -7.9985 -0.2038
v 1.7424 -7.9986 -0.2034
v 1.7193 -7.9986 -0.2011
v 1.6971 -7.9986 -0.1982
v 1.6774 -7.9961 -0.1960
v 1.6629 -7.9962 -0.1926
v 1.6528 -7.9960 -0.1886
v 1.6479 -7.9935 -0.1829
v 1.6465 -7.9936 -0.1759
v 1.6469 -7.9910 -0.1678
v 1.6484 -7.9911 -0.1571
v 1.6506 -7.9886 -0.1471
v 1.6555 -7.9911 -0.1371
v 1.6628 -7.9886 -0.1296
v 1.6752 -7.9886 -0.1242
v 1.6926 -7.9887 -0.1219
v 1.7351 -7.9886 -0.1214
v 1.7134 -7.9886 -0.1217
v 1.7357 -8.0137 -0.1163
v 1.7583 -8.0137 -0.1180
v 1.7801 -8.0137 -0.1190
v 1.7992 -8.0137 -0.1218
v 1.8138 -8.0112 -0.1265
v 1.8220 -8.0112 -0.1335
v 1.8257 -8.0137 -0.1430
v 1.8250 -8.0163 -0.1537
v 1.8242 -8.0162 -0.1638
v 1.8226 -8.0186 -0.1738
v 1.8219 -8.0186 -0.1820
v 1.8188 -8.0212 -0.1895
v 1.8132 -8.0212 -0.1945
v 1.8017 -8.0237 -0.1974
v 1.7853 -8.0237 -0.1978
v 1.7654 -8.0262 -0.1975
v 1.7431 -8.0262 -0.1958
v 1.7199 -8.0262 -0.1942
v 1.6977 -8.0262 -0.1919
v 1.6780 -8.0237 -0.1897
v 1.6625 -8.0237 -0.1875
v 1.6532 -8.0212 -0.1836
v 1.6475 -8.0212 -0.1778
v 1.6471 -8.0187 -0.1697
v 1.6476 -8.0162 -0.1596
v 1.6490 -8.0162 -0.1495
v 1.6504 -8.0137 -0.1395
v 1.6552 -8.0137 -0.1295
v 1.6625 -8.0112 -0.1221
v 1.6748 -8.0112 -0.1185
v 1.6931 -8.0112 -0.1163
v 1.7357 -8.0137 -0.1163
v 1.7130 -8.0112 -0.1160
v 1.7362 -8.0362 -0.1107
v 1.7589 -8.0362 -0.1111
v 1.7816 -8.0362 -0.1121
v 1.8008 -8.0363 -0.1143
v 1.8155 -8.0363 -0.1177
v 1.8247 -8.0363 -0.1241
v 1.8275 -8.0387 -0.1330
v 1.8268 -8.0412 -0.1437
v 1.8251 -8.0437 -0.1543
v 1.8234 -8.0412 -0.1650
v 1.8219 -8.0438 -0.1745
v 1.8186 -8.0463 -0.1826
v 1.8122 -8.0463 -0.1875
v 1.8015 -8.0487 -0.1911
v 1.7859 -8.0513 -0.1915
v 1.7660 -8.0513 -0.1905
v 1.7436 -8.0513 -0.1889
v 1.7205 -8.0513 -0.1854
v 1.6983 -8.0512 -0.1831
v 1.6785 -8.0513 -0.1815
v 1.6631 -8.0488 -0.1787
v 1.6530 -8.0463 -0.1748
v 1.6481 -8.0462 -0.1684
v 1.6469 -8.0437 -0.1596
v 1.6474 -8.0438 -0.1489
v 1.6488 -8.0412 -0.1382
v 1.6502 -8.0387 -0.1288
v 1.6550 -8.0387 -0.1200
v 1.6622 -8.0363 -0.1139
v 1.6745 -8.0362 -0.1109
v 1.6927 -8.0362 -0.1100
v 1.7362 -8.0362 -0.1107
v 1.7135 -8.0362 -0.1097
v 1.7366 -8.0613 -0.1038
v 1.7602 -8.0613 -0.1042
v 1.7830 -8.0612 -0.1045
v 1.8031 -8.0613 -0.1055
v 1.8188 -8.0614 -0.1076
v 1.8271 -8.0638 -0.1134
v 1.8311 -8.0638 -0.1198
v 1.8304 -8.0638 -0.1292
v 1.8279 -8.0662 -0.1399
v 1.8262 -8.0688 -0.1506
v 1.8238 -8.0713 -0.1600
v 1.8205 -8.0738 -0.1688
v 1.8139 -8.0764 -0.1750
v 1.8023 -8.0763 -0.1798
v 1.7856 -8.0788 -0.1821
v 1.7666 -8.0788 -0.1811
v 1.7442 -8.0814 -0.1788
v 1.7202 -8.0814 -0.1759
v 1.6989 -8.0789 -0.1730
v 1.6783 -8.0789 -0.1708
v 1.6638 -8.0763 -0.1674
v 1.6537 -8.0738 -0.1616
v 1.6480 -8.0738 -0.1546
v 1.6468 -8.0713 -0.1451
v 1.6473 -8.0688 -0.1357
v 1.6478 -8.0664 -0.1250
v 1.6500 -8.0662 -0.1162
v 1.6538 -8.0638 -0.1093
v 1.6610 -8.0614 -0.1050
v 1.6741 -8.0613 -0.1021
v 1.6923 -8.0613 -0.1024
v 1.7366 -8.0613 -0.1038
v 1.7131 -8.0613 -0.1027
v 1.7369 -8.0889 -0.0968
v 1.7614 -8.0890 -0.0966
v 1.7850 -8.0863 -0.0970
v 1.8061 -8.0864 -0.0967
v 1.8218 -8.0864 -0.0982
v 1.8312 -8.0864 -0.1015
v 1.8352 -8.0888 -0.1066
v 1.8338 -8.0914 -0.1142
v 1.8324 -8.0939 -0.1224
v 1.8308 -8.0964 -0.1318
v 1.8284 -8.0989 -0.1406
v 1.8234 -8.1015 -0.1493
v 1.8168 -8.1039 -0.1561
v 1.8042 -8.1040 -0.1622
v 1.7874 -8.1065 -0.1657
v 1.7674 -8.1089 -0.1666
v 1.7449 -8.1089 -0.1650
v 1.7209 -8.1089 -0.1621
v 1.6987 -8.1089 -0.1586
v 1.6790 -8.1064 -0.1551
v 1.6637 -8.1038 -0.1517
v 1.6536 -8.1039 -0.1446
v 1.6480 -8.1014 -0.1369
v 1.6467 -8.0964 -0.1281
v 1.6463 -8.0939 -0.1186
v 1.6467 -8.0913 -0.1105
v 1.6480 -8.0889 -0.1029
v 1.6517 -8.0889 -0.0980
v 1.6596 -8.0864 -0.0949
v 1.6727 -8.0864 -0.0933
v 1.6918 -8.0864 -0.0942
v 1.7369 -8.0889 -0.0968
v 1.7134 -8.0863 -0.0958
v 1.7370 -8.1114 -0.0893
v 1.7632 -8.1114 -0.0904
v 1.7869 -8.1114 -0.0901
v 1.8089 -8.1090 -0.0892
v 1.8246 -8.1089 -0.0888
v 1.8349 -8.1114 -0.0909
v 1.8390 -8.1140 -0.0948
v 1.8378 -8.1140 -0.1004
v 1.8365 -8.1165 -0.1067
v 1.8351 -8.1216 -0.1136
v 1.8328 -8.1240 -0.1211
v 1.8288 -8.1266 -0.1280
v 1.8204 -8.1290 -0.1354
v 1.8078 -8.1315 -0.1409
v 1.7901 -8.1315 -0.1456
v 1.7691 -8.1340 -0.1471
v 1.7457 -8.1340 -0.1474
v 1.7217 -8.1340 -0.1438
v 1.6995 -8.1340 -0.1409
v 1.6790 -8.1315 -0.1368
v 1.6637 -8.1291 -0.1322
v 1.6536 -8.1290 -0.1251
v 1.6470 -8.1239 -0.1180
v 1.6448 -8.1215 -0.1104
v 1.6443 -8.1216 -0.1029
v 1.6447 -8.1165 -0.0959
v 1.6458 -8.1139 -0.0909
v 1.6486 -8.1139 -0.0866
v 1.6565 -8.1139 -0.0842
v 1.6705 -8.1114 -0.0838
v 1.6903 -8.1139 -0.0854
v 1.7370 -8.1114 -0.0893
v 1.7127 -8.1140 -0.0876
v 1.7378 -8.1415 -0.0824
v 1.7640 -8.1390 -0.0835
v 1.7895 -8.1365 -0.0820
v 1.8122 -8.1365 -0.0805
v 1.8298 -8.1365 -0.0795
v 1.8401 -8.1391 -0.0803
v 1.8443 -8.1390 -0.0829
v 1.8432 -8.1390 -0.0879
v 1.8410 -8.1441 -0.0929
v 1.8389 -8.1440 -0.0979
v 1.8368 -8.1465 -0.1035
v 1.8329 -8.1491 -0.1092
v 1.8255 -8.1516 -0.1147
v 1.8121 -8.1516 -0.1208
v 1.7945 -8.1542 -0.1249
v 1.7726 -8.1566 -0.1270
v 1.7483 -8.1565 -0.1266
v 1.7225 -8.1591 -0.1243
v 1.6994 -8.1592 -0.1208
v 1.6780 -8.1566 -0.1167
v 1.6626 -8.1541 -0.1126
v 1.6517 -8.1516 -0.1061
v 1.6450 -8.1516 -0.1004
v 1.6419 -8.1491 -0.0940
v 1.6404 -8.1465 -0.0883
v 1.6398 -8.1465 -0.0820
v 1.6401 -8.1415 -0.0770
v 1.6437 -8.1414 -0.0739
v 1.6516 -8.1391 -0.0728
v 1.6663 -8.1390 -0.0736
v 1.6879 -8.1415 -0.0765
v 1.7378 -8.1415 -0.0824
v 1.7119 -8.1416 -0.0801
v 1.7485 -8.1892 -0.0939
v 1.7377 -8.1691 -0.0761
v 1.7485 -8.1892 -0.0939
v 1.7655 -8.1666 -0.0766
v 1.7485 -8.1892 -0.0939
v 1.7926 -8.1665 -0.0745
v 1.7485 -8.1892 -0.0939
v 1.8162 -8.1665 -0.0717
v 1.7485 -8.1892 -0.0939
v 1.8354 -8.1666 -0.0702
v 1.7485 -8.1892 -0.0939
v 1.8476 -8.1666 -0.0697
v 1.7485 -8.1892 -0.0939
v 1.8518 -8.1666 -0.0729
v 1.7485 -8.1892 -0.0939
v 1.8506 -8.1690 -0.0761
v 1.7485 -8.1892 -0.0939
v 1.8478 -8.1691 -0.0804
v 1.7485 -8.1892 -0.0939
v 1.8449 -8.1716 -0.0842
v 1.7485 -8.1892 -0.0939
v 1.8428 -8.1766 -0.0885
v 1.7485 -8.1892 -0.0939
v 1.8373 -8.1766 -0.0935
v 1.7485 -8.1892 -0.0939
v 1.8301 -8.1767 -0.0984
v 1.7485 -8.1892 -0.0939
v 1.8168 -8.1766 -0.1032
v 1.7485 -8.1892 -0.0939
v 1.7992 -8.1766 -0.1080
v 1.7485 -8.1892 -0.0939
v 1.7774 -8.1792 -0.1095
v 1.7485 -8.1892 -0.0939
v 1.7515 -8.1792 -0.1084
v 1.7485 -8.1892 -0.0939
v 1.7231 -8.1817 -0.1048
v 1.7485 -8.1892 -0.0939
v 1.6983 -8.1816 -0.1006
v 1.7485 -8.1892 -0.0939
v 1.6760 -8.1766 -0.0971
v 1.7485 -8.1892 -0.0939
v 1.6598 -8.1766 -0.0931
v 1.7485 -8.1892 -0.0939
v 1.6531 -8.1766 -0.0879
v 1.7485 -8.1892 -0.0939
v 1.6438 -8.1766 -0.0827
v 1.7485 -8.1892 -0.0939
v 1.6353 -8.1766 -0.0769
v 1.7485 -8.1892 -0.0939
v 1.6339 -8.1741 -0.0712
v 1.7485 -8.1892 -0.0939
v 1.6315 -8.1716 -0.0655
v 1.7485 -8.1892 -0.0939
v 1.6309 -8.1741 -0.0598
v 1.7485 -8.1892 -0.0939
v 1.6345 -8.1716 -0.0574
v 1.7485 -8.1892 -0.0939
v 1.6431 -8.1716 -0.0582
v 1.7485 -8.1892 -0.0939
v 1.6595 -8.1691 -0.0616
v 1.7485 -8.1892 -0.0939
v 1.6844 -8.1690 -0.0677
v 1.7485 -8.1892 -0.0939
v 1.7377 -8.1691 -0.0761
v 1.7101 -8.1691 -0.0731
v 1.7485 -8.1892 -0.0939
v 2.1121 -8.0959 1.7799
v 2.1121 -8.0959 1.7799
v 2.1121 -8.0959 1.7799
v 2.1121 -8.0959 1.7799
v 2.1121 -8.0959 1.7799
v 2.1121 -8.0959 1.7799
v 2.1121 -8.0959 1.7799
v 2.1121 -8.0959 1.7799
v 2.1121 -8.0959 1.7799
v 2.1121 -8.0959 1.7799
v 2.1121 -8.0959 1.7799
v 2.1121 -8.0959 1.7799
v 2.1121 -8.0959 1.7799
v 2.1121 -8.0959 1.7799
v 2.1121 -8.0959 1.7799
v 2.1121 -8.0959 1.7799
v 2.1121 -8.0959 1.7799
v 2.1121 -8.0959 1.7799
v 2.1121 -8.0959 1.7799
v 2.1121 -8.0959 1.7799
v 2.1121 -8.0959 1.7799
v 2.1121 -8.0959 1.7799
v 2.1121 -8.0959 1.7799
v 2.1121 -8.0959 1.7799
v 2.1121 -8.0959 1.7799
v 2.1121 -8.0959 1.7799
v 2.1121 -8.0959 1.7799
v 2.1121 -8.0959 1.7799
v 2.1121 -8.0959 1.7799
v 2.1121 -8.0959 1.7799
v 2.1121 -8.0959 1.7799
v 2.1121 -8.0959 1.7799
v 2.1121 -8.0959 1.7799
v 2.0269 -7.9115 1.7357
v 2.0270 -7.9143 1.7278
v 2.0301 -7.9216 1.7281
v 2.0291 -7.9315 1.7365
v 2.0318 -7.9466 1.7294
v 2.0420 -7.9728 1.7539
v 2.0568 -8.0187 1.7635
v 2.0816 -8.0659 1.7801
v 2.0998 -8.1117 1.7732
v 2.1169 -8.1456 1.7658
v 2.1276 -8.1750 1.7506
v 2.1306 -8.1973 1.7354
v 2.1367 -8.2120 1.7199
v 2.1383 -8.2243 1.7122
v 2.1379 -8.2266 1.7201
v 2.1417 -8.2289 1.7200
v 2.1417 -8.2289 1.7200
v 2.1410 -8.2263 1.7278
v 2.1443 -8.2237 1.7276
v 2.1431 -8.2161 1.7353
v 2.1449 -8.2037 1.7428
v 2.1419 -8.1838 1.7580
v 2.1424 -8.1587 1.7729
v 2.1358 -8.1268 1.7800
v 2.1188 -8.0852 1.7949
v 2.0903 -8.0351 1.7861
v 2.0621 -7.9828 1.7612
v 2.0421 -7.9399 1.7362
v 2.0264 -7.9182 1.7356
v 2.0199 -7.9138 1.7357
v 2.0171 -7.9115 1.7276
v 2.0141 -7.9116 1.7359
v 2.0141 -7.9116 1.7359
v 2.0866 -7.9355 1.6338
v 2.0829 -7.9358 1.6340
v 2.0871 -7.9431 1.6264
v 2.0908 -7.9529 1.6267
v 2.0906 -7.9680 1.6275
v 2.1089 -7.9969 1.6283
v 2.1328 -8.0375 1.6292
v 2.1539 -8.0854 1.6222
v 2.1685 -8.1236 1.6069
v 2.1723 -8.1553 1.5918
v 2.1692 -8.1848 1.5767
v 2.1613 -8.2096 1.5696
v 2.1573 -8.2243 1.5620
v 2.1499 -8.2345 1.5546
v 2.1533 -8.2368 1.5623
v 2.1533 -8.2393 1.5624
v 2.1569 -8.2390 1.5622
v 2.1604 -8.2389 1.5700
v 2.1605 -8.2364 1.5699
v 2.1677 -8.2288 1.5774
v 2.1788 -8.2159 1.5768
v 2.1898 -8.1958 1.5918
v 2.1966 -8.1708 1.5989
v 2.1969 -8.1411 1.6297
v 2.1900 -8.1043 1.6446
v 2.1736 -8.0610 1.6439
v 2.1508 -8.0108 1.6430
v 2.1191 -7.9704 1.6423
v 2.0996 -7.9491 1.6418
v 2.0842 -7.9350 1.6415
v 2.0809 -7.9301 1.6413
v 2.0787 -7.9355 1.6338
v 2.0775 -7.9328 1.6415
v 2.1420 -7.9453 1.4847
v 2.1419 -7.9496 1.4771
v 2.1419 -7.9521 1.4771
v 2.1418 -7.9598 1.4774
v 2.1451 -7.9739 1.4700
v 2.1552 -8.0012 1.4706
v 2.1709 -8.0372 1.4554
v 2.1887 -8.0817 1.4480
v 2.1927 -8.1191 1.4327
v 2.1834 -8.1553 1.4257
v 2.1711 -8.1835 1.4185
v 2.1629 -8.2084 1.4032
v 2.1554 -8.2237 1.4037
v 2.1480 -8.2341 1.4120
v 2.1479 -8.2366 1.4120
v 2.1515 -8.2388 1.4119
v 2.1515 -8.2391 1.4198
v 2.1552 -8.2387 1.4118
v 2.1588 -8.2362 1.4195
v 2.1663 -8.2285 1.4192
v 2.1773 -8.2181 1.4187
v 2.1851 -8.1984 1.4340
v 2.2038 -8.1725 1.4409
v 2.2161 -8.1391 1.4479
v 2.2251 -8.1063 1.4629
v 2.2208 -8.0615 1.4779
v 2.2023 -8.0165 1.4775
v 2.1829 -7.9803 1.4848
v 2.1623 -7.9597 1.4925
v 2.1517 -7.9504 1.4924
v 2.1480 -7.9430 1.4923
v 2.1411 -7.9453 1.4847
v 2.1446 -7.9425 1.4845
v 2.1679 -7.9369 1.3044
v 2.1643 -7.9372 1.3045
v 2.1603 -7.9390 1.2968
v 2.1639 -7.9466 1.2969
v 2.1598 -7.9563 1.2893
v 2.1663 -7.9786 1.2817
v 2.1722 -8.0127 1.2743
v 2.1814 -8.0567 1.2746
v 2.1798 -8.1002 1.2593
v 2.1649 -8.1371 1.2601
v 2.1536 -8.1699 1.2528
v 2.1387 -8.1970 1.2535
v 2.1278 -8.2129 1.2539
v 2.1205 -8.2232 1.2542
v 2.1205 -8.2257 1.2542
v 2.1242 -8.2285 1.2620
v 2.1279 -8.2283 1.2619
v 2.1315 -8.2286 1.2697
v 2.1352 -8.2254 1.2617
v 2.1427 -8.2177 1.2614
v 2.1571 -8.2077 1.2767
v 2.1718 -8.1862 1.2761
v 2.1899 -8.1561 1.2753
v 2.2116 -8.1236 1.2901
v 2.2197 -8.0791 1.2895
v 2.2172 -8.0382 1.2969
v 2.2146 -7.9982 1.3043
v 2.2012 -7.9674 1.3120
v 2.1875 -7.9497 1.3120
v 2.1806 -7.9422 1.3120
v 2.1736 -7.9375 1.3121
v 2.1662 -7.9369 1.3044
v 2.1701 -7.9352 1.3121
v 2.1685 -7.9196 1.1246
v 2.1650 -7.9198 1.1247
v 2.1611 -7.9220 1.1170
v 2.1576 -7.9273 1.1171
v 2.1537 -7.9348 1.1094
v 2.1573 -7.9558 1.1095
v 2.1568 -7.9881 1.0941
v 2.1536 -8.0280 1.0944
v 2.1467 -8.0710 1.0870
v 2.1366 -8.1108 1.0796
v 2.1191 -8.1473 1.0802
v 2.1010 -8.1745 1.0807
v 2.0898 -8.1934 1.0889
v 2.0825 -8.2038 1.0891
v 2.0789 -8.2064 1.0892
v 2.0825 -8.2094 1.0970
v 2.0862 -8.2092 1.0969
v 2.0862 -8.2097 1.1048
v 2.0972 -8.2070 1.1045
v 2.1046 -8.1992 1.1043
v 2.1192 -8.1858 1.1039
v 2.1373 -8.1647 1.1113
v 2.1550 -8.1345 1.1107
v 2.1781 -8.0948 1.1179
v 2.1917 -8.0512 1.1173
v 2.1924 -8.0109 1.1169
v 2.1924 -7.9754 1.1324
v 2.1884 -7.9483 1.1322
v 2.1812 -7.9326 1.1322
v 2.1777 -7.9249 1.1322
v 2.1742 -7.9199 1.1323
v 2.1669 -7.9197 1.1246
v 2.1704 -7.9195 1.1245
v 2.1607 -7.8867 0.9530
v 2.1566 -7.8871 0.9453
v 2.1531 -7.8872 0.9453
v 2.1463 -7.8950 0.9455
v 2.1422 -7.9032 0.9378
v 2.1425 -7.9268 0.9379
v 2.1427 -7.9629 0.9224
v 2.1389 -8.0071 0.9226
v 2.1316 -8.0498 0.9073
v 2.1217 -8.0915 0.9077
v 2.1073 -8.1323 0.9159
v 2.0870 -8.1587 0.9164
v 2.0724 -8.1796 0.9246
v 2.0651 -8.1899 0.9247
v 2.0615 -8.1951 0.9248
v 2.0649 -8.1978 0.9325
v 2.0685 -8.1979 0.9325
v 2.0720 -8.1980 0.9402
v 2.0757 -8.1956 0.9402
v 2.0866 -8.1853 0.9399
v 2.1010 -8.1697 0.9396
v 2.1183 -8.1458 0.9392
v 2.1376 -8.1102 0.9465
v 2.1574 -8.0711 0.9382
v 2.1680 -8.0283 0.9456
v 2.1734 -7.9857 0.9530
v 2.1755 -7.9496 0.9607
v 2.1786 -7.9172 0.9683
v 2.1749 -7.9015 0.9683
v 2.1680 -7.8912 0.9684
v 2.1646 -7.8887 0.9685
v 2.1599 -7.8867 0.9530
v 2.1633 -7.8867 0.9529
v 2.1407 -7.8462 0.7894
v 2.1400 -7.8466 0.7816
v 2.1368 -7.8466 0.7817
v 2.1330 -7.8542 0.7817
v 2.1286 -7.8649 0.7740
v 2.1312 -7.8958 0.7741
v 2.1292 -7.9383 0.7587
v 2.1283 -7.9859 0.7511
v 2.1267 -8.0361 0.7437
v 2.1172 -8.0805 0.7441
v 2.1011 -8.1193 0.7524
v 2.0820 -8.1503 0.7529
v 2.0682 -8.1737 0.7610
v 2.0610 -8.1841 0.7690
v 2.0572 -8.1919 0.7691
v 2.0606 -8.1919 0.7846
v 2.0606 -8.1919 0.7846
v 2.0641 -8.1919 0.7845
v 2.0711 -8.1893 0.7922
v 2.0818 -8.1790 0.7919
v 2.0957 -8.1609 0.7760
v 2.1152 -8.1351 0.7833
v 2.1326 -8.0988 0.7673
v 2.1468 -8.0566 0.7745
v 2.1560 -8.0116 0.7741
v 2.1594 -7.9635 0.7815
v 2.1593 -7.9184 0.7891
v 2.1595 -7.8816 0.7968
v 2.1569 -7.8612 0.7969
v 2.1542 -7.8509 0.7969
v 2.1510 -7.8483 0.7970
v 2.1407 -7.8462 0.7894
v 2.1439 -7.8461 0.7893
v 2.1275 -7.7903 0.6257
v 2.1239 -7.7903 0.6180
v 2.1204 -7.7928 0.6181
v 2.1168 -7.7980 0.6182
v 2.1156 -7.8109 0.6182
v 2.1137 -7.8446 0.6105
v 2.1186 -7.8938 0.6028
v 2.1215 -7.9535 0.5797
v 2.1230 -8.0104 0.5800
v 2.1155 -8.0622 0.5805
v 2.0991 -8.1089 0.5888
v 2.0790 -8.1425 0.6049
v 2.0612 -8.1659 0.6131
v 2.0539 -8.1815 0.6289
v 2.0503 -8.1867 0.6290
v 2.0537 -8.1893 0.6367
v 2.0572 -8.1893 0.6366
v 2.0606 -8.1893 0.6366
v 2.0677 -8.1842 0.6364
v 2.0749 -8.1764 0.6363
v 2.0960 -8.1556 0.6280
v 2.1131 -8.1271 0.6120
v 2.1339 -8.0857 0.6036
v 2.1466 -8.0365 0.6031
v 2.1524 -7.9847 0.6104
v 2.1480 -7.9252 0.6179
v 2.1464 -7.8708 0.6255
v 2.1440 -7.8293 0.6332
v 2.1425 -7.8060 0.6332
v 2.1400 -7.7981 0.6333
v 2.1337 -7.7930 0.6256
v 2.1275 -7.7903 0.6257
v 2.1304 -7.7929 0.6257
v 2.1154 -7.7369 0.4778
v 2.1121 -7.7369 0.4778
v 2.1085 -7.7395 0.4701
v 2.1046 -7.7472 0.4702
v 2.1003 -7.7600 0.4703
v 2.0986 -7.7936 0.4626
v 2.1013 -7.8506 0.4394
v 2.1086 -7.9204 0.4318
v 2.1151 -7.9877 0.4244
v 2.1032 -8.0470 0.4327
v 2.0881 -8.0961 0.4410
v 2.0671 -8.1348 0.4571
v 2.0527 -8.1633 0.4652
v 2.0456 -8.1788 0.4810
v 2.0420 -8.1866 0.4889
v 2.0454 -8.1866 0.4888
v 2.0489 -8.1866 0.4965
v 2.0524 -8.1866 0.4964
v 2.0594 -8.1841 0.4963
v 2.0665 -8.1711 0.4883
v 2.0808 -8.1504 0.4880
v 2.1052 -8.1169 0.4641
v 2.1248 -8.0731 0.4557
v 2.1392 -8.0189 0.4474
v 2.1376 -7.9568 0.4470
v 2.1334 -7.8844 0.4622
v 2.1274 -7.8223 0.4698
v 2.1251 -7.7757 0.4854
v 2.1237 -7.7525 0.4854
v 2.1248 -7.7422 0.4854
v 2.1218 -7.7396 0.4854
v 2.1154 -7.7369 0.4778
v 2.1186 -7.7370 0.4777
v 2.0949 -7.6915 0.3378
v 2.0916 -7.6915 0.3379
v 2.0881 -7.6941 0.3380
v 2.0842 -7.6992 0.3380
v 2.0798 -7.7120 0.3381
v 2.0767 -7.7509 0.3227
v 2.0779 -7.8156 0.2994
v 2.0855 -7.8905 0.2841
v 2.0934 -7.9655 0.2767
v 2.0852 -8.0325 0.2850
v 2.0655 -8.0866 0.3011
v 2.0514 -8.1303 0.3171
v 2.0374 -8.1585 0.3408
v 2.0301 -8.1765 0.3488
v 2.0300 -8.1843 0.3566
v 2.0333 -8.1869 0.3565
v 2.0368 -8.1870 0.3565
v 2.0403 -8.1844 0.3564
v 2.0439 -8.1792 0.3563
v 2.0545 -8.1689 0.3561
v 2.0686 -8.1458 0.3402
v 2.0859 -8.1099 0.3164
v 2.1066 -8.0635 0.3080
v 2.1195 -8.0017 0.2919
v 2.1202 -7.9293 0.2915
v 2.1126 -7.8519 0.3067
v 2.1100 -7.7821 0.3298
v 2.1122 -7.7277 0.3453
v 2.1108 -7.7045 0.3453
v 2.1081 -7.6967 0.3453
v 2.1053 -7.6915 0.3454
v 2.0949 -7.6915 0.3378
v 2.0986 -7.6915 0.3455
v 2.0680 -7.6483 0.2136
v 2.0646 -7.6483 0.2136
v 2.0577 -7.6509 0.2138
v 2.0537 -7.6586 0.2139
v 2.0492 -7.6715 0.2062
v 2.0463 -7.7129 0.1985
v 2.0461 -7.7853 0.1753
v 2.0558 -7.8680 0.1522
v 2.0555 -7.9481 0.1449
v 2.0539 -8.0204 0.1452
v 2.0390 -8.0797 0.1691
v 2.0250 -8.1259 0.1929
v 2.0109 -8.1568 0.2088
v 2.0039 -8.1748 0.2246
v 2.0036 -8.1825 0.2246
v 2.0072 -8.1851 0.2324
v 2.0106 -8.1851 0.2323
v 2.0141 -8.1850 0.2322
v 2.0211 -8.1826 0.2321
v 2.0281 -8.1697 0.2241
v 2.0421 -8.1440 0.2082
v 2.0596 -8.1028 0.1921
v 2.0760 -8.0513 0.1605
v 2.0875 -7.9842 0.1522
v 2.0862 -7.9094 0.1518
v 2.0835 -7.8240 0.1669
v 2.0789 -7.7465 0.1979
v 2.0818 -7.6871 0.2133
v 2.0806 -7.6638 0.2289
v 2.0777 -7.6535 0.2134
v 2.0745 -7.6509 0.2134
v 2.0680 -7.6483 0.2136
v 2.0714 -7.6483 0.2135
v 2.0273 -7.6150 0.1053
v 2.0205 -7.6175 0.1054
v 2.0171 -7.6202 0.1055
v 2.0136 -7.6254 0.1056
v 2.0130 -7.6409 0.1056
v 2.0123 -7.6849 0.0824
v 2.0166 -7.7572 0.0591
v 2.0213 -7.8476 0.0283
v 2.0210 -7.9355 0.0209
v 2.0130 -8.0104 0.0292
v 2.0035 -8.0724 0.0529
v 1.9856 -8.1240 0.0768
v 1.9778 -8.1548 0.0926
v 1.9738 -8.1754 0.1083
v 1.9737 -8.1857 0.1239
v 1.9737 -8.1857 0.1239
v 1.9771 -8.1856 0.1238
v 1.9805 -8.1883 0.1238
v 1.9875 -8.1806 0.1080
v 1.9948 -8.1677 0.1001
v 2.0058 -8.1420 0.0842
v 2.0204 -8.1006 0.0682
v 2.0374 -8.0440 0.0366
v 2.0480 -7.9743 0.0205
v 2.0490 -7.8890 0.0279
v 2.0491 -7.8011 0.0508
v 2.0420 -7.7184 0.0741
v 2.0422 -7.6589 0.1051
v 2.0433 -7.6331 0.1128
v 2.0402 -7.6253 0.1128
v 2.0372 -7.6176 0.1129
v 2.0273 -7.6150 0.1053
v 2.0340 -7.6150 0.1052
v 1.9741 -7.5920 0.0204
v 1.9708 -7.5946 0.0204
v 1.9674 -7.5971 0.0204
v 1.9642 -7.6023 0.0205
v 1.9578 -7.6178 0.0206
v 1.9589 -7.6618 -0.0029
v 1.9647 -7.7419 -0.0257
v 1.9664 -7.8324 -0.0641
v 1.9681 -7.9228 -0.0716
v 1.9577 -8.0029 -0.0633
v 1.9518 -8.0699 -0.0474
v 1.9380 -8.1191 -0.0158
v 1.9305 -8.1525 0.0078
v 1.9263 -8.1757 0.0157
v 1.9261 -8.1834 0.0235
v 1.9295 -8.1860 0.0234
v 1.9330 -8.1859 0.0234
v 1.9366 -8.1859 0.0233
v 1.9438 -8.1809 0.0231
v 1.9475 -8.1680 0.0075
v 1.9586 -8.1396 -0.0084
v 1.9692 -8.0958 -0.0399
v 1.9829 -8.0390 -0.0559
v 1.9942 -7.9667 -0.0720
v 2.0000 -7.8789 -0.0724
v 1.9973 -7.7860 -0.0493
v 1.9968 -7.7006 -0.0186
v 1.9920 -7.6360 0.0046
v 1.9880 -7.6075 0.0203
v 1.9845 -7.5998 0.0203
v 1.9809 -7.5946 0.0203
v 1.9741 -7.5920 0.0204
v 1.9776 -7.5946 0.0203
v 1.9057 -7.5767 -0.0461
v 1.8987 -7.5767 -0.0468
v 1.8957 -7.5844 -0.0471
v 1.8960 -7.5896 -0.0471
v 1.8897 -7.6024 -0.0476
v 1.8913 -7.6491 -0.0708
v 1.8942 -7.7292 -0.0900
v 1.8966 -7.8248 -0.1255
v 1.8971 -7.9178 -0.1326
v 1.8896 -7.9979 -0.1244
v 1.8805 -8.0650 -0.1085
v 1.8781 -8.1166 -0.0771
v 1.8707 -8.1527 -0.0613
v 1.8708 -8.1708 -0.0456
v 1.8704 -8.1810 -0.0456
v 1.8742 -8.1837 -0.0379
v 1.8774 -8.1836 -0.0457
v 1.8810 -8.1836 -0.0458
v 1.8848 -8.1785 -0.0459
v 1.8886 -8.1629 -0.0538
v 1.8954 -8.1372 -0.0774
v 1.9058 -8.0934 -0.1011
v 1.9150 -8.0315 -0.1248
v 1.9228 -7.9592 -0.1408
v 1.9293 -7.8688 -0.1412
v 1.9295 -7.7758 -0.1189
v 1.9273 -7.6878 -0.0824
v 1.9210 -7.6206 -0.0689
v 1.9168 -7.5947 -0.0533
v 1.9162 -7.5845 -0.0534
v 1.9127 -7.5793 -0.0455
v 1.9057 -7.5767 -0.0461
v 1.9091 -7.5767 -0.0458
v 1.8232 -7.5691 -0.1056
v 1.8197 -7.5691 -0.1061
v 1.8168 -7.5741 -0.0983
v 1.8137 -7.5819 -0.0988
v 1.8109 -7.5949 -0.0992
v 1.8126 -7.6414 -0.1133
v 1.8150 -7.7241 -0.1355
v 1.8174 -7.8171 -0.1486
v 1.8156 -7.9102 -0.1701
v 1.8147 -7.9928 -0.1620
v 1.8097 -8.0624 -0.1383
v 1.8072 -8.1142 -0.1148
v 1.8039 -8.1476 -0.0990
v 1.8037 -8.1707 -0.0912
v 1.8042 -8.1812 -0.0755
v 1.8078 -8.1838 -0.0756
v 1.8114 -8.1838 -0.0757
v 1.8141 -8.1838 -0.0913
v 1.8179 -8.1760 -0.0914
v 1.8214 -8.1631 -0.0993
v 1.8248 -8.1347 -0.1150
v 1.8312 -8.0908 -0.1387
v 1.8397 -8.0290 -0.1702
v 1.8413 -7.9541 -0.1783
v 1.8455 -7.8663 -0.1787
v 1.8437 -7.7681 -0.1521
v 1.8445 -7.6802 -0.1378
v 1.8427 -7.6155 -0.1108
v 1.8378 -7.5872 -0.1120
v 1.8376 -7.5768 -0.1038
v 1.8340 -7.5742 -0.1043
v 1.8232 -7.5691 -0.1056
v 1.8302 -7.5691 -0.1047
v 1.7417 -7.5665 -0.1298
v 1.7382 -7.5665 -0.1300
v 1.7387 -7.5691 -0.1219
v 1.7357 -7.5794 -0.1223
v 1.7328 -7.5923 -0.1224
v 1.7343 -7.6388 -0.1358
v 1.7329 -7.7216 -0.1552
v 1.7356 -7.8172 -0.1564
v 1.7332 -7.9102 -0.1763
v 1.7350 -7.9928 -0.1683
v 1.7333 -8.0599 -0.1447
v 1.7340 -8.1115 -0.1290
v 1.7345 -8.1476 -0.1133
v 1.7385 -8.1709 -0.0977
v 1.7419 -8.1786 -0.0977
v 1.7419 -8.1812 -0.0977
v 1.7455 -8.1813 -0.0978
v 1.7451 -8.1786 -0.1056
v 1.7488 -8.1735 -0.1057
v 1.7486 -8.1606 -0.1135
v 1.7517 -8.1322 -0.1293
v 1.7538 -8.0884 -0.1606
v 1.7563 -8.0290 -0.1764
v 1.7579 -7.9541 -0.1922
v 1.7595 -7.8638 -0.1927
v 1.7582 -7.7681 -0.1703
v 1.7593 -7.6777 -0.1612
v 1.7573 -7.6105 -0.1446
v 1.7527 -7.5820 -0.1376
v 1.7523 -7.5743 -0.1375
v 1.7489 -7.5691 -0.1295
v 1.7417 -7.5665 -0.1298
v 1.7452 -7.5664 -0.1297
v 1.6642 -7.5664 -0.1282
v 1.6611 -7.5690 -0.1199
v 1.6577 -7.5717 -0.1196
v 1.6580 -7.5794 -0.1198
v 1.6554 -7.5923 -0.1112
v 1.6533 -7.6414 -0.1244
v 1.6516 -7.7216 -0.1446
v 1.6501 -7.8172 -0.1542
v 1.6515 -7.9103 -0.1669
v 1.6527 -7.9928 -0.1667
v 1.6620 -8.0599 -0.1355
v 1.6627 -8.1116 -0.1198
v 1.6667 -8.1476 -0.1042
v 1.6705 -8.1684 -0.0964
v 1.6743 -8.1786 -0.0887
v 1.6778 -8.1812 -0.0887
v 1.6775 -8.1786 -0.0965
v 1.6811 -8.1786 -0.0966
v 1.6808 -8.1735 -0.1044
v 1.6842 -8.1580 -0.1123
v 1.6836 -8.1322 -0.1279
v 1.6786 -8.0884 -0.1592
v 1.6776 -8.0290 -0.1749
v 1.6724 -7.9541 -0.1906
v 1.6707 -7.8664 -0.1908
v 1.6731 -7.7681 -0.1691
v 1.6744 -7.6777 -0.1608
v 1.6726 -7.6105 -0.1445
v 1.6716 -7.5820 -0.1372
v 1.6713 -7.5743 -0.1371
v 1.6678 -7.5691 -0.1286
v 1.6642 -7.5664 -0.1282
v 1.6643 -7.5691 -0.1283
v 1.5876 -7.5742 -0.0931
v 1.5843 -7.5742 -0.0842
v 1.5844 -7.5767 -0.0842
v 1.5812 -7.5845 -0.0837
v 1.5820 -7.5974 -0.0753
v 1.5798 -7.6465 -0.0892
v 1.5746 -7.7266 -0.1045
v 1.5725 -7.8196 -0.1274
v 1.5738 -7.9127 -0.1420
v 1.5789 -7.9953 -0.1341
v 1.5872 -8.0599 -0.1185
v 1.5954 -8.1140 -0.0951
v 1.6034 -8.1474 -0.0718
v 1.6075 -8.1680 -0.0562
v 1.6109 -8.1784 -0.0563
v 1.6145 -8.1810 -0.0563
v 1.6145 -8.1810 -0.0563
v 1.6178 -8.1784 -0.0642
v 1.6175 -8.1733 -0.0720
v 1.6170 -8.1605 -0.0876
v 1.6129 -8.1321 -0.1032
v 1.6048 -8.0883 -0.1265
v 1.5995 -8.0290 -0.1578
v 1.5908 -7.9541 -0.1734
v 1.5893 -7.8690 -0.1737
v 1.5883 -7.7706 -0.1477
v 1.5935 -7.6828 -0.1359
v 1.5958 -7.6156 -0.1102
v 1.5950 -7.5897 -0.1026
v 1.5946 -7.5794 -0.1026
v 1.5912 -7.5768 -0.0937
v 1.5876 -7.5742 -0.0931
v 1.5911 -7.5742 -0.0937
v 1.5188 -7.5840 -0.0237
v 1.5189 -7.5866 -0.0237
v 1.5193 -7.5891 -0.0154
v 1.5159 -7.5942 -0.0149
v 1.5165 -7.6097 -0.0148
v 1.5105 -7.6562 -0.0292
v 1.5049 -7.7365 -0.0572
v 1.5029 -7.8270 -0.0786
v 1.5037 -7.9202 -0.1017
v 1.5122 -7.9976 -0.0938
v 1.5246 -8.0620 -0.0627
v 1.5363 -8.1134 -0.0394
v 1.5438 -8.1495 -0.0239
v 1.5517 -8.1699 -0.0006
v 1.5552 -8.1777 -0.0006
v 1.5587 -8.1829 -0.0007
v 1.5587 -8.1829 -0.0007
v 1.5585 -8.1805 -0.0085
v 1.5580 -8.1755 -0.0241
v 1.5543 -8.1599 -0.0318
v 1.5500 -8.1317 -0.0552
v 1.5381 -8.0906 -0.0863
v 1.5297 -8.0313 -0.1097
v 1.5176 -7.9591 -0.1252
v 1.5127 -7.8739 -0.1254
v 1.5154 -7.7807 -0.0953
v 1.5172 -7.6927 -0.0767
v 1.5232 -7.6281 -0.0483
v 1.5260 -7.5996 -0.0411
v 1.5224 -7.5919 -0.0324
v 1.5222 -7.5867 -0.0324
v 1.5188 -7.5840 -0.0237
v 1.5221 -7.5841 -0.0324
v 1.4681 -7.6034 0.0536
v 1.4648 -7.6058 0.0616
v 1.4649 -7.6084 0.0616
v 1.4653 -7.6133 0.0695
v 1.4658 -7.6287 0.0696
v 1.4597 -7.6727 0.0543
v 1.4502 -7.7506 0.0158
v 1.4479 -7.8360 -0.0073
v 1.4490 -7.9267 -0.0227
v 1.4612 -8.0040 -0.0071
v 1.4728 -8.0659 0.0085
v 1.4842 -8.1172 0.0318
v 1.4957 -8.1503 0.0628
v 1.5030 -8.1684 0.0705
v 1.5067 -8.1787 0.0783
v 1.5103 -8.1813 0.0782
v 1.5101 -8.1815 0.0704
v 1.5101 -8.1788 0.0704
v 1.5100 -8.1765 0.0626
v 1.5022 -8.1612 0.0393
v 1.4948 -8.1329 0.0238
v 1.4831 -8.0921 -0.0073
v 1.4711 -8.0356 -0.0384
v 1.4556 -7.9660 -0.0539
v 1.4508 -7.8834 -0.0540
v 1.4536 -7.7900 -0.0232
v 1.4592 -7.7072 -0.0004
v 1.4689 -7.6449 0.0301
v 1.4684 -7.6190 0.0458
v 1.4682 -7.6113 0.0457
v 1.4680 -7.6061 0.0457
v 1.4681 -7.6034 0.0536
v 1.4681 -7.6034 0.0536
v 1.4249 -7.6316 0.1562
v 1.4249 -7.6316 0.1562
v 1.4253 -7.6363 0.1718
v 1.4255 -7.6414 0.1718
v 1.4258 -7.6542 0.1718
v 1.4196 -7.6984 0.1487
v 1.4138 -7.7683 0.1257
v 1.4077 -7.8515 0.0949
v 1.4086 -7.9346 0.0795
v 1.4167 -8.0094 0.0873
v 1.4319 -8.0685 0.1106
v 1.4468 -8.1174 0.1416
v 1.4615 -8.1508 0.1648
v 1.4686 -8.1717 0.1725
v 1.4722 -8.1768 0.1724
v 1.4721 -8.1820 0.1725
v 1.4721 -8.1820 0.1725
v 1.4720 -8.1796 0.1647
v 1.4683 -8.1745 0.1569
v 1.4648 -8.1616 0.1492
v 1.4535 -8.1361 0.1181
v 1.4388 -8.0949 0.0949
v 1.4273 -8.0435 0.0716
v 1.4119 -7.9742 0.0484
v 1.4039 -7.8964 0.0561
v 1.4063 -7.8085 0.0714
v 1.4161 -7.7303 0.1099
v 1.4257 -7.6732 0.1329
v 1.4286 -7.6448 0.1406
v 1.4283 -7.6371 0.1406
v 1.4248 -7.6318 0.1484
v 1.4249 -7.6316 0.1562
v 1.4248 -7.6318 0.1484
v 1.3991 -7.6691 0.2737
v 1.3991 -7.6689 0.2815
v 1.3992 -7.6715 0.2815
v 1.3995 -7.6815 0.2893
v 1.3998 -7.6918 0.2894
v 1.3970 -7.7307 0.2739
v 1.3875 -7.7985 0.2432
v 1.3813 -7.8739 0.2201
v 1.3858 -7.9518 0.2125
v 1.3936 -8.0193 0.2203
v 1.4119 -8.0764 0.2357
v 1.4264 -8.1230 0.2589
v 1.4408 -8.1515 0.2899
v 1.4479 -8.1696 0.2976
v 1.4514 -8.1801 0.2975
v 1.4514 -8.1827 0.2975
v 1.4514 -8.1827 0.2975
v 1.4513 -8.1828 0.2898
v 1.4477 -8.1777 0.2820
v 1.4442 -8.1648 0.2743
v 1.4297 -8.1389 0.2433
v 1.4117 -8.1001 0.2202
v 1.3969 -8.0486 0.1891
v 1.3820 -7.9892 0.1737
v 1.3740 -7.9139 0.1736
v 1.3803 -7.8332 0.1966
v 1.3865 -7.7628 0.2275
v 1.3962 -7.7082 0.2505
v 1.3957 -7.6849 0.2583
v 1.3991 -7.6745 0.2659
v 1.3991 -7.6719 0.2659
v 1.3991 -7.6691 0.2737
v 1.3991 -7.6691 0.2737
v 1.3833 -7.7171 0.4144
v 1.3833 -7.7195 0.4222
v 1.3869 -7.7220 0.4222
v 1.3870 -7.7270 0.4300
v 1.3872 -7.7399 0.4300
v 1.3807 -7.7735 0.4225
v 1.3746 -7.8338 0.3916
v 1.3683 -7.9018 0.3685
v 1.3689 -7.9722 0.3609
v 1.3872 -8.0323 0.3685
v 1.4053 -8.0871 0.3839
v 1.4268 -8.1290 0.3992
v 1.4445 -8.1602 0.4301
v 1.4552 -8.1760 0.4377
v 1.4588 -8.1839 0.4377
v 1.4587 -8.1865 0.4377
v 1.4588 -8.1866 0.4299
v 1.4552 -8.1867 0.4299
v 1.4517 -8.1814 0.4222
v 1.4410 -8.1684 0.3990
v 1.4267 -8.1450 0.3836
v 1.4052 -8.1109 0.3606
v 1.3872 -8.0614 0.3452
v 1.3689 -8.0042 0.3220
v 1.3577 -7.9364 0.3221
v 1.3606 -7.8684 0.3452
v 1.3669 -7.8007 0.3683
v 1.3768 -7.7538 0.3835
v 1.3801 -7.7330 0.3990
v 1.3799 -7.7250 0.4067
v 1.3798 -7.7198 0.4067
v 1.3833 -7.7171 0.4144
v 1.3834 -7.7197 0.4145
v 1.3737 -7.7716 0.5706
v 1.3737 -7.7716 0.5706
v 1.3734 -7.7740 0.5784
v 1.3771 -7.7817 0.5783
v 1.3768 -7.7918 0.5861
v 1.3741 -7.8233 0.5707
v 1.3642 -7.8731 0.5555
v 1.3619 -7.9339 0.5323
v 1.3697 -7.9945 0.5245
v 1.3880 -8.0497 0.5243
v 1.4130 -8.0997 0.5396
v 1.4413 -8.1392 0.5625
v 1.4589 -8.1655 0.5778
v 1.4695 -8.1814 0.5854
v 1.4731 -8.1894 0.5854
v 1.4731 -8.1894 0.5854
v 1.4734 -8.1896 0.5776
v 1.4697 -8.1869 0.5776
v 1.4664 -8.1843 0.5699
v 1.4594 -8.1738 0.5622
v 1.4384 -8.1529 0.5392
v 1.4138 -8.1188 0.5162
v 1.3852 -8.0767 0.5011
v 1.3636 -8.0242 0.4936
v 1.3525 -7.9638 0.4936
v 1.3517 -7.9032 0.5091
v 1.3579 -7.8455 0.5244
v 1.3640 -7.8059 0.5475
v 1.3672 -7.7850 0.5552
v 1.3671 -7.7773 0.5551
v 1.3704 -7.7745 0.5629
v 1.3737 -7.7716 0.5706
v 1.3704 -7.7718 0.5628
v 1.3554 -7.8276 0.7424
v 1.3554 -7.8302 0.7424
v 1.3586 -7.8326 0.7501
v 1.3586 -7.8378 0.7501
v 1.3621 -7.8482 0.7501
v 1.3589 -7.8744 0.7424
v 1.3526 -7.9167 0.7271
v 1.3572 -7.9673 0.7115
v 1.3724 -8.0180 0.7036
v 1.3944 -8.0685 0.7033
v 1.4229 -8.1110 0.7185
v 1.4520 -8.1460 0.7258
v 1.4700 -8.1701 0.7333
v 1.4844 -8.1836 0.7409
v 1.4881 -8.1917 0.7408
v 1.4881 -8.1917 0.7408
v 1.4848 -8.1916 0.7331
v 1.4848 -8.1916 0.7331
v 1.4778 -8.1892 0.7254
v 1.4708 -8.1785 0.7177
v 1.4528 -8.1597 0.7102
v 1.4246 -8.1279 0.6873
v 1.3961 -8.0907 0.6722
v 1.3673 -8.0456 0.6649
v 1.3490 -7.9926 0.6651
v 1.3408 -7.9420 0.6807
v 1.3399 -7.8969 0.6961
v 1.3462 -7.8573 0.7115
v 1.3494 -7.8414 0.7192
v 1.3494 -7.8336 0.7191
v 1.3526 -7.8307 0.7268
v 1.3554 -7.8276 0.7424
v 1.3526 -7.8281 0.7268
v 1.3400 -7.8833 0.9062
v 1.3432 -7.8836 0.9140
v 1.3432 -7.8862 0.9140
v 1.3500 -7.8917 0.9216
v 1.3499 -7.9021 0.9217
v 1.3466 -7.9255 0.9140
v 1.3506 -7.9597 0.9063
v 1.3626 -7.9995 0.8828
v 1.3774 -8.0424 0.8826
v 1.4067 -8.0829 0.8822
v 1.4322 -8.1181 0.8897
v 1.4615 -8.1506 0.8970
v 1.4834 -8.1725 0.9045
v 1.4946 -8.1861 0.9043
v 1.4984 -8.1942 0.9043
v 1.4987 -8.1942 0.8964
v 1.4950 -8.1941 0.8965
v 1.4954 -8.1942 0.8887
v 1.4880 -8.1913 0.8888
v 1.4809 -8.1806 0.8811
v 1.4591 -8.1615 0.8736
v 1.4372 -8.1345 0.8662
v 1.4008 -8.1018 0.8590
v 1.3719 -8.0616 0.8516
v 1.3500 -8.0213 0.8519
v 1.3351 -7.9785 0.8599
v 1.3275 -7.9386 0.8677
v 1.3299 -7.9094 0.8910
v 1.3336 -7.8938 0.8908
v 1.3332 -7.8885 0.8986
v 1.3368 -7.8833 0.8985
v 1.3400 -7.8833 0.9062
v 1.3400 -7.8833 0.9062
v 1.3232 -7.9207 1.0777
v 1.3185 -7.9203 1.0933
v 1.3220 -7.9231 1.0932
v 1.3191 -7.9280 1.1011
v 1.3219 -7.9385 1.1012
v 1.3255 -7.9595 1.0858
v 1.3277 -7.9887 1.0783
v 1.3392 -8.0244 1.0706
v 1.3582 -8.0636 1.0707
v 1.3903 -8.1038 1.0707
v 1.4214 -8.1377 1.0705
v 1.4421 -8.1678 1.0783
v 1.4618 -8.1868 1.0782
v 1.4696 -8.2001 1.0781
v 1.4735 -8.2055 1.0781
v 1.4735 -8.2055 1.0781
v 1.4738 -8.2050 1.0702
v 1.4701 -8.2048 1.0702
v 1.4706 -8.2013 1.0544
v 1.4593 -8.1930 1.0545
v 1.4481 -8.1738 1.0467
v 1.4255 -8.1515 1.0390
v 1.3983 -8.1185 1.0313
v 1.3652 -8.0821 1.0316
v 1.3398 -8.0431 1.0317
v 1.3190 -8.0069 1.0474
v 1.3126 -7.9720 1.0550
v 1.3110 -7.9482 1.0626
v 1.3157 -7.9331 1.0624
v 1.3176 -7.9255 1.0700
v 1.3181 -7.9204 1.0700
v 1.3232 -7.9207 1.0777
v 1.3195 -7.9204 1.0777
v 1.2915 -7.9356 1.2576
v 1.2957 -7.9370 1.2654
v 1.2952 -7.9421 1.2655
v 1.2995 -7.9461 1.2734
v 1.2952 -7.9559 1.2737
v 1.2914 -7.9793 1.2743
v 1.2888 -8.0049 1.2671
v 1.2935 -8.0418 1.2521
v 1.3090 -8.0791 1.2527
v 1.3337 -8.1168 1.2452
v 1.3546 -8.1524 1.2535
v 1.3771 -8.1813 1.2537
v 1.3890 -8.2008 1.2539
v 1.3986 -8.2118 1.2539
v 1.4033 -8.2166 1.2460
v 1.4033 -8.2166 1.2460
v 1.4033 -8.2166 1.2460
v 1.4033 -8.2161 1.2380
v 1.3990 -8.2132 1.2380
v 1.3939 -8.2045 1.2300
v 1.3795 -8.1903 1.2300
v 1.3620 -8.1639 1.2218
v 1.3343 -8.1314 1.2217
v 1.3061 -8.0953 1.2214
v 1.2862 -8.0575 1.2210
v 1.2717 -8.0184 1.2283
v 1.2685 -7.9883 1.2278
v 1.2747 -7.9602 1.2349
v 1.2788 -7.9475 1.2346
v 1.2832 -7.9383 1.2422
v 1.2872 -7.9361 1.2421
v 1.2915 -7.9356 1.2576
v 1.2878 -7.9352 1.2577
v 1.3026 -7.9399 1.4376
v 1.3024 -7.9424 1.4377
v 1.3032 -7.9433 1.4455
v 1.3025 -7.9509 1.4459
v 1.2943 -7.9629 1.4465
v 1.2831 -7.9826 1.4474
v 1.2738 -8.0127 1.4407
v 1.2719 -8.0495 1.4340
v 1.2842 -8.0888 1.4351
v 1.3054 -8.1288 1.4360
v 1.3248 -8.1618 1.4208
v 1.3438 -8.1929 1.4214
v 1.3556 -8.2121 1.4217
v 1.3619 -8.2255 1.4219
v 1.3628 -8.2304 1.4219
v 1.3626 -8.2300 1.4140
v 1.3626 -8.2300 1.4140
v 1.3625 -8.2296 1.4060
v 1.3583 -8.2267 1.4060
v 1.3531 -8.2186 1.4058
v 1.3383 -8.2013 1.3977
v 1.3218 -8.1787 1.3973
v 1.3019 -8.1446 1.3967
v 1.2770 -8.1043 1.3960
v 1.2573 -8.0649 1.4030
v 1.2532 -8.0246 1.4098
v 1.2564 -7.9900 1.4087
v 1.2698 -7.9654 1.4155
v 1.2812 -7.9509 1.4148
v 1.2894 -7.9447 1.4223
v 1.2944 -7.9383 1.4298
v 1.3026 -7.9399 1.4376
v 1.2982 -7.9387 1.4298
v 1.3616 -7.9332 1.5931
v 1.3654 -7.9337 1.5931
v 1.3634 -7.9388 1.6012
v 1.3630 -7.9465 1.6017
v 1.3496 -7.9612 1.6105
v 1.3346 -7.9831 1.6117
v 1.3175 -8.0181 1.6136
v 1.3017 -8.0537 1.5995
v 1.3063 -8.0955 1.6012
v 1.3131 -8.1341 1.5946
v 1.3315 -8.1712 1.5959
v 1.3438 -8.2019 1.5972
v 1.3540 -8.2222 1.5904
v 1.3575 -8.2348 1.5911
v 1.3609 -8.2376 1.5913
v 1.3567 -8.2395 1.5837
v 1.3567 -8.2395 1.5837
v 1.3523 -8.2391 1.5761
v 1.3483 -8.2362 1.5762
v 1.3399 -8.2258 1.5766
v 1.3280 -8.2097 1.5680
v 1.3124 -8.1834 1.5663
v 1.2950 -8.1509 1.5643
v 1.2784 -8.1076 1.5623
v 1.2707 -8.0656 1.5687
v 1.2753 -8.0254 1.5750
v 1.2906 -7.9881 1.5732
v 1.3182 -7.9583 1.5793
v 1.3336 -7.9446 1.5784
v 1.3478 -7.9363 1.5856
v 1.3557 -7.9320 1.5853
v 1.3616 -7.9332 1.5931
v 1.3557 -7.9320 1.5853
v 1.3083 -8.0482 1.7438
v 1.4202 -7.8943 1.7159
v 1.3083 -8.0482 1.7438
v 1.4202 -7.8943 1.7159
v 1.3083 -8.0482 1.7438
v 1.4207 -7.8962 1.7239
v 1.3083 -8.0482 1.7438
v 1.4100 -7.9062 1.7246
v 1.3083 -8.0482 1.7438
v 1.3962 -7.9209 1.7336
v 1.3083 -8.0482 1.7438
v 1.3750 -7.9468 1.7353
v 1.3083 -8.0482 1.7438
v 1.3472 -7.9852 1.7539
v 1.3083 -8.0482 1.7438
v 1.3238 -8.0329 1.7501
v 1.3083 -8.0482 1.7438
v 1.3178 -8.0768 1.7518
v 1.3083 -8.0482 1.7438
v 1.3216 -8.1227 1.7540
v 1.3083 -8.0482 1.7438
v 1.3305 -8.1655 1.7573
v 1.3083 -8.0482 1.7438
v 1.3426 -8.1986 1.7520
v 1.3083 -8.0482 1.7438
v 1.3524 -8.2214 1.7535
v 1.3083 -8.0482 1.7438
v 1.3592 -8.2341 1.7543
v 1.3083 -8.0482 1.7438
v 1.3550 -8.2388 1.7468
v 1.3083 -8.0482 1.7438
v 1.3550 -8.2388 1.7468
v 1.3083 -8.0482 1.7438
v 1.3514 -8.2385 1.7469
v 1.3083 -8.0482 1.7438
v 1.3471 -8.2383 1.7392
v 1.3083 -8.0482 1.7438
v 1.3434 -8.2356 1.7392
v 1.3083 -8.0482 1.7438
v 1.3360 -8.2300 1.7392
v 1.3083 -8.0482 1.7438
v 1.3206 -8.2095 1.7310
v 1.3083 -8.0482 1.7438
v 1.3062 -8.1788 1.7297
v 1.3083 -8.0482 1.7438
v 1.2929 -8.1406 1.7274
v 1.3083 -8.0482 1.7438
v 1.2848 -8.0950 1.7318
v 1.3083 -8.0482 1.7438
v 1.2906 -8.0446 1.7276
v 1.3083 -8.0482 1.7438
v 1.3057 -8.0014 1.7162
v 1.3083 -8.0482 1.7438
v 1.3383 -7.9524 1.7124
v 1.3083 -8.0482 1.7438
v 1.3701 -7.9217 1.7103
v 1.3083 -8.0482 1.7438
v 1.3949 -7.9016 1.7088
v 1.3083 -8.0482 1.7438
v 1.4091 -7.8944 1.7082
v 1.3083 -8.0482 1.7438
v 1.4162 -7.8921 1.7079
v 1.3083 -8.0482 1.7438
v 1.4202 -7.8943 1.7159
v 1.4167 -7.8941 1.7159
v 1.3083 -8.0482 1.7438
v 1.4325 -7.8853 1.7072
v 1.4325 -7.8853 1.7072
v 1.4325 -7.8853 1.7072
v 1.4325 -7.8853 1.7072
v 1.4325 -7.8853 1.7072
v 1.4325 -7.8853 1.7072
v 1.4325 -7.8853 1.7072
v 1.4325 -7.8853 1.7072
v 1.4325 -7.8853 1.7072
v 1.4325 -7.8853 1.7072
v 1.4325 -7.8853 1.7072
v 1.4325 -7.8853 1.7072
v 1.4325 -7.8853 1.7072
v 1.4325 -7.8853 1.7072
v 1.4325 -7.8853 1.7072
v 1.4325 -7.8853 1.7072
v 1.4325 -7.8853 1.7072
v 1.4325 -7.8853 1.7072
v 1.4325 -7.8853 1.7072
v 1.4325 -7.8853 1.7072
v 1.4325 -7.8853 1.7072
v 1.4325 -7.8853 1.7072
v 1.4325 -7.8853 1.7072
v 1.4325 -7.8853 1.7072
v 1.4325 -7.8853 1.7072
v 1.4325 -7.8853 1.7072
v 1.4325 -7.8853 1.7072
v 1.4325 -7.8853 1.7072
v 1.4325 -7.8853 1.7072
v 1.4325 -7.8853 1.7072
v 1.4325 -7.8853 1.7072
v 1.4325 -7.8853 1.7072
v 1.4325 -7.8853 1.7072
v 1.3690 -8.2325 1.7367
v 1.3423 -8.2325 1.7183
v 1.3260 -8.2070 1.7385
v 1.3144 -8.1763 1.7429
v 1.3019 -8.1428 1.7420
v 1.2927 -8.1091 1.7436
v 1.2899 -8.0740 1.7451
v 1.2878 -8.0456 1.7441
v 1.2926 -8.0178 1.7431
v 1.3043 -7.9902 1.7420
v 1.3167 -7.9650 1.7409
v 1.3326 -7.9443 1.7372
v 1.3520 -7.9272 1.7363
v 1.3713 -7.9103 1.7326
v 1.3939 -7.8988 1.7266
v 1.4168 -7.8861 1.7230
v 1.4397 -7.8788 1.7171
v 1.4601 -7.8726 1.7165
v 1.4604 -7.8864 1.7199
v 1.4404 -7.9049 1.7239
v 1.4110 -7.9170 1.7327
v 1.3849 -7.9320 1.7363
v 1.3590 -7.9523 1.7401
v 1.3397 -7.9777 1.7414
v 1.3238 -8.0078 1.7428
v 1.3144 -8.0396 1.7415
v 1.3148 -8.0712 1.7402
v 1.3183 -8.1008 1.7361
v 1.3254 -8.1301 1.7345
v 1.3391 -8.1583 1.7328
v 1.3529 -8.1863 1.7310
v 1.3572 -8.2060 1.7367
v 1.3635 -8.2066 1.7315
v 1.3538 -8.2278 1.7703
v 1.3508 -8.2207 1.7727
v 1.3367 -8.1923 1.7798
v 1.3217 -8.1627 1.7815
v 1.3127 -8.1311 1.7832
v 1.3035 -8.0969 1.7848
v 1.2976 -8.0627 1.7836
v 1.2959 -8.0325 1.7852
v 1.3010 -8.0013 1.7839
v 1.3099 -7.9727 1.7801
v 1.3256 -7.9486 1.7763
v 1.3414 -7.9281 1.7726
v 1.3605 -7.9096 1.7664
v 1.3860 -7.8962 1.7576
v 1.4086 -7.8833 1.7515
v 1.4313 -7.8725 1.7454
v 1.4574 -7.8689 1.7370
v 1.4644 -7.8722 1.7397
v 1.4550 -7.8863 1.7486
v 1.4288 -7.9015 1.7550
v 1.4029 -7.9146 1.7612
v 1.3776 -7.9328 1.7727
v 1.3521 -7.9550 1.7791
v 1.3361 -7.9840 1.7805
v 1.3301 -8.0164 1.7820
v 1.3272 -8.0505 1.7809
v 1.3307 -8.0831 1.7769
v 1.3410 -8.1136 1.7755
v 1.3509 -8.1420 1.7687
v 1.3613 -8.1699 1.7669
v 1.3750 -8.1992 1.7626
v 1.3432 -8.2058 1.7703
v 1.3820 -8.2088 1.7628
v 1.3672 -8.2245 1.8067
v 1.3576 -8.2079 1.8139
v 1.3434 -8.1812 1.8158
v 1.3320 -8.1506 1.8201
v 1.3201 -8.1187 1.8217
v 1.3147 -8.0860 1.8259
v 1.3093 -8.0515 1.8273
v 1.3080 -8.0196 1.8286
v 1.3103 -7.9890 1.8248
v 1.3194 -7.9614 1.8209
v 1.3347 -7.9376 1.8119
v 1.3535 -7.9156 1.8055
v 1.3754 -7.9002 1.7942
v 1.3976 -7.8854 1.7854
v 1.4233 -7.8727 1.7766
v 1.4460 -7.8609 1.7678
v 1.4751 -7.8614 1.7545
v 1.4719 -7.8730 1.7579
v 1.4562 -7.8877 1.7720
v 1.4273 -7.9010 1.7835
v 1.4017 -7.9141 1.7922
v 1.3767 -7.9324 1.8063
v 1.3578 -7.9564 1.8128
v 1.3425 -7.9869 1.8221
v 1.3398 -8.0212 1.8236
v 1.3430 -8.0562 1.8173
v 1.3500 -8.0893 1.8160
v 1.3569 -8.1203 1.8120
v 1.3668 -8.1491 1.8052
v 1.3802 -8.1761 1.8008
v 1.3939 -8.2056 1.7965
v 1.3588 -8.2077 1.8067
v 1.3974 -8.2104 1.7966
v 1.3836 -8.2200 1.8455
v 1.3675 -8.1991 1.8501
v 1.3533 -8.1696 1.8570
v 1.3389 -8.1385 1.8612
v 1.3310 -8.1075 1.8654
v 1.3195 -8.0736 1.8668
v 1.3180 -8.0400 1.8682
v 1.3203 -8.0090 1.8669
v 1.3229 -7.9796 1.8631
v 1.3383 -7.9523 1.8566
v 1.3533 -7.9301 1.8450
v 1.3752 -7.9096 1.8361
v 1.3938 -7.8929 1.8247
v 1.4190 -7.8785 1.8109
v 1.4412 -7.8661 1.8001
v 1.4669 -7.8552 1.7869
v 1.4927 -7.8557 1.7739
v 1.4862 -7.8730 1.7770
v 1.4639 -7.8886 1.7907
v 1.4354 -7.9015 1.8069
v 1.4103 -7.9144 1.8207
v 1.3886 -7.9326 1.8347
v 1.3699 -7.9565 1.8438
v 1.3549 -7.9870 1.8556
v 1.3489 -8.0216 1.8572
v 1.3528 -8.0545 1.8586
v 1.3626 -8.0882 1.8522
v 1.3726 -8.1181 1.8481
v 1.3828 -8.1476 1.8440
v 1.3927 -8.1749 1.8370
v 1.4096 -8.2052 1.8327
v 1.3780 -8.2093 1.8455
v 1.4065 -8.2109 1.8328
v 1.3905 -8.2150 1.8816
v 1.3744 -8.1919 1.8887
v 1.3604 -8.1603 1.8981
v 1.3495 -8.1296 1.9023
v 1.3388 -8.0970 1.9064
v 1.3315 -8.0646 1.9104
v 1.3306 -8.0310 1.9091
v 1.3361 -8.0016 1.9027
v 1.3449 -7.9758 1.8963
v 1.3603 -7.9500 1.8899
v 1.3752 -7.9279 1.8758
v 1.3999 -7.9092 1.8622
v 1.4185 -7.8928 1.8519
v 1.4435 -7.8785 1.8397
v 1.4655 -7.8650 1.8242
v 1.4880 -7.8542 1.8115
v 1.5136 -7.8523 1.7927
v 1.5038 -7.8722 1.7950
v 1.4782 -7.8902 1.8108
v 1.4563 -7.9033 1.8266
v 1.4313 -7.9172 1.8421
v 1.4098 -7.9352 1.8581
v 1.3916 -7.9571 1.8721
v 1.3731 -7.9845 1.8813
v 1.3710 -8.0154 1.8905
v 1.3683 -8.0468 1.8918
v 1.3685 -8.0783 1.8879
v 1.3788 -8.1099 1.8865
v 1.3889 -8.1395 1.8824
v 1.3988 -8.1673 1.8755
v 1.4088 -8.1963 1.8686
v 1.3873 -8.2090 1.8816
v 1.4158 -8.2105 1.8689
v 1.4009 -8.2116 1.9099
v 1.3818 -8.1870 1.9246
v 1.3649 -8.1556 1.9340
v 1.3546 -8.1234 1.9407
v 1.3445 -8.0899 1.9473
v 1.3407 -8.0558 1.9486
v 1.3463 -8.0239 1.9447
v 1.3586 -7.9981 1.9410
v 1.3702 -7.9725 1.9295
v 1.3852 -7.9518 1.9187
v 1.4066 -7.9315 1.9064
v 1.4280 -7.9145 1.8948
v 1.4495 -7.8982 1.8806
v 1.4712 -7.8826 1.8662
v 1.4933 -7.8679 1.8515
v 1.5123 -7.8557 1.8357
v 1.5347 -7.8508 1.8164
v 1.5315 -7.8730 1.8154
v 1.5091 -7.8922 1.8309
v 1.4873 -7.9064 1.8492
v 1.4621 -7.9198 1.8638
v 1.4407 -7.9373 1.8814
v 1.4191 -7.9573 1.8936
v 1.4042 -7.9811 1.9069
v 1.3890 -8.0068 1.9158
v 1.3802 -8.0328 1.9221
v 1.3747 -8.0636 1.9284
v 1.3783 -8.0950 1.9245
v 1.3883 -8.1246 1.9204
v 1.3985 -8.1542 1.9163
v 1.4082 -8.1822 1.9068
v 1.3993 -8.2082 1.9099
v 1.4152 -8.2074 1.9048
v 1.4119 -8.2090 1.9407
v 1.3900 -8.1868 1.9580
v 1.3737 -8.1546 1.9699
v 1.3608 -8.1216 1.9791
v 1.3507 -8.0873 1.9830
v 1.3534 -8.0523 1.9843
v 1.3589 -8.0174 1.9803
v 1.3737 -7.9936 1.9690
v 1.3921 -7.9732 1.9619
v 1.4132 -7.9543 1.9481
v 1.4346 -7.9373 1.9377
v 1.4559 -7.9205 1.9247
v 1.4808 -7.9061 1.9120
v 1.5024 -7.8891 1.8954
v 1.5179 -7.8726 1.8803
v 1.5367 -7.8592 1.8615
v 1.5625 -7.8519 1.8392
v 1.5593 -7.8743 1.8374
v 1.5402 -7.8938 1.8530
v 1.5215 -7.9093 1.8714
v 1.4999 -7.9222 1.8921
v 1.4783 -7.9376 1.9088
v 1.4567 -7.9539 1.9223
v 1.4354 -7.9724 1.9358
v 1.4140 -7.9926 1.9471
v 1.3956 -8.0164 1.9546
v 1.3838 -8.0450 1.9636
v 1.3810 -8.0756 1.9622
v 1.3879 -8.1083 1.9583
v 1.3977 -8.1380 1.9516
v 1.4110 -8.1661 1.9473
v 1.4115 -8.2073 1.9407
v 1.4175 -8.1954 1.9379
v 1.4275 -8.2084 1.9765
v 1.4062 -8.1860 2.0014
v 1.3901 -8.1546 2.0107
v 1.3772 -8.1202 2.0199
v 1.3703 -8.0830 2.0237
v 1.3668 -8.0460 2.0274
v 1.3783 -8.0118 2.0190
v 1.3967 -7.9885 2.0132
v 1.4176 -7.9683 2.0009
v 1.4387 -7.9528 1.9891
v 1.4630 -7.9375 1.9750
v 1.4844 -7.9225 1.9633
v 1.5059 -7.9080 1.9480
v 1.5240 -7.8925 1.9281
v 1.5426 -7.8774 1.9106
v 1.5611 -7.8638 1.8851
v 1.5834 -7.8533 1.8589
v 1.5837 -7.8749 1.8568
v 1.5681 -7.8951 1.8760
v 1.5494 -7.9089 1.8978
v 1.5310 -7.9202 1.9191
v 1.5097 -7.9336 1.9419
v 1.4849 -7.9476 1.9569
v 1.4604 -7.9608 1.9717
v 1.4394 -7.9794 1.9864
v 1.4149 -7.9992 1.9956
v 1.3966 -8.0273 2.0016
v 1.3942 -8.0588 2.0050
v 1.3977 -8.0927 2.0012
v 1.4045 -8.1238 1.9971
v 1.4142 -8.1535 1.9879
v 1.4275 -8.2066 1.9764
v 1.4269 -8.1849 1.9760
v 1.4515 -8.2056 2.0324
v 1.4301 -8.1850 2.0547
v 1.4209 -8.1510 2.0691
v 1.4080 -8.1132 2.0781
v 1.3980 -8.0759 2.0820
v 1.4007 -8.0363 2.0857
v 1.4059 -8.0019 2.0813
v 1.4268 -7.9777 2.0717
v 1.4441 -7.9598 2.0558
v 1.4648 -7.9445 2.0402
v 1.4857 -7.9291 2.0243
v 1.5034 -7.9154 2.0066
v 1.5242 -7.9036 1.9819
v 1.5423 -7.8900 1.9623
v 1.5605 -7.8769 1.9381
v 1.5789 -7.8645 1.9089
v 1.5972 -7.8551 1.8676
v 1.5975 -7.8756 1.8654
v 1.5823 -7.8919 1.8953
v 1.5638 -7.9014 1.9211
v 1.5460 -7.9133 1.9522
v 1.5246 -7.9226 1.9752
v 1.5038 -7.9339 2.0000
v 1.4830 -7.9472 2.0201
v 1.4589 -7.9639 2.0353
v 1.4381 -7.9852 2.0477
v 1.4236 -8.0124 2.0584
v 1.4179 -8.0451 2.0577
v 1.4217 -8.0803 2.0544
v 1.4252 -8.1124 2.0502
v 1.4347 -8.1437 2.0410
v 1.4515 -8.2032 2.0324
v 1.4477 -8.1781 2.0318
v 1.4752 -8.2028 2.0854
v 1.4607 -8.1796 2.1127
v 1.4511 -8.1443 2.1220
v 1.4450 -8.1072 2.1344
v 1.4349 -8.0672 2.1417
v 1.4375 -8.0278 2.1474
v 1.4428 -7.9921 2.1474
v 1.4539 -7.9662 2.1368
v 1.4679 -7.9468 2.1200
v 1.4882 -7.9306 2.1010
v 1.5054 -7.9168 2.0793
v 1.5227 -7.9038 2.0563
v 1.5397 -7.8912 2.0251
v 1.5605 -7.8802 1.9961
v 1.5785 -7.8709 1.9677
v 1.5931 -7.8620 1.9298
v 1.6111 -7.8541 1.8804
v 1.6081 -7.8728 1.8811
v 1.5929 -7.8858 1.9117
v 1.5750 -7.8899 1.9491
v 1.5574 -7.8979 1.9846
v 1.5400 -7.9092 2.0176
v 1.5227 -7.9193 2.0460
v 1.5057 -7.9317 2.0726
v 1.4855 -7.9495 2.0953
v 1.4682 -7.9704 2.1116
v 1.4569 -7.9991 2.1191
v 1.4486 -8.0346 2.1217
v 1.4523 -8.0695 2.1146
v 1.4555 -8.1043 2.1043
v 1.4653 -8.1381 2.0965
v 1.4752 -8.1999 2.0854
v 1.4747 -8.1736 2.0848
v 1.5018 -8.1985 2.1357
v 1.4904 -8.1724 2.1628
v 1.4875 -8.1363 2.1758
v 1.4777 -8.0983 2.1865
v 1.4774 -8.0591 2.1984
v 1.4736 -8.0200 2.2069
v 1.4757 -7.9828 2.2098
v 1.4868 -7.9541 2.2032
v 1.4974 -7.9299 2.1866
v 1.5110 -7.9148 2.1613
v 1.5281 -7.8989 2.1390
v 1.5448 -7.8827 2.1052
v 1.5583 -7.8712 2.0697
v 1.5789 -7.8612 2.0373
v 1.5965 -7.8565 1.9966
v 1.6105 -7.8514 1.9461
v 1.6249 -7.8514 1.8900
v 1.6220 -7.8681 1.8944
v 1.6073 -7.8761 1.9372
v 1.5897 -7.8764 1.9833
v 1.5757 -7.8798 2.0245
v 1.5588 -7.8897 2.0648
v 1.5453 -7.9022 2.0996
v 1.5321 -7.9156 2.1352
v 1.5151 -7.9324 2.1572
v 1.5047 -7.9566 2.1777
v 1.4935 -7.9868 2.1842
v 1.4913 -8.0223 2.1815
v 1.4886 -8.0594 2.1717
v 1.4951 -8.0972 2.1577
v 1.4985 -8.1316 2.1488
v 1.5018 -8.1951 2.1357
v 1.5045 -8.1693 2.1326
v 1.5412 -8.1926 2.1881
v 1.5329 -8.1621 2.2166
v 1.5267 -8.1246 2.2332
v 1.5233 -8.0873 2.2479
v 1.5198 -8.0485 2.2629
v 1.5189 -8.0102 2.2702
v 1.5212 -7.9733 2.2793
v 1.5259 -7.9369 2.2770
v 1.5362 -7.9089 2.2599
v 1.5464 -7.8870 2.2356
v 1.5565 -7.8700 2.2007
v 1.5699 -7.8546 2.1633
v 1.5800 -7.8417 2.1167
v 1.5932 -7.8292 2.0676
v 1.6069 -7.8243 2.0174
v 1.6175 -7.8256 1.9594
v 1.6352 -7.8427 1.8964
v 1.6328 -7.8602 1.9118
v 1.6184 -7.8634 1.9637
v 1.6078 -7.8588 2.0172
v 1.5943 -7.8622 2.0700
v 1.5843 -7.8688 2.1169
v 1.5709 -7.8783 2.1557
v 1.5614 -7.8909 2.1983
v 1.5514 -7.9093 2.2292
v 1.5441 -7.9341 2.2475
v 1.5362 -7.9692 2.2522
v 1.5341 -8.0093 2.2467
v 1.5313 -8.0461 2.2333
v 1.5347 -8.0848 2.2175
v 1.5380 -8.1218 2.2046
v 1.5414 -8.1888 2.1882
v 1.5410 -8.1632 2.1892
v 1.5799 -8.1845 2.2415
v 1.5713 -8.1512 2.2699
v 1.5682 -8.1139 2.2871
v 1.5680 -8.0755 2.3029
v 1.5709 -8.0355 2.3202
v 1.5701 -7.9915 2.3360
v 1.5691 -7.9482 2.3482
v 1.5706 -7.9010 2.3536
v 1.5778 -7.8659 2.3422
v 1.5845 -7.8376 2.3138
v 1.5941 -7.8192 2.2715
v 1.6042 -7.8086 2.2273
v 1.6108 -7.8085 2.1667
v 1.6208 -7.8105 2.1037
v 1.6312 -7.8111 2.0422
v 1.6414 -7.8160 1.9740
v 1.6488 -7.8407 1.8987
v 1.6466 -7.8524 1.9265
v 1.6359 -7.8507 1.9888
v 1.6288 -7.8440 2.0488
v 1.6221 -7.8418 2.1103
v 1.6122 -7.8404 2.1648
v 1.6060 -7.8370 2.2220
v 1.5998 -7.8412 2.2724
v 1.5899 -7.8640 2.3026
v 1.5828 -7.8941 2.3214
v 1.5780 -7.9378 2.3197
v 1.5758 -7.9855 2.3068
v 1.5764 -8.0315 2.2893
v 1.5767 -8.0755 2.2727
v 1.5769 -8.1138 2.2587
v 1.5805 -8.1809 2.2419
v 1.5799 -8.1568 2.2398
v 1.6304 -8.1777 2.2910
v 1.6281 -8.1416 2.3198
v 1.6281 -8.1031 2.3402
v 1.6278 -8.0601 2.3585
v 1.6274 -8.0109 2.3805
v 1.6267 -7.9604 2.4011
v 1.6288 -7.9062 2.4192
v 1.6302 -7.8465 2.4310
v 1.6309 -7.7971 2.4216
v 1.6341 -7.7644 2.3888
v 1.6375 -7.7516 2.3434
v 1.6407 -7.7565 2.2789
v 1.6441 -7.7609 2.2121
v 1.6478 -7.7705 2.1412
v 1.6550 -7.7803 2.0666
v 1.6655 -7.7985 1.9858
v 1.6625 -7.8345 1.9052
v 1.6570 -7.8500 1.9361
v 1.6532 -7.8434 2.0055
v 1.6530 -7.8339 2.0768
v 1.6497 -7.8179 2.1493
v 1.6468 -7.7945 2.2234
v 1.6438 -7.7798 2.2881
v 1.6410 -7.7772 2.3467
v 1.6378 -7.7958 2.3872
v 1.6371 -7.8335 2.4057
v 1.6327 -7.8963 2.3971
v 1.6336 -7.9553 2.3748
v 1.6309 -8.0168 2.3468
v 1.6312 -8.0726 2.3215
v 1.6312 -8.1186 2.3000
v 1.6318 -8.1744 2.2917
v 1.6312 -8.1597 2.2845
v 1.6986 -8.1751 2.3154
v 1.6991 -8.1378 2.3416
v 1.6992 -8.0951 2.3658
v 1.6989 -8.0422 2.3918
v 1.6985 -7.9840 2.4225
v 1.6979 -7.9213 2.4541
v 1.6969 -7.8474 2.4843
v 1.6949 -7.7683 2.4988
v 1.6926 -7.7120 2.4871
v 1.6896 -7.6833 2.4461
v 1.6863 -7.6835 2.3865
v 1.6831 -7.7006 2.3188
v 1.6800 -7.7287 2.2382
v 1.6771 -7.7648 2.1523
v 1.6779 -7.7948 2.0693
v 1.6755 -7.8138 1.9889
v 1.6693 -7.8409 1.9051
v 1.6707 -7.8479 1.9423
v 1.6737 -7.8375 2.0187
v 1.6765 -7.8234 2.0896
v 1.6799 -7.7908 2.1754
v 1.6835 -7.7482 2.2600
v 1.6875 -7.7144 2.3411
v 1.6910 -7.7003 2.4059
v 1.6943 -7.7158 2.4552
v 1.6969 -7.7624 2.4765
v 1.6987 -7.8393 2.4633
v 1.6998 -7.9250 2.4258
v 1.7004 -7.9977 2.3876
v 1.7006 -8.0660 2.3517
v 1.7004 -8.1228 2.3184
v 1.7011 -8.1727 2.3161
v 1.7005 -8.1659 2.3031
v 1.7618 -8.1803 2.2977
v 1.7658 -8.1423 2.3322
v 1.7658 -8.0917 2.3588
v 1.7655 -8.0316 2.3911
v 1.7651 -7.9640 2.4282
v 1.7612 -7.8848 2.4730
v 1.7571 -7.7962 2.5133
v 1.7524 -7.7079 2.5287
v 1.7470 -7.6502 2.5075
v 1.7380 -7.6312 2.4640
v 1.7316 -7.6379 2.4026
v 1.7220 -7.6607 2.3329
v 1.7160 -7.6936 2.2554
v 1.7065 -7.7485 2.1598
v 1.6946 -7.7838 2.0752
v 1.6854 -7.8051 1.9882
v 1.6795 -7.8372 1.9069
v 1.6843 -7.8469 1.9444
v 1.6940 -7.8337 2.0232
v 1.6998 -7.8152 2.0930
v 1.7096 -7.7677 2.1863
v 1.7164 -7.7156 2.2747
v 1.7267 -7.6734 2.3544
v 1.7332 -7.6547 2.4175
v 1.7428 -7.6560 2.4712
v 1.7485 -7.6951 2.5038
v 1.7567 -7.7719 2.4993
v 1.7610 -7.8778 2.4532
v 1.7615 -7.9710 2.3960
v 1.7651 -8.0469 2.3516
v 1.7652 -8.1109 2.3181
v 1.7655 -8.1787 2.2981
v 1.7652 -8.1656 2.2917
v 1.8182 -8.1873 2.2629
v 1.8253 -8.1509 2.2945
v 1.8253 -8.0983 2.3244
v 1.8218 -8.0370 2.3581
v 1.8214 -7.9654 2.4007
v 1.8176 -7.8755 2.4542
v 1.8104 -7.7756 2.5029
v 1.8028 -7.6833 2.5210
v 1.7945 -7.6289 2.4957
v 1.7792 -7.6154 2.4521
v 1.7665 -7.6287 2.3918
v 1.7536 -7.6575 2.3210
v 1.7412 -7.7001 2.2443
v 1.7260 -7.7553 2.1629
v 1.7109 -7.7992 2.0705
v 1.6954 -7.8171 1.9874
v 1.6898 -7.8420 1.9073
v 1.6976 -7.8495 1.9337
v 1.7106 -7.8376 2.0086
v 1.7232 -7.8131 2.0853
v 1.7356 -7.7692 2.1701
v 1.7486 -7.7125 2.2575
v 1.7588 -7.6669 2.3388
v 1.7717 -7.6420 2.4012
v 1.7843 -7.6376 2.4546
v 1.7964 -7.6666 2.4915
v 1.8044 -7.7463 2.4878
v 1.8118 -7.8548 2.4389
v 1.8157 -7.9611 2.3744
v 1.8195 -8.0406 2.3259
v 1.8199 -8.1092 2.2888
v 1.8235 -8.1865 2.2631
v 1.8232 -8.1671 2.2579
v 1.8591 -8.1928 2.2250
v 1.8659 -8.1578 2.2504
v 1.8691 -8.1121 2.2737
v 1.8687 -8.0528 2.3070
v 1.8681 -7.9855 2.3479
v 1.8675 -7.9064 2.3955
v 1.8636 -7.8118 2.4436
v 1.8527 -7.7147 2.4714
v 1.8381 -7.6602 2.4561
v 1.8228 -7.6427 2.4124
v 1.8073 -7.6534 2.3556
v 1.7915 -7.6786 2.2896
v 1.7766 -7.7093 2.2206
v 1.7586 -7.7463 2.1471
v 1.7408 -7.7782 2.0707
v 1.7224 -7.8032 1.9894
v 1.7034 -7.8393 1.9052
v 1.7077 -7.8567 1.9255
v 1.7273 -7.8487 1.9916
v 1.7396 -7.8289 2.0620
v 1.7586 -7.7910 2.1411
v 1.7776 -7.7363 2.2252
v 1.7938 -7.6927 2.3013
v 1.8133 -7.6691 2.3661
v 1.8291 -7.6712 2.4166
v 1.8442 -7.7103 2.4421
v 1.8521 -7.8008 2.4217
v 1.8563 -7.9097 2.3658
v 1.8606 -8.0022 2.3093
v 1.8615 -8.0756 2.2662
v 1.8586 -8.1346 2.2386
v 1.8655 -8.1918 2.2251
v 1.8587 -8.1805 2.2176
v 1.8970 -8.1978 2.1814
v 1.9037 -8.1643 2.2000
v 1.9103 -8.1271 2.2204
v 1.9132 -8.0783 2.2422
v 1.9125 -8.0230 2.2725
v 1.9115 -7.9607 2.3053
v 1.9104 -7.8921 2.3384
v 1.8995 -7.8071 2.3726
v 1.8817 -7.7418 2.3763
v 1.8633 -7.7163 2.3453
v 1.8414 -7.7174 2.2935
v 1.8197 -7.7352 2.2353
v 1.8022 -7.7617 2.1745
v 1.7814 -7.7935 2.1069
v 1.7571 -7.8159 2.0421
v 1.7391 -7.8307 1.9767
v 1.7171 -7.8476 1.9048
v 1.7212 -7.8685 1.9087
v 1.7407 -7.8626 1.9730
v 1.7632 -7.8482 2.0332
v 1.7854 -7.8222 2.1026
v 1.8073 -7.7811 2.1816
v 1.8294 -7.7495 2.2470
v 1.8550 -7.7425 2.2993
v 1.8738 -7.7553 2.3406
v 1.8922 -7.8173 2.3429
v 1.9004 -7.9056 2.3083
v 1.9054 -7.9902 2.2601
v 1.9031 -8.0581 2.2245
v 1.9005 -8.1152 2.2001
v 1.8941 -8.1619 2.1784
v 1.9044 -8.1973 2.1813
v 1.8941 -8.1965 2.1667
v 1.9259 -8.2028 2.1434
v 1.9356 -8.1694 2.1574
v 1.9421 -8.1376 2.1690
v 1.9453 -8.1003 2.1857
v 1.9481 -8.0545 2.2091
v 1.9505 -8.0070 2.2257
v 1.9463 -7.9543 2.2516
v 1.9348 -7.8913 2.2717
v 1.9202 -7.8412 2.2745
v 1.8987 -7.8061 2.2605
v 1.8740 -7.7875 2.2309
v 1.8529 -7.7961 2.1813
v 1.8290 -7.8127 2.1267
v 1.8050 -7.8306 2.0700
v 1.7807 -7.8430 2.0147
v 1.7595 -7.8527 1.9565
v 1.7343 -7.8552 1.8966
v 1.7348 -7.8725 1.9010
v 1.7611 -7.8734 1.9514
v 1.7870 -7.8640 2.0046
v 1.8126 -7.8515 2.0628
v 1.8412 -7.8358 2.1170
v 1.8663 -7.8223 2.1727
v 1.8915 -7.8288 2.2129
v 1.9169 -7.8618 2.2320
v 1.9356 -7.9180 2.2265
v 1.9438 -7.9806 2.2038
v 1.9451 -8.0368 2.1848
v 1.9393 -8.0881 2.1644
v 1.9364 -8.1321 2.1449
v 1.9266 -8.1702 2.1322
v 1.9336 -8.2023 2.1432
v 1.9233 -8.2045 2.1283
v 1.9584 -8.2074 2.1058
v 1.9648 -8.1757 2.1149
v 1.9712 -8.1438 2.1271
v 1.9744 -8.1121 2.1369
v 1.9775 -8.0787 2.1495
v 1.9803 -8.0391 2.1638
v 1.9762 -7.9974 2.1772
v 1.9686 -7.9533 2.1851
v 1.9540 -7.9105 2.1881
v 1.9328 -7.8776 2.1768
v 1.9081 -7.8522 2.1598
v 1.8836 -7.8421 2.1290
v 1.8563 -7.8445 2.0830
v 1.8323 -7.8498 2.0372
v 1.8080 -7.8548 1.9865
v 1.7835 -7.8584 1.9433
v 1.7514 -7.8594 1.8850
v 1.7556 -7.8783 1.8891
v 1.7816 -7.8828 1.9298
v 1.8108 -7.8753 1.9767
v 1.8399 -7.8722 2.0253
v 1.8686 -7.8697 2.0682
v 1.8972 -7.8711 2.1107
v 1.9259 -7.8909 2.1311
v 1.9511 -7.9237 2.1469
v 1.9660 -7.9676 2.1452
v 1.9739 -8.0138 2.1353
v 1.9749 -8.0574 2.1212
v 1.9688 -8.0974 2.1121
v 1.9625 -8.1341 2.1037
v 1.9560 -8.1703 2.0930
v 1.9662 -8.2069 2.1057
v 1.9560 -8.2047 2.0909
v 1.9846 -8.2136 2.0643
v 1.9943 -8.1832 2.0737
v 1.9974 -8.1518 2.0781
v 2.0005 -8.1217 2.0850
v 2.0037 -8.0900 2.0914
v 2.0068 -8.0579 2.0998
v 2.0064 -8.0255 2.1076
v 1.9990 -7.9896 2.1137
v 1.9848 -7.9525 2.1167
v 1.9637 -7.9177 2.1145
v 1.9393 -7.8953 2.0962
v 1.9113 -7.8766 2.0745
v 1.8839 -7.8663 2.0428
v 1.8563 -7.8597 2.0034
v 1.8286 -7.8585 1.9681
v 1.8041 -7.8619 1.9222
v 1.7687 -7.8636 1.8730
v 1.7728 -7.8809 1.8775
v 1.8023 -7.8869 1.9167
v 1.8314 -7.8835 1.9536
v 1.8604 -7.8833 1.9959
v 1.8892 -7.8879 2.0310
v 1.9214 -7.9028 2.0553
v 1.9499 -7.9218 2.0761
v 1.9750 -7.9537 2.0837
v 1.9896 -7.9899 2.0823
v 1.9973 -8.0246 2.0777
v 1.9980 -8.0615 2.0721
v 1.9952 -8.0966 2.0665
v 1.9889 -8.1314 2.0607
v 1.9823 -8.1659 2.0574
v 1.9921 -8.2130 2.0643
v 1.9822 -8.2017 2.0569
v 2.0076 -8.2182 2.0254
v 2.0175 -8.1895 2.0321
v 2.0207 -8.1594 2.0366
v 2.0270 -8.1294 2.0379
v 2.0302 -8.0978 2.0415
v 2.0334 -8.0679 2.0410
v 2.0332 -8.0362 2.0454
v 2.0261 -8.0012 2.0537
v 2.0120 -7.9689 2.0580
v 1.9912 -7.9404 2.0538
v 1.9669 -7.9166 2.0450
v 1.9355 -7.8936 2.0255
v 1.9081 -7.8793 2.0033
v 1.8805 -7.8692 1.9699
v 1.8493 -7.8643 1.9372
v 1.8214 -7.8636 1.9015
v 1.7860 -7.8674 1.8571
v 1.7937 -7.8857 1.8651
v 1.8230 -7.8918 1.8957
v 1.8521 -7.8905 1.9345
v 1.8811 -7.8942 1.9632
v 1.9099 -7.9011 1.9966
v 1.9420 -7.9168 2.0132
v 1.9705 -7.9382 2.0269
v 1.9954 -7.9654 2.0318
v 2.0098 -7.9966 2.0315
v 2.0140 -8.0303 2.0275
v 2.0147 -8.0638 2.0254
v 2.0151 -8.0982 2.0245
v 2.0086 -8.1314 2.0210
v 2.0087 -8.1627 2.0221
v 2.0150 -8.2176 2.0255
v 2.0051 -8.2003 2.0179
v 2.0242 -8.2228 1.9842
v 2.0375 -8.1952 1.9958
v 2.0440 -8.1652 1.9974
v 2.0472 -8.1353 1.9966
v 2.0504 -8.1054 1.9948
v 2.0536 -8.0753 1.9974
v 2.0502 -8.0453 1.9996
v 2.0466 -8.0108 2.0043
v 2.0360 -7.9776 2.0084
v 2.0154 -7.9507 2.0047
v 1.9877 -7.9270 1.9949
v 1.9599 -7.9076 1.9831
v 1.9290 -7.8917 1.9584
v 1.9014 -7.8791 1.9336
v 1.8701 -7.8724 1.9024
v 1.8421 -7.8675 1.8727
v 1.8103 -7.8734 1.8407
v 1.8181 -7.8919 1.8484
v 1.8474 -7.9004 1.8737
v 1.8765 -7.9034 1.9062
v 1.9054 -7.9100 1.9294
v 1.9377 -7.9224 1.9491
v 1.9662 -7.9353 1.9708
v 1.9911 -7.9533 1.9774
v 2.0125 -7.9794 1.9822
v 2.0268 -8.0078 1.9851
v 2.0342 -8.0395 1.9805
v 2.0347 -8.0725 1.9810
v 2.0317 -8.1042 1.9809
v 2.0285 -8.1356 1.9850
v 2.0284 -8.1655 1.9856
v 2.0311 -8.2220 1.9842
v 2.0247 -8.2029 1.9841
v 2.0409 -8.2266 1.9529
v 2.0543 -8.1994 1.9595
v 2.0609 -8.1695 1.9611
v 2.0643 -8.1411 1.9602
v 2.0676 -8.1126 1.9592
v 2.0675 -8.0827 1.9571
v 2.0674 -8.0525 1.9593
v 2.0641 -8.0195 1.9581
v 2.0501 -7.9867 1.9632
v 2.0329 -7.9588 1.9568
v 2.0087 -7.9383 1.9503
v 1.9810 -7.9192 1.9370
v 1.9536 -7.9025 1.9186
v 1.9224 -7.8885 1.8988
v 1.8946 -7.8779 1.8724
v 1.8630 -7.8690 1.8484
v 1.8348 -7.8797 1.8206
v 1.8461 -7.8984 1.8280
v 1.8753 -7.9096 1.8517
v 1.9044 -7.9172 1.8715
v 1.9333 -7.9266 1.8932
v 1.9619 -7.9380 1.9100
v 1.9904 -7.9521 1.9219
v 2.0118 -7.9695 1.9339
v 2.0330 -7.9944 1.9349
v 2.0438 -8.0227 1.9378
v 2.0510 -8.0527 1.9364
v 2.0514 -8.0827 1.9399
v 2.0482 -8.1143 1.9424
v 2.0482 -8.1443 1.9459
v 2.0448 -8.1740 1.9520
v 2.0475 -8.2258 1.9529
v 2.0411 -8.2070 1.9478
v 2.0613 -8.2276 1.9138
v 2.0748 -8.2018 1.9204
v 2.0785 -8.1749 1.9222
v 2.0853 -8.1464 1.9237
v 2.0855 -8.1181 1.9229
v 2.0855 -8.0897 1.9194
v 2.0853 -8.0611 1.9189
v 2.0786 -8.0282 1.9182
v 2.0646 -7.9971 1.9142
v 2.0472 -7.9691 1.9117
v 2.0264 -7.9472 1.9031
v 1.9987 -7.9271 1.8919
v 1.9712 -7.9094 1.8796
v 1.9434 -7.8940 1.8626
v 1.9120 -7.8801 1.8413
v 1.8804 -7.8709 1.8214
v 1.8593 -7.8846 1.8010
v 1.8742 -7.9043 1.8114
v 1.9033 -7.9181 1.8272
v 1.9322 -7.9268 1.8428
v 1.9610 -7.9379 1.8605
v 1.9861 -7.9493 1.8715
v 2.0111 -7.9651 1.8814
v 2.0324 -7.9853 1.8909
v 2.0501 -8.0106 1.8920
v 2.0607 -8.0388 1.8975
v 2.0644 -8.0674 1.8993
v 2.0646 -8.0960 1.9027
v 2.0647 -8.1259 1.9063
v 2.0646 -8.1542 1.9097
v 2.0612 -8.1826 1.9132
v 2.0672 -8.2267 1.9137
v 2.0574 -8.2152 1.9140
v 2.0820 -8.2281 1.8770
v 2.0956 -8.2052 1.8837
v 2.0995 -8.1786 1.8855
v 2.1036 -8.1518 1.8847
v 2.1072 -8.1249 1.8838
v 2.1039 -8.0968 1.8805
v 2.1004 -8.0698 1.8797
v 2.0938 -8.0371 1.8736
v 2.0795 -8.0074 1.8692
v 2.0619 -7.9793 1.8667
v 2.0410 -7.9545 1.8596
v 2.0164 -7.9341 1.8529
v 1.9922 -7.9153 1.8426
v 1.9644 -7.8980 1.8288
v 1.9330 -7.8819 1.8145
v 1.9013 -7.8702 1.7954
v 1.8839 -7.8872 1.7822
v 1.9022 -7.9081 1.7922
v 1.9277 -7.9209 1.8050
v 1.9565 -7.9338 1.8136
v 1.9817 -7.9463 1.8284
v 2.0068 -7.9604 1.8395
v 2.0317 -7.9792 1.8472
v 2.0495 -8.0015 1.8501
v 2.0636 -8.0266 1.8541
v 2.0706 -8.0534 1.8623
v 2.0776 -8.0819 1.8632
v 2.0811 -8.1087 1.8665
v 2.0811 -8.1373 1.8701
v 2.0844 -8.1653 1.8732
v 2.0775 -8.1923 1.8742
v 2.0870 -8.2274 1.8770
v 2.0771 -8.2218 1.8773
v 2.0993 -8.2285 1.8428
v 2.1133 -8.2088 1.8471
v 2.1208 -8.1835 1.8462
v 2.1249 -8.1566 1.8480
v 2.1224 -8.1302 1.8449
v 2.1191 -8.1034 1.8442
v 2.1159 -8.0768 1.8383
v 2.1091 -8.0471 1.8348
v 2.0947 -8.0175 1.8315
v 2.0769 -7.9895 1.8261
v 2.0592 -7.9644 1.8192
v 2.0345 -7.9426 1.8136
v 2.0100 -7.9207 1.8055
v 1.9819 -7.9003 1.7975
v 1.9539 -7.8828 1.7859
v 1.9187 -7.8697 1.7739
v 1.9085 -7.8908 1.7672
v 1.9267 -7.9117 1.7711
v 1.9556 -7.9244 1.7834
v 1.9808 -7.9388 1.7896
v 2.0059 -7.9529 1.7986
v 2.0274 -7.9704 1.8050
v 2.0488 -7.9921 1.8145
v 2.0630 -8.0160 1.8172
v 2.0770 -8.0395 1.8229
v 2.0840 -8.0664 1.8263
v 2.0908 -8.0932 1.8296
v 2.0943 -8.1200 1.8330
v 2.0942 -8.1468 1.8363
v 2.0974 -8.1734 1.8369
v 2.0939 -8.2002 1.8402
v 2.1036 -8.2278 1.8428
v 2.0968 -8.2266 1.8406
v 2.1136 -8.2289 1.8062
v 2.1309 -8.2133 1.8103
v 2.1352 -8.1884 1.8123
v 2.1361 -8.1632 1.8091
v 2.1370 -8.1367 1.8085
v 2.1342 -8.1101 1.8078
v 2.1311 -8.0834 1.8020
v 2.1208 -8.0539 1.8012
v 2.1100 -8.0258 1.7953
v 2.0921 -7.9994 1.7921
v 2.0743 -7.9728 1.7837
v 2.0528 -7.9494 1.7784
v 2.0314 -7.9258 1.7740
v 2.0031 -7.9054 1.7649
v 1.9749 -7.8864 1.7588
v 1.9432 -7.8719 1.7496
v 1.9331 -7.8944 1.7468
v 1.9512 -7.9151 1.7511
v 1.9800 -7.9294 1.7578
v 2.0051 -7.9452 1.7647
v 2.0266 -7.9596 1.7693
v 2.0480 -7.9798 1.7797
v 2.0657 -8.0019 1.7829
v 2.0799 -8.0256 1.7861
v 2.0903 -8.0510 1.7894
v 2.0973 -8.0761 1.7953
v 2.1008 -8.1016 1.7960
v 2.1075 -8.1280 1.7992
v 2.1108 -8.1532 1.8023
v 2.1139 -8.1797 1.8054
v 2.1103 -8.2051 1.8035
v 2.1167 -8.2284 1.8062
v 2.1066 -8.2288 1.8041
v 2.1245 -8.2292 1.7722
v 2.1384 -8.2183 1.7740
v 2.1495 -8.1929 1.7731
v 2.1506 -8.1679 1.7726
v 2.1481 -8.1416 1.7721
v 2.1454 -8.1166 1.7689
v 2.1425 -8.0900 1.7683
v 2.1324 -8.0605 1.7650
v 2.1217 -8.0340 1.7618
v 2.1074 -8.0075 1.7586
v 2.0929 -7.9808 1.7552
v 2.0714 -7.9559 1.7494
v 2.0497 -7.9323 1.7436
v 2.0281 -7.9118 1.7381
v 1.9996 -7.8913 1.7308
v 1.9677 -7.8768 1.7268
v 1.9576 -7.8993 1.7248
v 1.9757 -7.9215 1.7299
v 2.0043 -7.9357 1.7373
v 2.0259 -7.9517 1.7401
v 2.0508 -7.9674 1.7455
v 2.0686 -7.9863 1.7485
v 2.0828 -8.0100 1.7517
v 2.0933 -8.0337 1.7550
v 2.1037 -8.0590 1.7556
v 2.1106 -8.0826 1.7614
v 2.1140 -8.1081 1.7622
v 2.1207 -8.1330 1.7626
v 2.1240 -8.1566 1.7657
v 2.1237 -8.1818 1.7663
v 2.1234 -8.2069 1.7694
v 2.1265 -8.2288 1.7722
v 2.1197 -8.2291 1.7673
v 2.0047 -7.9147 1.6870
v 2.1325 -8.2294 1.7305
v 2.0047 -7.9147 1.6870
v 2.1530 -8.2225 1.7321
v 2.0047 -7.9147 1.6870
v 2.1607 -8.1988 1.7340
v 2.0047 -7.9147 1.6870
v 2.1618 -8.1722 1.7335
v 2.0047 -7.9147 1.6870
v 2.1627 -8.1472 1.7303
v 2.0047 -7.9147 1.6870
v 2.1566 -8.1208 1.7325
v 2.0047 -7.9147 1.6870
v 2.1504 -8.0944 1.7294
v 2.0047 -7.9147 1.6870
v 2.1439 -8.0678 1.7288
v 2.0047 -7.9147 1.6870
v 2.1337 -8.0398 1.7281
v 2.0047 -7.9147 1.6870
v 2.1232 -8.0132 1.7248
v 2.0047 -7.9147 1.6870
v 2.1088 -7.9882 1.7242
v 2.0047 -7.9147 1.6870
v 2.0907 -7.9632 1.7210
v 2.0047 -7.9147 1.6870
v 2.0725 -7.9396 1.7151
v 2.0047 -7.9147 1.6870
v 2.0470 -7.9194 1.7121
v 2.0047 -7.9147 1.6870
v 2.0215 -7.8990 1.7089
v 2.0047 -7.9147 1.6870
v 1.9927 -7.8846 1.7063
v 2.0047 -7.9147 1.6870
v 1.9827 -7.9070 1.7051
v 2.0047 -7.9147 1.6870
v 2.0007 -7.9277 1.7084
v 2.0047 -7.9147 1.6870
v 2.0258 -7.9421 1.7112
v 2.0047 -7.9147 1.6870
v 2.0472 -7.9565 1.7140
v 2.0047 -7.9147 1.6870
v 2.0686 -7.9739 1.7169
v 2.0047 -7.9147 1.6870
v 2.0862 -7.9942 1.7225
v 2.0047 -7.9147 1.6870
v 2.1002 -8.0162 1.7230
v 2.0047 -7.9147 1.6870
v 2.1106 -8.0400 1.7237
v 2.0047 -7.9147 1.6870
v 2.1173 -8.0637 1.7269
v 2.0047 -7.9147 1.6870
v 2.1206 -8.0876 1.7276
v 2.0047 -7.9147 1.6870
v 2.1239 -8.1114 1.7282
v 2.0047 -7.9147 1.6870
v 2.1306 -8.1349 1.7286
v 2.0047 -7.9147 1.6870
v 2.1304 -8.1601 1.7293
v 2.0047 -7.9147 1.6870
v 2.1335 -8.1837 1.7323
v 2.0047 -7.9147 1.6870
v 2.1298 -8.2074 1.7303
v 2.0047 -7.9147 1.6870
v 2.1329 -8.2293 1.7305
v 2.1261 -8.2296 1.7308
v 2.0047 -7.9147 1.6870
v 1.7048 -8.1683 2.3382
v 1.7048 -8.1683 2.3382
v 1.7048 -8.1683 2.3382
v 1.7048 -8.1683 2.3382
v 1.7048 -8.1683 2.3382
v 1.7048 -8.1683 2.3382
v 1.7048 -8.1683 2.3382
v 1.7048 -8.1683 2.3382
v 1.7048 -8.1683 2.3382
v 1.7048 -8.1683 2.3382
v 1.7048 -8.1683 2.3382
v 1.7048 -8.1683 2.3382
v 1.7048 -8.1683 2.3382
v 1.7048 -8.1683 2.3382
v 1.7048 -8.1683 2.3382
v 1.7048 -8.1683 2.3382
v 1.7048 -8.1683 2.3382
v 1.7048 -8.1683 2.3382
v 1.7048 -8.1683 2.3382
v 1.7048 -8.1683 2.3382
v 1.7048 -8.1683 2.3382
v 1.7048 -8.1683 2.3382
v 1.7048 -8.1683 2.3382
v 1.7048 -8.1683 2.3382
v 1.7048 -8.1683 2.3382
v 1.7048 -8.1683 2.3382
v 1.7048 -8.1683 2.3382
v 1.7048 -8.1683 2.3382
v 1.7048 -8.1683 2.3382
v 1.7048 -8.1683 2.3382
v 1.7048 -8.1683 2.3382
v 1.7048 -8.1683 2.3382
v 1.7048 -8.1683 2.3382
v 1.6071 -8.1713 2.2892
v 1.5976 -8.1730 2.2886
v 1.5944 -8.1753 2.2882
v 1.5912 -8.1779 2.2878
v 1.5912 -8.1811 2.2876
v 1.5913 -8.1842 2.2873
v 1.5945 -8.1874 2.2871
v 1.6009 -8.1895 2.2871
v 1.6105 -8.1912 2.2872
v 1.6264 -8.1927 2.2873
v 1.6424 -8.1935 2.2876
v 1.6620 -8.1933 2.2971
v 1.6812 -8.1936 2.2973
v 1.7003 -8.1940 2.2975
v 1.7167 -8.1933 2.3068
v 1.7326 -8.1930 2.3068
v 1.7422 -8.1921 2.3070
v 1.7489 -8.1896 2.3164
v 1.7521 -8.1870 2.3169
v 1.7552 -8.1838 2.3175
v 1.7552 -8.1807 2.3181
v 1.7520 -8.1776 2.3188
v 1.7488 -8.1752 2.3193
v 1.7453 -8.1734 2.3108
v 1.7357 -8.1714 2.3112
v 1.7229 -8.1708 2.3112
v 1.7070 -8.1698 2.3112
v 1.6906 -8.1701 2.3017
v 1.6715 -8.1698 2.3012
v 1.6523 -8.1694 2.3006
v 1.6327 -8.1696 2.2906
v 1.6071 -8.1713 2.2892
v 1.6199 -8.1700 2.2900
v 1.5464 -8.1677 2.2318
v 1.5337 -8.1703 2.2312
v 1.5241 -8.1748 2.2309
v 1.5210 -8.1793 2.2308
v 1.5211 -8.1844 2.2308
v 1.5243 -8.1891 2.2309
v 1.5308 -8.1940 2.2310
v 1.5404 -8.1978 2.2310
v 1.5596 -8.2015 2.2309
v 1.5884 -8.2034 2.2308
v 1.6205 -8.2056 2.2310
v 1.6558 -8.2063 2.2312
v 1.6947 -8.2065 2.2408
v 1.7305 -8.2065 2.2500
v 1.7627 -8.2065 2.2497
v 1.7919 -8.2050 2.2586
v 1.8112 -8.2032 2.2583
v 1.8243 -8.1988 2.2678
v 1.8307 -8.1946 2.2683
v 1.8339 -8.1899 2.2690
v 1.8339 -8.1848 2.2700
v 1.8307 -8.1803 2.2712
v 1.8307 -8.1756 2.2723
v 1.8178 -8.1720 2.2738
v 1.8015 -8.1691 2.2660
v 1.7789 -8.1672 2.2670
v 1.7496 -8.1672 2.2580
v 1.7138 -8.1678 2.2482
v 1.6752 -8.1671 2.2472
v 1.6393 -8.1669 2.2364
v 1.6041 -8.1664 2.2347
v 1.5464 -8.1677 2.2318
v 1.5720 -8.1666 2.2330
v 1.5005 -8.1713 2.1654
v 1.4781 -8.1742 2.1656
v 1.4686 -8.1789 2.1658
v 1.4624 -8.1841 2.1659
v 1.4624 -8.1899 2.1660
v 1.4657 -8.1958 2.1661
v 1.4722 -8.2011 2.1662
v 1.4882 -8.2063 2.1663
v 1.5132 -8.2109 2.1569
v 1.5550 -8.2144 2.1567
v 1.6032 -8.2172 2.1563
v 1.6550 -8.2185 2.1559
v 1.7075 -8.2191 2.1649
v 1.7572 -8.2185 2.1831
v 1.8063 -8.2172 2.1915
v 1.8489 -8.2156 2.1995
v 1.8781 -8.2132 2.1985
v 1.8976 -8.2089 2.1979
v 1.9073 -8.2043 2.1979
v 1.9106 -8.1985 2.1984
v 1.9106 -8.1926 2.1992
v 1.9106 -8.1872 2.2000
v 1.9041 -8.1815 2.2015
v 1.8911 -8.1776 2.2032
v 1.8618 -8.1747 2.2058
v 1.8291 -8.1737 2.1983
v 1.7831 -8.1737 2.1903
v 1.7337 -8.1735 2.1812
v 1.6811 -8.1732 2.1707
v 1.6253 -8.1724 2.1594
v 1.5768 -8.1717 2.1576
v 1.5005 -8.1713 2.1654
v 1.5318 -8.1708 2.1563
v 1.4597 -8.1803 2.0910
v 1.4374 -8.1834 2.0911
v 1.4216 -8.1880 2.0912
v 1.4185 -8.1936 2.0913
v 1.4186 -8.1991 2.0914
v 1.4188 -8.2055 2.0916
v 1.4284 -8.2113 2.0917
v 1.4477 -8.2169 2.0918
v 1.4798 -8.2215 2.0919
v 1.5312 -8.2261 2.0918
v 1.5861 -8.2285 2.0914
v 1.6547 -8.2305 2.0906
v 1.7206 -8.2318 2.0894
v 1.7872 -8.2314 2.0972
v 1.8503 -8.2303 2.1047
v 1.9032 -8.2276 2.1123
v 1.9426 -8.2246 2.1109
v 1.9688 -8.2199 2.1098
v 1.9820 -8.2148 2.1092
v 1.9853 -8.2089 2.1090
v 1.9854 -8.2027 2.1089
v 1.9854 -8.1970 2.1089
v 1.9757 -8.1921 2.1096
v 1.9594 -8.1878 2.1109
v 1.9265 -8.1851 2.1133
v 1.8769 -8.1846 2.1068
v 1.8172 -8.1852 2.1096
v 1.7506 -8.1853 2.1014
v 1.6872 -8.1854 2.0917
v 1.6181 -8.1837 2.0910
v 1.5594 -8.1820 2.0906
v 1.4597 -8.1803 2.0910
v 1.5046 -8.1804 2.0908
v 1.4418 -8.1906 2.0255
v 1.4131 -8.1930 2.0255
v 1.4005 -8.1976 2.0256
v 1.3942 -8.2032 2.0257
v 1.3944 -8.2094 2.0258
v 1.3977 -8.2150 2.0259
v 1.4074 -8.2215 2.0261
v 1.4299 -8.2270 2.0263
v 1.4620 -8.2322 2.0264
v 1.5161 -8.2375 2.0170
v 1.5813 -8.2409 2.0167
v 1.6545 -8.2421 2.0252
v 1.7278 -8.2433 2.0239
v 1.8052 -8.2420 2.0314
v 1.8788 -8.2407 2.0291
v 1.9421 -8.2380 2.0268
v 1.9919 -8.2341 2.0248
v 2.0248 -8.2292 2.0234
v 2.0381 -8.2239 2.0228
v 2.0447 -8.2180 2.0224
v 2.0448 -8.2118 2.0223
v 2.0417 -8.2062 2.0223
v 2.0319 -8.2011 2.0226
v 2.0122 -8.1973 2.0233
v 1.9693 -8.1955 2.0249
v 1.9126 -8.1954 2.0271
v 1.8455 -8.1959 2.0297
v 1.7679 -8.1970 2.0223
v 1.6907 -8.1965 2.0237
v 1.6169 -8.1963 2.0152
v 1.5444 -8.1935 2.0158
v 1.4418 -8.1906 2.0255
v 1.4860 -8.1916 2.0160
v 1.4294 -8.2012 1.9501
v 1.4007 -8.2038 1.9501
v 1.3848 -8.2076 1.9502
v 1.3786 -8.2135 1.9503
v 1.3788 -8.2194 1.9504
v 1.3822 -8.2257 1.9505
v 1.3919 -8.2313 1.9507
v 1.4112 -8.2371 1.9509
v 1.4498 -8.2425 1.9511
v 1.5042 -8.2484 1.9418
v 1.5732 -8.2517 1.9415
v 1.6539 -8.2534 1.9501
v 1.7349 -8.2539 1.9486
v 1.8231 -8.2531 1.9463
v 1.9045 -8.2508 1.9436
v 1.9752 -8.2466 1.9408
v 2.0287 -8.2421 1.9386
v 2.0618 -8.2366 1.9370
v 2.0784 -8.2311 1.9362
v 2.0852 -8.2251 1.9358
v 2.0853 -8.2190 1.9357
v 2.0822 -8.2130 1.9358
v 2.0724 -8.2080 1.9361
v 2.0494 -8.2049 1.9370
v 2.0028 -8.2037 1.9389
v 1.9422 -8.2048 1.9412
v 1.8642 -8.2066 1.9440
v 1.7789 -8.2083 1.9464
v 1.6939 -8.2080 1.9483
v 1.6124 -8.2073 1.9401
v 1.5359 -8.2050 1.9406
v 1.4294 -8.2012 1.9501
v 1.4745 -8.2018 1.9502
v 1.4083 -8.2106 1.8838
v 1.3763 -8.2127 1.8837
v 1.3605 -8.2162 1.8837
v 1.3543 -8.2211 1.8837
v 1.3545 -8.2273 1.8839
v 1.3579 -8.2339 1.8840
v 1.3676 -8.2396 1.8842
v 1.3934 -8.2459 1.8845
v 1.4289 -8.2512 1.8848
v 1.4873 -8.2566 1.8850
v 1.5632 -8.2610 1.8848
v 1.6472 -8.2629 1.8839
v 1.7426 -8.2636 1.8822
v 1.8317 -8.2621 1.8798
v 1.9242 -8.2588 1.8766
v 2.0022 -8.2540 1.8735
v 2.0592 -8.2487 1.8709
v 2.0924 -8.2429 1.8694
v 2.1124 -8.2364 1.8684
v 2.1191 -8.2305 1.8680
v 2.1193 -8.2243 1.8679
v 2.1162 -8.2187 1.8679
v 2.1065 -8.2142 1.8683
v 2.0802 -8.2110 1.8694
v 2.0368 -8.2104 1.8712
v 1.9659 -8.2128 1.8742
v 1.8803 -8.2153 1.8773
v 1.7872 -8.2178 1.8801
v 1.6909 -8.2185 1.8822
v 1.6058 -8.2168 1.8834
v 1.5255 -8.2146 1.8839
v 1.4083 -8.2106 1.8838
v 1.4567 -8.2112 1.8839
v 1.3873 -8.2172 1.8170
v 1.3522 -8.2184 1.8168
v 1.3364 -8.2224 1.8168
v 1.3302 -8.2278 1.8169
v 1.3305 -8.2340 1.8170
v 1.3339 -8.2395 1.8171
v 1.3436 -8.2456 1.8173
v 1.3662 -8.2518 1.8176
v 1.4114 -8.2583 1.8180
v 1.4732 -8.2639 1.8182
v 1.5526 -8.2684 1.8181
v 1.6406 -8.2713 1.8173
v 1.7404 -8.2723 1.8155
v 1.8477 -8.2702 1.8126
v 1.9409 -8.2659 1.8093
v 2.0228 -8.2613 1.7964
v 2.0866 -8.2549 1.7935
v 2.1232 -8.2487 1.7918
v 2.1431 -8.2425 1.7908
v 2.1499 -8.2365 1.7904
v 2.1533 -8.2302 1.7902
v 2.1503 -8.2250 1.7902
v 2.1374 -8.2204 1.7908
v 2.1078 -8.2180 1.7921
v 2.0611 -8.2174 1.7941
v 1.9864 -8.2204 1.7972
v 1.8934 -8.2233 1.8102
v 1.7959 -8.2263 1.8132
v 1.6916 -8.2266 1.8155
v 1.5955 -8.2250 1.8168
v 1.5080 -8.2216 1.8172
v 1.3873 -8.2172 1.8170
v 1.4358 -8.2184 1.8172
v 1.3719 -8.2217 1.7306
v 1.3367 -8.2223 1.7304
v 1.3209 -8.2264 1.7304
v 1.3148 -8.2313 1.7304
v 1.3150 -8.2374 1.7305
v 1.3185 -8.2434 1.7306
v 1.3283 -8.2499 1.7308
v 1.3573 -8.2567 1.7312
v 1.3994 -8.2629 1.7315
v 1.4615 -8.2689 1.7318
v 1.5448 -8.2741 1.7317
v 1.6406 -8.2779 1.7308
v 1.7484 -8.2792 1.7289
v 1.8569 -8.2769 1.7259
v 1.9543 -8.2729 1.7225
v 2.0400 -8.2670 1.7190
v 2.1041 -8.2615 1.7065
v 2.1407 -8.2551 1.7048
v 2.1639 -8.2490 1.7036
v 2.1707 -8.2430 1.7033
v 2.1709 -8.2368 1.7032
v 2.1678 -8.2313 1.7033
v 2.1549 -8.2263 1.7038
v 2.1254 -8.2240 1.7051
v 2.0752 -8.2243 1.7072
v 2.0003 -8.2265 1.7200
v 1.9100 -8.2300 1.7233
v 1.8012 -8.2333 1.7267
v 1.6922 -8.2339 1.7291
v 1.5880 -8.2312 1.7304
v 1.4997 -8.2269 1.7308
v 1.3719 -8.2217 1.7306
v 1.4238 -8.2232 1.7308
v 1.3703 -8.2231 1.6436
v 1.3349 -8.2236 1.6435
v 1.3191 -8.2277 1.6435
v 1.3129 -8.2329 1.6435
v 1.3132 -8.2391 1.6436
v 1.3135 -8.2445 1.6437
v 1.3265 -8.2513 1.6439
v 1.3492 -8.2573 1.6441
v 1.3948 -8.2642 1.6444
v 1.4607 -8.2706 1.6447
v 1.5414 -8.2761 1.6445
v 1.6413 -8.2803 1.6436
v 1.7501 -8.2824 1.6417
v 1.8628 -8.2816 1.6289
v 1.9643 -8.2778 1.6254
v 2.0469 -8.2725 1.6222
v 2.1112 -8.2662 1.6194
v 2.1512 -8.2598 1.6176
v 2.1711 -8.2538 1.6167
v 2.1779 -8.2477 1.6163
v 2.1814 -8.2414 1.6161
v 2.1784 -8.2359 1.6162
v 2.1622 -8.2319 1.6169
v 2.1359 -8.2290 1.6180
v 2.0857 -8.2290 1.6201
v 2.0071 -8.2314 1.6232
v 1.9164 -8.2348 1.6265
v 1.8068 -8.2371 1.6395
v 1.6969 -8.2367 1.6419
v 1.5917 -8.2334 1.6432
v 1.4991 -8.2287 1.6437
v 1.3703 -8.2231 1.6436
v 1.4225 -8.2246 1.6438
v 1.3752 -8.2205 1.5465
v 1.3390 -8.2218 1.5465
v 1.3198 -8.2249 1.5465
v 1.3138 -8.2297 1.5465
v 1.3144 -8.2363 1.5466
v 1.3182 -8.2428 1.5467
v 1.3283 -8.2486 1.5468
v 1.3547 -8.2554 1.5470
v 1.4009 -8.2619 1.5472
v 1.4676 -8.2688 1.5473
v 1.5490 -8.2747 1.5470
v 1.6498 -8.2794 1.5459
v 1.7558 -8.2816 1.5440
v 1.8656 -8.2812 1.5412
v 1.9708 -8.2778 1.5182
v 2.0536 -8.2738 1.5151
v 2.1146 -8.2682 1.5224
v 2.1514 -8.2628 1.5208
v 2.1747 -8.2561 1.5198
v 2.1815 -8.2505 1.5195
v 2.1817 -8.2443 1.5195
v 2.1787 -8.2387 1.5196
v 2.1657 -8.2338 1.5200
v 2.1394 -8.2313 1.5211
v 2.0890 -8.2306 1.5230
v 2.0136 -8.2321 1.5161
v 1.9191 -8.2345 1.5193
v 1.8163 -8.2359 1.5418
v 1.7022 -8.2350 1.5443
v 1.5963 -8.2315 1.5458
v 1.5030 -8.2269 1.5464
v 1.3752 -8.2205 1.5465
v 1.4288 -8.2221 1.5465
v 1.3788 -8.2133 1.4490
v 1.3413 -8.2142 1.4490
v 1.3255 -8.2184 1.4491
v 1.3199 -8.2236 1.4492
v 1.3211 -8.2297 1.4492
v 1.3255 -8.2364 1.4493
v 1.3364 -8.2424 1.4494
v 1.3639 -8.2491 1.4495
v 1.4082 -8.2554 1.4495
v 1.4762 -8.2625 1.4494
v 1.5616 -8.2687 1.4489
v 1.6594 -8.2730 1.4478
v 1.7656 -8.2759 1.4458
v 1.8721 -8.2760 1.4431
v 1.9704 -8.2740 1.4205
v 2.0532 -8.2709 1.4177
v 2.1143 -8.2659 1.4154
v 2.1478 -8.2607 1.4142
v 2.1646 -8.2551 1.4232
v 2.1747 -8.2488 1.4229
v 2.1782 -8.2428 1.4227
v 2.1751 -8.2368 1.4228
v 2.1588 -8.2324 1.4234
v 2.1323 -8.2286 1.4146
v 2.0852 -8.2275 1.4163
v 2.0166 -8.2285 1.4186
v 1.9257 -8.2296 1.4214
v 1.8191 -8.2303 1.4439
v 1.7119 -8.2289 1.4462
v 1.6057 -8.2253 1.4477
v 1.5154 -8.2201 1.4485
v 1.3788 -8.2133 1.4490
v 1.4390 -8.2162 1.4488
v 1.3921 -8.2040 1.3513
v 1.3608 -8.2050 1.3514
v 1.3409 -8.2085 1.3515
v 1.3353 -8.2141 1.3516
v 1.3365 -8.2207 1.3517
v 1.3410 -8.2270 1.3517
v 1.3521 -8.2339 1.3518
v 1.3800 -8.2405 1.3518
v 1.4248 -8.2466 1.3516
v 1.4932 -8.2527 1.3513
v 1.5758 -8.2582 1.3506
v 1.6737 -8.2632 1.3493
v 1.7799 -8.2660 1.3473
v 1.8790 -8.2674 1.3449
v 1.9702 -8.2655 1.3325
v 2.0495 -8.2634 1.3300
v 2.1072 -8.2594 1.3281
v 2.1408 -8.2543 1.3270
v 2.1575 -8.2488 1.3264
v 2.1643 -8.2427 1.3262
v 2.1678 -8.2363 1.3260
v 2.1647 -8.2306 1.3261
v 2.1516 -8.2253 1.3265
v 2.1251 -8.2218 1.3274
v 2.0813 -8.2202 1.3288
v 2.0163 -8.2194 1.3308
v 1.9290 -8.2203 1.3431
v 1.8297 -8.2203 1.3456
v 1.7263 -8.2184 1.3478
v 1.6200 -8.2144 1.3494
v 1.5330 -8.2100 1.3504
v 1.3921 -8.2040 1.3513
v 1.4563 -8.2060 1.3509
v 1.4158 -8.1931 1.2633
v 1.3802 -8.1946 1.2635
v 1.3634 -8.1981 1.2637
v 1.3577 -8.2038 1.2638
v 1.3590 -8.2104 1.2638
v 1.3602 -8.2166 1.2639
v 1.3717 -8.2231 1.2639
v 1.4003 -8.2298 1.2637
v 1.4492 -8.2359 1.2634
v 1.5149 -8.2412 1.2629
v 1.5980 -8.2469 1.2620
v 1.6924 -8.2511 1.2606
v 1.7911 -8.2544 1.2587
v 1.8898 -8.2554 1.2565
v 1.9736 -8.2551 1.2542
v 2.0425 -8.2534 1.2523
v 2.0968 -8.2500 1.2507
v 2.1270 -8.2447 1.2497
v 2.1438 -8.2394 1.2492
v 2.1540 -8.2335 1.2489
v 2.1541 -8.2271 1.2489
v 2.1510 -8.2208 1.2490
v 2.1379 -8.2159 1.2494
v 2.1146 -8.2119 1.2500
v 2.0742 -8.2090 1.2512
v 2.0125 -8.2082 1.2529
v 1.9324 -8.2079 1.2551
v 1.8407 -8.2075 1.2573
v 1.7413 -8.2058 1.2593
v 1.6460 -8.2023 1.2609
v 1.5517 -8.1980 1.2621
v 1.4158 -8.1931 1.2633
v 1.4777 -8.1948 1.2628
v 1.4426 -8.1832 1.1851
v 1.4062 -8.1847 1.1855
v 1.3889 -8.1888 1.1857
v 1.3828 -8.1940 1.1857
v 1.3842 -8.2011 1.1858
v 1.3852 -8.2070 1.1858
v 1.3969 -8.2138 1.1857
v 1.4258 -8.2200 1.1855
v 1.4715 -8.2256 1.1852
v 1.5373 -8.2311 1.1845
v 1.6171 -8.2354 1.1835
v 1.7115 -8.2390 1.1820
v 1.8063 -8.2421 1.1801
v 1.8939 -8.2432 1.1782
v 1.9738 -8.2431 1.1763
v 2.0389 -8.2416 1.1746
v 2.0830 -8.2388 1.1734
v 2.1133 -8.2343 1.1726
v 2.1301 -8.2282 1.1722
v 2.1369 -8.2224 1.1720
v 2.1370 -8.2159 1.1720
v 2.1339 -8.2100 1.1721
v 2.1240 -8.2042 1.1723
v 2.1040 -8.1999 1.1728
v 2.0670 -8.1972 1.1738
v 2.0089 -8.1961 1.1753
v 1.9362 -8.1949 1.1770
v 1.8520 -8.1938 1.1789
v 1.7568 -8.1924 1.1808
v 1.6618 -8.1894 1.1824
v 1.5744 -8.1863 1.1837
v 1.4426 -8.1832 1.1851
v 1.4971 -8.1831 1.1846
v 1.4652 -8.1732 1.1072
v 1.4336 -8.1761 1.1076
v 1.4163 -8.1807 1.1078
v 1.4099 -8.1865 1.1079
v 1.4106 -8.1930 1.1079
v 1.4146 -8.1989 1.1079
v 1.4289 -8.2054 1.1078
v 1.4534 -8.2114 1.1075
v 1.4913 -8.2166 1.1071
v 1.5566 -8.2206 1.1063
v 1.6329 -8.2247 1.1052
v 1.7202 -8.2271 1.1038
v 1.8147 -8.2295 1.1020
v 1.8984 -8.2310 1.1003
v 1.9710 -8.2310 1.0987
v 2.0291 -8.2298 1.0973
v 2.0730 -8.2274 1.0963
v 2.0999 -8.2224 1.0957
v 2.1133 -8.2172 1.0954
v 2.1235 -8.2114 1.0951
v 2.1236 -8.2047 1.0951
v 2.1171 -8.1983 1.0953
v 2.1105 -8.1926 1.0954
v 2.0906 -8.1884 1.0959
v 2.0570 -8.1848 1.0967
v 2.0060 -8.1835 1.0978
v 1.9370 -8.1823 1.0994
v 1.8568 -8.1805 1.1010
v 1.7691 -8.1795 1.1027
v 1.6812 -8.1770 1.1042
v 1.5939 -8.1744 1.1056
v 1.4652 -8.1731 1.1072
v 1.5246 -8.1728 1.1065
v 1.4829 -8.1657 1.0296
v 1.4489 -8.1694 1.0301
v 1.4355 -8.1746 1.0303
v 1.4288 -8.1802 1.0304
v 1.4257 -8.1867 1.0304
v 1.4292 -8.1930 1.0304
v 1.4429 -8.1995 1.0302
v 1.4666 -8.2050 1.0299
v 1.5075 -8.2098 1.0294
v 1.5659 -8.2136 1.0286
v 1.6457 -8.2161 1.0274
v 1.7295 -8.2185 1.0260
v 1.8168 -8.2197 1.0244
v 1.9003 -8.2216 1.0228
v 1.9691 -8.2213 1.0214
v 2.0269 -8.2210 1.0202
v 2.0639 -8.2184 1.0195
v 2.0940 -8.2135 1.0188
v 2.1041 -8.2086 1.0187
v 2.1108 -8.2029 1.0185
v 2.1109 -8.1961 1.0185
v 2.1077 -8.1897 1.0186
v 2.1012 -8.1843 1.0187
v 2.0813 -8.1793 1.0191
v 2.0480 -8.1760 1.0198
v 1.9972 -8.1728 1.0209
v 1.9354 -8.1713 1.0221
v 1.8626 -8.1699 1.0236
v 1.7750 -8.1678 1.0251
v 1.6873 -8.1664 1.0266
v 1.6034 -8.1650 1.0279
v 1.4829 -8.1656 1.0296
v 1.5342 -8.1642 1.0289
v 1.4891 -8.1617 0.9621
v 1.4585 -8.1663 0.9626
v 1.4417 -8.1714 0.9628
v 1.4384 -8.1775 0.9629
v 1.4352 -8.1842 0.9629
v 1.4386 -8.1901 0.9629
v 1.4523 -8.1965 0.9627
v 1.4692 -8.2011 0.9624
v 1.5102 -8.2053 0.9618
v 1.5686 -8.2082 0.9610
v 1.6449 -8.2108 0.9598
v 1.7287 -8.2121 0.9584
v 1.8159 -8.2131 0.9569
v 1.8956 -8.2145 0.9555
v 1.9642 -8.2151 0.9542
v 2.0217 -8.2144 0.9532
v 2.0585 -8.2120 0.9525
v 2.0885 -8.2085 0.9519
v 2.0985 -8.2027 0.9518
v 2.1052 -8.1970 0.9516
v 2.1053 -8.1904 0.9517
v 2.1021 -8.1842 0.9517
v 2.0956 -8.1783 0.9518
v 2.0726 -8.1732 0.9523
v 2.0428 -8.1690 0.9528
v 1.9957 -8.1661 0.9537
v 1.9342 -8.1637 0.9548
v 1.8581 -8.1623 0.9562
v 1.7743 -8.1603 0.9577
v 1.6867 -8.1590 0.9591
v 1.6064 -8.1588 0.9604
v 1.4891 -8.1613 0.9621
v 1.5371 -8.1588 0.9614
v 1.4928 -8.1610 0.8854
v 1.4622 -8.1657 0.8859
v 1.4453 -8.1714 0.8862
v 1.4420 -8.1777 0.8862
v 1.4387 -8.1845 0.8862
v 1.4422 -8.1909 0.8862
v 1.4558 -8.1967 0.8860
v 1.4728 -8.2018 0.8857
v 1.5103 -8.2047 0.8851
v 1.5688 -8.2067 0.8842
v 1.6381 -8.2077 0.8831
v 1.7217 -8.2083 0.8818
v 1.8121 -8.2091 0.8803
v 1.8949 -8.2105 0.8789
v 1.9596 -8.2114 0.8778
v 2.0135 -8.2110 0.8770
v 2.0534 -8.2089 0.8763
v 2.0832 -8.2053 0.8758
v 2.0964 -8.1995 0.8756
v 2.0998 -8.1938 0.8755
v 2.1000 -8.1871 0.8755
v 2.1000 -8.1810 0.8755
v 2.0903 -8.1750 0.8757
v 2.0708 -8.1700 0.8760
v 2.0379 -8.1654 0.8766
v 1.9911 -8.1622 0.8774
v 1.9300 -8.1592 0.8784
v 1.8543 -8.1575 0.8796
v 1.7709 -8.1556 0.8810
v 1.6800 -8.1542 0.8825
v 1.6033 -8.1550 0.8837
v 1.4928 -8.1603 0.8854
v 1.5375 -8.1564 0.8847
v 1.4901 -8.1620 0.8092
v 1.4629 -8.1677 0.8097
v 1.4459 -8.1735 0.8100
v 1.4426 -8.1802 0.8100
v 1.4393 -8.1866 0.8101
v 1.4427 -8.1934 0.8100
v 1.4529 -8.1987 0.8098
v 1.4733 -8.2031 0.8095
v 1.5109 -8.2057 0.8089
v 1.5624 -8.2071 0.8081
v 1.6351 -8.2071 0.8069
v 1.7184 -8.2067 0.8056
v 1.8049 -8.2077 0.8042
v 1.8873 -8.2087 0.8029
v 1.9584 -8.2089 0.8017
v 2.0118 -8.2083 0.8008
v 2.0514 -8.2069 0.8002
v 2.0777 -8.2024 0.7997
v 2.0940 -8.1971 0.7994
v 2.0973 -8.1909 0.7994
v 2.0974 -8.1847 0.7994
v 2.0974 -8.1785 0.7994
v 2.0845 -8.1721 0.7996
v 2.0653 -8.1677 0.8000
v 2.0361 -8.1627 0.8004
v 1.9864 -8.1595 0.8013
v 1.9223 -8.1572 0.8023
v 1.8470 -8.1551 0.8035
v 1.7606 -8.1540 0.8049
v 1.6770 -8.1537 0.8063
v 1.6005 -8.1546 0.8075
v 1.4901 -8.1610 0.8092
v 1.5382 -8.1570 0.8085
v 1.4875 -8.1630 0.7332
v 1.4636 -8.1692 0.7335
v 1.4501 -8.1750 0.7338
v 1.4433 -8.1817 0.7339
v 1.4434 -8.1882 0.7339
v 1.4468 -8.1949 0.7338
v 1.4536 -8.2001 0.7337
v 1.4739 -8.2044 0.7334
v 1.5115 -8.2068 0.7328
v 1.5629 -8.2071 0.7320
v 1.6319 -8.2069 0.7308
v 1.7115 -8.2058 0.7296
v 1.7976 -8.2062 0.7282
v 1.8795 -8.2071 0.7269
v 1.9501 -8.2073 0.7257
v 2.0064 -8.2066 0.7247
v 2.0458 -8.2048 0.7241
v 2.0717 -8.2006 0.7236
v 2.0880 -8.1953 0.7234
v 2.0946 -8.1892 0.7233
v 2.0947 -8.1831 0.7233
v 2.0916 -8.1768 0.7233
v 2.0789 -8.1704 0.7235
v 2.0629 -8.1652 0.7238
v 2.0307 -8.1611 0.7244
v 1.9813 -8.1581 0.7252
v 1.9178 -8.1556 0.7263
v 1.8396 -8.1541 0.7275
v 1.7536 -8.1531 0.7289
v 1.6670 -8.1533 0.7303
v 1.5942 -8.1546 0.7314
v 1.4875 -8.1619 0.7332
v 1.5321 -8.1580 0.7324
v 1.4876 -8.1630 0.6666
v 1.4603 -8.1691 0.6670
v 1.4468 -8.1753 0.6672
v 1.4434 -8.1822 0.6673
v 1.4434 -8.1885 0.6673
v 1.4434 -8.1949 0.6673
v 1.4536 -8.2001 0.6671
v 1.4739 -8.2044 0.6668
v 1.5046 -8.2064 0.6663
v 1.5593 -8.2063 0.6654
v 1.6247 -8.2055 0.6643
v 1.7039 -8.2047 0.6631
v 1.7862 -8.2040 0.6617
v 1.8711 -8.2047 0.6604
v 1.9413 -8.2055 0.6592
v 2.0005 -8.2047 0.6582
v 2.0395 -8.2023 0.6575
v 2.0686 -8.1982 0.6570
v 2.0815 -8.1932 0.6568
v 2.0881 -8.1871 0.6567
v 2.0883 -8.1805 0.6567
v 2.0853 -8.1747 0.6568
v 2.0759 -8.1684 0.6569
v 2.0601 -8.1634 0.6572
v 2.0247 -8.1593 0.6578
v 1.9757 -8.1565 0.6586
v 1.9092 -8.1542 0.6598
v 1.8315 -8.1526 0.6610
v 1.7494 -8.1522 0.6623
v 1.6632 -8.1527 0.6637
v 1.5906 -8.1544 0.6649
v 1.4876 -8.1621 0.6666
v 1.5321 -8.1577 0.6658
v 1.4881 -8.1634 0.5809
v 1.4609 -8.1688 0.5813
v 1.4440 -8.1754 0.5816
v 1.4406 -8.1817 0.5817
v 1.4372 -8.1884 0.5817
v 1.4406 -8.1944 0.5817
v 1.4541 -8.2001 0.5815
v 1.4710 -8.2038 0.5812
v 1.5049 -8.2058 0.5806
v 1.5560 -8.2061 0.5798
v 1.6210 -8.2046 0.5787
v 1.6998 -8.2040 0.5775
v 1.7815 -8.2030 0.5762
v 1.8623 -8.2032 0.5748
v 1.9319 -8.2032 0.5736
v 1.9940 -8.2025 0.5726
v 2.0327 -8.1999 0.5719
v 2.0617 -8.1959 0.5715
v 2.0746 -8.1911 0.5712
v 2.0780 -8.1846 0.5712
v 2.0782 -8.1783 0.5712
v 2.0784 -8.1718 0.5712
v 2.0690 -8.1664 0.5713
v 2.0500 -8.1613 0.5717
v 2.0180 -8.1574 0.5722
v 1.9661 -8.1545 0.5731
v 1.9003 -8.1529 0.5742
v 1.8266 -8.1522 0.5754
v 1.7417 -8.1517 0.5768
v 1.6594 -8.1523 0.5781
v 1.5873 -8.1544 0.5793
v 1.4881 -8.1629 0.5809
v 1.5291 -8.1577 0.5802
v 1.4807 -8.1617 0.5049
v 1.4570 -8.1679 0.5053
v 1.4434 -8.1739 0.5055
v 1.4366 -8.1805 0.5056
v 1.4366 -8.1869 0.5056
v 1.4399 -8.1936 0.5055
v 1.4466 -8.1987 0.5054
v 1.4668 -8.2028 0.5051
v 1.5007 -8.2049 0.5045
v 1.5516 -8.2045 0.5037
v 1.6162 -8.2033 0.5027
v 1.6911 -8.2019 0.5015
v 1.7723 -8.2014 0.5001
v 1.8526 -8.2005 0.4988
v 1.9251 -8.2008 0.4976
v 1.9838 -8.1999 0.4966
v 2.0290 -8.1974 0.4958
v 2.0547 -8.1939 0.4954
v 2.0709 -8.1883 0.4951
v 2.0742 -8.1826 0.4950
v 2.0744 -8.1760 0.4950
v 2.0746 -8.1699 0.4950
v 2.0620 -8.1640 0.4952
v 2.0430 -8.1594 0.4956
v 2.0077 -8.1552 0.4962
v 1.9592 -8.1529 0.4970
v 1.8936 -8.1508 0.4981
v 1.8171 -8.1503 0.4994
v 1.7362 -8.1502 0.5007
v 1.6545 -8.1513 0.5021
v 1.5862 -8.1539 0.5032
v 1.4807 -8.1617 0.5049
v 1.5249 -8.1573 0.5042
v 1.4754 -8.1596 0.4383
v 1.4484 -8.1651 0.4388
v 1.4348 -8.1714 0.4390
v 1.4281 -8.1776 0.4391
v 1.4280 -8.1843 0.4391
v 1.4313 -8.1906 0.4391
v 1.4380 -8.1958 0.4389
v 1.4615 -8.1999 0.4386
v 1.4952 -8.2023 0.4380
v 1.5460 -8.2026 0.4372
v 1.6103 -8.2011 0.4361
v 1.6848 -8.1997 0.4254
v 1.7655 -8.1985 0.4241
v 1.8456 -8.1983 0.4227
v 1.9149 -8.1986 0.4311
v 1.9769 -8.1977 0.4300
v 2.0221 -8.1953 0.4293
v 2.0510 -8.1918 0.4288
v 2.0639 -8.1866 0.4285
v 2.0672 -8.1805 0.4285
v 2.0674 -8.1740 0.4285
v 2.0676 -8.1679 0.4285
v 2.0582 -8.1621 0.4287
v 2.0360 -8.1568 0.4290
v 2.0008 -8.1532 0.4296
v 1.9489 -8.1508 0.4305
v 1.8833 -8.1490 0.4316
v 1.8102 -8.1483 0.4233
v 1.7297 -8.1489 0.4247
v 1.6486 -8.1495 0.4260
v 1.5806 -8.1522 0.4366
v 1.4754 -8.1596 0.4383
v 1.5161 -8.1548 0.4377
v 1.4691 -8.1562 0.3527
v 1.4387 -8.1617 0.3532
v 1.4252 -8.1679 0.3535
v 1.4218 -8.1746 0.3535
v 1.4217 -8.1804 0.3535
v 1.4250 -8.1870 0.3535
v 1.4317 -8.1921 0.3533
v 1.4551 -8.1963 0.3530
v 1.4854 -8.1985 0.3524
v 1.5427 -8.1991 0.3515
v 1.6070 -8.1985 0.3505
v 1.6812 -8.1973 0.3492
v 1.7619 -8.1962 0.3479
v 1.8385 -8.1970 0.3466
v 1.9077 -8.1969 0.3455
v 1.9696 -8.1962 0.3444
v 2.0148 -8.1940 0.3437
v 2.0405 -8.1900 0.3432
v 2.0534 -8.1852 0.3430
v 2.0599 -8.1792 0.3429
v 2.0601 -8.1726 0.3429
v 2.0571 -8.1669 0.3429
v 2.0509 -8.1608 0.3431
v 2.0286 -8.1555 0.3434
v 1.9934 -8.1517 0.3441
v 1.9416 -8.1492 0.3449
v 1.8760 -8.1475 0.3460
v 1.7997 -8.1463 0.3473
v 1.7226 -8.1470 0.3486
v 1.6417 -8.1476 0.3499
v 1.5706 -8.1493 0.3511
v 1.4691 -8.1567 0.3527
v 1.5130 -8.1525 0.3520
v 1.4689 -8.1534 0.2765
v 1.4420 -8.1593 0.2770
v 1.4285 -8.1652 0.2772
v 1.4217 -8.1714 0.2773
v 1.4217 -8.1779 0.2773
v 1.4249 -8.1837 0.2773
v 1.4316 -8.1896 0.2772
v 1.4550 -8.1936 0.2768
v 1.4886 -8.1963 0.2762
v 1.5391 -8.1968 0.2754
v 1.6066 -8.1965 0.2743
v 1.6773 -8.1960 0.2731
v 1.7546 -8.1953 0.2719
v 1.8278 -8.1960 0.2706
v 1.9004 -8.1961 0.2694
v 1.9590 -8.1959 0.2684
v 2.0010 -8.1942 0.2677
v 2.0299 -8.1899 0.2672
v 2.0428 -8.1847 0.2670
v 2.0462 -8.1786 0.2669
v 2.0463 -8.1729 0.2669
v 2.0465 -8.1663 0.2669
v 2.0371 -8.1610 0.2671
v 2.0180 -8.1557 0.2674
v 1.9828 -8.1519 0.2680
v 1.9309 -8.1486 0.2689
v 1.8686 -8.1469 0.2700
v 1.7957 -8.1467 0.2712
v 1.7187 -8.1457 0.2725
v 1.6412 -8.1470 0.2737
v 1.5736 -8.1484 0.2748
v 1.4689 -8.1542 0.2765
v 1.5128 -8.1509 0.2758
v 1.4784 -8.1534 0.1812
v 1.4549 -8.1584 0.1815
v 1.4414 -8.1637 0.1818
v 1.4379 -8.1703 0.1818
v 1.4379 -8.1765 0.1818
v 1.4378 -8.1831 0.1818
v 1.4478 -8.1885 0.1817
v 1.4679 -8.1924 0.1813
v 1.4981 -8.1950 0.1808
v 1.5485 -8.1966 0.1800
v 1.6123 -8.1965 0.1789
v 1.6795 -8.1963 0.1778
v 1.7531 -8.1962 0.1766
v 1.8196 -8.1968 0.1755
v 1.8888 -8.1974 0.1744
v 1.9410 -8.1967 0.1735
v 1.9799 -8.1950 0.1728
v 2.0057 -8.1910 0.1724
v 2.0186 -8.1858 0.1721
v 2.0252 -8.1797 0.1720
v 2.0254 -8.1736 0.1720
v 2.0223 -8.1674 0.1721
v 2.0162 -8.1614 0.1722
v 1.9971 -8.1561 0.1725
v 1.9650 -8.1524 0.1731
v 1.9162 -8.1500 0.1739
v 1.8537 -8.1484 0.1750
v 1.7875 -8.1472 0.1761
v 1.7173 -8.1474 0.1772
v 1.6468 -8.1474 0.1784
v 1.5794 -8.1481 0.1795
v 1.4784 -8.1543 0.1812
v 1.5222 -8.1505 0.1804
v 1.5108 -8.1547 0.0949
v 1.4872 -8.1588 0.0953
v 1.4771 -8.1650 0.0954
v 1.4669 -8.1708 0.0956
v 1.4669 -8.1769 0.0956
v 1.4735 -8.1835 0.0955
v 1.4801 -8.1888 0.0954
v 1.4969 -8.1935 0.0951
v 1.5271 -8.1965 0.0946
v 1.5706 -8.1981 0.0844
v 1.6242 -8.1981 0.0835
v 1.6877 -8.1984 0.0824
v 1.7510 -8.1984 0.0814
v 1.8108 -8.1992 0.0804
v 1.8671 -8.1993 0.0794
v 1.9134 -8.1984 0.0882
v 1.9526 -8.1966 0.0875
v 1.9754 -8.1926 0.0871
v 1.9852 -8.1872 0.0870
v 1.9887 -8.1816 0.0869
v 1.9889 -8.1754 0.0869
v 1.9891 -8.1689 0.0869
v 1.9830 -8.1636 0.0870
v 1.9638 -8.1586 0.0874
v 1.9379 -8.1550 0.0878
v 1.8919 -8.1524 0.0791
v 1.8421 -8.1509 0.0799
v 1.7820 -8.1507 0.0809
v 1.7186 -8.1500 0.0819
v 1.6584 -8.1499 0.0829
v 1.5981 -8.1506 0.0839
v 1.5108 -8.1555 0.0949
v 1.5479 -8.1520 0.0943
v 1.5585 -8.1571 -0.0107
v 1.5383 -8.1615 -0.0104
v 1.5282 -8.1665 -0.0102
v 1.5248 -8.1717 -0.0101
v 1.5247 -8.1774 -0.0101
v 1.5246 -8.1836 -0.0101
v 1.5312 -8.1885 -0.0103
v 1.5446 -8.1931 -0.0105
v 1.5747 -8.1959 -0.0110
v 1.6048 -8.1975 -0.0115
v 1.6483 -8.1980 -0.0122
v 1.6983 -8.1979 -0.0130
v 1.7482 -8.1983 -0.0138
v 1.7948 -8.1985 -0.0146
v 1.8414 -8.1984 -0.0154
v 1.8746 -8.1980 -0.0159
v 1.9043 -8.1954 -0.0164
v 1.9209 -8.1919 -0.0167
v 1.9341 -8.1870 -0.0169
v 1.9377 -8.1818 -0.0170
v 1.9379 -8.1760 -0.0170
v 1.9349 -8.1704 -0.0169
v 1.9286 -8.1650 -0.0168
v 1.9157 -8.1605 -0.0166
v 1.8927 -8.1572 -0.0162
v 1.8596 -8.1549 -0.0157
v 1.8195 -8.1542 -0.0150
v 1.7726 -8.1537 -0.0142
v 1.7224 -8.1534 -0.0134
v 1.6724 -8.1530 -0.0126
v 1.6289 -8.1537 -0.0119
v 1.5585 -8.1577 -0.0107
v 1.5887 -8.1552 -0.0112
v 1.7445 -8.1683 -0.1091
v 1.6229 -8.1596 -0.0785
v 1.7445 -8.1683 -0.1091
v 1.6095 -8.1623 -0.0782
v 1.7445 -8.1683 -0.1091
v 1.6061 -8.1660 -0.0782
v 1.7445 -8.1683 -0.1091
v 1.6027 -8.1700 -0.0781
v 1.7445 -8.1683 -0.1091
v 1.6027 -8.1740 -0.0781
v 1.7445 -8.1683 -0.1091
v 1.6026 -8.1785 -0.0781
v 1.7445 -8.1683 -0.1091
v 1.6059 -8.1822 -0.0782
v 1.7445 -8.1683 -0.1091
v 1.6159 -8.1855 -0.0784
v 1.7445 -8.1683 -0.1091
v 1.6292 -8.1873 -0.0786
v 1.7445 -8.1683 -0.1091
v 1.6525 -8.1888 -0.0790
v 1.7445 -8.1683 -0.1091
v 1.6791 -8.1894 -0.0794
v 1.7445 -8.1683 -0.1091
v 1.7090 -8.1898 -0.0799
v 1.7445 -8.1683 -0.1091
v 1.7389 -8.1897 -0.0804
v 1.7445 -8.1683 -0.1091
v 1.7688 -8.1900 -0.0809
v 1.7445 -8.1683 -0.1091
v 1.7954 -8.1904 -0.0813
v 1.7445 -8.1683 -0.1091
v 1.8188 -8.1895 -0.0817
v 1.7445 -8.1683 -0.1091
v 1.8388 -8.1882 -0.0821
v 1.7445 -8.1683 -0.1091
v 1.8456 -8.1850 -0.0822
v 1.7445 -8.1683 -0.1091
v 1.8557 -8.1818 -0.0823
v 1.7445 -8.1683 -0.1091
v 1.8558 -8.1773 -0.0823
v 1.7445 -8.1683 -0.1091
v 1.8560 -8.1736 -0.0823
v 1.7445 -8.1683 -0.1091
v 1.8561 -8.1695 -0.0823
v 1.7445 -8.1683 -0.1091
v 1.8529 -8.1654 -0.0823
v 1.7445 -8.1683 -0.1091
v 1.8431 -8.1621 -0.0821
v 1.7445 -8.1683 -0.1091
v 1.8331 -8.1599 -0.0820
v 1.7445 -8.1683 -0.1091
v 1.8098 -8.1579 -0.0816
v 1.7445 -8.1683 -0.1091
v 1.7864 -8.1574 -0.0812
v 1.7445 -8.1683 -0.1091
v 1.7562 -8.1571 -0.0807
v 1.7445 -8.1683 -0.1091
v 1.7229 -8.1567 -0.0801
v 1.7445 -8.1683 -0.1091
v 1.6929 -8.1568 -0.0796
v 1.7445 -8.1683 -0.1091
v 1.6663 -8.1569 -0.0792
v 1.7445 -8.1683 -0.1091
v 1.6229 -8.1597 -0.0785
v 1.6430 -8.1580 -0.0788
v 1.7445 -8.1683 -0.1091
v -1.7486 -8.2077 -0.0986
v -1.6475 -8.1972 -0.0683
v -1.6277 -8.1991 -0.0680
v -1.7486 -8.2077 -0.0986
v -1.6708 -8.1963 -0.0687
v -1.7486 -8.2077 -0.0986
v -1.6972 -8.1962 -0.0692
v -1.7486 -8.2077 -0.0986
v -1.7269 -8.1960 -0.0697
v -1.7486 -8.2077 -0.0986
v -1.7601 -8.1963 -0.0702
v -1.7486 -8.2077 -0.0986
v -1.7901 -8.1967 -0.0707
v -1.7486 -8.2077 -0.0986
v -1.8134 -8.1973 -0.0711
v -1.7486 -8.2077 -0.0986
v -1.8366 -8.1993 -0.0715
v -1.7486 -8.2077 -0.0986
v -1.8465 -8.2014 -0.0717
v -1.7486 -8.2077 -0.0986
v -1.8564 -8.2047 -0.0718
v -1.7486 -8.2077 -0.0986
v -1.8595 -8.2088 -0.0719
v -1.7486 -8.2077 -0.0986
v -1.8594 -8.2129 -0.0719
v -1.7486 -8.2077 -0.0986
v -1.8593 -8.2166 -0.0719
v -1.7486 -8.2077 -0.0986
v -1.8591 -8.2211 -0.0719
v -1.7486 -8.2077 -0.0986
v -1.8491 -8.2243 -0.0717
v -1.7486 -8.2077 -0.0986
v -1.8423 -8.2275 -0.0716
v -1.7486 -8.2077 -0.0986
v -1.8224 -8.2289 -0.0713
v -1.7486 -8.2077 -0.0986
v -1.7992 -8.2298 -0.0709
v -1.7486 -8.2077 -0.0986
v -1.7727 -8.2295 -0.0704
v -1.7486 -8.2077 -0.0986
v -1.7429 -8.2291 -0.0699
v -1.7486 -8.2077 -0.0986
v -1.7133 -8.2292 -0.0695
v -1.7486 -8.2077 -0.0986
v -1.6835 -8.2288 -0.0689
v -1.7486 -8.2077 -0.0986
v -1.6571 -8.2283 -0.0685
v -1.7486 -8.2077 -0.0986
v -1.6339 -8.2268 -0.0681
v -1.7486 -8.2077 -0.0986
v -1.6207 -8.2250 -0.0679
v -1.7486 -8.2077 -0.0986
v -1.6108 -8.2217 -0.0677
v -1.7486 -8.2077 -0.0986
v -1.6075 -8.2180 -0.0677
v -1.7486 -8.2077 -0.0986
v -1.6076 -8.2135 -0.0677
v -1.7486 -8.2077 -0.0986
v -1.6076 -8.2094 -0.0677
v -1.7486 -8.2077 -0.0986
v -1.6110 -8.2054 -0.0677
v -1.7486 -8.2077 -0.0986
v -1.6144 -8.2018 -0.0678
v -1.7486 -8.2077 -0.0986
v -1.6277 -8.1991 -0.0680
v -1.7486 -8.2077 -0.0986
v -1.5936 -8.1944 -0.0007
v -1.5636 -8.1969 -0.0002
v -1.6335 -8.1929 -0.0014
v -1.6766 -8.1923 -0.0021
v -1.7263 -8.1926 -0.0030
v -1.7762 -8.1928 -0.0038
v -1.8229 -8.1934 -0.0046
v -1.8628 -8.1941 -0.0052
v -1.8958 -8.1964 -0.0058
v -1.9187 -8.1995 -0.0062
v -1.9316 -8.2041 -0.0064
v -1.9379 -8.2095 -0.0065
v -1.9409 -8.2152 -0.0065
v -1.9407 -8.2209 -0.0065
v -1.9372 -8.2262 -0.0065
v -1.9239 -8.2310 -0.0063
v -1.9074 -8.2346 -0.0060
v -1.8778 -8.2372 -0.0055
v -1.8447 -8.2375 -0.0049
v -1.7983 -8.2378 -0.0042
v -1.7520 -8.2376 -0.0034
v -1.7025 -8.2374 -0.0026
v -1.6528 -8.2375 -0.0017
v -1.6096 -8.2369 -0.0010
v -1.5798 -8.2354 -0.0005
v -1.5499 -8.2326 -0.0000
v -1.5366 -8.2279 0.0002
v -1.5300 -8.2230 0.0003
v -1.5301 -8.2168 0.0003
v -1.5301 -8.2111 0.0003
v -1.5335 -8.2058 0.0002
v -1.5436 -8.2008 0.0001
v -1.5636 -8.1965 -0.0002
v -1.5530 -8.1911 0.1047
v -1.5162 -8.1947 0.1053
v -1.6028 -8.1897 0.0944
v -1.6627 -8.1890 0.0934
v -1.7225 -8.1890 0.0924
v -1.7854 -8.1897 0.0913
v -1.8452 -8.1898 0.0903
v -1.8948 -8.1913 0.0895
v -1.9406 -8.1939 0.0983
v -1.9664 -8.1974 0.0978
v -1.9856 -8.2024 0.0975
v -1.9918 -8.2078 0.0974
v -1.9915 -8.2143 0.0974
v -1.9913 -8.2204 0.0974
v -1.9879 -8.2262 0.0974
v -1.9780 -8.2314 0.0976
v -1.9553 -8.2354 0.0980
v -1.9163 -8.2373 0.0986
v -1.8702 -8.2384 0.0899
v -1.8141 -8.2383 0.0908
v -1.7548 -8.2378 0.0918
v -1.6919 -8.2378 0.0929
v -1.6288 -8.2376 0.0939
v -1.5755 -8.2374 0.0948
v -1.5324 -8.2359 0.1051
v -1.5024 -8.2330 0.1056
v -1.4858 -8.2283 0.1058
v -1.4792 -8.2229 0.1060
v -1.4726 -8.2162 0.1061
v -1.4727 -8.2102 0.1061
v -1.4827 -8.2043 0.1059
v -1.4928 -8.1982 0.1057
v -1.5162 -8.1940 0.1053
v -1.5276 -8.1895 0.1909
v -1.4842 -8.1933 0.1916
v -1.5844 -8.1873 0.1899
v -1.6512 -8.1864 0.1888
v -1.7211 -8.1862 0.1877
v -1.7908 -8.1859 0.1865
v -1.8567 -8.1872 0.1854
v -1.9189 -8.1887 0.1844
v -1.9675 -8.1910 0.1835
v -1.9995 -8.1947 0.1830
v -2.0186 -8.1998 0.1826
v -2.0248 -8.2059 0.1825
v -2.0278 -8.2121 0.1825
v -2.0276 -8.2182 0.1825
v -2.0211 -8.2242 0.1826
v -2.0082 -8.2295 0.1828
v -1.9824 -8.2334 0.1833
v -1.9437 -8.2354 0.1839
v -1.8917 -8.2362 0.1848
v -1.8228 -8.2358 0.1860
v -1.7568 -8.2354 0.1871
v -1.6837 -8.2357 0.1883
v -1.6171 -8.2359 0.1894
v -1.5537 -8.2361 0.1904
v -1.5037 -8.2344 0.1913
v -1.4737 -8.2319 0.1918
v -1.4538 -8.2280 0.1921
v -1.4439 -8.2225 0.1923
v -1.4439 -8.2159 0.1923
v -1.4440 -8.2098 0.1923
v -1.4474 -8.2032 0.1922
v -1.4608 -8.1979 0.1920
v -1.4842 -8.1928 0.1916
v -1.5184 -8.1899 0.2863
v -1.4749 -8.1932 0.2870
v -1.5787 -8.1873 0.2853
v -1.6457 -8.1858 0.2842
v -1.7225 -8.1845 0.2829
v -1.7990 -8.1854 0.2816
v -1.8715 -8.1855 0.2804
v -1.9335 -8.1870 0.2794
v -1.9851 -8.1901 0.2785
v -2.0203 -8.1939 0.2779
v -2.0394 -8.1991 0.2775
v -2.0488 -8.2045 0.2774
v -2.0487 -8.2110 0.2774
v -2.0485 -8.2167 0.2774
v -2.0452 -8.2228 0.2774
v -2.0323 -8.2280 0.2777
v -2.0035 -8.2323 0.2782
v -1.9616 -8.2342 0.2789
v -1.9031 -8.2347 0.2799
v -1.8310 -8.2347 0.2811
v -1.7582 -8.2341 0.2823
v -1.6816 -8.2351 0.2836
v -1.6115 -8.2358 0.2847
v -1.5445 -8.2361 0.2858
v -1.4945 -8.2357 0.2867
v -1.4611 -8.2331 0.2872
v -1.4379 -8.2290 0.2876
v -1.4313 -8.2231 0.2877
v -1.4280 -8.2173 0.2878
v -1.4281 -8.2107 0.2878
v -1.4348 -8.2045 0.2877
v -1.4482 -8.1987 0.2874
v -1.4749 -8.1929 0.2870
v -1.5188 -8.1915 0.3625
v -1.4753 -8.1957 0.3632
v -1.5759 -8.1881 0.3615
v -1.6463 -8.1863 0.3604
v -1.7266 -8.1856 0.3590
v -1.8030 -8.1848 0.3578
v -1.8789 -8.1858 0.3565
v -1.9441 -8.1874 0.3554
v -1.9958 -8.1899 0.3545
v -2.0310 -8.1935 0.3539
v -2.0532 -8.1986 0.3535
v -2.0594 -8.2048 0.3534
v -2.0624 -8.2105 0.3533
v -2.0623 -8.2170 0.3533
v -2.0558 -8.2231 0.3535
v -2.0429 -8.2279 0.3537
v -2.0172 -8.2318 0.3541
v -1.9722 -8.2342 0.3549
v -1.9105 -8.2351 0.3559
v -1.8416 -8.2353 0.3571
v -1.7655 -8.2348 0.3584
v -1.6856 -8.2361 0.3597
v -1.6120 -8.2375 0.3609
v -1.5483 -8.2384 0.3620
v -1.4915 -8.2378 0.3629
v -1.4615 -8.2357 0.3634
v -1.4382 -8.2315 0.3638
v -1.4315 -8.2265 0.3639
v -1.4283 -8.2198 0.3640
v -1.4284 -8.2140 0.3640
v -1.4317 -8.2073 0.3639
v -1.4452 -8.2012 0.3637
v -1.4753 -8.1956 0.3632
v -1.5220 -8.1932 0.4481
v -1.4817 -8.1982 0.4488
v -1.5860 -8.1906 0.4471
v -1.6533 -8.1876 0.4364
v -1.7336 -8.1869 0.4351
v -1.8136 -8.1863 0.4338
v -1.8862 -8.1868 0.4421
v -1.9515 -8.1884 0.4410
v -2.0032 -8.1908 0.4401
v -2.0384 -8.1946 0.4395
v -2.0606 -8.1997 0.4391
v -2.0700 -8.2055 0.4389
v -2.0699 -8.2116 0.4389
v -2.0697 -8.2180 0.4389
v -2.0663 -8.2242 0.4390
v -2.0535 -8.2294 0.4392
v -2.0246 -8.2329 0.4397
v -1.9795 -8.2353 0.4405
v -1.9178 -8.2363 0.4415
v -1.8488 -8.2360 0.4332
v -1.7693 -8.2364 0.4345
v -1.6892 -8.2376 0.4358
v -1.6155 -8.2392 0.4466
v -1.5517 -8.2409 0.4476
v -1.5014 -8.2406 0.4484
v -1.4680 -8.2383 0.4490
v -1.4446 -8.2342 0.4494
v -1.4380 -8.2291 0.4495
v -1.4347 -8.2228 0.4496
v -1.4347 -8.2161 0.4496
v -1.4415 -8.2099 0.4494
v -1.4549 -8.2036 0.4492
v -1.4817 -8.1982 0.4488
v -1.5309 -8.1959 0.5146
v -1.4871 -8.2002 0.5153
v -1.5917 -8.1922 0.5136
v -1.6593 -8.1895 0.5125
v -1.7403 -8.1883 0.5112
v -1.8206 -8.1882 0.5099
v -1.8966 -8.1886 0.5086
v -1.9619 -8.1906 0.5075
v -2.0103 -8.1929 0.5066
v -2.0455 -8.1970 0.5060
v -2.0645 -8.2017 0.5057
v -2.0771 -8.2075 0.5055
v -2.0770 -8.2137 0.5055
v -2.0768 -8.2202 0.5055
v -2.0734 -8.2259 0.5055
v -2.0573 -8.2315 0.5058
v -2.0317 -8.2350 0.5063
v -1.9866 -8.2375 0.5070
v -1.9281 -8.2384 0.5080
v -1.8559 -8.2382 0.5093
v -1.7762 -8.2391 0.5106
v -1.6957 -8.2398 0.5119
v -1.6215 -8.2414 0.5131
v -1.5574 -8.2427 0.5142
v -1.5069 -8.2432 0.5150
v -1.4734 -8.2412 0.5155
v -1.4533 -8.2371 0.5159
v -1.4467 -8.2320 0.5160
v -1.4434 -8.2253 0.5160
v -1.4434 -8.2190 0.5160
v -1.4501 -8.2123 0.5159
v -1.4635 -8.2065 0.5157
v -1.4871 -8.2003 0.5153
v -1.5352 -8.1962 0.5907
v -1.4946 -8.2016 0.5913
v -1.5929 -8.1928 0.5897
v -1.6644 -8.1907 0.5886
v -1.7459 -8.1898 0.5873
v -1.8302 -8.1903 0.5859
v -1.9034 -8.1909 0.5847
v -1.9690 -8.1923 0.5836
v -2.0207 -8.1952 0.5827
v -2.0527 -8.1989 0.5821
v -2.0717 -8.2040 0.5818
v -2.0811 -8.2094 0.5816
v -2.0809 -8.2161 0.5816
v -2.0807 -8.2221 0.5816
v -2.0773 -8.2287 0.5817
v -2.0644 -8.2335 0.5819
v -2.0355 -8.2374 0.5824
v -1.9969 -8.2402 0.5831
v -1.9351 -8.2410 0.5841
v -1.8658 -8.2410 0.5853
v -1.7855 -8.2407 0.5866
v -1.7045 -8.2420 0.5879
v -1.6264 -8.2427 0.5892
v -1.5620 -8.2443 0.5902
v -1.5113 -8.2443 0.5911
v -1.4776 -8.2423 0.5916
v -1.4608 -8.2385 0.5919
v -1.4475 -8.2329 0.5921
v -1.4441 -8.2269 0.5922
v -1.4475 -8.2202 0.5921
v -1.4508 -8.2139 0.5921
v -1.4676 -8.2073 0.5918
v -1.4946 -8.2019 0.5913
v -1.5384 -8.1964 0.6763
v -1.4942 -8.2008 0.6770
v -1.5964 -8.1930 0.6753
v -1.6683 -8.1911 0.6742
v -1.7538 -8.1905 0.6728
v -1.8353 -8.1907 0.6715
v -1.9126 -8.1923 0.6702
v -1.9787 -8.1944 0.6691
v -2.0276 -8.1973 0.6683
v -2.0629 -8.2010 0.6677
v -2.0788 -8.2062 0.6674
v -2.0882 -8.2125 0.6672
v -2.0912 -8.2182 0.6672
v -2.0910 -8.2249 0.6672
v -2.0844 -8.2309 0.6673
v -2.0715 -8.2359 0.6675
v -2.0425 -8.2399 0.6680
v -2.0036 -8.2424 0.6687
v -1.9446 -8.2432 0.6696
v -1.8748 -8.2425 0.6708
v -1.7905 -8.2419 0.6722
v -1.7088 -8.2428 0.6735
v -1.6302 -8.2437 0.6748
v -1.5654 -8.2447 0.6758
v -1.5111 -8.2449 0.6767
v -1.4807 -8.2428 0.6772
v -1.4605 -8.2386 0.6776
v -1.4504 -8.2333 0.6777
v -1.4504 -8.2270 0.6777
v -1.4504 -8.2207 0.6777
v -1.4538 -8.2141 0.6777
v -1.4672 -8.2077 0.6774
v -1.4942 -8.2016 0.6770
v -1.5385 -8.1967 0.7429
v -1.4943 -8.2007 0.7436
v -1.6001 -8.1934 0.7419
v -1.6723 -8.1919 0.7407
v -1.7582 -8.1915 0.7393
v -1.8437 -8.1924 0.7380
v -1.9214 -8.1938 0.7367
v -1.9847 -8.1961 0.7356
v -2.0339 -8.1991 0.7348
v -2.0661 -8.2031 0.7343
v -2.0821 -8.2083 0.7340
v -2.0947 -8.2146 0.7338
v -2.0979 -8.2208 0.7337
v -2.0978 -8.2270 0.7337
v -2.0912 -8.2331 0.7338
v -2.0750 -8.2384 0.7341
v -2.0490 -8.2425 0.7345
v -2.0098 -8.2445 0.7352
v -1.9537 -8.2451 0.7361
v -1.8834 -8.2448 0.7373
v -1.8020 -8.2441 0.7386
v -1.7165 -8.2439 0.7400
v -1.6376 -8.2452 0.7413
v -1.5692 -8.2454 0.7424
v -1.5181 -8.2451 0.7432
v -1.4809 -8.2430 0.7438
v -1.4606 -8.2387 0.7442
v -1.4539 -8.2335 0.7443
v -1.4505 -8.2267 0.7443
v -1.4504 -8.2202 0.7443
v -1.4571 -8.2135 0.7442
v -1.4706 -8.2078 0.7440
v -1.4943 -8.2017 0.7436
v -1.5447 -8.1959 0.8189
v -1.4970 -8.1999 0.8197
v -1.6065 -8.1934 0.8179
v -1.6825 -8.1924 0.8167
v -1.7655 -8.1924 0.8154
v -1.8516 -8.1937 0.8140
v -1.9265 -8.1956 0.8128
v -1.9903 -8.1977 0.8117
v -2.0398 -8.2008 0.8109
v -2.0690 -8.2056 0.8104
v -2.0883 -8.2101 0.8101
v -2.1011 -8.2165 0.8098
v -2.1011 -8.2226 0.8098
v -2.1011 -8.2289 0.8098
v -2.0978 -8.2350 0.8099
v -2.0814 -8.2403 0.8102
v -2.0553 -8.2449 0.8106
v -2.0157 -8.2462 0.8113
v -1.9625 -8.2468 0.8122
v -1.8916 -8.2467 0.8133
v -1.8097 -8.2456 0.8146
v -1.7237 -8.2449 0.8160
v -1.6409 -8.2453 0.8174
v -1.5688 -8.2455 0.8185
v -1.5176 -8.2443 0.8193
v -1.4803 -8.2416 0.8200
v -1.4601 -8.2373 0.8203
v -1.4499 -8.2321 0.8205
v -1.4465 -8.2252 0.8205
v -1.4498 -8.2189 0.8205
v -1.4531 -8.2120 0.8204
v -1.4699 -8.2063 0.8201
v -1.4970 -8.2007 0.8197
v -1.5441 -8.1952 0.8952
v -1.4997 -8.1991 0.8959
v -1.6096 -8.1938 0.8941
v -1.6859 -8.1931 0.8929
v -1.7763 -8.1942 0.8915
v -1.8594 -8.1961 0.8901
v -1.9348 -8.1976 0.8888
v -1.9957 -8.2005 0.8878
v -2.0425 -8.2035 0.8870
v -2.0753 -8.2081 0.8865
v -2.0948 -8.2131 0.8861
v -2.1045 -8.2191 0.8860
v -2.1045 -8.2252 0.8860
v -2.1043 -8.2317 0.8860
v -2.1009 -8.2376 0.8860
v -2.0877 -8.2433 0.8863
v -2.0580 -8.2469 0.8867
v -2.0181 -8.2490 0.8874
v -1.9644 -8.2495 0.8883
v -1.8998 -8.2486 0.8894
v -1.8174 -8.2474 0.8908
v -1.7274 -8.2464 0.8922
v -1.6443 -8.2460 0.8936
v -1.5753 -8.2452 0.8947
v -1.5172 -8.2432 0.8956
v -1.4798 -8.2404 0.8961
v -1.4629 -8.2354 0.8964
v -1.4494 -8.2296 0.8966
v -1.4459 -8.2231 0.8967
v -1.4492 -8.2164 0.8966
v -1.4525 -8.2101 0.8966
v -1.4693 -8.2044 0.8964
v -1.4997 -8.1998 0.8959
v -1.5439 -8.1976 0.9719
v -1.4961 -8.2001 0.9726
v -1.6130 -8.1975 0.9708
v -1.6931 -8.1977 0.9696
v -1.7805 -8.1991 0.9681
v -1.8640 -8.2009 0.9667
v -1.9399 -8.2022 0.9653
v -2.0013 -8.2046 0.9641
v -2.0482 -8.2072 0.9633
v -2.0780 -8.2116 0.9627
v -2.1010 -8.2165 0.9623
v -2.1075 -8.2224 0.9622
v -2.1107 -8.2286 0.9621
v -2.1106 -8.2352 0.9621
v -2.1039 -8.2409 0.9622
v -2.0939 -8.2466 0.9624
v -2.0640 -8.2502 0.9629
v -2.0272 -8.2526 0.9636
v -1.9698 -8.2532 0.9647
v -1.9014 -8.2527 0.9660
v -1.8219 -8.2513 0.9674
v -1.7350 -8.2505 0.9689
v -1.6515 -8.2493 0.9702
v -1.5754 -8.2467 0.9714
v -1.5171 -8.2440 0.9723
v -1.4764 -8.2400 0.9729
v -1.4594 -8.2351 0.9731
v -1.4459 -8.2288 0.9733
v -1.4424 -8.2230 0.9734
v -1.4456 -8.2163 0.9733
v -1.4489 -8.2102 0.9733
v -1.4656 -8.2051 0.9730
v -1.4961 -8.2005 0.9726
v -1.5413 -8.2031 1.0394
v -1.4901 -8.2042 1.0401
v -1.6105 -8.2039 1.0384
v -1.6942 -8.2052 1.0371
v -1.7819 -8.2067 1.0356
v -1.8692 -8.2085 1.0340
v -1.9420 -8.2101 1.0326
v -2.0037 -8.2113 1.0313
v -2.0544 -8.2143 1.0303
v -2.0877 -8.2177 1.0296
v -2.1074 -8.2226 1.0292
v -2.1140 -8.2280 1.0290
v -2.1172 -8.2346 1.0290
v -2.1171 -8.2411 1.0290
v -2.1104 -8.2470 1.0291
v -2.1003 -8.2518 1.0293
v -2.0702 -8.2566 1.0299
v -2.0332 -8.2592 1.0307
v -1.9755 -8.2596 1.0319
v -1.9068 -8.2599 1.0333
v -1.8236 -8.2582 1.0349
v -1.7363 -8.2570 1.0364
v -1.6526 -8.2546 1.0378
v -1.5730 -8.2522 1.0390
v -1.5147 -8.2484 1.0398
v -1.4739 -8.2437 1.0403
v -1.4502 -8.2381 1.0407
v -1.4366 -8.2317 1.0408
v -1.4331 -8.2255 1.0409
v -1.4362 -8.2190 1.0408
v -1.4428 -8.2135 1.0407
v -1.4562 -8.2081 1.0405
v -1.4901 -8.2044 1.0401
v -1.5322 -8.2117 1.1170
v -1.4728 -8.2119 1.1177
v -1.6014 -8.2131 1.1160
v -1.6888 -8.2158 1.1147
v -1.7766 -8.2184 1.1132
v -1.8643 -8.2193 1.1115
v -1.9443 -8.2210 1.1098
v -2.0132 -8.2221 1.1083
v -2.0641 -8.2234 1.1071
v -2.0976 -8.2270 1.1064
v -2.1176 -8.2312 1.1059
v -2.1241 -8.2368 1.1057
v -2.1305 -8.2431 1.1056
v -2.1304 -8.2498 1.1056
v -2.1203 -8.2557 1.1058
v -2.1069 -8.2608 1.1061
v -2.0800 -8.2658 1.1067
v -2.0362 -8.2681 1.1078
v -1.9782 -8.2695 1.1091
v -1.9057 -8.2694 1.1107
v -1.8221 -8.2682 1.1125
v -1.7276 -8.2656 1.1142
v -1.6404 -8.2633 1.1156
v -1.5642 -8.2594 1.1167
v -1.4988 -8.2553 1.1175
v -1.4609 -8.2502 1.1180
v -1.4365 -8.2441 1.1182
v -1.4222 -8.2377 1.1183
v -1.4182 -8.2318 1.1184
v -1.4175 -8.2253 1.1183
v -1.4239 -8.2195 1.1183
v -1.4412 -8.2150 1.1180
v -1.4728 -8.2120 1.1177
v -1.5051 -8.2219 1.1950
v -1.4505 -8.2220 1.1956
v -1.5824 -8.2252 1.1941
v -1.6699 -8.2282 1.1929
v -1.7650 -8.2311 1.1913
v -1.8600 -8.2328 1.1894
v -1.9439 -8.2338 1.1874
v -2.0164 -8.2350 1.1857
v -2.0743 -8.2362 1.1842
v -2.1113 -8.2387 1.1833
v -2.1312 -8.2430 1.1828
v -2.1411 -8.2488 1.1825
v -2.1442 -8.2546 1.1824
v -2.1441 -8.2611 1.1824
v -2.1373 -8.2669 1.1826
v -2.1205 -8.2730 1.1831
v -2.0903 -8.2774 1.1839
v -2.0463 -8.2802 1.1850
v -1.9814 -8.2818 1.1867
v -1.9017 -8.2819 1.1887
v -1.8144 -8.2808 1.1906
v -1.7196 -8.2777 1.1924
v -1.6251 -8.2741 1.1939
v -1.5452 -8.2698 1.1949
v -1.4794 -8.2644 1.1956
v -1.4336 -8.2588 1.1960
v -1.4047 -8.2527 1.1962
v -1.3931 -8.2458 1.1962
v -1.3920 -8.2400 1.1962
v -1.3907 -8.2329 1.1962
v -1.3967 -8.2275 1.1961
v -1.4140 -8.2234 1.1959
v -1.4505 -8.2220 1.1956
v -1.4860 -8.2336 1.2733
v -1.4240 -8.2318 1.2737
v -1.5602 -8.2368 1.2725
v -1.6547 -8.2411 1.2713
v -1.7500 -8.2448 1.2698
v -1.8488 -8.2468 1.2677
v -1.9399 -8.2475 1.2655
v -2.0196 -8.2478 1.2634
v -2.0810 -8.2486 1.2617
v -2.1214 -8.2515 1.2605
v -2.1447 -8.2553 1.2598
v -2.1578 -8.2603 1.2595
v -2.1610 -8.2665 1.2594
v -2.1608 -8.2728 1.2594
v -2.1507 -8.2786 1.2597
v -2.1340 -8.2840 1.2602
v -2.1038 -8.2891 1.2611
v -2.0496 -8.2926 1.2627
v -1.9811 -8.2944 1.2647
v -1.8977 -8.2945 1.2669
v -1.7996 -8.2933 1.2692
v -1.7011 -8.2899 1.2711
v -1.6065 -8.2857 1.2725
v -1.5233 -8.2801 1.2734
v -1.4574 -8.2746 1.2739
v -1.4084 -8.2687 1.2742
v -1.3797 -8.2619 1.2743
v -1.3683 -8.2554 1.2743
v -1.3671 -8.2493 1.2743
v -1.3657 -8.2426 1.2742
v -1.3715 -8.2369 1.2741
v -1.3883 -8.2334 1.2740
v -1.4240 -8.2318 1.2737
v -1.4651 -8.2449 1.3614
v -1.4005 -8.2428 1.3617
v -1.5419 -8.2487 1.3608
v -1.6292 -8.2533 1.3599
v -1.7350 -8.2578 1.3582
v -1.8374 -8.2605 1.3561
v -1.9357 -8.2608 1.3535
v -2.0225 -8.2601 1.3413
v -2.0873 -8.2609 1.3392
v -2.1311 -8.2623 1.3378
v -2.1577 -8.2657 1.3370
v -2.1708 -8.2708 1.3366
v -2.1739 -8.2765 1.3365
v -2.1705 -8.2828 1.3366
v -2.1637 -8.2889 1.3369
v -2.1470 -8.2944 1.3374
v -2.1135 -8.2994 1.3385
v -2.0560 -8.3035 1.3405
v -1.9771 -8.3056 1.3429
v -1.8865 -8.3073 1.3553
v -1.7883 -8.3054 1.3577
v -1.6827 -8.3022 1.3597
v -1.5849 -8.2970 1.3610
v -1.5019 -8.2915 1.3617
v -1.4333 -8.2855 1.3621
v -1.3884 -8.2793 1.3622
v -1.3604 -8.2726 1.3622
v -1.3492 -8.2659 1.3622
v -1.3448 -8.2595 1.3621
v -1.3435 -8.2530 1.3621
v -1.3492 -8.2473 1.3620
v -1.3691 -8.2438 1.3619
v -1.4005 -8.2428 1.3617
v -1.4481 -8.2550 1.4593
v -1.3876 -8.2521 1.4594
v -1.5248 -8.2589 1.4589
v -1.6151 -8.2645 1.4582
v -1.7204 -8.2689 1.4566
v -1.8262 -8.2714 1.4543
v -1.9316 -8.2711 1.4319
v -2.0217 -8.2703 1.4290
v -2.0899 -8.2693 1.4267
v -2.1370 -8.2702 1.4251
v -2.1635 -8.2740 1.4338
v -2.1799 -8.2783 1.4332
v -2.1831 -8.2843 1.4332
v -2.1796 -8.2901 1.4333
v -2.1695 -8.2963 1.4337
v -2.1529 -8.3018 1.4246
v -2.1195 -8.3071 1.4259
v -2.0586 -8.3121 1.4281
v -1.9763 -8.3152 1.4310
v -1.8789 -8.3171 1.4536
v -1.7738 -8.3160 1.4562
v -1.6686 -8.3123 1.4582
v -1.5711 -8.3074 1.4593
v -1.4853 -8.3014 1.4599
v -1.4170 -8.2942 1.4600
v -1.3725 -8.2878 1.4599
v -1.3449 -8.2812 1.4598
v -1.3340 -8.2752 1.4598
v -1.3295 -8.2684 1.4597
v -1.3284 -8.2624 1.4596
v -1.3339 -8.2573 1.4595
v -1.3499 -8.2531 1.4595
v -1.3876 -8.2521 1.4594
v -1.4381 -8.2610 1.5570
v -1.3841 -8.2593 1.5569
v -1.5128 -8.2658 1.5568
v -1.6057 -8.2710 1.5562
v -1.7103 -8.2756 1.5547
v -1.8225 -8.2779 1.5523
v -1.9239 -8.2772 1.5298
v -2.0173 -8.2753 1.5266
v -2.0921 -8.2739 1.5335
v -2.1425 -8.2743 1.5315
v -2.1690 -8.2767 1.5305
v -2.1820 -8.2814 1.5300
v -2.1852 -8.2868 1.5299
v -2.1850 -8.2928 1.5300
v -2.1783 -8.2985 1.5303
v -2.1550 -8.3052 1.5313
v -2.1183 -8.3109 1.5328
v -2.0577 -8.3162 1.5255
v -1.9756 -8.3201 1.5286
v -1.8716 -8.3230 1.5516
v -1.7635 -8.3223 1.5545
v -1.6589 -8.3191 1.5564
v -1.5587 -8.3137 1.5574
v -1.4770 -8.3076 1.5577
v -1.4099 -8.3008 1.5577
v -1.3634 -8.2941 1.5575
v -1.3369 -8.2874 1.5573
v -1.3267 -8.2816 1.5572
v -1.3230 -8.2752 1.5571
v -1.3224 -8.2685 1.5569
v -1.3284 -8.2637 1.5569
v -1.3477 -8.2606 1.5569
v -1.3841 -8.2593 1.5569
v -1.4320 -8.2635 1.6542
v -1.3793 -8.2619 1.6541
v -1.5090 -8.2678 1.6542
v -1.6011 -8.2734 1.6537
v -1.7048 -8.2779 1.6523
v -1.8126 -8.2797 1.6499
v -1.9201 -8.2784 1.6369
v -2.0095 -8.2758 1.6336
v -2.0876 -8.2733 1.6305
v -2.1378 -8.2731 1.6284
v -2.1642 -8.2759 1.6273
v -2.1806 -8.2796 1.6267
v -2.1838 -8.2851 1.6266
v -2.1804 -8.2912 1.6268
v -2.1737 -8.2973 1.6271
v -2.1538 -8.3033 1.6280
v -2.1138 -8.3098 1.6298
v -2.0499 -8.3160 1.6326
v -1.9682 -8.3210 1.6359
v -1.8683 -8.3240 1.6394
v -1.7575 -8.3234 1.6521
v -1.6504 -8.3202 1.6541
v -1.5512 -8.3151 1.6550
v -1.4703 -8.3095 1.6551
v -1.4039 -8.3030 1.6549
v -1.3580 -8.2961 1.6546
v -1.3351 -8.2900 1.6543
v -1.3220 -8.2833 1.6542
v -1.3218 -8.2780 1.6541
v -1.3215 -8.2717 1.6540
v -1.3277 -8.2665 1.6539
v -1.3436 -8.2623 1.6539
v -1.3793 -8.2619 1.6541
v -1.4332 -8.2620 1.7412
v -1.3809 -8.2606 1.7410
v -1.5096 -8.2661 1.7413
v -1.5974 -8.2711 1.7409
v -1.7000 -8.2752 1.7396
v -1.8068 -8.2761 1.7371
v -1.9135 -8.2744 1.7338
v -2.0023 -8.2713 1.7304
v -2.0766 -8.2693 1.7177
v -2.1267 -8.2688 1.7155
v -2.1564 -8.2708 1.7142
v -2.1695 -8.2756 1.7137
v -2.1726 -8.2810 1.7137
v -2.1725 -8.2869 1.7137
v -2.1659 -8.2930 1.7141
v -2.1427 -8.2992 1.7152
v -2.1062 -8.3055 1.7169
v -2.0425 -8.3111 1.7294
v -1.9579 -8.3165 1.7329
v -1.8622 -8.3198 1.7364
v -1.7557 -8.3207 1.7393
v -1.6496 -8.3180 1.7413
v -1.5546 -8.3133 1.7421
v -1.4711 -8.3077 1.7422
v -1.4085 -8.3017 1.7419
v -1.3661 -8.2954 1.7416
v -1.3369 -8.2887 1.7413
v -1.3270 -8.2822 1.7411
v -1.3236 -8.2763 1.7410
v -1.3234 -8.2701 1.7409
v -1.3296 -8.2653 1.7408
v -1.3454 -8.2611 1.7408
v -1.3809 -8.2606 1.7410
v -1.4452 -8.2573 1.8276
v -1.3963 -8.2560 1.8274
v -1.5178 -8.2607 1.8277
v -1.6048 -8.2649 1.8272
v -1.6996 -8.2680 1.8260
v -1.8018 -8.2691 1.8237
v -1.8973 -8.2673 1.8207
v -1.9888 -8.2653 1.8076
v -2.0627 -8.2625 1.8045
v -2.1092 -8.2629 1.8025
v -2.1389 -8.2652 1.8012
v -2.1519 -8.2696 1.8007
v -2.1551 -8.2747 1.8006
v -2.1517 -8.2808 1.8008
v -2.1451 -8.2868 1.8012
v -2.1253 -8.2930 1.8022
v -2.0889 -8.2992 1.8039
v -2.0255 -8.3054 1.8068
v -1.9448 -8.3096 1.8198
v -1.8533 -8.3129 1.8231
v -1.7479 -8.3138 1.8260
v -1.6496 -8.3113 1.8277
v -1.5624 -8.3077 1.8285
v -1.4828 -8.3027 1.8287
v -1.4205 -8.2971 1.8284
v -1.3749 -8.2904 1.8280
v -1.3523 -8.2843 1.8278
v -1.3425 -8.2784 1.8276
v -1.3391 -8.2727 1.8274
v -1.3388 -8.2666 1.8273
v -1.3451 -8.2614 1.8273
v -1.3609 -8.2572 1.8273
v -1.3963 -8.2560 1.8274
v -1.4661 -8.2501 1.8944
v -1.4173 -8.2493 1.8942
v -1.5352 -8.2538 1.8943
v -1.6151 -8.2568 1.8938
v -1.6990 -8.2595 1.8927
v -1.7936 -8.2602 1.8905
v -1.8849 -8.2589 1.8877
v -1.9691 -8.2572 1.8846
v -2.0392 -8.2551 1.8817
v -2.0823 -8.2558 1.8799
v -2.1086 -8.2588 1.8788
v -2.1184 -8.2632 1.8784
v -2.1216 -8.2687 1.8783
v -2.1215 -8.2747 1.8784
v -2.1149 -8.2806 1.8788
v -2.0952 -8.2870 1.8798
v -2.0622 -8.2927 1.8814
v -2.0057 -8.2977 1.8839
v -1.9288 -8.3021 1.8871
v -1.8379 -8.3045 1.8902
v -1.7503 -8.3049 1.8926
v -1.6562 -8.3030 1.8944
v -1.5728 -8.3003 1.8952
v -1.4968 -8.2955 1.8954
v -1.4380 -8.2901 1.8952
v -1.4022 -8.2847 1.8949
v -1.3763 -8.2784 1.8947
v -1.3665 -8.2728 1.8945
v -1.3631 -8.2661 1.8943
v -1.3629 -8.2600 1.8942
v -1.3692 -8.2551 1.8941
v -1.3851 -8.2515 1.8942
v -1.4173 -8.2493 1.8942
v -1.4839 -8.2407 1.9607
v -1.4384 -8.2401 1.9606
v -1.5455 -8.2442 1.9511
v -1.6217 -8.2470 1.9505
v -1.7022 -8.2489 1.9588
v -1.7859 -8.2503 1.9569
v -1.8697 -8.2496 1.9544
v -1.9466 -8.2486 1.9517
v -2.0064 -8.2477 1.9493
v -2.0526 -8.2490 1.9475
v -2.0756 -8.2520 1.9465
v -2.0854 -8.2570 1.9462
v -2.0886 -8.2629 1.9462
v -2.0885 -8.2689 1.9463
v -2.0820 -8.2747 1.9467
v -2.0655 -8.2801 1.9475
v -2.0327 -8.2856 1.9490
v -1.9798 -8.2898 1.9513
v -1.9100 -8.2933 1.9540
v -1.8298 -8.2949 1.9567
v -1.7430 -8.2947 1.9591
v -1.6629 -8.2931 1.9605
v -1.5828 -8.2909 1.9519
v -1.5137 -8.2872 1.9522
v -1.4589 -8.2812 1.9616
v -1.4200 -8.2759 1.9614
v -1.4006 -8.2702 1.9612
v -1.3908 -8.2646 1.9610
v -1.3874 -8.2581 1.9608
v -1.3873 -8.2523 1.9607
v -1.3935 -8.2464 1.9606
v -1.4095 -8.2426 1.9606
v -1.4384 -8.2401 1.9606
v -1.4952 -8.2304 2.0265
v -1.4507 -8.2295 2.0359
v -1.5539 -8.2326 2.0263
v -1.6262 -8.2358 2.0257
v -1.6994 -8.2368 2.0341
v -1.7757 -8.2380 2.0328
v -1.8524 -8.2378 2.0402
v -1.9185 -8.2378 2.0375
v -1.9746 -8.2384 2.0354
v -2.0172 -8.2403 2.0337
v -2.0368 -8.2440 2.0330
v -2.0465 -8.2490 2.0327
v -2.0498 -8.2546 2.0327
v -2.0497 -8.2607 2.0328
v -2.0432 -8.2665 2.0332
v -2.0301 -8.2717 2.0338
v -1.9974 -8.2765 2.0352
v -1.9482 -8.2802 2.0373
v -1.8856 -8.2822 2.0395
v -1.8129 -8.2829 2.0418
v -1.7364 -8.2836 2.0344
v -1.6637 -8.2816 2.0357
v -1.5908 -8.2800 2.0272
v -1.5254 -8.2763 2.0275
v -1.4709 -8.2710 2.0369
v -1.4386 -8.2658 2.0367
v -1.4160 -8.2603 2.0366
v -1.4063 -8.2539 2.0364
v -1.4029 -8.2484 2.0363
v -1.4028 -8.2420 2.0362
v -1.4091 -8.2364 2.0360
v -1.4218 -8.2319 2.0360
v -1.4507 -8.2295 2.0359
v -1.5136 -8.2192 2.1013
v -1.4685 -8.2191 2.1014
v -1.5688 -8.2209 2.1010
v -1.6275 -8.2229 2.1015
v -1.6963 -8.2252 2.1022
v -1.7592 -8.2254 2.1118
v -1.8252 -8.2258 2.1200
v -1.8843 -8.2257 2.1172
v -1.9336 -8.2265 2.1238
v -1.9661 -8.2293 2.1213
v -1.9824 -8.2338 2.1201
v -1.9921 -8.2385 2.1194
v -1.9921 -8.2442 2.1194
v -1.9921 -8.2503 2.1195
v -1.9888 -8.2560 2.1197
v -1.9758 -8.2611 2.1203
v -1.9498 -8.2655 2.1213
v -1.9108 -8.2684 2.1228
v -1.8582 -8.2708 2.1152
v -1.7957 -8.2717 2.1077
v -1.7296 -8.2715 2.0999
v -1.6640 -8.2697 2.1010
v -1.5955 -8.2674 2.1019
v -1.5402 -8.2648 2.1022
v -1.4885 -8.2603 2.1023
v -1.4563 -8.2557 2.1023
v -1.4369 -8.2501 2.1021
v -1.4272 -8.2442 2.1020
v -1.4271 -8.2380 2.1019
v -1.4270 -8.2325 2.1018
v -1.4301 -8.2267 2.1016
v -1.4460 -8.2223 2.1015
v -1.4685 -8.2191 2.1014
v -1.5407 -8.2096 2.1668
v -1.5091 -8.2101 2.1759
v -1.5859 -8.2105 2.1680
v -1.6346 -8.2114 2.1698
v -1.6904 -8.2124 2.1812
v -1.7429 -8.2129 2.1916
v -1.7920 -8.2133 2.2008
v -1.8378 -8.2134 2.2087
v -1.8705 -8.2145 2.2162
v -1.8996 -8.2177 2.2136
v -1.9125 -8.2215 2.2119
v -1.9190 -8.2272 2.2104
v -1.9190 -8.2326 2.2096
v -1.9190 -8.2384 2.2088
v -1.9158 -8.2441 2.2083
v -1.9061 -8.2488 2.2084
v -1.8867 -8.2529 2.2089
v -1.8577 -8.2551 2.2100
v -1.8153 -8.2566 2.2019
v -1.7663 -8.2578 2.1936
v -1.7168 -8.2583 2.1754
v -1.6643 -8.2576 2.1663
v -1.6124 -8.2560 2.1668
v -1.5639 -8.2532 2.1672
v -1.5219 -8.2497 2.1674
v -1.4968 -8.2451 2.1767
v -1.4806 -8.2399 2.1767
v -1.4742 -8.2346 2.1766
v -1.4709 -8.2287 2.1765
v -1.4708 -8.2229 2.1763
v -1.4771 -8.2176 2.1762
v -1.4867 -8.2131 2.1761
v -1.5091 -8.2101 2.1759
v -1.5807 -8.2054 2.2435
v -1.5550 -8.2065 2.2422
v -1.6129 -8.2052 2.2451
v -1.6483 -8.2057 2.2468
v -1.6842 -8.2059 2.2577
v -1.7229 -8.2068 2.2586
v -1.7588 -8.2064 2.2684
v -1.7881 -8.2062 2.2775
v -1.8107 -8.2082 2.2764
v -1.8270 -8.2110 2.2842
v -1.8398 -8.2147 2.2828
v -1.8398 -8.2193 2.2817
v -1.8431 -8.2240 2.2805
v -1.8431 -8.2290 2.2795
v -1.8399 -8.2337 2.2788
v -1.8335 -8.2379 2.2782
v -1.8204 -8.2423 2.2688
v -1.8011 -8.2440 2.2690
v -1.7719 -8.2455 2.2601
v -1.7397 -8.2454 2.2605
v -1.7039 -8.2454 2.2512
v -1.6648 -8.2452 2.2417
v -1.6293 -8.2443 2.2414
v -1.5971 -8.2423 2.2413
v -1.5682 -8.2403 2.2413
v -1.5489 -8.2366 2.2414
v -1.5392 -8.2329 2.2414
v -1.5328 -8.2280 2.2414
v -1.5295 -8.2232 2.2413
v -1.5294 -8.2182 2.2412
v -1.5326 -8.2136 2.2413
v -1.5422 -8.2092 2.2417
v -1.5550 -8.2065 2.2422
v -1.6285 -8.2089 2.3004
v -1.6157 -8.2101 2.2997
v -1.6413 -8.2084 2.3011
v -1.6610 -8.2083 2.3110
v -1.6802 -8.2086 2.3117
v -1.6995 -8.2090 2.3122
v -1.7158 -8.2087 2.3217
v -1.7318 -8.2095 2.3217
v -1.7446 -8.2102 2.3217
v -1.7542 -8.2123 2.3213
v -1.7577 -8.2140 2.3298
v -1.7609 -8.2164 2.3293
v -1.7641 -8.2196 2.3286
v -1.7641 -8.2226 2.3279
v -1.7609 -8.2256 2.3273
v -1.7578 -8.2284 2.3269
v -1.7511 -8.2308 2.3174
v -1.7415 -8.2319 2.3173
v -1.7255 -8.2321 2.3172
v -1.7092 -8.2329 2.3080
v -1.6899 -8.2325 2.3078
v -1.6707 -8.2321 2.3075
v -1.6511 -8.2323 2.2980
v -1.6351 -8.2317 2.2978
v -1.6190 -8.2301 2.2976
v -1.6094 -8.2283 2.2976
v -1.6030 -8.2262 2.2976
v -1.5997 -8.2230 2.2977
v -1.5997 -8.2199 2.2980
v -1.5997 -8.2168 2.2983
v -1.6029 -8.2140 2.2987
v -1.6061 -8.2119 2.2991
v -1.6157 -8.2101 2.2997
v -1.7134 -8.2071 2.3486
v -1.7134 -8.2071 2.3486
v -1.7134 -8.2071 2.3486
v -1.7134 -8.2071 2.3486
v -1.7134 -8.2071 2.3486
v -1.7134 -8.2071 2.3486
v -1.7134 -8.2071 2.3486
v -1.7134 -8.2071 2.3486
v -1.7134 -8.2071 2.3486
v -1.7134 -8.2071 2.3486
v -1.7134 -8.2071 2.3486
v -1.7134 -8.2071 2.3486
v -1.7134 -8.2071 2.3486
v -1.7134 -8.2071 2.3486
v -1.7134 -8.2071 2.3486
v -1.7134 -8.2071 2.3486
v -1.7134 -8.2071 2.3486
v -1.7134 -8.2071 2.3486
v -1.7134 -8.2071 2.3486
v -1.7134 -8.2071 2.3486
v -1.7134 -8.2071 2.3486
v -1.7134 -8.2071 2.3486
v -1.7134 -8.2071 2.3486
v -1.7134 -8.2071 2.3486
v -1.7134 -8.2071 2.3486
v -1.7134 -8.2071 2.3486
v -1.7134 -8.2071 2.3486
v -1.7134 -8.2071 2.3486
v -1.7134 -8.2071 2.3486
v -1.7134 -8.2071 2.3486
v -1.7134 -8.2071 2.3486
v -1.7134 -8.2071 2.3486
v -1.7134 -8.2071 2.3486
v -2.0053 -7.9633 1.6974
v -2.1275 -8.2743 1.7412
v -2.1343 -8.2740 1.7409
v -2.0053 -7.9633 1.6974
v -2.1308 -8.2526 1.7407
v -2.0053 -7.9633 1.6974
v -2.1340 -8.2292 1.7427
v -2.0053 -7.9633 1.6974
v -2.1305 -8.2061 1.7397
v -2.0053 -7.9633 1.6974
v -2.1303 -8.1814 1.7391
v -2.0053 -7.9633 1.6974
v -2.1233 -8.1583 1.7387
v -2.0053 -7.9633 1.6974
v -2.1197 -8.1348 1.7380
v -2.0053 -7.9633 1.6974
v -2.1163 -8.1114 1.7374
v -2.0053 -7.9633 1.6974
v -2.1095 -8.0879 1.7341
v -2.0053 -7.9633 1.6974
v -2.0991 -8.0646 1.7335
v -2.0053 -7.9633 1.6974
v -2.0852 -8.0427 1.7329
v -2.0053 -7.9633 1.6974
v -2.0678 -8.0226 1.7273
v -2.0053 -7.9633 1.6974
v -2.0467 -8.0053 1.7244
v -2.0053 -7.9633 1.6974
v -2.0257 -7.9909 1.7216
v -2.0053 -7.9633 1.6974
v -2.0012 -7.9765 1.7189
v -2.0053 -7.9633 1.6974
v -1.9836 -7.9556 1.7155
v -2.0053 -7.9633 1.6974
v -1.9938 -7.9331 1.7168
v -2.0053 -7.9633 1.6974
v -2.0220 -7.9477 1.7194
v -2.0053 -7.9633 1.6974
v -2.0470 -7.9683 1.7225
v -2.0053 -7.9633 1.6974
v -2.0720 -7.9885 1.7256
v -2.0053 -7.9633 1.6974
v -2.0899 -8.0120 1.7314
v -2.0053 -7.9633 1.6974
v -2.1078 -8.0367 1.7346
v -2.0053 -7.9633 1.6974
v -2.1221 -8.0614 1.7353
v -2.0053 -7.9633 1.6974
v -2.1326 -8.0877 1.7386
v -2.0053 -7.9633 1.6974
v -2.1430 -8.1153 1.7392
v -2.0053 -7.9633 1.6974
v -2.1497 -8.1414 1.7398
v -2.0053 -7.9633 1.6974
v -2.1563 -8.1674 1.7430
v -2.0053 -7.9633 1.6974
v -2.1627 -8.1932 1.7408
v -2.0053 -7.9633 1.6974
v -2.1622 -8.2178 1.7439
v -2.0053 -7.9633 1.6974
v -2.1616 -8.2439 1.7444
v -2.0053 -7.9633 1.6974
v -2.1544 -8.2673 1.7425
v -2.0053 -7.9633 1.6974
v -2.1339 -8.2740 1.7409
v -2.0053 -7.9633 1.6974
v -2.1212 -8.2739 1.7777
v -2.1280 -8.2734 1.7826
v -2.1245 -8.2521 1.7798
v -2.1243 -8.2275 1.7767
v -2.1241 -8.2028 1.7762
v -2.1205 -8.1797 1.7731
v -2.1134 -8.1551 1.7726
v -2.1098 -8.1301 1.7719
v -2.1027 -8.1068 1.7661
v -2.0923 -8.0819 1.7654
v -2.0817 -8.0585 1.7622
v -2.0677 -8.0350 1.7589
v -2.0502 -8.0162 1.7559
v -2.0257 -8.0005 1.7506
v -2.0045 -7.9845 1.7478
v -1.9766 -7.9701 1.7404
v -1.9590 -7.9476 1.7352
v -1.9693 -7.9250 1.7373
v -2.0005 -7.9399 1.7413
v -2.0284 -7.9606 1.7486
v -2.0494 -7.9813 1.7540
v -2.0707 -8.0047 1.7599
v -2.0919 -8.0294 1.7656
v -2.1063 -8.0559 1.7690
v -2.1207 -8.0820 1.7722
v -2.1314 -8.1081 1.7755
v -2.1418 -8.1371 1.7787
v -2.1450 -8.1632 1.7794
v -2.1481 -8.1878 1.7825
v -2.1510 -8.2137 1.7830
v -2.1504 -8.2382 1.7835
v -2.1397 -8.2632 1.7844
v -2.1260 -8.2739 1.7826
v -2.1083 -8.2735 1.8145
v -2.1185 -8.2731 1.8166
v -2.1115 -8.2503 1.8139
v -2.1147 -8.2254 1.8159
v -2.1111 -8.1994 1.8128
v -2.1074 -8.1747 1.8096
v -2.1003 -8.1487 1.8065
v -2.0967 -8.1237 1.8057
v -2.0895 -8.0989 1.7998
v -2.0790 -8.0738 1.7965
v -2.0650 -8.0505 1.7933
v -2.0474 -8.0285 1.7902
v -2.0263 -8.0084 1.7797
v -2.0052 -7.9940 1.7751
v -1.9806 -7.9781 1.7682
v -1.9526 -7.9635 1.7616
v -1.9350 -7.9424 1.7572
v -1.9453 -7.9198 1.7600
v -1.9762 -7.9348 1.7693
v -2.0038 -7.9541 1.7754
v -2.0315 -7.9746 1.7845
v -2.0524 -7.9982 1.7888
v -2.0736 -8.0216 1.7941
v -2.0912 -8.0478 1.8026
v -2.1092 -8.0739 1.8058
v -2.1201 -8.1015 1.8117
v -2.1306 -8.1306 1.8124
v -2.1340 -8.1568 1.8183
v -2.1372 -8.1830 1.8189
v -2.1367 -8.2091 1.8196
v -2.1362 -8.2336 1.8227
v -2.1324 -8.2583 1.8208
v -2.1153 -8.2736 1.8166
v -2.0989 -8.2713 1.8510
v -2.1056 -8.2723 1.8533
v -2.0954 -8.2453 1.8507
v -2.0984 -8.2191 1.8473
v -2.0948 -8.1930 1.8468
v -2.0945 -8.1666 1.8434
v -2.0907 -8.1404 1.8401
v -2.0836 -8.1139 1.8367
v -2.0765 -8.0874 1.8333
v -2.0625 -8.0641 1.8276
v -2.0484 -8.0406 1.8249
v -2.0273 -8.0189 1.8154
v -2.0062 -8.0016 1.8090
v -1.9815 -7.9873 1.8000
v -1.9568 -7.9727 1.7938
v -1.9286 -7.9598 1.7815
v -1.9110 -7.9385 1.7777
v -1.9213 -7.9174 1.7844
v -1.9557 -7.9308 1.7963
v -1.9831 -7.9487 1.8080
v -2.0106 -7.9693 1.8159
v -2.0346 -7.9911 1.8240
v -2.0590 -8.0130 1.8297
v -2.0765 -8.0378 1.8365
v -2.0943 -8.0654 1.8419
v -2.1088 -8.0946 1.8453
v -2.1157 -8.1239 1.8487
v -2.1192 -8.1501 1.8546
v -2.1229 -8.1764 1.8553
v -2.1257 -8.2024 1.8585
v -2.1221 -8.2287 1.8567
v -2.1151 -8.2537 1.8575
v -2.1014 -8.2730 1.8533
v -2.0795 -8.2662 1.8878
v -2.0896 -8.2717 1.8874
v -2.0793 -8.2373 1.8846
v -2.0857 -8.2108 1.8837
v -2.0821 -8.1832 1.8805
v -2.0817 -8.1554 1.8770
v -2.0779 -8.1288 1.8736
v -2.0708 -8.1009 1.8728
v -2.0636 -8.0744 1.8646
v -2.0496 -8.0496 1.8605
v -2.0320 -8.0275 1.8576
v -2.0074 -8.0087 1.8500
v -1.9827 -7.9946 1.8389
v -1.9579 -7.9819 1.8241
v -1.9296 -7.9688 1.8154
v -1.9048 -7.9556 1.8027
v -1.8870 -7.9344 1.7927
v -1.9044 -7.9176 1.8058
v -1.9354 -7.9297 1.8249
v -1.9662 -7.9460 1.8393
v -1.9935 -7.9634 1.8530
v -2.0173 -7.9823 1.8633
v -2.0415 -8.0026 1.8701
v -2.0622 -8.0272 1.8772
v -2.0797 -8.0551 1.8796
v -2.0939 -8.0843 1.8840
v -2.1009 -8.1166 1.8901
v -2.1046 -8.1431 1.8909
v -2.1082 -8.1709 1.8943
v -2.1049 -8.1974 1.8952
v -2.1013 -8.2237 1.8960
v -2.0978 -8.2500 1.8941
v -2.0845 -8.2724 1.8874
v -2.0604 -8.2594 1.9244
v -2.0703 -8.2707 1.9242
v -2.0635 -8.2273 1.9236
v -2.0665 -8.1996 1.9202
v -2.0661 -8.1718 1.9167
v -2.0657 -8.1423 1.9131
v -2.0652 -8.1141 1.9098
v -2.0614 -8.0858 1.9079
v -2.0508 -8.0580 1.9024
v -2.0333 -8.0330 1.9014
v -2.0122 -8.0129 1.8918
v -1.9875 -7.9970 1.8819
v -1.9627 -7.9856 1.8710
v -1.9343 -7.9744 1.8533
v -1.9059 -7.9654 1.8377
v -1.8775 -7.9514 1.8218
v -1.8632 -7.9313 1.8115
v -1.8840 -7.9178 1.8319
v -1.9150 -7.9272 1.8517
v -1.9460 -7.9414 1.8731
v -1.9733 -7.9569 1.8901
v -2.0005 -7.9747 1.9024
v -2.0279 -7.9947 1.9135
v -2.0485 -8.0164 1.9221
v -2.0657 -8.0442 1.9247
v -2.0796 -8.0750 1.9286
v -2.0864 -8.1076 1.9294
v -2.0868 -8.1358 1.9298
v -2.0871 -8.1638 1.9333
v -2.0873 -8.1917 1.9342
v -2.0809 -8.2198 1.9326
v -2.0776 -8.2461 1.9308
v -2.0645 -8.2715 1.9242
v -2.0446 -8.2510 1.9582
v -2.0513 -8.2694 1.9634
v -2.0478 -8.2184 1.9624
v -2.0507 -8.1893 1.9564
v -2.0503 -8.1598 1.9529
v -2.0532 -8.1286 1.9504
v -2.0527 -8.0991 1.9469
v -2.0455 -8.0693 1.9483
v -2.0347 -8.0412 1.9453
v -2.0138 -8.0164 1.9443
v -1.9926 -7.9990 1.9324
v -1.9643 -7.9851 1.9204
v -1.9360 -7.9736 1.9037
v -1.9075 -7.9641 1.8819
v -1.8789 -7.9563 1.8622
v -1.8502 -7.9448 1.8384
v -1.8394 -7.9259 1.8310
v -1.8673 -7.9156 1.8588
v -1.8983 -7.9246 1.8828
v -1.9259 -7.9352 1.9092
v -1.9566 -7.9493 1.9290
v -1.9838 -7.9660 1.9475
v -2.0113 -7.9849 1.9608
v -2.0352 -8.0054 1.9673
v -2.0523 -8.0332 1.9737
v -2.0661 -8.0659 1.9686
v -2.0694 -8.0985 1.9698
v -2.0696 -8.1283 1.9675
v -2.0700 -8.1578 1.9697
v -2.0670 -8.1858 1.9706
v -2.0640 -8.2138 1.9715
v -2.0578 -8.2433 1.9700
v -2.0448 -8.2701 1.9634
v -2.0289 -8.2464 1.9945
v -2.0355 -8.2652 1.9946
v -2.0321 -8.2096 1.9960
v -2.0318 -8.1802 1.9955
v -2.0347 -8.1493 1.9913
v -2.0375 -8.1180 1.9915
v -2.0369 -8.0852 1.9910
v -2.0296 -8.0536 1.9955
v -2.0155 -8.0254 1.9927
v -1.9943 -7.9993 1.9878
v -1.9697 -7.9814 1.9813
v -1.9412 -7.9685 1.9595
v -1.9094 -7.9561 1.9399
v -1.8807 -7.9495 1.9167
v -1.8519 -7.9464 1.8842
v -1.8231 -7.9376 1.8589
v -1.8157 -7.9190 1.8511
v -1.8470 -7.9132 1.8831
v -1.8748 -7.9183 1.9129
v -1.9058 -7.9251 1.9441
v -1.9333 -7.9376 1.9688
v -1.9639 -7.9533 1.9935
v -1.9915 -7.9728 2.0054
v -2.0190 -7.9962 2.0152
v -2.0394 -8.0231 2.0189
v -2.0497 -8.0562 2.0147
v -2.0532 -8.0906 2.0101
v -2.0566 -8.1203 2.0079
v -2.0536 -8.1502 2.0053
v -2.0507 -8.1797 2.0070
v -2.0479 -8.2092 2.0078
v -2.0417 -8.2387 2.0062
v -2.0287 -8.2659 1.9946
v -2.0100 -8.2432 2.0283
v -2.0202 -8.2601 2.0359
v -2.0133 -8.2060 2.0326
v -2.0129 -8.1753 2.0315
v -2.0191 -8.1424 2.0349
v -2.0186 -8.1084 2.0358
v -2.0178 -8.0750 2.0379
v -2.0139 -8.0415 2.0420
v -1.9997 -8.0103 2.0422
v -1.9750 -7.9830 2.0374
v -1.9468 -7.9618 2.0237
v -1.9149 -7.9460 2.0070
v -1.8861 -7.9394 1.9736
v -1.8573 -7.9358 1.9449
v -1.8283 -7.9372 1.9061
v -1.7994 -7.9308 1.8755
v -1.7920 -7.9124 1.8676
v -1.8270 -7.9086 1.9120
v -1.8548 -7.9095 1.9476
v -1.8859 -7.9142 1.9804
v -1.9134 -7.9240 2.0137
v -1.9408 -7.9383 2.0360
v -1.9720 -7.9611 2.0555
v -1.9961 -7.9848 2.0642
v -2.0167 -8.0134 2.0684
v -2.0304 -8.0455 2.0641
v -2.0374 -8.0806 2.0559
v -2.0375 -8.1122 2.0514
v -2.0344 -8.1417 2.0520
v -2.0315 -8.1730 2.0483
v -2.0254 -8.2027 2.0471
v -2.0225 -8.2325 2.0425
v -2.0129 -8.2608 2.0359
v -1.9880 -8.2441 2.0673
v -1.9982 -8.2551 2.0748
v -1.9878 -8.2086 2.0678
v -1.9941 -8.1745 2.0711
v -2.0003 -8.1401 2.0769
v -2.0031 -8.1051 2.0825
v -2.0023 -8.0682 2.0881
v -1.9949 -8.0336 2.0927
v -1.9806 -7.9975 2.0941
v -1.9558 -7.9654 2.0865
v -1.9273 -7.9466 2.0657
v -1.8952 -7.9320 2.0414
v -1.8664 -7.9277 2.0064
v -1.8373 -7.9282 1.9641
v -1.8083 -7.9316 1.9272
v -1.7791 -7.9255 1.8879
v -1.7752 -7.9080 1.8835
v -1.8104 -7.9064 1.9327
v -1.8350 -7.9027 1.9785
v -1.8626 -7.9038 2.0139
v -1.8903 -7.9101 2.0533
v -1.9178 -7.9201 2.0849
v -1.9458 -7.9384 2.1066
v -1.9702 -7.9607 2.1249
v -1.9910 -7.9956 2.1272
v -2.0049 -8.0325 2.1241
v -2.0120 -8.0686 2.1180
v -2.0123 -8.1011 2.1103
v -2.0092 -8.1330 2.1019
v -2.0060 -8.1645 2.0954
v -2.0030 -8.1944 2.0886
v -2.0002 -8.2255 2.0841
v -1.9906 -8.2557 2.0748
v -1.9626 -8.2463 2.1014
v -1.9730 -8.2483 2.1162
v -1.9624 -8.2124 2.1035
v -1.9688 -8.1763 2.1142
v -1.9750 -8.1398 2.1225
v -1.9811 -8.0999 2.1316
v -1.9804 -8.0562 2.1458
v -1.9728 -8.0101 2.1556
v -1.9582 -7.9658 2.1573
v -1.9331 -7.9335 2.1416
v -1.9046 -7.9137 2.1212
v -1.8756 -7.9128 2.0786
v -1.8466 -7.9158 2.0357
v -1.8174 -7.9194 1.9872
v -1.7882 -7.9270 1.9402
v -1.7623 -7.9225 1.8996
v -1.7584 -7.9033 1.8954
v -1.7904 -7.9022 1.9537
v -1.8150 -7.8984 1.9969
v -1.8395 -7.8928 2.0476
v -1.8639 -7.8871 2.0935
v -1.8915 -7.8841 2.1394
v -1.9162 -7.8938 2.1702
v -1.9407 -7.9191 2.1872
v -1.9618 -7.9519 2.1985
v -1.9761 -7.9948 2.1955
v -1.9834 -8.0391 2.1876
v -1.9872 -8.0809 2.1743
v -1.9843 -8.1207 2.1600
v -1.9810 -8.1538 2.1474
v -1.9779 -8.1855 2.1376
v -1.9715 -8.2173 2.1254
v -1.9653 -8.2488 2.1162
v -1.9308 -8.2454 2.1388
v -1.9411 -8.2430 2.1537
v -1.9338 -8.2114 2.1426
v -1.9435 -8.1735 2.1554
v -1.9466 -8.1294 2.1748
v -1.9526 -8.0781 2.1952
v -1.9517 -8.0215 2.2142
v -1.9440 -7.9586 2.2369
v -1.9257 -7.9022 2.2424
v -1.9004 -7.8692 2.2233
v -1.8750 -7.8632 2.1832
v -1.8494 -7.8776 2.1275
v -1.8203 -7.8940 2.0733
v -1.7943 -7.9071 2.0151
v -1.7683 -7.9169 1.9618
v -1.7421 -7.9161 1.9115
v -1.7417 -7.8988 1.9071
v -1.7669 -7.8960 1.9669
v -1.7885 -7.8858 2.0252
v -1.8130 -7.8727 2.0804
v -1.8375 -7.8540 2.1371
v -1.8618 -7.8367 2.1917
v -1.8832 -7.8275 2.2414
v -1.9079 -7.8458 2.2710
v -1.9293 -7.8809 2.2849
v -1.9438 -7.9312 2.2821
v -1.9548 -7.9946 2.2621
v -1.9587 -8.0476 2.2362
v -1.9560 -8.0954 2.2195
v -1.9529 -8.1411 2.1961
v -1.9497 -8.1785 2.1795
v -1.9432 -8.2103 2.1678
v -1.9335 -8.2435 2.1538
v -1.9022 -8.2368 2.1771
v -1.9126 -8.2374 2.1917
v -1.9022 -8.2023 2.1889
v -1.9087 -8.1557 2.2106
v -1.9115 -8.0984 2.2349
v -1.9141 -8.0302 2.2706
v -1.9096 -7.9449 2.3188
v -1.9014 -7.8563 2.3534
v -1.8829 -7.7942 2.3510
v -1.8642 -7.7816 2.3097
v -1.8387 -7.7890 2.2575
v -1.8166 -7.8213 2.1921
v -1.7940 -7.8635 2.1131
v -1.7713 -7.8904 2.0437
v -1.7485 -7.9054 1.9834
v -1.7288 -7.9117 1.9192
v -1.7250 -7.8907 1.9152
v -1.7472 -7.8732 1.9872
v -1.7656 -7.8579 2.0526
v -1.7902 -7.8345 2.1173
v -1.8115 -7.8019 2.1850
v -1.8291 -7.7746 2.2457
v -1.8505 -7.7564 2.3039
v -1.8722 -7.7551 2.3558
v -1.8904 -7.7806 2.3867
v -1.9085 -7.8459 2.3830
v -1.9196 -7.9313 2.3489
v -1.9206 -8.0000 2.3158
v -1.9213 -8.0628 2.2830
v -1.9217 -8.1183 2.2527
v -1.9187 -8.1673 2.2309
v -1.9120 -8.2044 2.2105
v -1.9053 -8.2380 2.1918
v -1.8675 -8.2201 2.2281
v -1.8744 -8.2314 2.2355
v -1.8675 -8.1742 2.2490
v -1.8704 -8.1152 2.2767
v -1.8697 -8.0415 2.3198
v -1.8653 -7.9486 2.3763
v -1.8606 -7.8396 2.4322
v -1.8525 -7.7492 2.4526
v -1.8374 -7.7100 2.4270
v -1.8218 -7.7079 2.3766
v -1.8027 -7.7316 2.3117
v -1.7870 -7.7756 2.2356
v -1.7678 -7.8313 2.1515
v -1.7483 -7.8703 2.0725
v -1.7355 -7.8910 2.0020
v -1.7158 -7.8994 1.9359
v -1.7115 -7.8820 1.9156
v -1.7310 -7.8451 1.9998
v -1.7498 -7.8193 2.0811
v -1.7680 -7.7863 2.1575
v -1.7859 -7.7486 2.2311
v -1.8005 -7.7174 2.3000
v -1.8158 -7.6921 2.3660
v -1.8311 -7.6815 2.4228
v -1.8462 -7.6991 2.4666
v -1.8609 -7.7535 2.4818
v -1.8720 -7.8507 2.4541
v -1.8764 -7.9453 2.4059
v -1.8773 -8.0246 2.3584
v -1.8778 -8.0919 2.3174
v -1.8781 -8.1516 2.2842
v -1.8749 -8.1974 2.2609
v -1.8680 -8.2322 2.2355
v -1.8323 -8.2063 2.2684
v -1.8327 -8.2257 2.2735
v -1.8291 -8.1483 2.2992
v -1.8286 -8.0796 2.3363
v -1.8246 -7.9999 2.3849
v -1.8202 -7.8936 2.4494
v -1.8124 -7.7851 2.4983
v -1.8044 -7.7055 2.5020
v -1.7924 -7.6765 2.4650
v -1.7799 -7.6808 2.4116
v -1.7673 -7.7058 2.3492
v -1.7577 -7.7514 2.2679
v -1.7451 -7.8089 2.1806
v -1.7323 -7.8539 2.0957
v -1.7192 -7.8793 2.0191
v -1.7059 -7.8918 1.9442
v -1.6981 -7.8843 1.9177
v -1.7042 -7.8587 1.9978
v -1.7201 -7.8401 2.0810
v -1.7355 -7.7950 2.1733
v -1.7504 -7.7390 2.2548
v -1.7622 -7.6963 2.3315
v -1.7747 -7.6675 2.4022
v -1.7872 -7.6542 2.4625
v -1.8024 -7.6676 2.5061
v -1.8107 -7.7222 2.5314
v -1.8184 -7.8144 2.5133
v -1.8260 -7.9143 2.4647
v -1.8302 -8.0043 2.4112
v -1.8308 -8.0758 2.3685
v -1.8344 -8.1373 2.3348
v -1.8345 -8.1898 2.3049
v -1.8274 -8.2265 2.2734
v -1.7743 -8.2045 2.3022
v -1.7746 -8.2176 2.3086
v -1.7743 -8.1498 2.3286
v -1.7740 -8.0858 2.3621
v -1.7701 -8.0098 2.4065
v -1.7693 -7.9167 2.4636
v -1.7647 -7.8107 2.5098
v -1.7565 -7.7340 2.5142
v -1.7508 -7.6948 2.4816
v -1.7413 -7.6935 2.4280
v -1.7351 -7.7122 2.3649
v -1.7253 -7.7544 2.2851
v -1.7190 -7.8070 2.1967
v -1.7091 -7.8557 2.1034
v -1.7029 -7.8750 2.0336
v -1.6928 -7.8889 1.9548
v -1.6881 -7.8795 1.9174
v -1.6944 -7.8465 1.9986
v -1.7039 -7.8242 2.0856
v -1.7160 -7.7880 2.1702
v -1.7250 -7.7326 2.2659
v -1.7304 -7.6995 2.3434
v -1.7397 -7.6768 2.4130
v -1.7460 -7.6701 2.4744
v -1.7550 -7.6890 2.5179
v -1.7603 -7.7467 2.5391
v -1.7651 -7.8351 2.5238
v -1.7694 -7.9236 2.4835
v -1.7735 -8.0028 2.4387
v -1.7742 -8.0705 2.4015
v -1.7746 -8.1305 2.3693
v -1.7747 -8.1811 2.3426
v -1.7708 -8.2191 2.3082
v -1.7093 -8.2046 2.3135
v -1.7098 -8.2115 2.3265
v -1.7092 -8.1616 2.3289
v -1.7093 -8.1048 2.3622
v -1.7088 -8.0365 2.3980
v -1.7080 -7.9638 2.4362
v -1.7068 -7.8782 2.4737
v -1.7049 -7.8012 2.4869
v -1.7023 -7.7546 2.4656
v -1.6991 -7.7391 2.4164
v -1.6959 -7.7532 2.3515
v -1.6924 -7.7870 2.2705
v -1.6893 -7.8301 2.1858
v -1.6859 -7.8637 2.1000
v -1.6828 -7.8785 2.0292
v -1.6794 -7.8897 1.9528
v -1.6779 -7.8830 1.9156
v -1.6845 -7.8550 1.9993
v -1.6873 -7.8351 2.0798
v -1.6866 -7.8043 2.1628
v -1.6891 -7.7676 2.2487
v -1.6916 -7.7394 2.3292
v -1.6945 -7.7224 2.3970
v -1.6976 -7.7221 2.4566
v -1.7006 -7.7508 2.4976
v -1.7029 -7.8072 2.5092
v -1.7049 -7.8862 2.4947
v -1.7060 -7.9599 2.4645
v -1.7068 -8.0228 2.4330
v -1.7073 -8.0811 2.4023
v -1.7077 -8.1339 2.3763
v -1.7078 -8.1767 2.3520
v -1.7073 -8.2139 2.3259
v -1.6399 -8.1986 2.2949
v -1.6404 -8.2131 2.3021
v -1.6398 -8.1574 2.3105
v -1.6398 -8.1115 2.3320
v -1.6394 -8.0557 2.3573
v -1.6419 -7.9941 2.3853
v -1.6409 -7.9352 2.4076
v -1.6453 -7.8723 2.4162
v -1.6460 -7.8346 2.3977
v -1.6493 -7.8160 2.3571
v -1.6525 -7.8187 2.2985
v -1.6559 -7.8335 2.2339
v -1.6592 -7.8573 2.1598
v -1.6624 -7.8740 2.0873
v -1.6624 -7.8843 2.0160
v -1.6659 -7.8916 1.9465
v -1.6713 -7.8765 1.9157
v -1.6747 -7.8395 1.9962
v -1.6645 -7.8203 2.0770
v -1.6573 -7.8097 2.1516
v -1.6532 -7.7998 2.2226
v -1.6493 -7.7952 2.2894
v -1.6458 -7.7903 2.3538
v -1.6423 -7.8032 2.3992
v -1.6390 -7.8360 2.4321
v -1.6383 -7.8853 2.4414
v -1.6369 -7.9450 2.4296
v -1.6349 -7.9993 2.4116
v -1.6357 -8.0498 2.3909
v -1.6362 -8.0989 2.3689
v -1.6365 -8.1419 2.3507
v -1.6366 -8.1804 2.3302
v -1.6390 -8.2166 2.3014
v -1.5886 -8.1956 2.2503
v -1.5891 -8.2196 2.2524
v -1.5856 -8.1527 2.2692
v -1.5854 -8.1144 2.2832
v -1.5849 -8.0704 2.2998
v -1.5843 -8.0243 2.3172
v -1.5864 -7.9766 2.3302
v -1.5912 -7.9329 2.3319
v -1.5984 -7.9028 2.3131
v -1.6085 -7.8801 2.2829
v -1.6150 -7.8757 2.2325
v -1.6215 -7.8795 2.1752
v -1.6316 -7.8813 2.1207
v -1.6382 -7.8841 2.0592
v -1.6452 -7.8915 1.9992
v -1.6556 -7.8939 1.9369
v -1.6577 -7.8825 1.9091
v -1.6508 -7.8569 1.9844
v -1.6407 -7.8512 2.0527
v -1.6304 -7.8501 2.1141
v -1.6200 -7.8474 2.1771
v -1.6131 -7.8474 2.2378
v -1.6027 -7.8580 2.2820
v -1.5928 -7.8764 2.3242
v -1.5861 -7.9047 2.3526
v -1.5789 -7.9398 2.3641
v -1.5774 -7.9871 2.3587
v -1.5785 -8.0304 2.3465
v -1.5792 -8.0744 2.3307
v -1.5764 -8.1143 2.3134
v -1.5766 -8.1527 2.2975
v -1.5798 -8.1899 2.2804
v -1.5885 -8.2232 2.2519
v -1.5498 -8.2019 2.1996
v -1.5501 -8.2277 2.1986
v -1.5467 -8.1606 2.2150
v -1.5433 -8.1236 2.2280
v -1.5399 -8.0848 2.2437
v -1.5427 -8.0481 2.2572
v -1.5448 -8.0080 2.2627
v -1.5527 -7.9729 2.2580
v -1.5602 -7.9481 2.2396
v -1.5703 -7.9298 2.2088
v -1.5801 -7.9172 2.1662
v -1.5937 -7.9080 2.1274
v -1.6038 -7.9018 2.0805
v -1.6173 -7.8990 2.0276
v -1.6277 -7.9042 1.9741
v -1.6418 -7.9017 1.9222
v -1.6443 -7.8842 1.9068
v -1.6270 -7.8664 1.9698
v -1.6165 -7.8644 2.0279
v -1.6028 -7.8687 2.0781
v -1.5894 -7.8808 2.1271
v -1.5791 -7.8935 2.1737
v -1.5654 -7.9088 2.2111
v -1.5551 -7.9259 2.2460
v -1.5447 -7.9478 2.2703
v -1.5343 -7.9757 2.2875
v -1.5296 -8.0121 2.2898
v -1.5273 -8.0490 2.2807
v -1.5283 -8.0874 2.2734
v -1.5318 -8.1262 2.2584
v -1.5352 -8.1634 2.2437
v -1.5415 -8.2010 2.2270
v -1.5500 -8.2315 2.1986
v -1.5133 -8.2082 2.1430
v -1.5106 -8.2338 2.1461
v -1.5073 -8.1704 2.1592
v -1.5039 -8.1361 2.1682
v -1.4973 -8.0982 2.1822
v -1.5000 -8.0611 2.1919
v -1.5022 -8.0256 2.1947
v -1.5135 -7.9955 2.1882
v -1.5240 -7.9712 2.1676
v -1.5413 -7.9545 2.1457
v -1.5546 -7.9413 2.1100
v -1.5684 -7.9291 2.0752
v -1.5853 -7.9196 2.0350
v -1.5993 -7.9166 1.9937
v -1.6166 -7.9169 1.9476
v -1.6311 -7.9095 1.9049
v -1.6340 -7.8928 1.9004
v -1.6199 -7.8921 1.9565
v -1.6060 -7.8968 2.0071
v -1.5885 -7.9009 2.0477
v -1.5679 -7.9105 2.0802
v -1.5541 -7.9217 2.1157
v -1.5372 -7.9377 2.1495
v -1.5199 -7.9536 2.1718
v -1.5060 -7.9687 2.1970
v -1.4954 -7.9930 2.2136
v -1.4841 -8.0216 2.2202
v -1.4820 -8.0587 2.2173
v -1.4859 -8.0979 2.2089
v -1.4862 -8.1371 2.1970
v -1.4961 -8.1751 2.1863
v -1.4990 -8.2112 2.1733
v -1.5106 -8.2373 2.1462
v -1.4836 -8.2124 2.0953
v -1.4841 -8.2387 2.0959
v -1.4742 -8.1770 2.1070
v -1.4643 -8.1432 2.1147
v -1.4610 -8.1082 2.1251
v -1.4573 -8.0734 2.1321
v -1.4657 -8.0381 2.1296
v -1.4771 -8.0093 2.1221
v -1.4946 -7.9884 2.1058
v -1.5150 -7.9705 2.0830
v -1.5323 -7.9585 2.0565
v -1.5497 -7.9487 2.0281
v -1.5670 -7.9377 1.9950
v -1.5846 -7.9303 1.9596
v -1.6023 -7.9267 1.9221
v -1.6173 -7.9140 1.8915
v -1.6204 -7.8953 1.8908
v -1.6026 -7.9027 1.9402
v -1.5881 -7.9110 1.9781
v -1.5702 -7.9199 2.0065
v -1.5493 -7.9305 2.0355
v -1.5321 -7.9428 2.0667
v -1.5147 -7.9558 2.0898
v -1.4973 -7.9694 2.1114
v -1.4767 -7.9857 2.1305
v -1.4626 -8.0050 2.1473
v -1.4514 -8.0310 2.1578
v -1.4461 -8.0666 2.1579
v -1.4435 -8.1060 2.1521
v -1.4535 -8.1460 2.1449
v -1.4597 -8.1830 2.1324
v -1.4693 -8.2183 2.1232
v -1.4841 -8.2417 2.0959
v -1.4566 -8.2168 2.0422
v -1.4604 -8.2420 2.0428
v -1.4436 -8.1825 2.0515
v -1.4339 -8.1512 2.0606
v -1.4304 -8.1192 2.0649
v -1.4267 -8.0841 2.0682
v -1.4325 -8.0513 2.0689
v -1.4471 -8.0240 2.0581
v -1.4681 -8.0028 2.0458
v -1.4924 -7.9862 2.0306
v -1.5134 -7.9731 2.0105
v -1.5343 -7.9622 1.9857
v -1.5557 -7.9532 1.9627
v -1.5734 -7.9417 1.9316
v -1.5918 -7.9327 1.9058
v -1.6068 -7.9167 1.8758
v -1.6066 -7.8961 1.8780
v -1.5885 -7.9049 1.9194
v -1.5702 -7.9170 1.9485
v -1.5520 -7.9297 1.9728
v -1.5339 -7.9431 1.9924
v -1.5130 -7.9547 2.0171
v -1.4951 -7.9681 2.0348
v -1.4740 -7.9834 2.0506
v -1.4531 -7.9987 2.0662
v -1.4356 -8.0166 2.0822
v -1.4145 -8.0406 2.0917
v -1.4092 -8.0750 2.0961
v -1.4065 -8.1148 2.0925
v -1.4166 -8.1521 2.0885
v -1.4295 -8.1897 2.0795
v -1.4388 -8.2239 2.0652
v -1.4604 -8.2443 2.0428
v -1.4359 -8.2238 1.9864
v -1.4364 -8.2455 1.9869
v -1.4231 -8.1924 1.9983
v -1.4134 -8.1626 2.0076
v -1.4065 -8.1314 2.0116
v -1.4030 -8.0977 2.0155
v -1.4054 -8.0661 2.0120
v -1.4239 -8.0381 2.0061
v -1.4487 -8.0183 1.9968
v -1.4699 -7.9999 1.9821
v -1.4946 -7.9868 1.9673
v -1.5194 -7.9731 1.9523
v -1.5407 -7.9601 1.9296
v -1.5591 -7.9492 1.9082
v -1.5776 -7.9356 1.8864
v -1.5931 -7.9158 1.8673
v -1.5930 -7.8940 1.8693
v -1.5709 -7.9043 1.8956
v -1.5523 -7.9175 1.9210
v -1.5337 -7.9322 1.9385
v -1.5156 -7.9475 1.9584
v -1.4940 -7.9616 1.9737
v -1.4724 -7.9764 1.9855
v -1.4480 -7.9917 1.9995
v -1.4266 -8.0072 2.0114
v -1.4055 -8.0273 2.0237
v -1.3870 -8.0506 2.0295
v -1.3753 -8.0848 2.0378
v -1.3789 -8.1218 2.0341
v -1.3858 -8.1590 2.0303
v -1.3988 -8.1934 2.0212
v -1.4150 -8.2248 2.0118
v -1.4364 -8.2471 1.9869
v -1.4265 -8.2343 1.9483
v -1.4205 -8.2461 1.9511
v -1.4201 -8.2051 1.9578
v -1.4066 -8.1768 1.9621
v -1.3967 -8.1470 1.9687
v -1.3899 -8.1144 1.9727
v -1.3927 -8.0839 1.9740
v -1.4046 -8.0552 1.9651
v -1.4232 -8.0315 1.9576
v -1.4448 -8.0114 1.9462
v -1.4663 -7.9930 1.9327
v -1.4880 -7.9769 1.9193
v -1.5097 -7.9618 1.9025
v -1.5313 -7.9492 1.8819
v -1.5500 -7.9340 1.8634
v -1.5690 -7.9148 1.8478
v -1.5722 -7.8925 1.8496
v -1.5466 -7.8992 1.8720
v -1.5277 -7.9123 1.8908
v -1.5122 -7.9286 1.9059
v -1.4905 -7.9453 1.9224
v -1.4655 -7.9596 1.9351
v -1.4440 -7.9762 1.9481
v -1.4224 -7.9932 1.9585
v -1.4011 -8.0120 1.9724
v -1.3826 -8.0326 1.9795
v -1.3676 -8.0563 1.9907
v -1.3620 -8.0911 1.9947
v -1.3593 -8.1262 1.9935
v -1.3694 -8.1603 1.9895
v -1.3824 -8.1934 1.9803
v -1.3987 -8.2257 1.9684
v -1.4208 -8.2478 1.9511
v -1.4243 -8.2463 1.9153
v -1.4082 -8.2470 1.9203
v -1.4172 -8.2209 1.9172
v -1.4075 -8.1929 1.9267
v -1.3973 -8.1635 1.9309
v -1.3872 -8.1338 1.9350
v -1.3836 -8.1024 1.9389
v -1.3892 -8.0716 1.9325
v -1.3981 -8.0457 1.9262
v -1.4135 -8.0199 1.9173
v -1.4285 -7.9963 1.9041
v -1.4503 -7.9764 1.8919
v -1.4719 -7.9591 1.8743
v -1.4971 -7.9459 1.8597
v -1.5191 -7.9322 1.8414
v -1.5414 -7.9132 1.8258
v -1.5447 -7.8910 1.8269
v -1.5222 -7.8955 1.8462
v -1.5032 -7.9074 1.8619
v -1.4811 -7.9219 1.8767
v -1.4592 -7.9373 1.8911
v -1.4375 -7.9535 1.9053
v -1.4158 -7.9702 1.9169
v -1.3943 -7.9906 1.9291
v -1.3791 -8.0112 1.9399
v -1.3674 -8.0369 1.9514
v -1.3550 -8.0626 1.9551
v -1.3493 -8.0946 1.9590
v -1.3531 -8.1288 1.9578
v -1.3632 -8.1623 1.9512
v -1.3736 -8.1944 1.9445
v -1.3906 -8.2258 1.9351
v -1.4098 -8.2505 1.9204
v -1.4249 -8.2493 1.8794
v -1.3962 -8.2477 1.8920
v -1.4180 -8.2352 1.8790
v -1.4079 -8.2061 1.8860
v -1.3979 -8.1784 1.8928
v -1.3878 -8.1488 1.8970
v -1.3774 -8.1172 1.8983
v -1.3773 -8.0856 1.9022
v -1.3800 -8.0542 1.9009
v -1.3821 -8.0233 1.8917
v -1.4008 -7.9960 1.8826
v -1.4193 -7.9741 1.8686
v -1.4410 -7.9562 1.8526
v -1.4662 -7.9427 1.8370
v -1.4882 -7.9297 1.8213
v -1.5138 -7.9120 1.8055
v -1.5237 -7.8922 1.8032
v -1.4979 -7.8938 1.8220
v -1.4754 -7.9044 1.8347
v -1.4533 -7.9177 1.8501
v -1.4280 -7.9317 1.8624
v -1.4092 -7.9482 1.8727
v -1.3843 -7.9668 1.8862
v -1.3693 -7.9889 1.9003
v -1.3537 -8.0147 1.9068
v -1.3448 -8.0404 1.9131
v -1.3392 -8.0697 1.9195
v -1.3401 -8.1034 1.9208
v -1.3475 -8.1359 1.9168
v -1.3582 -8.1682 1.9128
v -1.3691 -8.1991 1.9085
v -1.3833 -8.2308 1.8991
v -1.3994 -8.2539 1.8920
v -1.4157 -8.2498 1.8433
v -1.3869 -8.2481 1.8560
v -1.4188 -8.2440 1.8431
v -1.4018 -8.2137 1.8475
v -1.3919 -8.1864 1.8544
v -1.3817 -8.1571 1.8586
v -1.3716 -8.1271 1.8626
v -1.3617 -8.0934 1.8690
v -1.3578 -8.0603 1.8677
v -1.3639 -8.0258 1.8661
v -1.3790 -7.9953 1.8543
v -1.3979 -7.9715 1.8452
v -1.4198 -7.9532 1.8311
v -1.4451 -7.9406 1.8173
v -1.4738 -7.9278 1.8011
v -1.4963 -7.9126 1.7875
v -1.5028 -7.8954 1.7844
v -1.4769 -7.8945 1.7973
v -1.4510 -7.9052 1.8105
v -1.4285 -7.9174 1.8213
v -1.4032 -7.9318 1.8351
v -1.3844 -7.9485 1.8466
v -1.3624 -7.9690 1.8555
v -1.3471 -7.9911 1.8670
v -1.3317 -8.0186 1.8735
v -1.3290 -8.0479 1.8774
v -1.3267 -8.0788 1.8786
v -1.3281 -8.1124 1.8773
v -1.3397 -8.1463 1.8758
v -1.3476 -8.1773 1.8717
v -1.3620 -8.2084 1.8674
v -1.3764 -8.2379 1.8605
v -1.3925 -8.2588 1.8560
v -1.4066 -8.2492 1.8070
v -1.3676 -8.2465 1.8171
v -1.4031 -8.2444 1.8069
v -1.3894 -8.2150 1.8113
v -1.3758 -8.1878 1.8156
v -1.3658 -8.1591 1.8224
v -1.3590 -8.1281 1.8265
v -1.3520 -8.0951 1.8278
v -1.3487 -8.0601 1.8341
v -1.3515 -8.0257 1.8325
v -1.3669 -7.9952 1.8233
v -1.3860 -7.9712 1.8168
v -1.4112 -7.9530 1.8027
v -1.4370 -7.9400 1.7940
v -1.4662 -7.9270 1.7825
v -1.4820 -7.9124 1.7683
v -1.4851 -7.9008 1.7650
v -1.4559 -7.9001 1.7783
v -1.4331 -7.9117 1.7871
v -1.4071 -7.9243 1.7959
v -1.3847 -7.9391 1.8047
v -1.3626 -7.9544 1.8160
v -1.3436 -7.9764 1.8224
v -1.3282 -8.0003 1.8314
v -1.3190 -8.0278 1.8352
v -1.3167 -8.0584 1.8391
v -1.3180 -8.0903 1.8377
v -1.3233 -8.1248 1.8363
v -1.3288 -8.1576 1.8322
v -1.3408 -8.1894 1.8306
v -1.3522 -8.2201 1.8263
v -1.3665 -8.2468 1.8244
v -1.3761 -8.2634 1.8171
v -1.3910 -8.2476 1.7733
v -1.3520 -8.2447 1.7808
v -1.3841 -8.2381 1.7730
v -1.3703 -8.2087 1.7774
v -1.3599 -8.1808 1.7791
v -1.3499 -8.1524 1.7859
v -1.3396 -8.1218 1.7874
v -1.3361 -8.0894 1.7913
v -1.3390 -8.0553 1.7925
v -1.3451 -8.0228 1.7910
v -1.3612 -7.9937 1.7895
v -1.3870 -7.9715 1.7831
v -1.4125 -7.9535 1.7716
v -1.4386 -7.9407 1.7655
v -1.4650 -7.9256 1.7590
v -1.4745 -7.9115 1.7502
v -1.4674 -7.9081 1.7475
v -1.4411 -7.9115 1.7558
v -1.4182 -7.9222 1.7620
v -1.3954 -7.9350 1.7681
v -1.3697 -7.9484 1.7768
v -1.3505 -7.9669 1.7831
v -1.3345 -7.9875 1.7868
v -1.3187 -8.0115 1.7906
v -1.3097 -8.0399 1.7944
v -1.3046 -8.0713 1.7956
v -1.3063 -8.1016 1.7941
v -1.3122 -8.1357 1.7952
v -1.3214 -8.1697 1.7936
v -1.3305 -8.2017 1.7920
v -1.3454 -8.2311 1.7902
v -1.3596 -8.2596 1.7832
v -1.3626 -8.2664 1.7808
v -1.3725 -8.2454 1.7420
v -1.3662 -8.2449 1.7471
v -1.3619 -8.2252 1.7415
v -1.3480 -8.1971 1.7433
v -1.3342 -8.1689 1.7450
v -1.3271 -8.1396 1.7465
v -1.3236 -8.1100 1.7506
v -1.3232 -8.0784 1.7520
v -1.3327 -8.0467 1.7532
v -1.3488 -8.0165 1.7518
v -1.3683 -7.9911 1.7505
v -1.3944 -7.9708 1.7467
v -1.4207 -7.9559 1.7431
v -1.4504 -7.9440 1.7344
v -1.4704 -7.9257 1.7304
v -1.4702 -7.9119 1.7269
v -1.4496 -7.9179 1.7276
v -1.4265 -7.9251 1.7335
v -1.4034 -7.9377 1.7371
v -1.3806 -7.9492 1.7431
v -1.3611 -7.9660 1.7467
v -1.3416 -7.9831 1.7477
v -1.3256 -8.0038 1.7513
v -1.3130 -8.0289 1.7524
v -1.3012 -8.0565 1.7535
v -1.2964 -8.0845 1.7546
v -1.2985 -8.1128 1.7555
v -1.3013 -8.1479 1.7540
v -1.3105 -8.1815 1.7524
v -1.3231 -8.2151 1.7533
v -1.3347 -8.2458 1.7489
v -1.3510 -8.2714 1.7288
v -1.3780 -8.2714 1.7471
v -1.4424 -7.9244 1.7177
v -1.4424 -7.9244 1.7177
v -1.4424 -7.9244 1.7177
v -1.4424 -7.9244 1.7177
v -1.4424 -7.9244 1.7177
v -1.4424 -7.9244 1.7177
v -1.4424 -7.9244 1.7177
v -1.4424 -7.9244 1.7177
v -1.4424 -7.9244 1.7177
v -1.4424 -7.9244 1.7177
v -1.4424 -7.9244 1.7177
v -1.4424 -7.9244 1.7177
v -1.4424 -7.9244 1.7177
v -1.4424 -7.9244 1.7177
v -1.4424 -7.9244 1.7177
v -1.4424 -7.9244 1.7177
v -1.4424 -7.9244 1.7177
v -1.4424 -7.9244 1.7177
v -1.4424 -7.9244 1.7177
v -1.4424 -7.9244 1.7177
v -1.4424 -7.9244 1.7177
v -1.4424 -7.9244 1.7177
v -1.4424 -7.9244 1.7177
v -1.4424 -7.9244 1.7177
v -1.4424 -7.9244 1.7177
v -1.4424 -7.9244 1.7177
v -1.4424 -7.9244 1.7177
v -1.4424 -7.9244 1.7177
v -1.4424 -7.9244 1.7177
v -1.4424 -7.9244 1.7177
v -1.4424 -7.9244 1.7177
v -1.4424 -7.9244 1.7177
v -1.4424 -7.9244 1.7177
v -1.3171 -8.0870 1.7543
v -1.4265 -7.9331 1.7264
v -1.4300 -7.9332 1.7263
v -1.3171 -8.0870 1.7543
v -1.4260 -7.9311 1.7184
v -1.3171 -8.0870 1.7543
v -1.4188 -7.9333 1.7186
v -1.3171 -8.0870 1.7543
v -1.4045 -7.9406 1.7193
v -1.3171 -8.0870 1.7543
v -1.3795 -7.9606 1.7208
v -1.3171 -8.0870 1.7543
v -1.3474 -7.9912 1.7229
v -1.3171 -8.0870 1.7543
v -1.3145 -8.0401 1.7266
v -1.3171 -8.0870 1.7543
v -1.2992 -8.0835 1.7381
v -1.3171 -8.0870 1.7543
v -1.2934 -8.1338 1.7423
v -1.3171 -8.0870 1.7543
v -1.3015 -8.1794 1.7379
v -1.3171 -8.0870 1.7543
v -1.3149 -8.2176 1.7402
v -1.3171 -8.0870 1.7543
v -1.3293 -8.2483 1.7414
v -1.3171 -8.0870 1.7543
v -1.3447 -8.2689 1.7496
v -1.3171 -8.0870 1.7543
v -1.3521 -8.2743 1.7496
v -1.3171 -8.0870 1.7543
v -1.3558 -8.2771 1.7496
v -1.3171 -8.0870 1.7543
v -1.3602 -8.2773 1.7573
v -1.3171 -8.0870 1.7543
v -1.3638 -8.2776 1.7572
v -1.3171 -8.0870 1.7543
v -1.3638 -8.2776 1.7572
v -1.3171 -8.0870 1.7543
v -1.3680 -8.2730 1.7648
v -1.3171 -8.0870 1.7543
v -1.3613 -8.2602 1.7640
v -1.3171 -8.0870 1.7543
v -1.3514 -8.2375 1.7624
v -1.3171 -8.0870 1.7543
v -1.3392 -8.2043 1.7678
v -1.3171 -8.0870 1.7543
v -1.3304 -8.1615 1.7645
v -1.3171 -8.0870 1.7543
v -1.3267 -8.1157 1.7622
v -1.3171 -8.0870 1.7543
v -1.3327 -8.0717 1.7605
v -1.3171 -8.0870 1.7543
v -1.3563 -8.0240 1.7644
v -1.3171 -8.0870 1.7543
v -1.3844 -7.9856 1.7458
v -1.3171 -8.0870 1.7543
v -1.4058 -7.9597 1.7440
v -1.3171 -8.0870 1.7543
v -1.4197 -7.9451 1.7351
v -1.3171 -8.0870 1.7543
v -1.4305 -7.9352 1.7343
v -1.3171 -8.0870 1.7543
v -1.4300 -7.9332 1.7263
v -1.3171 -8.0870 1.7543
v -1.4300 -7.9332 1.7263
v -1.3171 -8.0870 1.7543
v -1.3649 -7.9709 1.5957
v -1.3709 -7.9720 1.6036
v -1.3649 -7.9709 1.5957
v -1.3569 -7.9752 1.5961
v -1.3426 -7.9834 1.5889
v -1.3271 -7.9972 1.5898
v -1.2993 -8.0269 1.5837
v -1.2839 -8.0641 1.5854
v -1.2792 -8.1045 1.5792
v -1.2869 -8.1464 1.5728
v -1.3036 -8.1898 1.5748
v -1.3211 -8.2222 1.5767
v -1.3367 -8.2487 1.5785
v -1.3486 -8.2646 1.5870
v -1.3571 -8.2751 1.5867
v -1.3610 -8.2778 1.5866
v -1.3655 -8.2783 1.5942
v -1.3655 -8.2783 1.5942
v -1.3698 -8.2764 1.6017
v -1.3664 -8.2737 1.6015
v -1.3629 -8.2610 1.6008
v -1.3527 -8.2407 1.6076
v -1.3403 -8.2099 1.6063
v -1.3219 -8.1729 1.6050
v -1.3150 -8.1343 1.6116
v -1.3104 -8.0926 1.6100
v -1.3264 -8.0569 1.6241
v -1.3437 -8.0219 1.6222
v -1.3588 -7.9999 1.6209
v -1.3723 -7.9854 1.6121
v -1.3727 -7.9777 1.6117
v -1.3747 -7.9725 1.6035
v -1.3709 -7.9720 1.6036
v -1.3067 -7.9776 1.4402
v -1.3112 -7.9788 1.4480
v -1.3029 -7.9771 1.4403
v -1.2979 -7.9835 1.4328
v -1.2896 -7.9897 1.4253
v -1.2781 -8.0042 1.4259
v -1.2647 -8.0288 1.4191
v -1.2615 -8.0634 1.4203
v -1.2655 -8.1037 1.4135
v -1.2853 -8.1430 1.4064
v -1.3103 -8.1834 1.4072
v -1.3302 -8.2175 1.4078
v -1.3468 -8.2402 1.4081
v -1.3616 -8.2574 1.4163
v -1.3668 -8.2656 1.4164
v -1.3710 -8.2684 1.4164
v -1.3711 -8.2689 1.4244
v -1.3711 -8.2689 1.4244
v -1.3713 -8.2694 1.4324
v -1.3704 -8.2642 1.4323
v -1.3641 -8.2509 1.4321
v -1.3523 -8.2317 1.4318
v -1.3333 -8.2007 1.4313
v -1.3139 -8.1677 1.4465
v -1.2926 -8.1276 1.4456
v -1.2803 -8.0884 1.4445
v -1.2822 -8.0515 1.4511
v -1.2916 -8.0214 1.4578
v -1.3028 -8.0017 1.4569
v -1.3111 -7.9897 1.4563
v -1.3117 -7.9822 1.4560
v -1.3109 -7.9812 1.4481
v -1.3112 -7.9788 1.4480
v -1.2959 -7.9741 1.2681
v -1.2996 -7.9745 1.2681
v -1.2952 -7.9748 1.2525
v -1.2913 -7.9771 1.2526
v -1.2869 -7.9863 1.2451
v -1.2827 -7.9990 1.2454
v -1.2765 -8.0272 1.2382
v -1.2796 -8.0573 1.2388
v -1.2941 -8.0963 1.2314
v -1.3140 -8.1342 1.2318
v -1.3422 -8.1701 1.2321
v -1.3700 -8.2028 1.2323
v -1.3875 -8.2290 1.2404
v -1.4019 -8.2433 1.2404
v -1.4071 -8.2520 1.2484
v -1.4114 -8.2548 1.2484
v -1.4113 -8.2555 1.2564
v -1.4113 -8.2555 1.2564
v -1.4113 -8.2555 1.2564
v -1.4067 -8.2507 1.2644
v -1.3970 -8.2396 1.2643
v -1.3852 -8.2203 1.2642
v -1.3627 -8.1913 1.2639
v -1.3417 -8.1556 1.2556
v -1.3171 -8.1179 1.2631
v -1.3015 -8.0806 1.2626
v -1.2969 -8.0437 1.2776
v -1.2995 -8.0182 1.2848
v -1.3033 -7.9948 1.2841
v -1.3077 -7.9849 1.2838
v -1.3034 -7.9809 1.2760
v -1.3038 -7.9758 1.2758
v -1.2996 -7.9745 1.2681
v -1.3273 -7.9593 1.0882
v -1.3310 -7.9595 1.0881
v -1.3259 -7.9592 1.0804
v -1.3254 -7.9643 1.0805
v -1.3234 -7.9719 1.0728
v -1.3187 -7.9870 1.0730
v -1.3203 -8.0108 1.0654
v -1.3266 -8.0456 1.0578
v -1.3475 -8.0820 1.0422
v -1.3728 -8.1210 1.0421
v -1.4057 -8.1572 1.0418
v -1.4329 -8.1903 1.0494
v -1.4555 -8.2126 1.0571
v -1.4667 -8.2317 1.0649
v -1.4779 -8.2401 1.0648
v -1.4775 -8.2437 1.0807
v -1.4812 -8.2438 1.0806
v -1.4809 -8.2443 1.0885
v -1.4809 -8.2443 1.0885
v -1.4771 -8.2390 1.0886
v -1.4692 -8.2256 1.0886
v -1.4497 -8.2067 1.0888
v -1.4289 -8.1765 1.0809
v -1.3979 -8.1426 1.0811
v -1.3658 -8.1024 1.0812
v -1.3469 -8.0631 1.0811
v -1.3354 -8.0275 1.0887
v -1.3333 -7.9984 1.0962
v -1.3297 -7.9773 1.1116
v -1.3269 -7.9668 1.1116
v -1.3298 -7.9619 1.1037
v -1.3263 -7.9591 1.1037
v -1.3310 -7.9595 1.0881
v -1.3477 -7.9223 0.9167
v -1.3477 -7.9223 0.9167
v -1.3445 -7.9222 0.9090
v -1.3409 -7.9274 0.9091
v -1.3412 -7.9326 0.9013
v -1.3376 -7.9482 0.9014
v -1.3352 -7.9774 0.8782
v -1.3427 -8.0174 0.8703
v -1.3576 -8.0602 0.8624
v -1.3794 -8.1004 0.8621
v -1.4082 -8.1407 0.8694
v -1.4444 -8.1732 0.8766
v -1.4662 -8.2004 0.8841
v -1.4879 -8.2193 0.8915
v -1.4950 -8.2302 0.8993
v -1.5023 -8.2330 0.8991
v -1.5020 -8.2331 0.9070
v -1.5056 -8.2331 0.9069
v -1.5053 -8.2331 0.9147
v -1.5015 -8.2250 0.9148
v -1.4904 -8.2114 0.9149
v -1.4685 -8.1895 0.9075
v -1.4394 -8.1568 0.9001
v -1.4140 -8.1217 0.8927
v -1.3848 -8.0812 0.8931
v -1.3702 -8.0384 0.8932
v -1.3582 -7.9985 0.9167
v -1.3542 -7.9643 0.9245
v -1.3575 -7.9409 0.9321
v -1.3576 -7.9305 0.9321
v -1.3509 -7.9251 0.9244
v -1.3509 -7.9225 0.9244
v -1.3477 -7.9223 0.9167
v -1.3603 -7.8670 0.7373
v -1.3631 -7.8664 0.7528
v -1.3603 -7.8695 0.7373
v -1.3571 -7.8724 0.7296
v -1.3571 -7.8802 0.7296
v -1.3539 -7.8960 0.7219
v -1.3476 -7.9357 0.7066
v -1.3485 -7.9808 0.6911
v -1.3566 -8.0314 0.6755
v -1.3748 -8.0844 0.6753
v -1.4034 -8.1296 0.6827
v -1.4317 -8.1667 0.6978
v -1.4598 -8.1985 0.7207
v -1.4777 -8.2173 0.7282
v -1.4847 -8.2279 0.7359
v -1.4916 -8.2305 0.7435
v -1.4916 -8.2305 0.7435
v -1.4949 -8.2304 0.7512
v -1.4949 -8.2304 0.7512
v -1.4912 -8.2223 0.7513
v -1.4769 -8.2089 0.7438
v -1.4589 -8.1847 0.7362
v -1.4301 -8.1499 0.7289
v -1.4017 -8.1073 0.7138
v -1.3798 -8.0567 0.7140
v -1.3648 -8.0061 0.7220
v -1.3603 -7.9556 0.7375
v -1.3666 -7.9133 0.7529
v -1.3698 -7.8870 0.7605
v -1.3663 -7.8766 0.7605
v -1.3663 -7.8714 0.7605
v -1.3631 -7.8690 0.7528
v -1.3631 -7.8664 0.7528
v -1.3780 -7.8107 0.5733
v -1.3813 -7.8105 0.5810
v -1.3780 -7.8133 0.5733
v -1.3747 -7.8160 0.5656
v -1.3748 -7.8238 0.5656
v -1.3716 -7.8448 0.5579
v -1.3654 -7.8844 0.5348
v -1.3591 -7.9420 0.5195
v -1.3599 -8.0026 0.5041
v -1.3709 -8.0631 0.5040
v -1.3923 -8.1156 0.5116
v -1.4207 -8.1576 0.5267
v -1.4452 -8.1917 0.5497
v -1.4661 -8.2126 0.5727
v -1.4730 -8.2232 0.5804
v -1.4764 -8.2257 0.5881
v -1.4800 -8.2284 0.5880
v -1.4797 -8.2282 0.5958
v -1.4797 -8.2282 0.5958
v -1.4761 -8.2202 0.5959
v -1.4656 -8.2043 0.5882
v -1.4481 -8.1780 0.5729
v -1.4200 -8.1386 0.5500
v -1.3952 -8.0886 0.5348
v -1.3770 -8.0333 0.5350
v -1.3693 -7.9728 0.5428
v -1.3717 -7.9120 0.5659
v -1.3816 -7.8622 0.5811
v -1.3844 -7.8306 0.5966
v -1.3847 -7.8205 0.5888
v -1.3811 -7.8128 0.5888
v -1.3813 -7.8105 0.5810
v -1.3813 -7.8105 0.5810
v -1.3909 -7.7585 0.4249
v -1.3908 -7.7559 0.4249
v -1.3873 -7.7586 0.4172
v -1.3874 -7.7637 0.4172
v -1.3875 -7.7717 0.4094
v -1.3842 -7.7927 0.3940
v -1.3742 -7.8394 0.3787
v -1.3678 -7.9072 0.3557
v -1.3647 -7.9753 0.3325
v -1.3758 -8.0430 0.3325
v -1.3939 -8.1002 0.3557
v -1.4118 -8.1498 0.3710
v -1.4333 -8.1838 0.3941
v -1.4475 -8.2073 0.4095
v -1.4581 -8.2202 0.4326
v -1.4617 -8.2255 0.4404
v -1.4653 -8.2255 0.4403
v -1.4652 -8.2254 0.4481
v -1.4652 -8.2227 0.4481
v -1.4617 -8.2148 0.4482
v -1.4510 -8.1990 0.4405
v -1.4334 -8.1678 0.4096
v -1.4120 -8.1259 0.3943
v -1.3940 -8.0711 0.3790
v -1.3759 -8.0111 0.3714
v -1.3754 -7.9406 0.3790
v -1.3819 -7.8727 0.4020
v -1.3881 -7.8124 0.4329
v -1.3947 -7.7787 0.4405
v -1.3945 -7.7658 0.4404
v -1.3944 -7.7609 0.4326
v -1.3908 -7.7583 0.4327
v -1.3908 -7.7559 0.4249
v -1.4064 -7.7080 0.2842
v -1.4064 -7.7080 0.2842
v -1.4063 -7.7107 0.2764
v -1.4064 -7.7133 0.2764
v -1.4030 -7.7237 0.2687
v -1.4034 -7.7470 0.2610
v -1.3935 -7.8016 0.2379
v -1.3872 -7.8720 0.2071
v -1.3807 -7.9528 0.1841
v -1.3885 -8.0279 0.1841
v -1.4032 -8.0873 0.1996
v -1.4180 -8.1389 0.2306
v -1.4360 -8.1778 0.2538
v -1.4504 -8.2034 0.2847
v -1.4539 -8.2164 0.2925
v -1.4575 -8.2216 0.3002
v -1.4576 -8.2215 0.3080
v -1.4576 -8.2215 0.3080
v -1.4576 -8.2189 0.3080
v -1.4541 -8.2084 0.3080
v -1.4471 -8.1902 0.3003
v -1.4326 -8.1618 0.2694
v -1.4182 -8.1153 0.2461
v -1.4000 -8.0581 0.2308
v -1.3924 -7.9907 0.2229
v -1.3881 -7.9128 0.2306
v -1.3944 -7.8372 0.2536
v -1.4042 -7.7695 0.2844
v -1.4070 -7.7305 0.2998
v -1.4068 -7.7204 0.2998
v -1.4065 -7.7103 0.2920
v -1.4064 -7.7077 0.2920
v -1.4064 -7.7080 0.2842
v -1.4319 -7.6706 0.1588
v -1.4321 -7.6705 0.1666
v -1.4319 -7.6706 0.1588
v -1.4355 -7.6760 0.1510
v -1.4357 -7.6837 0.1510
v -1.4327 -7.7120 0.1434
v -1.4229 -7.7691 0.1204
v -1.4129 -7.8472 0.0818
v -1.4104 -7.9353 0.0665
v -1.4181 -8.0129 0.0588
v -1.4334 -8.0824 0.0821
v -1.4447 -8.1337 0.1054
v -1.4594 -8.1750 0.1286
v -1.4706 -8.2004 0.1596
v -1.4742 -8.2134 0.1674
v -1.4778 -8.2184 0.1751
v -1.4779 -8.2208 0.1829
v -1.4779 -8.2208 0.1829
v -1.4780 -8.2155 0.1829
v -1.4744 -8.2104 0.1830
v -1.4673 -8.1897 0.1752
v -1.4528 -8.1562 0.1520
v -1.4379 -8.1074 0.1210
v -1.4229 -8.0482 0.0978
v -1.4150 -7.9734 0.0899
v -1.4142 -7.8904 0.1053
v -1.4205 -7.8071 0.1361
v -1.4266 -7.7373 0.1592
v -1.4330 -7.6930 0.1823
v -1.4326 -7.6802 0.1822
v -1.4325 -7.6751 0.1822
v -1.4321 -7.6705 0.1666
v -1.4321 -7.6705 0.1666
v -1.4752 -7.6421 0.0640
v -1.4752 -7.6421 0.0640
v -1.4751 -7.6449 0.0562
v -1.4753 -7.6502 0.0562
v -1.4754 -7.6577 0.0562
v -1.4758 -7.6838 0.0406
v -1.4659 -7.7460 0.0101
v -1.4600 -7.8288 -0.0127
v -1.4571 -7.9222 -0.0436
v -1.4616 -8.0048 -0.0434
v -1.4769 -8.0744 -0.0279
v -1.4888 -8.1309 0.0032
v -1.5003 -8.1718 0.0343
v -1.5077 -8.2001 0.0498
v -1.5154 -8.2152 0.0731
v -1.5156 -8.2177 0.0809
v -1.5155 -8.2202 0.0809
v -1.5157 -8.2200 0.0886
v -1.5121 -8.2175 0.0887
v -1.5085 -8.2073 0.0810
v -1.5013 -8.1892 0.0733
v -1.4899 -8.1561 0.0422
v -1.4785 -8.1047 0.0189
v -1.4671 -8.0429 0.0034
v -1.4551 -7.9655 -0.0122
v -1.4543 -7.8749 0.0031
v -1.4568 -7.7894 0.0262
v -1.4665 -7.7114 0.0647
v -1.4728 -7.6676 0.0800
v -1.4723 -7.6522 0.0799
v -1.4720 -7.6473 0.0721
v -1.4719 -7.6446 0.0721
v -1.4752 -7.6421 0.0640
v -1.5291 -7.6229 -0.0220
v -1.5258 -7.6229 -0.0132
v -1.5292 -7.6255 -0.0220
v -1.5293 -7.6307 -0.0220
v -1.5329 -7.6385 -0.0307
v -1.5300 -7.6669 -0.0379
v -1.5238 -7.7316 -0.0662
v -1.5216 -7.8195 -0.0849
v -1.5187 -7.9127 -0.1149
v -1.5234 -7.9979 -0.1148
v -1.5353 -8.0702 -0.0992
v -1.5434 -8.1294 -0.0758
v -1.5552 -8.1706 -0.0448
v -1.5594 -8.1988 -0.0214
v -1.5631 -8.2142 -0.0136
v -1.5636 -8.2193 0.0020
v -1.5638 -8.2217 0.0098
v -1.5638 -8.2217 0.0098
v -1.5603 -8.2164 0.0098
v -1.5568 -8.2086 0.0099
v -1.5490 -8.1883 -0.0134
v -1.5416 -8.1522 -0.0290
v -1.5300 -8.1007 -0.0523
v -1.5178 -8.0364 -0.0834
v -1.5096 -7.9590 -0.0912
v -1.5090 -7.8658 -0.0681
v -1.5113 -7.7754 -0.0467
v -1.5172 -7.6951 -0.0188
v -1.5233 -7.6485 -0.0043
v -1.5228 -7.6331 -0.0045
v -1.5262 -7.6280 -0.0049
v -1.5259 -7.6254 -0.0132
v -1.5258 -7.6229 -0.0132
v -1.5979 -7.6130 -0.0832
v -1.5944 -7.6130 -0.0826
v -1.5980 -7.6157 -0.0833
v -1.6014 -7.6183 -0.0921
v -1.6017 -7.6285 -0.0922
v -1.6023 -7.6544 -0.0998
v -1.5998 -7.7217 -0.1254
v -1.5943 -7.8095 -0.1373
v -1.5950 -7.9078 -0.1632
v -1.5962 -7.9929 -0.1630
v -1.6047 -8.0678 -0.1474
v -1.6098 -8.1270 -0.1161
v -1.6178 -8.1710 -0.0928
v -1.6218 -8.1993 -0.0772
v -1.6223 -8.2122 -0.0616
v -1.6226 -8.2173 -0.0537
v -1.6193 -8.2198 -0.0459
v -1.6193 -8.2198 -0.0459
v -1.6157 -8.2172 -0.0458
v -1.6123 -8.2069 -0.0458
v -1.6083 -8.1863 -0.0613
v -1.6004 -8.1528 -0.0847
v -1.5923 -8.0987 -0.1080
v -1.5842 -8.0342 -0.1237
v -1.5794 -7.9515 -0.1316
v -1.5783 -7.8585 -0.1169
v -1.5808 -7.7654 -0.0940
v -1.5863 -7.6854 -0.0787
v -1.5887 -7.6362 -0.0649
v -1.5880 -7.6233 -0.0733
v -1.5912 -7.6156 -0.0738
v -1.5911 -7.6130 -0.0737
v -1.5944 -7.6130 -0.0826
v -1.6709 -7.6079 -0.1179
v -1.6708 -7.6052 -0.1178
v -1.6744 -7.6079 -0.1182
v -1.6779 -7.6131 -0.1266
v -1.6782 -7.6208 -0.1268
v -1.6789 -7.6493 -0.1341
v -1.6804 -7.7165 -0.1503
v -1.6787 -7.8069 -0.1586
v -1.6760 -7.9052 -0.1804
v -1.6774 -7.9930 -0.1802
v -1.6823 -8.0678 -0.1644
v -1.6832 -8.1272 -0.1487
v -1.6881 -8.1710 -0.1175
v -1.6886 -8.1968 -0.1019
v -1.6852 -8.2123 -0.0939
v -1.6855 -8.2174 -0.0861
v -1.6819 -8.2174 -0.0861
v -1.6823 -8.2200 -0.0783
v -1.6787 -8.2173 -0.0782
v -1.6750 -8.2071 -0.0860
v -1.6713 -8.1865 -0.0937
v -1.6672 -8.1503 -0.1094
v -1.6666 -8.0987 -0.1251
v -1.6576 -8.0316 -0.1563
v -1.6567 -7.9490 -0.1565
v -1.6555 -7.8559 -0.1437
v -1.6574 -7.7604 -0.1342
v -1.6596 -7.6802 -0.1140
v -1.6618 -7.6310 -0.1008
v -1.6645 -7.6181 -0.1093
v -1.6643 -7.6105 -0.1092
v -1.6677 -7.6078 -0.1094
v -1.6708 -7.6052 -0.1178
v -1.7516 -7.6053 -0.1192
v -1.7481 -7.6053 -0.1194
v -1.7552 -7.6080 -0.1191
v -1.7586 -7.6132 -0.1270
v -1.7589 -7.6208 -0.1271
v -1.7633 -7.6493 -0.1342
v -1.7650 -7.7166 -0.1507
v -1.7635 -7.8069 -0.1598
v -1.7643 -7.9025 -0.1823
v -1.7625 -7.9931 -0.1818
v -1.7606 -8.0678 -0.1660
v -1.7580 -8.1272 -0.1502
v -1.7558 -8.1710 -0.1188
v -1.7527 -8.1995 -0.1031
v -1.7528 -8.2123 -0.0952
v -1.7492 -8.2174 -0.0952
v -1.7495 -8.2200 -0.0874
v -1.7459 -8.2200 -0.0873
v -1.7460 -8.2173 -0.0873
v -1.7426 -8.2097 -0.0873
v -1.7386 -8.1864 -0.1028
v -1.7382 -8.1504 -0.1185
v -1.7375 -8.0987 -0.1342
v -1.7394 -8.0316 -0.1579
v -1.7379 -7.9490 -0.1658
v -1.7406 -7.8560 -0.1459
v -1.7384 -7.7604 -0.1448
v -1.7402 -7.6777 -0.1254
v -1.7390 -7.6311 -0.1120
v -1.7419 -7.6182 -0.1119
v -1.7450 -7.6079 -0.1115
v -1.7446 -7.6053 -0.1195
v -1.7481 -7.6053 -0.1194
v -1.8362 -7.6079 -0.0942
v -1.8292 -7.6078 -0.0952
v -1.8399 -7.6130 -0.0938
v -1.8435 -7.6156 -0.0934
v -1.8437 -7.6260 -0.1015
v -1.8485 -7.6545 -0.1004
v -1.8499 -7.7191 -0.1274
v -1.8485 -7.8069 -0.1416
v -1.8499 -7.9051 -0.1683
v -1.8454 -7.9929 -0.1678
v -1.8436 -8.0678 -0.1597
v -1.8349 -8.1297 -0.1282
v -1.8285 -8.1735 -0.1046
v -1.8251 -8.2019 -0.0889
v -1.8215 -8.2148 -0.0810
v -1.8177 -8.2226 -0.0809
v -1.8149 -8.2224 -0.0652
v -1.8114 -8.2225 -0.0652
v -1.8079 -8.2199 -0.0651
v -1.8074 -8.2097 -0.0807
v -1.8076 -8.1864 -0.0886
v -1.8109 -8.1529 -0.1043
v -1.8135 -8.1012 -0.1279
v -1.8187 -8.0316 -0.1516
v -1.8199 -7.9490 -0.1596
v -1.8220 -7.8561 -0.1382
v -1.8201 -7.7630 -0.1251
v -1.8182 -7.6802 -0.1028
v -1.8168 -7.6337 -0.0887
v -1.8197 -7.6208 -0.0884
v -1.8228 -7.6130 -0.0879
v -1.8258 -7.6079 -0.0956
v -1.8292 -7.6078 -0.0952
v -1.9148 -7.6156 -0.0354
v -1.9114 -7.6155 -0.0357
v -1.9184 -7.6182 -0.0351
v -1.9219 -7.6233 -0.0430
v -1.9223 -7.6336 -0.0429
v -1.9264 -7.6595 -0.0584
v -1.9323 -7.7267 -0.0720
v -1.9339 -7.8146 -0.1085
v -1.9333 -7.9076 -0.1308
v -1.9265 -7.9980 -0.1303
v -1.9184 -8.0702 -0.1144
v -1.9091 -8.1322 -0.0906
v -1.8987 -8.1761 -0.0669
v -1.8918 -8.2018 -0.0433
v -1.8880 -8.2173 -0.0355
v -1.8842 -8.2224 -0.0354
v -1.8807 -8.2224 -0.0353
v -1.8775 -8.2225 -0.0274
v -1.8737 -8.2199 -0.0352
v -1.8741 -8.2096 -0.0352
v -1.8740 -8.1915 -0.0508
v -1.8814 -8.1554 -0.0666
v -1.8840 -8.1038 -0.0980
v -1.8932 -8.0367 -0.1140
v -1.9009 -7.9567 -0.1222
v -1.9008 -7.8637 -0.1150
v -1.8990 -7.7680 -0.0795
v -1.8966 -7.6880 -0.0603
v -1.8953 -7.6413 -0.0371
v -1.9016 -7.6284 -0.0366
v -1.9013 -7.6232 -0.0366
v -1.9044 -7.6155 -0.0363
v -1.9114 -7.6155 -0.0357
v -1.9830 -7.6334 0.0308
v -1.9795 -7.6309 0.0308
v -1.9864 -7.6334 0.0308
v -1.9898 -7.6386 0.0307
v -1.9933 -7.6463 0.0307
v -1.9970 -7.6748 0.0151
v -2.0015 -7.7394 -0.0081
v -2.0014 -7.8247 -0.0389
v -2.0036 -7.9177 -0.0619
v -1.9975 -8.0056 -0.0615
v -1.9859 -8.0778 -0.0454
v -1.9721 -8.1346 -0.0295
v -1.9615 -8.1784 0.0020
v -1.9503 -8.2067 0.0179
v -1.9467 -8.2197 0.0336
v -1.9395 -8.2248 0.0337
v -1.9360 -8.2248 0.0338
v -1.9325 -8.2248 0.0339
v -1.9291 -8.2223 0.0339
v -1.9292 -8.2145 0.0261
v -1.9334 -8.1912 0.0182
v -1.9409 -8.1577 -0.0054
v -1.9548 -8.1087 -0.0370
v -1.9608 -8.0416 -0.0529
v -1.9715 -7.9617 -0.0611
v -1.9702 -7.8712 -0.0536
v -1.9691 -7.7807 -0.0152
v -1.9638 -7.7006 0.0076
v -1.9631 -7.6567 0.0310
v -1.9696 -7.6412 0.0309
v -1.9728 -7.6360 0.0309
v -1.9762 -7.6333 0.0309
v -1.9795 -7.6309 0.0308
v -2.0392 -7.6539 0.1156
v -2.0325 -7.6539 0.1157
v -2.0424 -7.6564 0.1233
v -2.0454 -7.6642 0.1233
v -2.0483 -7.6719 0.1232
v -2.0471 -7.6978 0.1155
v -2.0464 -7.7572 0.0845
v -2.0530 -7.8400 0.0613
v -2.0523 -7.9278 0.0383
v -2.0509 -8.0131 0.0310
v -2.0401 -8.0828 0.0470
v -2.0229 -8.1395 0.0787
v -2.0083 -8.1808 0.0946
v -1.9974 -8.2066 0.1105
v -1.9901 -8.2194 0.1185
v -1.9831 -8.2271 0.1342
v -1.9798 -8.2245 0.1343
v -1.9763 -8.2245 0.1343
v -1.9763 -8.2245 0.1343
v -1.9764 -8.2143 0.1187
v -1.9804 -8.1937 0.1030
v -1.9881 -8.1627 0.0872
v -2.0061 -8.1112 0.0634
v -2.0158 -8.0492 0.0396
v -2.0241 -7.9743 0.0314
v -2.0248 -7.8865 0.0387
v -2.0207 -7.7960 0.0696
v -2.0169 -7.7236 0.0928
v -2.0180 -7.6797 0.1161
v -2.0187 -7.6642 0.1161
v -2.0222 -7.6590 0.1160
v -2.0257 -7.6565 0.1159
v -2.0325 -7.6539 0.1157
v -2.0763 -7.6872 0.2240
v -2.0729 -7.6871 0.2240
v -2.0794 -7.6897 0.2239
v -2.0825 -7.6923 0.2238
v -2.0852 -7.7026 0.2394
v -2.0863 -7.7260 0.2238
v -2.0829 -7.7854 0.2084
v -2.0870 -7.8629 0.1774
v -2.0892 -7.9482 0.1622
v -2.0901 -8.0231 0.1626
v -2.0785 -8.0902 0.1709
v -2.0619 -8.1417 0.2026
v -2.0445 -8.1829 0.2186
v -2.0305 -8.2085 0.2346
v -2.0235 -8.2214 0.2425
v -2.0165 -8.2238 0.2427
v -2.0131 -8.2239 0.2427
v -2.0096 -8.2239 0.2428
v -2.0061 -8.2213 0.2351
v -2.0063 -8.2136 0.2350
v -2.0133 -8.1956 0.2193
v -2.0273 -8.1648 0.2033
v -2.0414 -8.1186 0.1796
v -2.0564 -8.0592 0.1557
v -2.0582 -7.9869 0.1553
v -2.0590 -7.9068 0.1626
v -2.0498 -7.8240 0.1858
v -2.0505 -7.7517 0.2090
v -2.0538 -7.7104 0.2166
v -2.0585 -7.6974 0.2243
v -2.0625 -7.6897 0.2242
v -2.0695 -7.6871 0.2241
v -2.0729 -7.6871 0.2240
v -2.1030 -7.7303 0.3560
v -2.0993 -7.7304 0.3483
v -2.1097 -7.7304 0.3558
v -2.1125 -7.7356 0.3558
v -2.1151 -7.7433 0.3557
v -2.1163 -7.7666 0.3557
v -2.1137 -7.8208 0.3403
v -2.1157 -7.8907 0.3172
v -2.1230 -7.9681 0.3019
v -2.1220 -8.0405 0.3024
v -2.1089 -8.1023 0.3185
v -2.0882 -8.1486 0.3268
v -2.0709 -8.1846 0.3506
v -2.0569 -8.2077 0.3665
v -2.0463 -8.2180 0.3668
v -2.0427 -8.2231 0.3668
v -2.0392 -8.2258 0.3669
v -2.0358 -8.2258 0.3670
v -2.0324 -8.2231 0.3670
v -2.0325 -8.2153 0.3592
v -2.0397 -8.1973 0.3513
v -2.0537 -8.1691 0.3275
v -2.0677 -8.1253 0.3116
v -2.0875 -8.0713 0.2954
v -2.0960 -8.0043 0.2871
v -2.0884 -7.9293 0.2946
v -2.0813 -7.8544 0.3099
v -2.0806 -7.7897 0.3331
v -2.0840 -7.7509 0.3486
v -2.0885 -7.7379 0.3485
v -2.0924 -7.7329 0.3484
v -2.0960 -7.7303 0.3483
v -2.0993 -7.7304 0.3483
v -2.1227 -7.7757 0.4881
v -2.1194 -7.7757 0.4882
v -2.1258 -7.7783 0.4959
v -2.1288 -7.7809 0.4958
v -2.1277 -7.7913 0.4958
v -2.1288 -7.8144 0.4958
v -2.1308 -7.8611 0.4803
v -2.1364 -7.9231 0.4727
v -2.1403 -7.9956 0.4575
v -2.1417 -8.0576 0.4578
v -2.1273 -8.1118 0.4662
v -2.1076 -8.1557 0.4745
v -2.0833 -8.1892 0.4985
v -2.0691 -8.2099 0.4988
v -2.0619 -8.2229 0.5067
v -2.0550 -8.2255 0.5069
v -2.0515 -8.2254 0.5070
v -2.0480 -8.2254 0.4992
v -2.0446 -8.2254 0.4993
v -2.0481 -8.2176 0.4914
v -2.0552 -8.2021 0.4757
v -2.0695 -8.1737 0.4675
v -2.0905 -8.1348 0.4514
v -2.1056 -8.0858 0.4432
v -2.1177 -8.0265 0.4348
v -2.1114 -7.9592 0.4423
v -2.1045 -7.8894 0.4498
v -2.1022 -7.8324 0.4731
v -2.1042 -7.7988 0.4807
v -2.1085 -7.7860 0.4806
v -2.1126 -7.7783 0.4806
v -2.1162 -7.7757 0.4883
v -2.1194 -7.7757 0.4882
v -2.1342 -7.8317 0.6361
v -2.1313 -7.8290 0.6362
v -2.1375 -7.8319 0.6361
v -2.1438 -7.8370 0.6437
v -2.1463 -7.8448 0.6437
v -2.1475 -7.8680 0.6437
v -2.1497 -7.9096 0.6359
v -2.1511 -7.9640 0.6283
v -2.1553 -8.0236 0.6208
v -2.1493 -8.0753 0.6135
v -2.1366 -8.1245 0.6141
v -2.1158 -8.1660 0.6224
v -2.0988 -8.1945 0.6384
v -2.0777 -8.2151 0.6467
v -2.0706 -8.2231 0.6469
v -2.0635 -8.2281 0.6470
v -2.0601 -8.2281 0.6471
v -2.0566 -8.2280 0.6471
v -2.0532 -8.2254 0.6394
v -2.0568 -8.2203 0.6393
v -2.0640 -8.2047 0.6236
v -2.0817 -8.1814 0.6154
v -2.1017 -8.1476 0.5993
v -2.1182 -8.1011 0.5910
v -2.1258 -8.0493 0.5905
v -2.1244 -7.9923 0.5901
v -2.1218 -7.9327 0.6132
v -2.1172 -7.8835 0.6210
v -2.1193 -7.8498 0.6286
v -2.1205 -7.8369 0.6286
v -2.1242 -7.8317 0.6285
v -2.1277 -7.8291 0.6285
v -2.1313 -7.8290 0.6362
v -2.1481 -7.8850 0.7997
v -2.1448 -7.8850 0.7998
v -2.1553 -7.8870 0.8074
v -2.1584 -7.8897 0.8074
v -2.1611 -7.8999 0.8073
v -2.1636 -7.9205 0.8073
v -2.1632 -7.9572 0.7996
v -2.1631 -8.0024 0.7920
v -2.1596 -8.0504 0.7845
v -2.1502 -8.0954 0.7850
v -2.1360 -8.1376 0.7777
v -2.1187 -8.1739 0.7938
v -2.0992 -8.1998 0.7865
v -2.0856 -8.2179 0.8024
v -2.0749 -8.2281 0.8026
v -2.0678 -8.2307 0.7950
v -2.0643 -8.2307 0.7951
v -2.0643 -8.2307 0.7951
v -2.0607 -8.2307 0.7795
v -2.0645 -8.2229 0.7794
v -2.0717 -8.2125 0.7715
v -2.0853 -8.1891 0.7634
v -2.1044 -8.1582 0.7629
v -2.1205 -8.1193 0.7546
v -2.1299 -8.0749 0.7541
v -2.1317 -8.0247 0.7616
v -2.1328 -7.9771 0.7691
v -2.1350 -7.9346 0.7845
v -2.1326 -7.9038 0.7845
v -2.1370 -7.8930 0.7922
v -2.1409 -7.8854 0.7921
v -2.1441 -7.8854 0.7920
v -2.1448 -7.8850 0.7998
v -2.1690 -7.9255 0.9634
v -2.1656 -7.9256 0.9634
v -2.1705 -7.9275 0.9790
v -2.1739 -7.9300 0.9789
v -2.1808 -7.9403 0.9788
v -2.1844 -7.9559 0.9787
v -2.1812 -7.9885 0.9711
v -2.1790 -8.0246 0.9635
v -2.1678 -8.0671 0.9561
v -2.1571 -8.1099 0.9487
v -2.1429 -8.1490 0.9569
v -2.1236 -8.1847 0.9496
v -2.1062 -8.2085 0.9500
v -2.0919 -8.2240 0.9503
v -2.0809 -8.2342 0.9506
v -2.0773 -8.2369 0.9507
v -2.0737 -8.2368 0.9429
v -2.0701 -8.2367 0.9430
v -2.0666 -8.2339 0.9353
v -2.0702 -8.2288 0.9352
v -2.0775 -8.2185 0.9350
v -2.0920 -8.1975 0.9269
v -2.1122 -8.1711 0.9264
v -2.1266 -8.1302 0.9181
v -2.1365 -8.0887 0.9178
v -2.1441 -8.0460 0.9331
v -2.1479 -8.0017 0.9328
v -2.1480 -7.9656 0.9483
v -2.1477 -7.9420 0.9482
v -2.1519 -7.9338 0.9559
v -2.1588 -7.9260 0.9558
v -2.1622 -7.9260 0.9557
v -2.1665 -7.9256 0.9634
v -2.1779 -7.9585 1.1350
v -2.1744 -7.9586 1.1351
v -2.1817 -7.9590 1.1427
v -2.1852 -7.9640 1.1427
v -2.1887 -7.9716 1.1427
v -2.1959 -7.9873 1.1427
v -2.1997 -8.0143 1.1428
v -2.1997 -8.0498 1.1274
v -2.1934 -8.0901 1.1278
v -2.1796 -8.1336 1.1283
v -2.1621 -8.1731 1.1211
v -2.1444 -8.2035 1.1217
v -2.1263 -8.2245 1.1143
v -2.1116 -8.2380 1.1148
v -2.1043 -8.2459 1.1150
v -2.0933 -8.2486 1.1153
v -2.0932 -8.2481 1.1074
v -2.0896 -8.2483 1.1075
v -2.0859 -8.2452 1.0997
v -2.0895 -8.2426 1.0996
v -2.0968 -8.2322 1.0994
v -2.1079 -8.2133 1.0912
v -2.1260 -8.1862 1.0906
v -2.1436 -8.1497 1.0900
v -2.1538 -8.1100 1.0975
v -2.1608 -8.0668 1.1049
v -2.1641 -8.0269 1.1046
v -2.1647 -7.9948 1.1200
v -2.1612 -7.9738 1.1199
v -2.1651 -7.9663 1.1275
v -2.1686 -7.9610 1.1274
v -2.1725 -7.9588 1.1351
v -2.1761 -7.9586 1.1351
v -2.1760 -7.9767 1.3225
v -2.1722 -7.9783 1.3148
v -2.1795 -7.9790 1.3225
v -2.1865 -7.9838 1.3225
v -2.1934 -7.9911 1.3224
v -2.2070 -8.0088 1.3224
v -2.2205 -8.0394 1.3148
v -2.2231 -8.0791 1.3074
v -2.2257 -8.1196 1.2999
v -2.2176 -8.1638 1.3006
v -2.1963 -8.1962 1.2858
v -2.1782 -8.2262 1.2866
v -2.1636 -8.2476 1.2872
v -2.1494 -8.2572 1.2718
v -2.1420 -8.2651 1.2721
v -2.1382 -8.2683 1.2802
v -2.1346 -8.2679 1.2724
v -2.1309 -8.2681 1.2725
v -2.1273 -8.2652 1.2647
v -2.1273 -8.2627 1.2646
v -2.1345 -8.2523 1.2643
v -2.1454 -8.2367 1.2639
v -2.1602 -8.2096 1.2632
v -2.1713 -8.1771 1.2706
v -2.1861 -8.1403 1.2698
v -2.1876 -8.0972 1.2850
v -2.1783 -8.0535 1.2847
v -2.1724 -8.0197 1.2922
v -2.1659 -7.9974 1.2998
v -2.1699 -7.9878 1.3073
v -2.1664 -7.9803 1.3072
v -2.1703 -7.9787 1.3149
v -2.1739 -7.9784 1.3148
v -2.1470 -7.9878 1.4950
v -2.1435 -7.9907 1.4952
v -2.1504 -7.9885 1.5027
v -2.1539 -7.9958 1.5029
v -2.1646 -8.0050 1.5030
v -2.1853 -8.0251 1.4953
v -2.2048 -8.0608 1.4879
v -2.2235 -8.1053 1.4884
v -2.2283 -8.1494 1.4733
v -2.2197 -8.1819 1.4584
v -2.2077 -8.2148 1.4514
v -2.1894 -8.2405 1.4445
v -2.1819 -8.2597 1.4291
v -2.1709 -8.2700 1.4296
v -2.1636 -8.2778 1.4300
v -2.1601 -8.2800 1.4222
v -2.1563 -8.2806 1.4303
v -2.1564 -8.2803 1.4223
v -2.1528 -8.2780 1.4225
v -2.1528 -8.2756 1.4224
v -2.1603 -8.2652 1.4141
v -2.1676 -8.2500 1.4137
v -2.1753 -8.2256 1.4290
v -2.1872 -8.1977 1.4361
v -2.1962 -8.1620 1.4431
v -2.1918 -8.1253 1.4584
v -2.1736 -8.0813 1.4659
v -2.1577 -8.0462 1.4810
v -2.1476 -8.0189 1.4804
v -2.1442 -8.0049 1.4878
v -2.1444 -7.9973 1.4876
v -2.1444 -7.9947 1.4875
v -2.1444 -7.9906 1.4951
v -2.0776 -7.9812 1.6520
v -2.0788 -7.9836 1.6443
v -2.0810 -7.9784 1.6518
v -2.0842 -7.9833 1.6519
v -2.0995 -7.9973 1.6523
v -2.1187 -8.0186 1.6528
v -2.1503 -8.0583 1.6535
v -2.1732 -8.1078 1.6544
v -2.1901 -8.1504 1.6550
v -2.1976 -8.1864 1.6401
v -2.1981 -8.2155 1.6094
v -2.1916 -8.2398 1.6022
v -2.1811 -8.2596 1.5872
v -2.1702 -8.2723 1.5879
v -2.1631 -8.2799 1.5804
v -2.1630 -8.2822 1.5804
v -2.1596 -8.2822 1.5727
v -2.1560 -8.2826 1.5728
v -2.1560 -8.2801 1.5728
v -2.1527 -8.2779 1.5650
v -2.1598 -8.2680 1.5725
v -2.1635 -8.2536 1.5800
v -2.1709 -8.2291 1.5872
v -2.1734 -8.2002 1.6022
v -2.1690 -8.1692 1.6173
v -2.1538 -8.1318 1.6326
v -2.1324 -8.0848 1.6396
v -2.1085 -8.0446 1.6387
v -2.0905 -8.0160 1.6379
v -2.0908 -8.0010 1.6372
v -2.0872 -7.9912 1.6368
v -2.0830 -7.9840 1.6444
v -2.0868 -7.9837 1.6443
v -2.0145 -7.9604 1.7464
v -2.0145 -7.9604 1.7464
v -2.0175 -7.9604 1.7381
v -2.0201 -7.9625 1.7462
v -2.0266 -7.9673 1.7461
v -2.0418 -7.9888 1.7467
v -2.0613 -8.0316 1.7717
v -2.0894 -8.0832 1.7966
v -2.1182 -8.1325 1.8053
v -2.1356 -8.1733 1.7904
v -2.1426 -8.2046 1.7834
v -2.1426 -8.2294 1.7685
v -2.1459 -8.2488 1.7532
v -2.1443 -8.2611 1.7458
v -2.1457 -8.2684 1.7380
v -2.1424 -8.2711 1.7383
v -2.1431 -8.2735 1.7304
v -2.1431 -8.2735 1.7304
v -2.1393 -8.2713 1.7306
v -2.1397 -8.2691 1.7227
v -2.1377 -8.2570 1.7303
v -2.1314 -8.2426 1.7459
v -2.1280 -8.2208 1.7611
v -2.1169 -8.1919 1.7763
v -2.0994 -8.1589 1.7836
v -2.0808 -8.1137 1.7905
v -2.0560 -8.0672 1.7739
v -2.0414 -8.0216 1.7644
v -2.0315 -7.9955 1.7399
v -2.0291 -7.9803 1.7469
v -2.0302 -7.9705 1.7386
v -2.0272 -7.9631 1.7382
v -2.0271 -7.9604 1.7461
v -2.1115 -8.1432 1.7903
v -2.1115 -8.1432 1.7903
v -2.1115 -8.1432 1.7903
v -2.1115 -8.1432 1.7903
v -2.1115 -8.1432 1.7903
v -2.1115 -8.1432 1.7903
v -2.1115 -8.1432 1.7903
v -2.1115 -8.1432 1.7903
v -2.1115 -8.1432 1.7903
v -2.1115 -8.1432 1.7903
v -2.1115 -8.1432 1.7903
v -2.1115 -8.1432 1.7903
v -2.1115 -8.1432 1.7903
v -2.1115 -8.1432 1.7903
v -2.1115 -8.1432 1.7903
v -2.1115 -8.1432 1.7903
v -2.1115 -8.1432 1.7903
v -2.1115 -8.1432 1.7903
v -2.1115 -8.1432 1.7903
v -2.1115 -8.1432 1.7903
v -2.1115 -8.1432 1.7903
v -2.1115 -8.1432 1.7903
v -2.1115 -8.1432 1.7903
v -2.1115 -8.1432 1.7903
v -2.1115 -8.1432 1.7903
v -2.1115 -8.1432 1.7903
v -2.1115 -8.1432 1.7903
v -2.1115 -8.1432 1.7903
v -2.1115 -8.1432 1.7903
v -2.1115 -8.1432 1.7903
v -2.1115 -8.1432 1.7903
v -2.1115 -8.1432 1.7903
v -2.1115 -8.1432 1.7903
v -1.7525 -8.2279 -0.0835
v -1.7143 -8.2079 -0.0627
v -1.7417 -8.2079 -0.0656
v -1.7525 -8.2279 -0.0835
v -1.6887 -8.2079 -0.0572
v -1.7525 -8.2279 -0.0835
v -1.6640 -8.2079 -0.0511
v -1.7525 -8.2279 -0.0835
v -1.6477 -8.2104 -0.0477
v -1.7525 -8.2279 -0.0835
v -1.6391 -8.2105 -0.0469
v -1.7525 -8.2279 -0.0835
v -1.6355 -8.2130 -0.0494
v -1.7525 -8.2279 -0.0835
v -1.6362 -8.2104 -0.0551
v -1.7525 -8.2279 -0.0835
v -1.6386 -8.2130 -0.0608
v -1.7525 -8.2279 -0.0835
v -1.6400 -8.2154 -0.0665
v -1.7525 -8.2279 -0.0835
v -1.6484 -8.2155 -0.0723
v -1.7525 -8.2279 -0.0835
v -1.6577 -8.2155 -0.0775
v -1.7525 -8.2279 -0.0835
v -1.6643 -8.2155 -0.0826
v -1.7525 -8.2279 -0.0835
v -1.6805 -8.2155 -0.0867
v -1.7525 -8.2279 -0.0835
v -1.7026 -8.2205 -0.0902
v -1.7525 -8.2279 -0.0835
v -1.7273 -8.2205 -0.0944
v -1.7525 -8.2279 -0.0835
v -1.7555 -8.2180 -0.0980
v -1.7525 -8.2279 -0.0835
v -1.7813 -8.2180 -0.0991
v -1.7525 -8.2279 -0.0835
v -1.8030 -8.2155 -0.0975
v -1.7525 -8.2279 -0.0835
v -1.8205 -8.2155 -0.0928
v -1.7525 -8.2279 -0.0835
v -1.8337 -8.2155 -0.0880
v -1.7525 -8.2279 -0.0835
v -1.8409 -8.2155 -0.0830
v -1.7525 -8.2279 -0.0835
v -1.8463 -8.2155 -0.0781
v -1.7525 -8.2279 -0.0835
v -1.8484 -8.2104 -0.0737
v -1.7525 -8.2279 -0.0835
v -1.8513 -8.2079 -0.0700
v -1.7525 -8.2279 -0.0835
v -1.8541 -8.2079 -0.0656
v -1.7525 -8.2279 -0.0835
v -1.8551 -8.2053 -0.0625
v -1.7525 -8.2279 -0.0835
v -1.8510 -8.2054 -0.0593
v -1.7525 -8.2279 -0.0835
v -1.8389 -8.2055 -0.0597
v -1.7525 -8.2279 -0.0835
v -1.8198 -8.2054 -0.0613
v -1.7525 -8.2279 -0.0835
v -1.7963 -8.2054 -0.0640
v -1.7525 -8.2279 -0.0835
v -1.7693 -8.2054 -0.0661
v -1.7525 -8.2279 -0.0835
v -1.7417 -8.2079 -0.0656
v -1.7525 -8.2279 -0.0835
v -1.7161 -8.1804 -0.0696
v -1.7418 -8.1803 -0.0719
v -1.6921 -8.1804 -0.0661
v -1.6708 -8.1778 -0.0632
v -1.6561 -8.1778 -0.0623
v -1.6483 -8.1803 -0.0634
v -1.6447 -8.1803 -0.0665
v -1.6445 -8.1853 -0.0716
v -1.6451 -8.1854 -0.0779
v -1.6465 -8.1880 -0.0836
v -1.6497 -8.1904 -0.0899
v -1.6563 -8.1904 -0.0957
v -1.6672 -8.1929 -0.1022
v -1.6825 -8.1954 -0.1062
v -1.7037 -8.1978 -0.1103
v -1.7267 -8.1979 -0.1139
v -1.7524 -8.1953 -0.1162
v -1.7765 -8.1954 -0.1166
v -1.7983 -8.1929 -0.1144
v -1.8159 -8.1904 -0.1103
v -1.8292 -8.1904 -0.1042
v -1.8365 -8.1879 -0.0987
v -1.8404 -8.1854 -0.0931
v -1.8425 -8.1829 -0.0875
v -1.8445 -8.1828 -0.0825
v -1.8466 -8.1779 -0.0775
v -1.8477 -8.1778 -0.0724
v -1.8435 -8.1778 -0.0699
v -1.8332 -8.1753 -0.0690
v -1.8158 -8.1753 -0.0700
v -1.7931 -8.1753 -0.0715
v -1.7678 -8.1778 -0.0730
v -1.7418 -8.1803 -0.0719
v -1.7169 -8.1528 -0.0772
v -1.7410 -8.1503 -0.0788
v -1.6946 -8.1528 -0.0749
v -1.6749 -8.1503 -0.0733
v -1.6610 -8.1527 -0.0737
v -1.6532 -8.1528 -0.0761
v -1.6504 -8.1528 -0.0805
v -1.6493 -8.1554 -0.0855
v -1.6490 -8.1603 -0.0924
v -1.6495 -8.1603 -0.1000
v -1.6517 -8.1628 -0.1076
v -1.6583 -8.1678 -0.1146
v -1.6683 -8.1679 -0.1217
v -1.6835 -8.1703 -0.1264
v -1.7039 -8.1728 -0.1305
v -1.7260 -8.1728 -0.1334
v -1.7499 -8.1728 -0.1369
v -1.7732 -8.1728 -0.1367
v -1.7941 -8.1703 -0.1351
v -1.8116 -8.1702 -0.1304
v -1.8241 -8.1677 -0.1249
v -1.8325 -8.1653 -0.1175
v -1.8364 -8.1628 -0.1107
v -1.8386 -8.1602 -0.1031
v -1.8400 -8.1552 -0.0962
v -1.8413 -8.1528 -0.0900
v -1.8425 -8.1528 -0.0843
v -1.8384 -8.1503 -0.0805
v -1.8281 -8.1478 -0.0784
v -1.8125 -8.1478 -0.0788
v -1.7906 -8.1503 -0.0797
v -1.7671 -8.1503 -0.0799
v -1.7410 -8.1503 -0.0788
v -1.7175 -8.1251 -0.0854
v -1.7409 -8.1277 -0.0864
v -1.6961 -8.1252 -0.0838
v -1.6772 -8.1252 -0.0828
v -1.6642 -8.1252 -0.0845
v -1.6562 -8.1276 -0.0875
v -1.6526 -8.1277 -0.0925
v -1.6514 -8.1303 -0.1000
v -1.6510 -8.1326 -0.1082
v -1.6514 -8.1352 -0.1176
v -1.6527 -8.1402 -0.1265
v -1.6584 -8.1427 -0.1341
v -1.6684 -8.1427 -0.1412
v -1.6836 -8.1452 -0.1446
v -1.7032 -8.1478 -0.1481
v -1.7253 -8.1478 -0.1516
v -1.7492 -8.1478 -0.1545
v -1.7715 -8.1478 -0.1562
v -1.7914 -8.1452 -0.1552
v -1.8081 -8.1427 -0.1517
v -1.8206 -8.1427 -0.1457
v -1.8272 -8.1402 -0.1388
v -1.8322 -8.1377 -0.1301
v -1.8345 -8.1351 -0.1213
v -1.8360 -8.1327 -0.1119
v -1.8374 -8.1302 -0.1037
v -1.8388 -8.1276 -0.0962
v -1.8348 -8.1253 -0.0911
v -1.8254 -8.1252 -0.0878
v -1.8098 -8.1253 -0.0863
v -1.7888 -8.1252 -0.0866
v -1.7653 -8.1278 -0.0862
v -1.7409 -8.1277 -0.0864
v -1.7173 -8.1001 -0.0923
v -1.7407 -8.1001 -0.0933
v -1.6966 -8.1001 -0.0920
v -1.6785 -8.1000 -0.0917
v -1.6655 -8.1001 -0.0946
v -1.6584 -8.1027 -0.0989
v -1.6547 -8.1052 -0.1057
v -1.6525 -8.1051 -0.1145
v -1.6520 -8.1076 -0.1252
v -1.6516 -8.1102 -0.1346
v -1.6528 -8.1127 -0.1441
v -1.6585 -8.1127 -0.1511
v -1.6685 -8.1152 -0.1570
v -1.6830 -8.1177 -0.1604
v -1.7034 -8.1177 -0.1626
v -1.7247 -8.1202 -0.1655
v -1.7486 -8.1202 -0.1684
v -1.7709 -8.1178 -0.1706
v -1.7898 -8.1177 -0.1716
v -1.8063 -8.1152 -0.1693
v -1.8179 -8.1152 -0.1645
v -1.8244 -8.1127 -0.1583
v -1.8276 -8.1101 -0.1495
v -1.8300 -8.1076 -0.1401
v -1.8316 -8.1051 -0.1295
v -1.8341 -8.1027 -0.1188
v -1.8347 -8.1027 -0.1094
v -1.8307 -8.1026 -0.1030
v -1.8224 -8.1001 -0.0972
v -1.8068 -8.1001 -0.0950
v -1.7868 -8.1001 -0.0941
v -1.7641 -8.1001 -0.0937
v -1.7407 -8.1001 -0.0933
v -1.7178 -8.0751 -0.0992
v -1.7403 -8.0750 -0.1002
v -1.6971 -8.0751 -0.0995
v -1.6790 -8.0750 -0.1005
v -1.6668 -8.0750 -0.1034
v -1.6596 -8.0776 -0.1096
v -1.6549 -8.0776 -0.1183
v -1.6536 -8.0801 -0.1278
v -1.6522 -8.0825 -0.1384
v -1.6517 -8.0825 -0.1491
v -1.6530 -8.0851 -0.1580
v -1.6578 -8.0851 -0.1643
v -1.6680 -8.0876 -0.1683
v -1.6833 -8.0901 -0.1711
v -1.7029 -8.0901 -0.1727
v -1.7250 -8.0901 -0.1749
v -1.7480 -8.0901 -0.1785
v -1.7703 -8.0901 -0.1801
v -1.7901 -8.0902 -0.1810
v -1.8056 -8.0877 -0.1807
v -1.8162 -8.0850 -0.1771
v -1.8226 -8.0851 -0.1721
v -1.8258 -8.0825 -0.1640
v -1.8273 -8.0800 -0.1546
v -1.8290 -8.0827 -0.1439
v -1.8306 -8.0801 -0.1332
v -1.8313 -8.0776 -0.1225
v -1.8284 -8.0751 -0.1137
v -1.8192 -8.0750 -0.1072
v -1.8046 -8.0750 -0.1038
v -1.7855 -8.0751 -0.1016
v -1.7629 -8.0751 -0.1006
v -1.7403 -8.0750 -0.1002
v -1.7174 -8.0500 -0.1055
v -1.7399 -8.0525 -0.1059
v -1.6975 -8.0500 -0.1058
v -1.6794 -8.0500 -0.1080
v -1.6672 -8.0500 -0.1116
v -1.6599 -8.0524 -0.1191
v -1.6552 -8.0524 -0.1290
v -1.6538 -8.0550 -0.1391
v -1.6525 -8.0551 -0.1491
v -1.6520 -8.0575 -0.1592
v -1.6524 -8.0599 -0.1674
v -1.6582 -8.0600 -0.1732
v -1.6674 -8.0625 -0.1771
v -1.6828 -8.0625 -0.1792
v -1.7024 -8.0650 -0.1815
v -1.7245 -8.0650 -0.1837
v -1.7476 -8.0651 -0.1854
v -1.7698 -8.0649 -0.1870
v -1.7896 -8.0625 -0.1873
v -1.8060 -8.0626 -0.1870
v -1.8173 -8.0600 -0.1840
v -1.8229 -8.0600 -0.1791
v -1.8260 -8.0575 -0.1716
v -1.8266 -8.0575 -0.1634
v -1.8282 -8.0551 -0.1533
v -1.8289 -8.0550 -0.1433
v -1.8296 -8.0525 -0.1326
v -1.8258 -8.0500 -0.1231
v -1.8176 -8.0500 -0.1160
v -1.8031 -8.0525 -0.1114
v -1.7841 -8.0525 -0.1085
v -1.7624 -8.0525 -0.1075
v -1.7399 -8.0525 -0.1059
v -1.7178 -8.0274 -0.1112
v -1.7394 -8.0274 -0.1109
v -1.6971 -8.0274 -0.1115
v -1.6798 -8.0274 -0.1137
v -1.6675 -8.0274 -0.1192
v -1.6603 -8.0299 -0.1266
v -1.6555 -8.0274 -0.1366
v -1.6533 -8.0299 -0.1467
v -1.6519 -8.0300 -0.1573
v -1.6515 -8.0324 -0.1655
v -1.6529 -8.0323 -0.1725
v -1.6578 -8.0349 -0.1782
v -1.6679 -8.0350 -0.1821
v -1.6823 -8.0349 -0.1855
v -1.7019 -8.0374 -0.1878
v -1.7240 -8.0374 -0.1906
v -1.7469 -8.0374 -0.1929
v -1.7701 -8.0374 -0.1933
v -1.7898 -8.0349 -0.1930
v -1.8071 -8.0349 -0.1914
v -1.8177 -8.0349 -0.1884
v -1.8241 -8.0324 -0.1829
v -1.8263 -8.0324 -0.1760
v -1.8277 -8.0299 -0.1672
v -1.8275 -8.0299 -0.1584
v -1.8282 -8.0274 -0.1483
v -1.8289 -8.0299 -0.1389
v -1.8251 -8.0274 -0.1294
v -1.8160 -8.0273 -0.1229
v -1.8024 -8.0275 -0.1183
v -1.7834 -8.0274 -0.1154
v -1.7618 -8.0273 -0.1132
v -1.7394 -8.0274 -0.1109
v -1.7173 -8.0023 -0.1156
v -1.7388 -8.0023 -0.1166
v -1.6975 -8.0023 -0.1165
v -1.6793 -8.0048 -0.1194
v -1.6670 -8.0048 -0.1248
v -1.6598 -8.0048 -0.1323
v -1.6559 -8.0048 -0.1423
v -1.6537 -8.0073 -0.1523
v -1.6523 -8.0073 -0.1617
v -1.6520 -8.0073 -0.1693
v -1.6525 -8.0099 -0.1762
v -1.6582 -8.0099 -0.1820
v -1.6675 -8.0124 -0.1866
v -1.6818 -8.0123 -0.1906
v -1.7014 -8.0124 -0.1928
v -1.7235 -8.0124 -0.1957
v -1.7464 -8.0124 -0.1986
v -1.7694 -8.0124 -0.1990
v -1.7901 -8.0124 -0.1981
v -1.8074 -8.0124 -0.1958
v -1.8188 -8.0099 -0.1916
v -1.8253 -8.0099 -0.1848
v -1.8275 -8.0099 -0.1785
v -1.8280 -8.0073 -0.1697
v -1.8278 -8.0073 -0.1609
v -1.8284 -8.0074 -0.1521
v -1.8281 -8.0048 -0.1427
v -1.8244 -8.0048 -0.1344
v -1.8153 -8.0049 -0.1279
v -1.8017 -8.0023 -0.1227
v -1.7827 -8.0023 -0.1198
v -1.7612 -8.0024 -0.1176
v -1.7388 -8.0023 -0.1166
v -1.7168 -7.9822 -0.1200
v -1.7383 -7.9823 -0.1197
v -1.6970 -7.9823 -0.1216
v -1.6796 -7.9798 -0.1244
v -1.6674 -7.9848 -0.1299
v -1.6602 -7.9847 -0.1373
v -1.6554 -7.9823 -0.1461
v -1.6533 -7.9823 -0.1555
v -1.6520 -7.9873 -0.1643
v -1.6516 -7.9873 -0.1724
v -1.6530 -7.9873 -0.1788
v -1.6579 -7.9873 -0.1845
v -1.6671 -7.9898 -0.1891
v -1.6815 -7.9898 -0.1931
v -1.7009 -7.9899 -0.1972
v -1.7230 -7.9898 -0.2001
v -1.7459 -7.9898 -0.2024
v -1.7688 -7.9898 -0.2040
v -1.7895 -7.9899 -0.2018
v -1.8076 -7.9898 -0.1996
v -1.8190 -7.9873 -0.1948
v -1.8255 -7.9872 -0.1880
v -1.8277 -7.9873 -0.1804
v -1.8283 -7.9874 -0.1723
v -1.8280 -7.9848 -0.1634
v -1.8286 -7.9848 -0.1540
v -1.8275 -7.9848 -0.1458
v -1.8237 -7.9848 -0.1382
v -1.8146 -7.9848 -0.1311
v -1.8001 -7.9822 -0.1271
v -1.7812 -7.9823 -0.1242
v -1.7606 -7.9823 -0.1220
v -1.7383 -7.9823 -0.1197
v -1.7163 -7.9622 -0.1238
v -1.7377 -7.9621 -0.1235
v -1.6974 -7.9622 -0.1247
v -1.6792 -7.9622 -0.1282
v -1.6670 -7.9622 -0.1330
v -1.6597 -7.9622 -0.1405
v -1.6559 -7.9622 -0.1486
v -1.6538 -7.9622 -0.1574
v -1.6525 -7.9647 -0.1662
v -1.6522 -7.9647 -0.1731
v -1.6527 -7.9647 -0.1794
v -1.6575 -7.9647 -0.1858
v -1.6667 -7.9647 -0.1910
v -1.6819 -7.9648 -0.1956
v -1.7005 -7.9647 -0.1991
v -1.7225 -7.9646 -0.2020
v -1.7454 -7.9647 -0.2055
v -1.7684 -7.9647 -0.2059
v -1.7889 -7.9647 -0.2044
v -1.8070 -7.9647 -0.2015
v -1.8193 -7.9647 -0.1967
v -1.8257 -7.9647 -0.1899
v -1.8279 -7.9648 -0.1836
v -1.8285 -7.9647 -0.1742
v -1.8281 -7.9623 -0.1666
v -1.8278 -7.9621 -0.1571
v -1.8266 -7.9621 -0.1489
v -1.8228 -7.9622 -0.1413
v -1.8138 -7.9622 -0.1349
v -1.7994 -7.9623 -0.1309
v -1.7805 -7.9622 -0.1280
v -1.7600 -7.9623 -0.1258
v -1.7377 -7.9621 -0.1235
v -1.7167 -7.9446 -0.1269
v -1.7372 -7.9446 -0.1273
v -1.6970 -7.9447 -0.1279
v -1.6797 -7.9447 -0.1307
v -1.6674 -7.9447 -0.1356
v -1.6602 -7.9447 -0.1424
v -1.6556 -7.9447 -0.1498
v -1.6535 -7.9447 -0.1580
v -1.6522 -7.9447 -0.1668
v -1.6518 -7.9447 -0.1737
v -1.6523 -7.9446 -0.1806
v -1.6572 -7.9447 -0.1858
v -1.6673 -7.9447 -0.1910
v -1.6815 -7.9447 -0.1962
v -1.7002 -7.9447 -0.1997
v -1.7222 -7.9446 -0.2026
v -1.7450 -7.9447 -0.2061
v -1.7680 -7.9447 -0.2065
v -1.7885 -7.9447 -0.2056
v -1.8066 -7.9447 -0.2021
v -1.8187 -7.9446 -0.1979
v -1.8251 -7.9447 -0.1917
v -1.8273 -7.9447 -0.1842
v -1.8278 -7.9447 -0.1767
v -1.8275 -7.9447 -0.1685
v -1.8272 -7.9447 -0.1597
v -1.8260 -7.9447 -0.1515
v -1.8213 -7.9447 -0.1444
v -1.8122 -7.9447 -0.1386
v -1.7987 -7.9447 -0.1346
v -1.7799 -7.9447 -0.1312
v -1.7586 -7.9447 -0.1289
v -1.7372 -7.9446 -0.1273
v -1.7162 -7.9246 -0.1295
v -1.7367 -7.9247 -0.1305
v -1.6965 -7.9245 -0.1304
v -1.6792 -7.9246 -0.1332
v -1.6670 -7.9246 -0.1374
v -1.6598 -7.9246 -0.1430
v -1.6552 -7.9246 -0.1511
v -1.6531 -7.9270 -0.1580
v -1.6519 -7.9271 -0.1662
v -1.6515 -7.9271 -0.1737
v -1.6521 -7.9272 -0.1800
v -1.6578 -7.9270 -0.1858
v -1.6670 -7.9271 -0.1903
v -1.6813 -7.9271 -0.1956
v -1.6999 -7.9271 -0.1991
v -1.7219 -7.9271 -0.2026
v -1.7448 -7.9271 -0.2055
v -1.7677 -7.9271 -0.2059
v -1.7882 -7.9272 -0.2050
v -1.8061 -7.9271 -0.2028
v -1.8183 -7.9272 -0.1986
v -1.8246 -7.9271 -0.1930
v -1.8267 -7.9271 -0.1861
v -1.8272 -7.9270 -0.1786
v -1.8269 -7.9271 -0.1697
v -1.8265 -7.9271 -0.1616
v -1.8253 -7.9271 -0.1546
v -1.8205 -7.9245 -0.1470
v -1.8115 -7.9246 -0.1405
v -1.7980 -7.9246 -0.1365
v -1.7793 -7.9246 -0.1337
v -1.7580 -7.9246 -0.1321
v -1.7367 -7.9247 -0.1305
v -1.7158 -7.9096 -0.1314
v -1.7363 -7.9095 -0.1324
v -1.6961 -7.9096 -0.1323
v -1.6788 -7.9096 -0.1345
v -1.6666 -7.9096 -0.1387
v -1.6595 -7.9095 -0.1442
v -1.6557 -7.9096 -0.1511
v -1.6537 -7.9096 -0.1580
v -1.6525 -7.9096 -0.1656
v -1.6512 -7.9071 -0.1724
v -1.6518 -7.9071 -0.1781
v -1.6576 -7.9096 -0.1839
v -1.6667 -7.9096 -0.1897
v -1.6810 -7.9096 -0.1937
v -1.6996 -7.9095 -0.1978
v -1.7217 -7.9096 -0.2007
v -1.7445 -7.9095 -0.2037
v -1.7675 -7.9096 -0.2040
v -1.7879 -7.9096 -0.2038
v -1.8058 -7.9096 -0.2016
v -1.8179 -7.9096 -0.1974
v -1.8233 -7.9096 -0.1924
v -1.8262 -7.9096 -0.1862
v -1.8266 -7.9095 -0.1793
v -1.8263 -7.9096 -0.1717
v -1.8259 -7.9096 -0.1635
v -1.8246 -7.9095 -0.1560
v -1.8200 -7.9096 -0.1483
v -1.8109 -7.9096 -0.1432
v -1.7966 -7.9096 -0.1385
v -1.7788 -7.9096 -0.1363
v -1.7576 -7.9096 -0.1341
v -1.7363 -7.9095 -0.1324
v -1.7155 -7.8971 -0.1336
v -1.7360 -7.8970 -0.1339
v -1.6958 -7.8970 -0.1338
v -1.6785 -7.8945 -0.1354
v -1.6671 -7.8945 -0.1396
v -1.6592 -7.8945 -0.1444
v -1.6555 -7.8945 -0.1507
v -1.6535 -7.8946 -0.1569
v -1.6522 -7.8920 -0.1638
v -1.6510 -7.8920 -0.1707
v -1.6516 -7.8920 -0.1770
v -1.6573 -7.8920 -0.1827
v -1.6665 -7.8920 -0.1873
v -1.6807 -7.8895 -0.1914
v -1.6994 -7.8920 -0.1948
v -1.7214 -7.8920 -0.1984
v -1.7443 -7.8920 -0.2013
v -1.7664 -7.8920 -0.2017
v -1.7877 -7.8920 -0.2008
v -1.8048 -7.8945 -0.1992
v -1.8168 -7.8945 -0.1962
v -1.8229 -7.8921 -0.1913
v -1.8249 -7.8920 -0.1857
v -1.8253 -7.8920 -0.1788
v -1.8250 -7.8946 -0.1718
v -1.8246 -7.8945 -0.1637
v -1.8241 -7.8945 -0.1567
v -1.8194 -7.8945 -0.1498
v -1.8103 -7.8945 -0.1446
v -1.7961 -7.8946 -0.1406
v -1.7775 -7.8970 -0.1378
v -1.7572 -7.8970 -0.1355
v -1.7360 -7.8970 -0.1339
v -1.7151 -7.8820 -0.1350
v -1.7356 -7.8819 -0.1353
v -1.6954 -7.8819 -0.1346
v -1.6782 -7.8820 -0.1360
v -1.6669 -7.8820 -0.1395
v -1.6590 -7.8820 -0.1437
v -1.6552 -7.8795 -0.1493
v -1.6532 -7.8795 -0.1562
v -1.6520 -7.8795 -0.1624
v -1.6508 -7.8770 -0.1687
v -1.6522 -7.8770 -0.1750
v -1.6571 -7.8769 -0.1801
v -1.6663 -7.8770 -0.1853
v -1.6805 -7.8745 -0.1895
v -1.6991 -7.8745 -0.1937
v -1.7212 -7.8745 -0.1959
v -1.7441 -7.8745 -0.1981
v -1.7661 -7.8745 -0.1990
v -1.7865 -7.8745 -0.1987
v -1.8044 -7.8745 -0.1970
v -1.8165 -7.8769 -0.1934
v -1.8227 -7.8770 -0.1897
v -1.8247 -7.8771 -0.1841
v -1.8250 -7.8770 -0.1772
v -1.8246 -7.8796 -0.1708
v -1.8241 -7.8795 -0.1639
v -1.8228 -7.8795 -0.1577
v -1.8182 -7.8820 -0.1506
v -1.8091 -7.8820 -0.1449
v -1.7957 -7.8820 -0.1416
v -1.7772 -7.8820 -0.1382
v -1.7568 -7.8820 -0.1368
v -1.7356 -7.8819 -0.1353
v -1.7147 -7.8669 -0.1355
v -1.7352 -7.8669 -0.1364
v -1.6951 -7.8669 -0.1351
v -1.6779 -7.8670 -0.1365
v -1.6665 -7.8644 -0.1395
v -1.6587 -7.8669 -0.1434
v -1.6550 -7.8669 -0.1483
v -1.6530 -7.8644 -0.1540
v -1.6518 -7.8644 -0.1602
v -1.6507 -7.8645 -0.1670
v -1.6512 -7.8619 -0.1728
v -1.6569 -7.8619 -0.1773
v -1.6661 -7.8618 -0.1825
v -1.6804 -7.8594 -0.1868
v -1.6990 -7.8594 -0.1904
v -1.7210 -7.8595 -0.1939
v -1.7439 -7.8594 -0.1954
v -1.7660 -7.8594 -0.1955
v -1.7864 -7.8595 -0.1950
v -1.8043 -7.8619 -0.1937
v -1.8155 -7.8620 -0.1907
v -1.8216 -7.8618 -0.1857
v -1.8244 -7.8620 -0.1814
v -1.8240 -7.8644 -0.1750
v -1.8243 -7.8644 -0.1694
v -1.8239 -7.8670 -0.1624
v -1.8225 -7.8669 -0.1562
v -1.8178 -7.8669 -0.1505
v -1.8087 -7.8695 -0.1460
v -1.7954 -7.8695 -0.1422
v -1.7767 -7.8669 -0.1398
v -1.7564 -7.8669 -0.1378
v -1.7352 -7.8669 -0.1364
v -1.7145 -7.8544 -0.1355
v -1.7349 -7.8544 -0.1370
v -1.6948 -7.8544 -0.1351
v -1.6776 -7.8520 -0.1361
v -1.6663 -7.8519 -0.1382
v -1.6584 -7.8518 -0.1423
v -1.6547 -7.8519 -0.1477
v -1.6528 -7.8519 -0.1532
v -1.6508 -7.8519 -0.1587
v -1.6505 -7.8495 -0.1645
v -1.6510 -7.8493 -0.1701
v -1.6568 -7.8469 -0.1749
v -1.6659 -7.8469 -0.1801
v -1.6803 -7.8469 -0.1843
v -1.6989 -7.8444 -0.1875
v -1.7209 -7.8444 -0.1903
v -1.7438 -7.8444 -0.1918
v -1.7658 -7.8444 -0.1924
v -1.7862 -7.8469 -0.1922
v -1.8033 -7.8469 -0.1903
v -1.8153 -7.8469 -0.1871
v -1.8215 -7.8494 -0.1832
v -1.8234 -7.8494 -0.1789
v -1.8237 -7.8494 -0.1733
v -1.8232 -7.8519 -0.1675
v -1.8227 -7.8519 -0.1613
v -1.8223 -7.8544 -0.1549
v -1.8174 -7.8519 -0.1495
v -1.8084 -7.8519 -0.1446
v -1.7950 -7.8544 -0.1414
v -1.7765 -7.8544 -0.1396
v -1.7562 -7.8545 -0.1377
v -1.7349 -7.8544 -0.1370
v -1.7142 -7.8419 -0.1351
v -1.7347 -7.8419 -0.1353
v -1.6946 -7.8419 -0.1347
v -1.6774 -7.8394 -0.1357
v -1.6661 -7.8393 -0.1371
v -1.6582 -7.8394 -0.1411
v -1.6545 -7.8368 -0.1456
v -1.6517 -7.8369 -0.1510
v -1.6506 -7.8343 -0.1562
v -1.6503 -7.8343 -0.1618
v -1.6509 -7.8343 -0.1673
v -1.6558 -7.8343 -0.1718
v -1.6658 -7.8318 -0.1768
v -1.6801 -7.8318 -0.1816
v -1.6987 -7.8318 -0.1846
v -1.7207 -7.8293 -0.1878
v -1.7436 -7.8293 -0.1892
v -1.7657 -7.8318 -0.1894
v -1.7853 -7.8318 -0.1880
v -1.8031 -7.8318 -0.1865
v -1.8152 -7.8344 -0.1837
v -1.8205 -7.8344 -0.1793
v -1.8233 -7.8368 -0.1753
v -1.8236 -7.8369 -0.1704
v -1.8230 -7.8343 -0.1644
v -1.8225 -7.8368 -0.1586
v -1.8219 -7.8368 -0.1537
v -1.8172 -7.8394 -0.1479
v -1.8081 -7.8394 -0.1437
v -1.7948 -7.8419 -0.1406
v -1.7762 -7.8419 -0.1390
v -1.7559 -7.8419 -0.1373
v -1.7347 -7.8419 -0.1353
v -1.7140 -7.8294 -0.1336
v -1.7345 -7.8294 -0.1345
v -1.6943 -7.8293 -0.1338
v -1.6772 -7.8267 -0.1336
v -1.6651 -7.8268 -0.1362
v -1.6580 -7.8267 -0.1396
v -1.6535 -7.8243 -0.1440
v -1.6516 -7.8242 -0.1483
v -1.6504 -7.8217 -0.1541
v -1.6501 -7.8193 -0.1593
v -1.6507 -7.8193 -0.1642
v -1.6556 -7.8167 -0.1691
v -1.6648 -7.8193 -0.1741
v -1.6791 -7.8168 -0.1787
v -1.6986 -7.8168 -0.1817
v -1.7197 -7.8168 -0.1845
v -1.7426 -7.8168 -0.1859
v -1.7655 -7.8168 -0.1863
v -1.7851 -7.8168 -0.1854
v -1.8030 -7.8193 -0.1828
v -1.8142 -7.8193 -0.1795
v -1.8203 -7.8218 -0.1760
v -1.8230 -7.8194 -0.1719
v -1.8233 -7.8218 -0.1667
v -1.8228 -7.8218 -0.1618
v -1.8223 -7.8243 -0.1566
v -1.8217 -7.8243 -0.1504
v -1.8170 -7.8268 -0.1454
v -1.8079 -7.8268 -0.1419
v -1.7945 -7.8293 -0.1388
v -1.7760 -7.8293 -0.1367
v -1.7557 -7.8293 -0.1357
v -1.7345 -7.8294 -0.1345
v -1.7137 -7.8143 -0.1327
v -1.7342 -7.8143 -0.1329
v -1.6941 -7.8143 -0.1316
v -1.6769 -7.8118 -0.1326
v -1.6649 -7.8144 -0.1335
v -1.6579 -7.8144 -0.1369
v -1.6533 -7.8118 -0.1414
v -1.6513 -7.8093 -0.1465
v -1.6503 -7.8093 -0.1514
v -1.6491 -7.8068 -0.1566
v -1.6505 -7.8043 -0.1613
v -1.6554 -7.8043 -0.1665
v -1.6646 -7.8018 -0.1710
v -1.6789 -7.8018 -0.1753
v -1.6984 -7.8017 -0.1790
v -1.7196 -7.8017 -0.1812
v -1.7425 -7.8018 -0.1831
v -1.7645 -7.8018 -0.1829
v -1.7850 -7.8043 -0.1814
v -1.8020 -7.8043 -0.1790
v -1.8140 -7.8043 -0.1756
v -1.8201 -7.8043 -0.1723
v -1.8221 -7.8068 -0.1677
v -1.8223 -7.8068 -0.1633
v -1.8226 -7.8093 -0.1581
v -1.8221 -7.8118 -0.1529
v -1.8216 -7.8119 -0.1474
v -1.8168 -7.8143 -0.1423
v -1.8077 -7.8143 -0.1389
v -1.7944 -7.8167 -0.1359
v -1.7757 -7.8143 -0.1349
v -1.7554 -7.8143 -0.1341
v -1.7342 -7.8143 -0.1329
v -1.7127 -7.8018 -0.1297
v -1.7340 -7.8017 -0.1305
v -1.6939 -7.8017 -0.1292
v -1.6759 -7.7992 -0.1295
v -1.6647 -7.7992 -0.1314
v -1.6567 -7.7967 -0.1351
v -1.6523 -7.7967 -0.1385
v -1.6503 -7.7967 -0.1433
v -1.6492 -7.7942 -0.1486
v -1.6490 -7.7942 -0.1535
v -1.6495 -7.7916 -0.1588
v -1.6553 -7.7892 -0.1632
v -1.6645 -7.7892 -0.1680
v -1.6787 -7.7867 -0.1727
v -1.6982 -7.7867 -0.1765
v -1.7193 -7.7842 -0.1791
v -1.7422 -7.7843 -0.1809
v -1.7643 -7.7867 -0.1795
v -1.7847 -7.7866 -0.1783
v -1.8017 -7.7867 -0.1751
v -1.8138 -7.7892 -0.1718
v -1.8199 -7.7917 -0.1688
v -1.8218 -7.7917 -0.1644
v -1.8221 -7.7943 -0.1598
v -1.8225 -7.7967 -0.1546
v -1.8219 -7.7968 -0.1497
v -1.8213 -7.7967 -0.1441
v -1.8165 -7.7992 -0.1397
v -1.8074 -7.7993 -0.1364
v -1.7940 -7.7992 -0.1339
v -1.7755 -7.8017 -0.1323
v -1.7552 -7.8017 -0.1316
v -1.7340 -7.8017 -0.1305
v -1.7124 -7.7867 -0.1271
v -1.7338 -7.7892 -0.1275
v -1.6928 -7.7868 -0.1266
v -1.6757 -7.7867 -0.1265
v -1.6637 -7.7867 -0.1277
v -1.6566 -7.7841 -0.1314
v -1.6520 -7.7817 -0.1358
v -1.6500 -7.7792 -0.1410
v -1.6490 -7.7793 -0.1459
v -1.6478 -7.7766 -0.1505
v -1.6493 -7.7767 -0.1555
v -1.6542 -7.7742 -0.1605
v -1.6643 -7.7743 -0.1654
v -1.6785 -7.7717 -0.1696
v -1.6980 -7.7717 -0.1734
v -1.7191 -7.7692 -0.1766
v -1.7420 -7.7692 -0.1772
v -1.7641 -7.7717 -0.1763
v -1.7845 -7.7716 -0.1749
v -1.8016 -7.7742 -0.1713
v -1.8136 -7.7742 -0.1682
v -1.8189 -7.7767 -0.1639
v -1.8216 -7.7767 -0.1601
v -1.8219 -7.7792 -0.1555
v -1.8221 -7.7792 -0.1511
v -1.8216 -7.7816 -0.1459
v -1.8211 -7.7842 -0.1407
v -1.8163 -7.7843 -0.1360
v -1.8073 -7.7868 -0.1324
v -1.7938 -7.7867 -0.1300
v -1.7753 -7.7867 -0.1289
v -1.7550 -7.7867 -0.1283
v -1.7338 -7.7892 -0.1275
v -1.7122 -7.7717 -0.1240
v -1.7335 -7.7717 -0.1241
v -1.6926 -7.7717 -0.1228
v -1.6755 -7.7717 -0.1233
v -1.6634 -7.7692 -0.1242
v -1.6554 -7.7666 -0.1284
v -1.6511 -7.7692 -0.1315
v -1.6490 -7.7666 -0.1373
v -1.6479 -7.7641 -0.1419
v -1.6476 -7.7616 -0.1478
v -1.6482 -7.7591 -0.1526
v -1.6539 -7.7566 -0.1577
v -1.6632 -7.7591 -0.1616
v -1.6783 -7.7566 -0.1666
v -1.6977 -7.7541 -0.1702
v -1.7189 -7.7542 -0.1730
v -1.7417 -7.7541 -0.1742
v -1.7638 -7.7541 -0.1730
v -1.7842 -7.7566 -0.1711
v -1.8013 -7.7566 -0.1676
v -1.8125 -7.7591 -0.1635
v -1.8185 -7.7591 -0.1606
v -1.8214 -7.7616 -0.1564
v -1.8216 -7.7616 -0.1515
v -1.8219 -7.7641 -0.1469
v -1.8214 -7.7666 -0.1416
v -1.8209 -7.7691 -0.1364
v -1.8161 -7.7717 -0.1314
v -1.8069 -7.7692 -0.1286
v -1.7936 -7.7717 -0.1265
v -1.7750 -7.7717 -0.1250
v -1.7547 -7.7717 -0.1251
v -1.7335 -7.7717 -0.1241
v -1.7119 -7.7566 -0.1202
v -1.7332 -7.7566 -0.1203
v -1.6924 -7.7566 -0.1190
v -1.6753 -7.7566 -0.1188
v -1.6623 -7.7542 -0.1208
v -1.6552 -7.7515 -0.1239
v -1.6508 -7.7516 -0.1285
v -1.6488 -7.7490 -0.1331
v -1.6467 -7.7465 -0.1389
v -1.6465 -7.7466 -0.1439
v -1.6480 -7.7442 -0.1487
v -1.6528 -7.7416 -0.1537
v -1.6628 -7.7391 -0.1586
v -1.6771 -7.7366 -0.1636
v -1.6966 -7.7366 -0.1669
v -1.7186 -7.7366 -0.1692
v -1.7415 -7.7366 -0.1703
v -1.7636 -7.7391 -0.1692
v -1.7839 -7.7366 -0.1672
v -1.8010 -7.7391 -0.1633
v -1.8122 -7.7416 -0.1596
v -1.8183 -7.7416 -0.1555
v -1.8210 -7.7440 -0.1519
v -1.8214 -7.7467 -0.1472
v -1.8216 -7.7466 -0.1423
v -1.8211 -7.7491 -0.1370
v -1.8205 -7.7516 -0.1318
v -1.8158 -7.7541 -0.1268
v -1.8067 -7.7542 -0.1244
v -1.7933 -7.7567 -0.1224
v -1.7748 -7.7566 -0.1210
v -1.7544 -7.7565 -0.1205
v -1.7332 -7.7566 -0.1203
v -1.7116 -7.7391 -0.1161
v -1.7329 -7.7391 -0.1168
v -1.6920 -7.7391 -0.1148
v -1.6740 -7.7366 -0.1149
v -1.6620 -7.7366 -0.1159
v -1.6541 -7.7341 -0.1194
v -1.6495 -7.7315 -0.1238
v -1.6476 -7.7316 -0.1293
v -1.6465 -7.7290 -0.1346
v -1.6454 -7.7265 -0.1392
v -1.6468 -7.7240 -0.1447
v -1.6516 -7.7215 -0.1498
v -1.6617 -7.7215 -0.1543
v -1.6768 -7.7190 -0.1594
v -1.6962 -7.7190 -0.1629
v -1.7182 -7.7165 -0.1655
v -1.7410 -7.7165 -0.1665
v -1.7632 -7.7191 -0.1654
v -1.7827 -7.7190 -0.1630
v -1.8006 -7.7215 -0.1588
v -1.8118 -7.7240 -0.1551
v -1.8180 -7.7265 -0.1505
v -1.8206 -7.7240 -0.1469
v -1.8209 -7.7265 -0.1429
v -1.8212 -7.7290 -0.1382
v -1.8207 -7.7316 -0.1323
v -1.8201 -7.7315 -0.1267
v -1.8153 -7.7341 -0.1224
v -1.8071 -7.7365 -0.1190
v -1.7930 -7.7391 -0.1173
v -1.7753 -7.7391 -0.1172
v -1.7541 -7.7391 -0.1176
v -1.7329 -7.7391 -0.1168
v -1.7112 -7.7190 -0.1114
v -1.7324 -7.7190 -0.1128
v -1.6916 -7.7190 -0.1108
v -1.6736 -7.7165 -0.1107
v -1.6616 -7.7165 -0.1111
v -1.6538 -7.7165 -0.1142
v -1.6492 -7.7140 -0.1192
v -1.6464 -7.7114 -0.1237
v -1.6452 -7.7090 -0.1296
v -1.6450 -7.7065 -0.1349
v -1.6456 -7.7065 -0.1394
v -1.6513 -7.7015 -0.1449
v -1.6613 -7.7015 -0.1496
v -1.6756 -7.6990 -0.1547
v -1.6958 -7.6964 -0.1586
v -1.7178 -7.6990 -0.1612
v -1.7407 -7.6990 -0.1616
v -1.7627 -7.6964 -0.1604
v -1.7831 -7.6990 -0.1580
v -1.8001 -7.6990 -0.1541
v -1.8113 -7.7015 -0.1496
v -1.8175 -7.7040 -0.1456
v -1.8202 -7.7064 -0.1414
v -1.8213 -7.7065 -0.1369
v -1.8207 -7.7090 -0.1323
v -1.8211 -7.7115 -0.1270
v -1.8197 -7.7140 -0.1218
v -1.8158 -7.7165 -0.1168
v -1.8067 -7.7165 -0.1139
v -1.7925 -7.7190 -0.1123
v -1.7748 -7.7190 -0.1124
v -1.7536 -7.7190 -0.1128
v -1.7324 -7.7190 -0.1128
v -1.7107 -7.6990 -0.1070
v -1.7319 -7.6990 -0.1077
v -1.6911 -7.6964 -0.1059
v -1.6732 -7.6964 -0.1048
v -1.6611 -7.6939 -0.1054
v -1.6533 -7.6940 -0.1079
v -1.6488 -7.6914 -0.1129
v -1.6459 -7.6888 -0.1180
v -1.6439 -7.6864 -0.1238
v -1.6437 -7.6864 -0.1289
v -1.6443 -7.6838 -0.1336
v -1.6499 -7.6789 -0.1391
v -1.6599 -7.6765 -0.1441
v -1.6751 -7.6764 -0.1492
v -1.6945 -7.6765 -0.1528
v -1.7164 -7.6739 -0.1560
v -1.7401 -7.6739 -0.1564
v -1.7622 -7.6764 -0.1545
v -1.7826 -7.6764 -0.1517
v -1.7995 -7.6763 -0.1482
v -1.8116 -7.6790 -0.1436
v -1.8177 -7.6813 -0.1395
v -1.8206 -7.6839 -0.1346
v -1.8207 -7.6839 -0.1308
v -1.8210 -7.6864 -0.1262
v -1.8206 -7.6914 -0.1201
v -1.8201 -7.6939 -0.1141
v -1.8154 -7.6964 -0.1099
v -1.8062 -7.6965 -0.1070
v -1.7928 -7.6964 -0.1064
v -1.7743 -7.6990 -0.1071
v -1.7531 -7.6989 -0.1077
v -1.7319 -7.6990 -0.1077
v -1.7101 -7.6764 -0.1008
v -1.7314 -7.6764 -0.1015
v -1.6905 -7.6738 -0.0990
v -1.6735 -7.6739 -0.0972
v -1.6606 -7.6714 -0.0976
v -1.6527 -7.6689 -0.1003
v -1.6483 -7.6688 -0.1044
v -1.6454 -7.6663 -0.1102
v -1.6434 -7.6613 -0.1161
v -1.6422 -7.6588 -0.1213
v -1.6429 -7.6588 -0.1265
v -1.6486 -7.6564 -0.1318
v -1.6586 -7.6538 -0.1369
v -1.6736 -7.6513 -0.1422
v -1.6939 -7.6513 -0.1460
v -1.7158 -7.6488 -0.1486
v -1.7395 -7.6488 -0.1489
v -1.7616 -7.6513 -0.1476
v -1.7818 -7.6489 -0.1448
v -1.7989 -7.6512 -0.1404
v -1.8109 -7.6538 -0.1358
v -1.8171 -7.6563 -0.1311
v -1.8200 -7.6613 -0.1273
v -1.8210 -7.6613 -0.1227
v -1.8204 -7.6638 -0.1182
v -1.8208 -7.6664 -0.1122
v -1.8194 -7.6689 -0.1064
v -1.8155 -7.6714 -0.1021
v -1.8065 -7.6739 -0.0991
v -1.7922 -7.6738 -0.0993
v -1.7736 -7.6739 -0.1003
v -1.7534 -7.6764 -0.1014
v -1.7314 -7.6764 -0.1015
v -1.7103 -7.6513 -0.0932
v -1.7315 -7.6512 -0.0945
v -1.6908 -7.6488 -0.0898
v -1.6738 -7.6488 -0.0880
v -1.6609 -7.6463 -0.0870
v -1.6531 -7.6438 -0.0889
v -1.6477 -7.6413 -0.0938
v -1.6449 -7.6388 -0.0989
v -1.6429 -7.6363 -0.1047
v -1.6417 -7.6338 -0.1105
v -1.6422 -7.6287 -0.1152
v -1.6471 -7.6262 -0.1211
v -1.6571 -7.6263 -0.1274
v -1.6722 -7.6237 -0.1321
v -1.6923 -7.6212 -0.1366
v -1.7151 -7.6212 -0.1398
v -1.7388 -7.6213 -0.1401
v -1.7608 -7.6212 -0.1383
v -1.7812 -7.6237 -0.1353
v -1.7991 -7.6262 -0.1308
v -1.8111 -7.6287 -0.1255
v -1.8172 -7.6288 -0.1209
v -1.8200 -7.6313 -0.1167
v -1.8211 -7.6338 -0.1113
v -1.8207 -7.6389 -0.1068
v -1.8209 -7.6388 -0.1008
v -1.8204 -7.6413 -0.0942
v -1.8157 -7.6463 -0.0907
v -1.8058 -7.6487 -0.0891
v -1.7924 -7.6488 -0.0893
v -1.7739 -7.6513 -0.0916
v -1.7526 -7.6513 -0.0944
v -1.7315 -7.6512 -0.0945
v -1.7103 -7.6212 -0.0821
v -1.7306 -7.6213 -0.0848
v -1.6917 -7.6212 -0.0780
v -1.6748 -7.6187 -0.0726
v -1.6620 -7.6162 -0.0708
v -1.6542 -7.6138 -0.0720
v -1.6488 -7.6112 -0.0755
v -1.6450 -7.6062 -0.0818
v -1.6432 -7.6062 -0.0871
v -1.6410 -7.6012 -0.0934
v -1.6417 -7.5987 -0.0987
v -1.6465 -7.5961 -0.1052
v -1.6555 -7.5937 -0.1120
v -1.6713 -7.5911 -0.1187
v -1.6915 -7.5887 -0.1231
v -1.7134 -7.5886 -0.1263
v -1.7378 -7.5886 -0.1274
v -1.7607 -7.5887 -0.1249
v -1.7811 -7.5911 -0.1215
v -1.7990 -7.5937 -0.1165
v -1.8110 -7.5936 -0.1105
v -1.8180 -7.5961 -0.1045
v -1.8209 -7.6012 -0.1004
v -1.8212 -7.6038 -0.0952
v -1.8215 -7.6062 -0.0899
v -1.8218 -7.6087 -0.0846
v -1.8205 -7.6112 -0.0781
v -1.8158 -7.6162 -0.0754
v -1.8067 -7.6187 -0.0737
v -1.7923 -7.6187 -0.0767
v -1.7729 -7.6212 -0.0813
v -1.7526 -7.6212 -0.0840
v -1.7306 -7.6213 -0.0848
v -1.7381 -7.5962 -0.1049
v -1.7381 -7.5962 -0.1049
v -1.7381 -7.5962 -0.1049
v -1.7381 -7.5962 -0.1049
v -1.7381 -7.5962 -0.1049
v -1.7381 -7.5962 -0.1049
v -1.7381 -7.5962 -0.1049
v -1.7381 -7.5962 -0.1049
v -1.7381 -7.5962 -0.1049
v -1.7381 -7.5962 -0.1049
v -1.7381 -7.5962 -0.1049
v -1.7381 -7.5962 -0.1049
v -1.7381 -7.5962 -0.1049
v -1.7381 -7.5962 -0.1049
v -1.7381 -7.5962 -0.1049
v -1.7381 -7.5962 -0.1049
v -1.7381 -7.5962 -0.1049
v -1.7381 -7.5962 -0.1049
v -1.7381 -7.5962 -0.1049
v -1.7381 -7.5962 -0.1049
v -1.7381 -7.5962 -0.1049
v -1.7381 -7.5962 -0.1049
v -1.7381 -7.5962 -0.1049
v -1.7381 -7.5962 -0.1049
v -1.7381 -7.5962 -0.1049
v -1.7381 -7.5962 -0.1049
v -1.7381 -7.5962 -0.1049
v -1.7381 -7.5962 -0.1049
v -1.7381 -7.5962 -0.1049
v -1.7381 -7.5962 -0.1049
v -1.7381 -7.5962 -0.1049
v -1.7381 -7.5962 -0.1049
v -1.7381 -7.5962 -0.1049
vt 0.9547 0.9603
vt 0.9547 0.9627
vt 0.9676 0.9627
vt 0.9676 0.9603
vt 0.9418 0.9603
vt 0.9161 0.9603
vt 0.9161 0.9627
vt 0.9289 0.9627
vt 0.8903 0.9603
vt 0.9032 0.9627
vt 0.9032 0.9603
vt 0.8903 0.9627
vt 0.8774 0.9603
vt 0.8645 0.9603
vt 0.8645 0.9627
vt 0.8774 0.9627
vt 0.8387 0.9603
vt 0.8516 0.9627
vt 0.8516 0.9603
vt 0.8387 0.9627
vt 0.8129 0.9603
vt 0.8258 0.9627
vt 0.8258 0.9603
vt 0.8129 0.9627
vt 0.8000 0.9603
vt 0.7872 0.9603
vt 0.7872 0.9627
vt 0.8000 0.9627
vt 0.7743 0.9603
vt 0.7614 0.9603
vt 0.7614 0.9627
vt 0.7743 0.9627
vt 0.7356 0.9603
vt 0.7485 0.9627
vt 0.7485 0.9603
vt 0.7356 0.9627
vt 0.7098 0.9603
vt 0.7227 0.9627
vt 0.7227 0.9603
vt 0.7098 0.9627
vt 0.6840 0.9603
vt 0.6969 0.9627
vt 0.6969 0.9603
vt 0.6840 0.9627
vt 0.6583 0.9603
vt 0.6712 0.9627
vt 0.6712 0.9603
vt 0.6583 0.9627
vt 0.6454 0.9603
vt 0.6325 0.9603
vt 0.6325 0.9627
vt 0.6454 0.9627
vt 0.6196 0.9603
vt 0.6067 0.9603
vt 0.6067 0.9627
vt 0.6196 0.9627
vt 0.5938 0.9603
vt 0.5809 0.9603
vt 0.5809 0.9627
vt 0.5938 0.9627
vt 0.5680 0.9603
vt 0.5551 0.9603
vt 0.5551 0.9627
vt 0.5680 0.9627
vt 0.9418 0.9578
vt 0.9547 0.9603
vt 0.9547 0.9578
vt 0.9161 0.9578
vt 0.9289 0.9603
vt 0.9289 0.9578
vt 0.9161 0.9603
vt 0.8903 0.9578
vt 0.9032 0.9603
vt 0.9032 0.9578
vt 0.8645 0.9578
vt 0.8774 0.9603
vt 0.8774 0.9578
vt 0.8645 0.9603
vt 0.8387 0.9578
vt 0.8516 0.9603
vt 0.8516 0.9578
vt 0.8129 0.9578
vt 0.8258 0.9603
vt 0.8258 0.9578
vt 0.7872 0.9578
vt 0.8000 0.9603
vt 0.8000 0.9578
vt 0.7872 0.9603
vt 0.7614 0.9578
vt 0.7743 0.9603
vt 0.7743 0.9578
vt 0.7614 0.9603
vt 0.7485 0.9578
vt 0.7356 0.9578
vt 0.7227 0.9578
vt 0.7098 0.9578
vt 0.6969 0.9578
vt 0.6840 0.9578
vt 0.6712 0.9578
vt 0.6583 0.9578
vt 0.6454 0.9578
vt 0.6325 0.9578
vt 0.6325 0.9603
vt 0.6454 0.9603
vt 0.6196 0.9578
vt 0.6067 0.9578
vt 0.6067 0.9603
vt 0.6196 0.9603
vt 0.5938 0.9578
vt 0.5809 0.9578
vt 0.5809 0.9603
vt 0.5938 0.9603
vt 0.5680 0.9578
vt 0.5551 0.9578
vt 0.5551 0.9603
vt 0.5680 0.9603
vt 0.9418 0.9627
vt 0.9418 0.9603
vt 0.9032 0.9603
vt 0.8516 0.9603
vt 0.8258 0.9603
vt 0.7485 0.9603
vt 0.7227 0.9603
vt 0.6969 0.9603
vt 0.6712 0.9603
vt 0.9547 0.9578
vt 0.9676 0.9603
vt 0.9676 0.9578
vt 0.9032 0.9578
vt 0.8516 0.9578
vt 0.8000 0.9578
vt 0.7485 0.9578
vt 0.7227 0.9578
vt 0.6969 0.9578
vt 0.6712 0.9578
vt 0.6454 0.9578
vt 0.6196 0.9578
vt 0.5938 0.9578
vt 0.5680 0.9578
vt 0.9418 0.9554
vt 0.9547 0.9554
vt 0.9676 0.9578
vt 0.9676 0.9554
vt 0.9547 0.9554
vt 0.9289 0.9554
vt 0.9161 0.9554
vt 0.9032 0.9554
vt 0.8903 0.9554
vt 0.8774 0.9554
vt 0.8645 0.9554
vt 0.8516 0.9554
vt 0.8387 0.9554
vt 0.8258 0.9554
vt 0.8129 0.9554
vt 0.8000 0.9554
vt 0.7872 0.9554
vt 0.7743 0.9554
vt 0.7614 0.9554
vt 0.7485 0.9554
vt 0.7356 0.9554
vt 0.7227 0.9554
vt 0.7098 0.9554
vt 0.6969 0.9554
vt 0.6840 0.9554
vt 0.6712 0.9554
vt 0.6583 0.9554
vt 0.6454 0.9554
vt 0.6325 0.9554
vt 0.6196 0.9554
vt 0.6067 0.9554
vt 0.5938 0.9554
vt 0.5809 0.9554
vt 0.5680 0.9554
vt 0.5551 0.9554
vt 0.9418 0.9530
vt 0.9547 0.9530
vt 0.9676 0.9530
vt 0.9289 0.9530
vt 0.9161 0.9530
vt 0.9032 0.9530
vt 0.8903 0.9530
vt 0.8774 0.9530
vt 0.8645 0.9530
vt 0.8516 0.9530
vt 0.8387 0.9530
vt 0.8258 0.9530
vt 0.8129 0.9530
vt 0.8000 0.9530
vt 0.7872 0.9530
vt 0.7743 0.9530
vt 0.7614 0.9530
vt 0.7485 0.9530
vt 0.7356 0.9530
vt 0.7227 0.9530
vt 0.7098 0.9530
vt 0.6969 0.9530
vt 0.6840 0.9530
vt 0.6712 0.9530
vt 0.6583 0.9530
vt 0.6454 0.9530
vt 0.6325 0.9530
vt 0.6196 0.9530
vt 0.6067 0.9530
vt 0.5938 0.9530
vt 0.5809 0.9530
vt 0.5680 0.9530
vt 0.5551 0.9530
vt 0.9418 0.9506
vt 0.9547 0.9506
vt 0.9676 0.9530
vt 0.9676 0.9506
vt 0.9547 0.9506
vt 0.9289 0.9506
vt 0.9161 0.9506
vt 0.9032 0.9506
vt 0.8903 0.9506
vt 0.8774 0.9506
vt 0.8645 0.9506
vt 0.8516 0.9506
vt 0.8387 0.9506
vt 0.8258 0.9506
vt 0.8129 0.9506
vt 0.8000 0.9506
vt 0.7872 0.9506
vt 0.7743 0.9506
vt 0.7614 0.9506
vt 0.7485 0.9506
vt 0.7356 0.9506
vt 0.7227 0.9506
vt 0.7098 0.9506
vt 0.6969 0.9506
vt 0.6840 0.9506
vt 0.6712 0.9506
vt 0.6583 0.9506
vt 0.6454 0.9506
vt 0.6325 0.9506
vt 0.6196 0.9506
vt 0.6067 0.9506
vt 0.5938 0.9506
vt 0.5809 0.9506
vt 0.5680 0.9506
vt 0.5551 0.9506
vt 0.9418 0.9482
vt 0.9547 0.9482
vt 0.9676 0.9482
vt 0.9289 0.9482
vt 0.9161 0.9482
vt 0.9032 0.9482
vt 0.8903 0.9482
vt 0.8774 0.9482
vt 0.8645 0.9482
vt 0.8516 0.9482
vt 0.8387 0.9482
vt 0.8258 0.9482
vt 0.8129 0.9482
vt 0.8000 0.9482
vt 0.7872 0.9482
vt 0.7743 0.9482
vt 0.7614 0.9482
vt 0.7485 0.9482
vt 0.7356 0.9482
vt 0.7227 0.9482
vt 0.7098 0.9482
vt 0.6969 0.9482
vt 0.6840 0.9482
vt 0.6712 0.9482
vt 0.6583 0.9482
vt 0.6454 0.9482
vt 0.6325 0.9482
vt 0.6196 0.9482
vt 0.6067 0.9482
vt 0.5938 0.9482
vt 0.5809 0.9482
vt 0.5680 0.9482
vt 0.5551 0.9482
vt 0.9418 0.9458
vt 0.9547 0.9458
vt 0.9676 0.9458
vt 0.9289 0.9458
vt 0.9161 0.9458
vt 0.9032 0.9458
vt 0.8903 0.9458
vt 0.8774 0.9458
vt 0.8645 0.9458
vt 0.8516 0.9458
vt 0.8387 0.9458
vt 0.8258 0.9458
vt 0.8129 0.9458
vt 0.8000 0.9458
vt 0.7872 0.9458
vt 0.7743 0.9458
vt 0.7614 0.9458
vt 0.7485 0.9458
vt 0.7356 0.9458
vt 0.7227 0.9458
vt 0.7098 0.9458
vt 0.6969 0.9458
vt 0.6840 0.9458
vt 0.6712 0.9458
vt 0.6583 0.9458
vt 0.6454 0.9458
vt 0.6325 0.9458
vt 0.6196 0.9458
vt 0.6067 0.9458
vt 0.5938 0.9458
vt 0.5809 0.9458
vt 0.5680 0.9458
vt 0.5551 0.9458
vt 0.9418 0.9433
vt 0.9547 0.9433
vt 0.9676 0.9433
vt 0.9289 0.9433
vt 0.9161 0.9433
vt 0.9032 0.9433
vt 0.8903 0.9433
vt 0.8774 0.9433
vt 0.8645 0.9433
vt 0.8516 0.9433
vt 0.8387 0.9433
vt 0.8258 0.9433
vt 0.8129 0.9433
vt 0.8000 0.9433
vt 0.7872 0.9433
vt 0.7743 0.9433
vt 0.7614 0.9433
vt 0.7485 0.9433
vt 0.7356 0.9433
vt 0.7227 0.9433
vt 0.7098 0.9433
vt 0.6969 0.9433
vt 0.6840 0.9433
vt 0.6712 0.9433
vt 0.6583 0.9433
vt 0.6454 0.9433
vt 0.6325 0.9433
vt 0.6196 0.9433
vt 0.6067 0.9433
vt 0.5938 0.9433
vt 0.5809 0.9433
vt 0.5680 0.9433
vt 0.5551 0.9433
vt 0.9418 0.9409
vt 0.9547 0.9409
vt 0.9676 0.9409
vt 0.9289 0.9409
vt 0.9161 0.9409
vt 0.9032 0.9409
vt 0.8903 0.9409
vt 0.8774 0.9409
vt 0.8645 0.9409
vt 0.8516 0.9409
vt 0.8387 0.9409
vt 0.8258 0.9409
vt 0.8129 0.9409
vt 0.8000 0.9409
vt 0.7872 0.9409
vt 0.7743 0.9409
vt 0.7614 0.9409
vt 0.7485 0.9409
vt 0.7356 0.9409
vt 0.7227 0.9409
vt 0.7098 0.9409
vt 0.6969 0.9409
vt 0.6840 0.9409
vt 0.6712 0.9409
vt 0.6583 0.9409
vt 0.6454 0.9409
vt 0.6325 0.9409
vt 0.6196 0.9409
vt 0.6067 0.9409
vt 0.5938 0.9409
vt 0.5809 0.9409
vt 0.5680 0.9409
vt 0.5551 0.9409
vt 0.9418 0.9385
vt 0.9547 0.9385
vt 0.9676 0.9385
vt 0.9289 0.9385
vt 0.9161 0.9385
vt 0.9032 0.9385
vt 0.8903 0.9385
vt 0.8774 0.9385
vt 0.8645 0.9385
vt 0.8516 0.9385
vt 0.8387 0.9385
vt 0.8258 0.9385
vt 0.8129 0.9385
vt 0.8000 0.9385
vt 0.7872 0.9385
vt 0.7743 0.9385
vt 0.7614 0.9385
vt 0.7485 0.9385
vt 0.7356 0.9385
vt 0.7227 0.9385
vt 0.7098 0.9385
vt 0.6969 0.9385
vt 0.6840 0.9385
vt 0.6712 0.9385
vt 0.6583 0.9385
vt 0.6454 0.9385
vt 0.6325 0.9385
vt 0.6196 0.9385
vt 0.6067 0.9385
vt 0.5938 0.9385
vt 0.5809 0.9385
vt 0.5680 0.9385
vt 0.5551 0.9385
vt 0.9418 0.9361
vt 0.9547 0.9361
vt 0.9676 0.9385
vt 0.9676 0.9361
vt 0.9547 0.9361
vt 0.9289 0.9361
vt 0.9161 0.9361
vt 0.9032 0.9361
vt 0.8903 0.9361
vt 0.8774 0.9361
vt 0.8645 0.9361
vt 0.8516 0.9361
vt 0.8387 0.9361
vt 0.8258 0.9361
vt 0.8129 0.9361
vt 0.8000 0.9361
vt 0.7872 0.9361
vt 0.7743 0.9361
vt 0.7614 0.9361
vt 0.7485 0.9361
vt 0.7356 0.9361
vt 0.7227 0.9361
vt 0.7098 0.9361
vt 0.6969 0.9361
vt 0.6840 0.9361
vt 0.6712 0.9361
vt 0.6583 0.9361
vt 0.6454 0.9361
vt 0.6325 0.9361
vt 0.6196 0.9361
vt 0.6067 0.9361
vt 0.5938 0.9361
vt 0.5809 0.9361
vt 0.5680 0.9361
vt 0.5551 0.9361
vt 0.9418 0.9337
vt 0.9547 0.9337
vt 0.9676 0.9337
vt 0.9289 0.9337
vt 0.9161 0.9337
vt 0.9032 0.9337
vt 0.8903 0.9337
vt 0.8774 0.9337
vt 0.8645 0.9337
vt 0.8516 0.9337
vt 0.8387 0.9337
vt 0.8258 0.9337
vt 0.8129 0.9337
vt 0.8000 0.9337
vt 0.7872 0.9337
vt 0.7743 0.9337
vt 0.7614 0.9337
vt 0.7485 0.9337
vt 0.7356 0.9337
vt 0.7227 0.9337
vt 0.7098 0.9337
vt 0.6969 0.9337
vt 0.6840 0.9337
vt 0.6712 0.9337
vt 0.6583 0.9337
vt 0.6454 0.9337
vt 0.6325 0.9337
vt 0.6196 0.9337
vt 0.6067 0.9337
vt 0.5938 0.9337
vt 0.5809 0.9337
vt 0.5680 0.9337
vt 0.5551 0.9337
vt 0.9418 0.9313
vt 0.9547 0.9313
vt 0.9676 0.9313
vt 0.9289 0.9313
vt 0.9161 0.9313
vt 0.9032 0.9313
vt 0.8903 0.9313
vt 0.8774 0.9313
vt 0.8645 0.9313
vt 0.8516 0.9313
vt 0.8387 0.9313
vt 0.8258 0.9313
vt 0.8129 0.9313
vt 0.8000 0.9313
vt 0.7872 0.9313
vt 0.7743 0.9313
vt 0.7614 0.9313
vt 0.7485 0.9313
vt 0.7356 0.9313
vt 0.7227 0.9313
vt 0.7098 0.9313
vt 0.6969 0.9313
vt 0.6840 0.9313
vt 0.6712 0.9313
vt 0.6583 0.9313
vt 0.6454 0.9313
vt 0.6325 0.9313
vt 0.6196 0.9313
vt 0.6067 0.9313
vt 0.5938 0.9313
vt 0.5809 0.9313
vt 0.5680 0.9313
vt 0.5551 0.9313
vt 0.9418 0.9288
vt 0.9547 0.9288
vt 0.9676 0.9288
vt 0.9289 0.9288
vt 0.9161 0.9288
vt 0.9032 0.9288
vt 0.8903 0.9288
vt 0.8774 0.9288
vt 0.8645 0.9288
vt 0.8516 0.9288
vt 0.8387 0.9288
vt 0.8258 0.9288
vt 0.8129 0.9288
vt 0.8000 0.9288
vt 0.7872 0.9288
vt 0.7743 0.9288
vt 0.7614 0.9288
vt 0.7485 0.9288
vt 0.7356 0.9288
vt 0.7227 0.9288
vt 0.7098 0.9288
vt 0.6969 0.9288
vt 0.6840 0.9288
vt 0.6712 0.9288
vt 0.6583 0.9288
vt 0.6454 0.9288
vt 0.6325 0.9288
vt 0.6196 0.9288
vt 0.6067 0.9288
vt 0.5938 0.9288
vt 0.5809 0.9288
vt 0.5680 0.9288
vt 0.5551 0.9288
vt 0.9418 0.9264
vt 0.9547 0.9264
vt 0.9676 0.9264
vt 0.9289 0.9264
vt 0.9161 0.9264
vt 0.9032 0.9264
vt 0.8903 0.9264
vt 0.8774 0.9264
vt 0.8645 0.9264
vt 0.8516 0.9264
vt 0.8387 0.9264
vt 0.8258 0.9264
vt 0.8129 0.9264
vt 0.8000 0.9264
vt 0.7872 0.9264
vt 0.7743 0.9264
vt 0.7614 0.9264
vt 0.7485 0.9264
vt 0.7356 0.9264
vt 0.7227 0.9264
vt 0.7098 0.9264
vt 0.6969 0.9264
vt 0.6840 0.9264
vt 0.6712 0.9264
vt 0.6583 0.9264
vt 0.6454 0.9264
vt 0.6325 0.9264
vt 0.6196 0.9264
vt 0.6067 0.9264
vt 0.5938 0.9264
vt 0.5809 0.9264
vt 0.5680 0.9264
vt 0.5551 0.9264
vt 0.9418 0.9240
vt 0.9547 0.9240
vt 0.9676 0.9240
vt 0.9289 0.9240
vt 0.9161 0.9240
vt 0.9032 0.9240
vt 0.8903 0.9240
vt 0.8774 0.9240
vt 0.8645 0.9240
vt 0.8516 0.9240
vt 0.8387 0.9240
vt 0.8258 0.9240
vt 0.8129 0.9240
vt 0.8000 0.9240
vt 0.7872 0.9240
vt 0.7743 0.9240
vt 0.7614 0.9240
vt 0.7485 0.9240
vt 0.7356 0.9240
vt 0.7227 0.9240
vt 0.7098 0.9240
vt 0.6969 0.9240
vt 0.6840 0.9240
vt 0.6712 0.9240
vt 0.6583 0.9240
vt 0.6454 0.9240
vt 0.6325 0.9240
vt 0.6196 0.9240
vt 0.6067 0.9240
vt 0.5938 0.9240
vt 0.5809 0.9240
vt 0.5680 0.9240
vt 0.5551 0.9240
vt 0.9418 0.9216
vt 0.9547 0.9216
vt 0.9676 0.9216
vt 0.9289 0.9216
vt 0.9161 0.9216
vt 0.9032 0.9216
vt 0.8903 0.9216
vt 0.8774 0.9216
vt 0.8645 0.9216
vt 0.8516 0.9216
vt 0.8387 0.9216
vt 0.8258 0.9216
vt 0.8129 0.9216
vt 0.8000 0.9216
vt 0.7872 0.9216
vt 0.7743 0.9216
vt 0.7614 0.9216
vt 0.7485 0.9216
vt 0.7356 0.9216
vt 0.7227 0.9216
vt 0.7098 0.9216
vt 0.6969 0.9216
vt 0.6840 0.9216
vt 0.6712 0.9216
vt 0.6583 0.9216
vt 0.6454 0.9216
vt 0.6325 0.9216
vt 0.6196 0.9216
vt 0.6067 0.9216
vt 0.5938 0.9216
vt 0.5809 0.9216
vt 0.5680 0.9216
vt 0.5551 0.9216
vt 0.9418 0.9192
vt 0.9547 0.9192
vt 0.9676 0.9192
vt 0.9289 0.9192
vt 0.9161 0.9192
vt 0.9032 0.9192
vt 0.8903 0.9192
vt 0.8774 0.9192
vt 0.8645 0.9192
vt 0.8516 0.9192
vt 0.8387 0.9192
vt 0.8258 0.9192
vt 0.8129 0.9192
vt 0.8000 0.9192
vt 0.7872 0.9192
vt 0.7743 0.9192
vt 0.7614 0.9192
vt 0.7485 0.9192
vt 0.7356 0.9192
vt 0.7227 0.9192
vt 0.7098 0.9192
vt 0.6969 0.9192
vt 0.6840 0.9192
vt 0.6712 0.9192
vt 0.6583 0.9192
vt 0.6454 0.9192
vt 0.6325 0.9192
vt 0.6196 0.9192
vt 0.6067 0.9192
vt 0.5938 0.9192
vt 0.5809 0.9192
vt 0.5680 0.9192
vt 0.5551 0.9192
vt 0.9418 0.9168
vt 0.9547 0.9168
vt 0.9676 0.9168
vt 0.9289 0.9168
vt 0.9161 0.9168
vt 0.9032 0.9168
vt 0.8903 0.9168
vt 0.8774 0.9168
vt 0.8645 0.9168
vt 0.8516 0.9168
vt 0.8387 0.9168
vt 0.8258 0.9168
vt 0.8129 0.9168
vt 0.8000 0.9168
vt 0.7872 0.9168
vt 0.7743 0.9168
vt 0.7614 0.9168
vt 0.7485 0.9168
vt 0.7356 0.9168
vt 0.7227 0.9168
vt 0.7098 0.9168
vt 0.6969 0.9168
vt 0.6840 0.9168
vt 0.6712 0.9168
vt 0.6583 0.9168
vt 0.6454 0.9168
vt 0.6325 0.9168
vt 0.6196 0.9168
vt 0.6067 0.9168
vt 0.5938 0.9168
vt 0.5809 0.9168
vt 0.5680 0.9168
vt 0.5551 0.9168
vt 0.9418 0.9143
vt 0.9547 0.9143
vt 0.9676 0.9143
vt 0.9289 0.9143
vt 0.9161 0.9143
vt 0.9032 0.9143
vt 0.8903 0.9143
vt 0.8774 0.9143
vt 0.8645 0.9143
vt 0.8516 0.9143
vt 0.8387 0.9143
vt 0.8258 0.9143
vt 0.8129 0.9143
vt 0.8000 0.9143
vt 0.7872 0.9143
vt 0.7743 0.9143
vt 0.7614 0.9143
vt 0.7485 0.9143
vt 0.7356 0.9143
vt 0.7227 0.9143
vt 0.7098 0.9143
vt 0.6969 0.9143
vt 0.6840 0.9143
vt 0.6712 0.9143
vt 0.6583 0.9143
vt 0.6454 0.9143
vt 0.6325 0.9143
vt 0.6196 0.9143
vt 0.6067 0.9143
vt 0.5938 0.9143
vt 0.5809 0.9143
vt 0.5680 0.9143
vt 0.5551 0.9143
vt 0.9418 0.9119
vt 0.9547 0.9119
vt 0.9676 0.9119
vt 0.9289 0.9119
vt 0.9161 0.9119
vt 0.9032 0.9119
vt 0.8903 0.9119
vt 0.8774 0.9119
vt 0.8645 0.9119
vt 0.8516 0.9119
vt 0.8387 0.9119
vt 0.8258 0.9119
vt 0.8129 0.9119
vt 0.8000 0.9119
vt 0.7872 0.9119
vt 0.7743 0.9119
vt 0.7614 0.9119
vt 0.7485 0.9119
vt 0.7356 0.9119
vt 0.7227 0.9119
vt 0.7098 0.9119
vt 0.6969 0.9119
vt 0.6840 0.9119
vt 0.6712 0.9119
vt 0.6583 0.9119
vt 0.6454 0.9119
vt 0.6325 0.9119
vt 0.6196 0.9119
vt 0.6067 0.9119
vt 0.5938 0.9119
vt 0.5809 0.9119
vt 0.5680 0.9119
vt 0.5551 0.9119
vt 0.9418 0.9095
vt 0.9547 0.9095
vt 0.9676 0.9095
vt 0.9289 0.9095
vt 0.9161 0.9095
vt 0.9032 0.9095
vt 0.8903 0.9095
vt 0.8774 0.9095
vt 0.8645 0.9095
vt 0.8516 0.9095
vt 0.8387 0.9095
vt 0.8258 0.9095
vt 0.8129 0.9095
vt 0.8000 0.9095
vt 0.7872 0.9095
vt 0.7743 0.9095
vt 0.7614 0.9095
vt 0.7485 0.9095
vt 0.7356 0.9095
vt 0.7227 0.9095
vt 0.7098 0.9095
vt 0.6969 0.9095
vt 0.6840 0.9095
vt 0.6712 0.9095
vt 0.6583 0.9095
vt 0.6454 0.9095
vt 0.6325 0.9095
vt 0.6196 0.9095
vt 0.6067 0.9095
vt 0.5938 0.9095
vt 0.5809 0.9095
vt 0.5680 0.9095
vt 0.5551 0.9095
vt 0.9418 0.9071
vt 0.9547 0.9071
vt 0.9676 0.9071
vt 0.9289 0.9071
vt 0.9161 0.9071
vt 0.9032 0.9071
vt 0.8903 0.9071
vt 0.8774 0.9071
vt 0.8645 0.9071
vt 0.8516 0.9071
vt 0.8387 0.9071
vt 0.8258 0.9071
vt 0.8129 0.9071
vt 0.8000 0.9071
vt 0.7872 0.9071
vt 0.7743 0.9071
vt 0.7614 0.9071
vt 0.7485 0.9071
vt 0.7356 0.9071
vt 0.7227 0.9071
vt 0.7098 0.9071
vt 0.6969 0.9071
vt 0.6840 0.9071
vt 0.6712 0.9071
vt 0.6583 0.9071
vt 0.6454 0.9071
vt 0.6325 0.9071
vt 0.6196 0.9071
vt 0.6067 0.9071
vt 0.5938 0.9071
vt 0.5809 0.9071
vt 0.5680 0.9071
vt 0.5551 0.9071
vt 0.9418 0.9047
vt 0.9547 0.9047
vt 0.9676 0.9047
vt 0.9289 0.9047
vt 0.9161 0.9047
vt 0.9032 0.9047
vt 0.8903 0.9047
vt 0.8774 0.9047
vt 0.8645 0.9047
vt 0.8516 0.9047
vt 0.8387 0.9047
vt 0.8258 0.9047
vt 0.8129 0.9047
vt 0.8000 0.9047
vt 0.7872 0.9047
vt 0.7743 0.9047
vt 0.7614 0.9047
vt 0.7485 0.9047
vt 0.7356 0.9047
vt 0.7227 0.9047
vt 0.7098 0.9047
vt 0.6969 0.9047
vt 0.6840 0.9047
vt 0.6712 0.9047
vt 0.6583 0.9047
vt 0.6454 0.9047
vt 0.6325 0.9047
vt 0.6196 0.9047
vt 0.6067 0.9047
vt 0.5938 0.9047
vt 0.5809 0.9047
vt 0.5680 0.9047
vt 0.5551 0.9047
vt 0.9418 0.9022
vt 0.9547 0.9022
vt 0.9676 0.9047
vt 0.9676 0.9022
vt 0.9547 0.9022
vt 0.9289 0.9022
vt 0.9161 0.9022
vt 0.9032 0.9022
vt 0.8903 0.9022
vt 0.8774 0.9022
vt 0.8645 0.9022
vt 0.8516 0.9022
vt 0.8387 0.9022
vt 0.8258 0.9022
vt 0.8129 0.9022
vt 0.8000 0.9022
vt 0.7872 0.9022
vt 0.7743 0.9022
vt 0.7614 0.9022
vt 0.7485 0.9022
vt 0.7356 0.9022
vt 0.7227 0.9022
vt 0.7098 0.9022
vt 0.6969 0.9022
vt 0.6840 0.9022
vt 0.6712 0.9022
vt 0.6583 0.9022
vt 0.6454 0.9022
vt 0.6325 0.9022
vt 0.6196 0.9022
vt 0.6067 0.9022
vt 0.5938 0.9022
vt 0.5809 0.9022
vt 0.5680 0.9022
vt 0.5551 0.9022
vt 0.9418 0.8998
vt 0.9547 0.8998
vt 0.9676 0.8998
vt 0.9289 0.8998
vt 0.9161 0.8998
vt 0.9032 0.8998
vt 0.8903 0.8998
vt 0.8774 0.8998
vt 0.8645 0.8998
vt 0.8516 0.8998
vt 0.8387 0.8998
vt 0.8258 0.8998
vt 0.8129 0.8998
vt 0.8000 0.8998
vt 0.7872 0.8998
vt 0.7743 0.8998
vt 0.7614 0.8998
vt 0.7485 0.8998
vt 0.7356 0.8998
vt 0.7227 0.8998
vt 0.7098 0.8998
vt 0.6969 0.8998
vt 0.6840 0.8998
vt 0.6712 0.8998
vt 0.6583 0.8998
vt 0.6454 0.8998
vt 0.6325 0.8998
vt 0.6196 0.8998
vt 0.6067 0.8998
vt 0.5938 0.8998
vt 0.5809 0.8998
vt 0.5680 0.8998
vt 0.5551 0.8998
vt 0.9418 0.8974
vt 0.9547 0.8974
vt 0.9676 0.8998
vt 0.9676 0.8974
vt 0.9547 0.8974
vt 0.9289 0.8974
vt 0.9161 0.8974
vt 0.9032 0.8974
vt 0.8903 0.8974
vt 0.8774 0.8974
vt 0.8645 0.8974
vt 0.8516 0.8974
vt 0.8387 0.8974
vt 0.8258 0.8974
vt 0.8129 0.8974
vt 0.8000 0.8974
vt 0.7872 0.8974
vt 0.7743 0.8974
vt 0.7614 0.8974
vt 0.7485 0.8974
vt 0.7356 0.8974
vt 0.7227 0.8974
vt 0.7098 0.8974
vt 0.6969 0.8974
vt 0.6840 0.8974
vt 0.6712 0.8974
vt 0.6583 0.8974
vt 0.6454 0.8974
vt 0.6325 0.8974
vt 0.6196 0.8974
vt 0.6067 0.8974
vt 0.5938 0.8974
vt 0.5809 0.8974
vt 0.5680 0.8974
vt 0.5551 0.8974
vt 0.9418 0.8950
vt 0.9547 0.8950
vt 0.9676 0.8950
vt 0.9289 0.8950
vt 0.9161 0.8950
vt 0.9032 0.8950
vt 0.8903 0.8950
vt 0.8774 0.8950
vt 0.8645 0.8950
vt 0.8516 0.8950
vt 0.8387 0.8950
vt 0.8258 0.8950
vt 0.8129 0.8950
vt 0.8000 0.8950
vt 0.7872 0.8950
vt 0.7743 0.8950
vt 0.7614 0.8950
vt 0.7485 0.8950
vt 0.7356 0.8950
vt 0.7227 0.8950
vt 0.7098 0.8950
vt 0.6969 0.8950
vt 0.6840 0.8950
vt 0.6712 0.8950
vt 0.6583 0.8950
vt 0.6454 0.8950
vt 0.6325 0.8950
vt 0.6196 0.8950
vt 0.6067 0.8950
vt 0.5938 0.8950
vt 0.5809 0.8950
vt 0.5680 0.8950
vt 0.5551 0.8950
vt 0.9418 0.8926
vt 0.9547 0.8926
vt 0.9676 0.8926
vt 0.9289 0.8926
vt 0.9161 0.8926
vt 0.9032 0.8926
vt 0.8903 0.8926
vt 0.8774 0.8926
vt 0.8645 0.8926
vt 0.8516 0.8926
vt 0.8387 0.8926
vt 0.8258 0.8926
vt 0.8129 0.8926
vt 0.8000 0.8926
vt 0.7872 0.8926
vt 0.7743 0.8926
vt 0.7614 0.8926
vt 0.7485 0.8926
vt 0.7356 0.8926
vt 0.7227 0.8926
vt 0.7098 0.8926
vt 0.6969 0.8926
vt 0.6840 0.8926
vt 0.6712 0.8926
vt 0.6583 0.8926
vt 0.6454 0.8926
vt 0.6325 0.8926
vt 0.6196 0.8926
vt 0.6067 0.8926
vt 0.5938 0.8926
vt 0.5809 0.8926
vt 0.5680 0.8926
vt 0.5551 0.8926
vt 0.9418 0.8902
vt 0.9547 0.8902
vt 0.9676 0.8902
vt 0.9289 0.8902
vt 0.9161 0.8902
vt 0.9032 0.8902
vt 0.8903 0.8902
vt 0.8774 0.8902
vt 0.8645 0.8902
vt 0.8516 0.8902
vt 0.8387 0.8902
vt 0.8258 0.8902
vt 0.8129 0.8902
vt 0.8000 0.8902
vt 0.7872 0.8902
vt 0.7743 0.8902
vt 0.7614 0.8902
vt 0.7485 0.8902
vt 0.7356 0.8902
vt 0.7227 0.8902
vt 0.7098 0.8902
vt 0.6969 0.8902
vt 0.6840 0.8902
vt 0.6712 0.8902
vt 0.6583 0.8902
vt 0.6454 0.8902
vt 0.6325 0.8902
vt 0.6196 0.8902
vt 0.6067 0.8902
vt 0.5938 0.8902
vt 0.5809 0.8902
vt 0.5680 0.8902
vt 0.5551 0.8902
vt 0.9418 0.8877
vt 0.9547 0.8877
vt 0.9676 0.8877
vt 0.9289 0.8877
vt 0.9161 0.8877
vt 0.9032 0.8877
vt 0.8903 0.8877
vt 0.8774 0.8877
vt 0.8645 0.8877
vt 0.8516 0.8877
vt 0.8387 0.8877
vt 0.8258 0.8877
vt 0.8129 0.8877
vt 0.8000 0.8877
vt 0.7872 0.8877
vt 0.7743 0.8877
vt 0.7614 0.8877
vt 0.7485 0.8877
vt 0.7356 0.8877
vt 0.7227 0.8877
vt 0.7098 0.8877
vt 0.6969 0.8877
vt 0.6840 0.8877
vt 0.6712 0.8877
vt 0.6583 0.8877
vt 0.6454 0.8877
vt 0.6325 0.8877
vt 0.6196 0.8877
vt 0.6067 0.8877
vt 0.5938 0.8877
vt 0.5809 0.8877
vt 0.5680 0.8877
vt 0.5551 0.8877
vt 0.9418 0.8853
vt 0.9547 0.8853
vt 0.9676 0.8853
vt 0.9289 0.8853
vt 0.9161 0.8853
vt 0.9032 0.8853
vt 0.8903 0.8853
vt 0.8774 0.8853
vt 0.8645 0.8853
vt 0.8516 0.8853
vt 0.8387 0.8853
vt 0.8258 0.8853
vt 0.8129 0.8853
vt 0.8000 0.8853
vt 0.7872 0.8853
vt 0.7743 0.8853
vt 0.7614 0.8853
vt 0.7485 0.8853
vt 0.7356 0.8853
vt 0.7227 0.8853
vt 0.7098 0.8853
vt 0.6969 0.8853
vt 0.6840 0.8853
vt 0.6712 0.8853
vt 0.6583 0.8853
vt 0.6454 0.8853
vt 0.6325 0.8853
vt 0.6196 0.8853
vt 0.6067 0.8853
vt 0.5938 0.8853
vt 0.5809 0.8853
vt 0.5680 0.8853
vt 0.5551 0.8853
vt 0.6201 0.7631
vt 0.6201 0.7870
vt 0.6086 0.7870
vt 0.6086 0.7631
vt 0.6316 0.7631
vt 0.6547 0.7631
vt 0.6547 0.7870
vt 0.6431 0.7870
vt 0.6777 0.7631
vt 0.6662 0.7870
vt 0.6662 0.7631
vt 0.6777 0.7870
vt 0.6892 0.7631
vt 0.7007 0.7631
vt 0.7007 0.7870
vt 0.6892 0.7870
vt 0.7237 0.7631
vt 0.7122 0.7870
vt 0.7122 0.7631
vt 0.7237 0.7870
vt 0.7467 0.7631
vt 0.7352 0.7870
vt 0.7352 0.7631
vt 0.7467 0.7870
vt 0.7582 0.7631
vt 0.7697 0.7631
vt 0.7697 0.7870
vt 0.7582 0.7870
vt 0.7812 0.7631
vt 0.7927 0.7631
vt 0.7927 0.7870
vt 0.7812 0.7870
vt 0.8157 0.7631
vt 0.8042 0.7870
vt 0.8042 0.7631
vt 0.8157 0.7870
vt 0.8387 0.7631
vt 0.8272 0.7870
vt 0.8272 0.7631
vt 0.8387 0.7870
vt 0.8617 0.7631
vt 0.8502 0.7870
vt 0.8502 0.7631
vt 0.8617 0.7870
vt 0.8847 0.7631
vt 0.8732 0.7870
vt 0.8732 0.7631
vt 0.8847 0.7870
vt 0.8962 0.7631
vt 0.9077 0.7631
vt 0.9077 0.7870
vt 0.8962 0.7870
vt 0.9192 0.7631
vt 0.9307 0.7631
vt 0.9307 0.7870
vt 0.9192 0.7870
vt 0.9422 0.7631
vt 0.9537 0.7631
vt 0.9537 0.7870
vt 0.9422 0.7870
vt 0.9652 0.7631
vt 0.9767 0.7631
vt 0.9767 0.7870
vt 0.9652 0.7870
vt 0.6316 0.7393
vt 0.6201 0.7631
vt 0.6201 0.7393
vt 0.6547 0.7393
vt 0.6431 0.7631
vt 0.6431 0.7393
vt 0.6547 0.7631
vt 0.6777 0.7393
vt 0.6662 0.7631
vt 0.6662 0.7393
vt 0.7007 0.7393
vt 0.6892 0.7631
vt 0.6892 0.7393
vt 0.7007 0.7631
vt 0.7237 0.7393
vt 0.7122 0.7631
vt 0.7122 0.7393
vt 0.7467 0.7393
vt 0.7352 0.7631
vt 0.7352 0.7393
vt 0.7697 0.7393
vt 0.7582 0.7631
vt 0.7582 0.7393
vt 0.7697 0.7631
vt 0.7927 0.7393
vt 0.7812 0.7631
vt 0.7812 0.7393
vt 0.7927 0.7631
vt 0.8042 0.7393
vt 0.8157 0.7393
vt 0.8272 0.7393
vt 0.8387 0.7393
vt 0.8502 0.7393
vt 0.8617 0.7393
vt 0.8732 0.7393
vt 0.8847 0.7393
vt 0.8962 0.7393
vt 0.9077 0.7393
vt 0.9077 0.7631
vt 0.8962 0.7631
vt 0.9192 0.7393
vt 0.9307 0.7393
vt 0.9307 0.7631
vt 0.9192 0.7631
vt 0.9422 0.7393
vt 0.9537 0.7393
vt 0.9537 0.7631
vt 0.9422 0.7631
vt 0.9652 0.7393
vt 0.9767 0.7393
vt 0.9767 0.7631
vt 0.9652 0.7631
vt 0.6316 0.7870
vt 0.6316 0.7631
vt 0.6662 0.7631
vt 0.7122 0.7631
vt 0.7352 0.7631
vt 0.8042 0.7631
vt 0.8272 0.7631
vt 0.8502 0.7631
vt 0.8732 0.7631
vt 0.6201 0.7393
vt 0.6086 0.7631
vt 0.6086 0.7393
vt 0.6662 0.7393
vt 0.7122 0.7393
vt 0.7582 0.7393
vt 0.8042 0.7393
vt 0.8272 0.7393
vt 0.8502 0.7393
vt 0.8732 0.7393
vt 0.8962 0.7393
vt 0.9192 0.7393
vt 0.9422 0.7393
vt 0.9652 0.7393
vt 0.6316 0.7155
vt 0.6201 0.7155
vt 0.6086 0.7393
vt 0.6086 0.7155
vt 0.6201 0.7155
vt 0.6431 0.7155
vt 0.6547 0.7155
vt 0.6662 0.7155
vt 0.6777 0.7155
vt 0.6892 0.7155
vt 0.7007 0.7155
vt 0.7122 0.7155
vt 0.7237 0.7155
vt 0.7352 0.7155
vt 0.7467 0.7155
vt 0.7582 0.7155
vt 0.7697 0.7155
vt 0.7812 0.7155
vt 0.7927 0.7155
vt 0.8042 0.7155
vt 0.8157 0.7155
vt 0.8272 0.7155
vt 0.8387 0.7155
vt 0.8502 0.7155
vt 0.8617 0.7155
vt 0.8732 0.7155
vt 0.8847 0.7155
vt 0.8962 0.7155
vt 0.9077 0.7155
vt 0.9192 0.7155
vt 0.9307 0.7155
vt 0.9422 0.7155
vt 0.9537 0.7155
vt 0.9652 0.7155
vt 0.9767 0.7155
vt 0.6316 0.6917
vt 0.6201 0.6917
vt 0.6086 0.6917
vt 0.6431 0.6917
vt 0.6547 0.6917
vt 0.6662 0.6917
vt 0.6777 0.6917
vt 0.6892 0.6917
vt 0.7007 0.6917
vt 0.7122 0.6917
vt 0.7237 0.6917
vt 0.7352 0.6917
vt 0.7467 0.6917
vt 0.7582 0.6917
vt 0.7697 0.6917
vt 0.7812 0.6917
vt 0.7927 0.6917
vt 0.8042 0.6917
vt 0.8157 0.6917
vt 0.8272 0.6917
vt 0.8387 0.6917
vt 0.8502 0.6917
vt 0.8617 0.6917
vt 0.8732 0.6917
vt 0.8847 0.6917
vt 0.8962 0.6917
vt 0.9077 0.6917
vt 0.9192 0.6917
vt 0.9307 0.6917
vt 0.9422 0.6917
vt 0.9537 0.6917
vt 0.9652 0.6917
vt 0.9767 0.6917
vt 0.6316 0.6678
vt 0.6201 0.6678
vt 0.6086 0.6917
vt 0.6086 0.6678
vt 0.6201 0.6678
vt 0.6431 0.6678
vt 0.6547 0.6678
vt 0.6662 0.6678
vt 0.6777 0.6678
vt 0.6892 0.6678
vt 0.7007 0.6678
vt 0.7122 0.6678
vt 0.7237 0.6678
vt 0.7352 0.6678
vt 0.7467 0.6678
vt 0.7582 0.6678
vt 0.7697 0.6678
vt 0.7812 0.6678
vt 0.7927 0.6678
vt 0.8042 0.6678
vt 0.8157 0.6678
vt 0.8272 0.6678
vt 0.8387 0.6678
vt 0.8502 0.6678
vt 0.8617 0.6678
vt 0.8732 0.6678
vt 0.8847 0.6678
vt 0.8962 0.6678
vt 0.9077 0.6678
vt 0.9192 0.6678
vt 0.9307 0.6678
vt 0.9422 0.6678
vt 0.9537 0.6678
vt 0.9652 0.6678
vt 0.9767 0.6678
vt 0.6316 0.6440
vt 0.6201 0.6440
vt 0.6086 0.6440
vt 0.6431 0.6440
vt 0.6547 0.6440
vt 0.6662 0.6440
vt 0.6777 0.6440
vt 0.6892 0.6440
vt 0.7007 0.6440
vt 0.7122 0.6440
vt 0.7237 0.6440
vt 0.7352 0.6440
vt 0.7467 0.6440
vt 0.7582 0.6440
vt 0.7697 0.6440
vt 0.7812 0.6440
vt 0.7927 0.6440
vt 0.8042 0.6440
vt 0.8157 0.6440
vt 0.8272 0.6440
vt 0.8387 0.6440
vt 0.8502 0.6440
vt 0.8617 0.6440
vt 0.8732 0.6440
vt 0.8847 0.6440
vt 0.8962 0.6440
vt 0.9077 0.6440
vt 0.9192 0.6440
vt 0.9307 0.6440
vt 0.9422 0.6440
vt 0.9537 0.6440
vt 0.9652 0.6440
vt 0.9767 0.6440
vt 0.6316 0.6202
vt 0.6201 0.6202
vt 0.6086 0.6202
vt 0.6431 0.6202
vt 0.6547 0.6202
vt 0.6662 0.6202
vt 0.6777 0.6202
vt 0.6892 0.6202
vt 0.7007 0.6202
vt 0.7122 0.6202
vt 0.7237 0.6202
vt 0.7352 0.6202
vt 0.7467 0.6202
vt 0.7582 0.6202
vt 0.7697 0.6202
vt 0.7812 0.6202
vt 0.7927 0.6202
vt 0.8042 0.6202
vt 0.8157 0.6202
vt 0.8272 0.6202
vt 0.8387 0.6202
vt 0.8502 0.6202
vt 0.8617 0.6202
vt 0.8732 0.6202
vt 0.8847 0.6202
vt 0.8962 0.6202
vt 0.9077 0.6202
vt 0.9192 0.6202
vt 0.9307 0.6202
vt 0.9422 0.6202
vt 0.9537 0.6202
vt 0.9652 0.6202
vt 0.9767 0.6202
vt 0.6316 0.5964
vt 0.6201 0.5964
vt 0.6086 0.5964
vt 0.6431 0.5964
vt 0.6547 0.5964
vt 0.6662 0.5964
vt 0.6777 0.5964
vt 0.6892 0.5964
vt 0.7007 0.5964
vt 0.7122 0.5964
vt 0.7237 0.5964
vt 0.7352 0.5964
vt 0.7467 0.5964
vt 0.7582 0.5964
vt 0.7697 0.5964
vt 0.7812 0.5964
vt 0.7927 0.5964
vt 0.8042 0.5964
vt 0.8157 0.5964
vt 0.8272 0.5964
vt 0.8387 0.5964
vt 0.8502 0.5964
vt 0.8617 0.5964
vt 0.8732 0.5964
vt 0.8847 0.5964
vt 0.8962 0.5964
vt 0.9077 0.5964
vt 0.9192 0.5964
vt 0.9307 0.5964
vt 0.9422 0.5964
vt 0.9537 0.5964
vt 0.9652 0.5964
vt 0.9767 0.5964
vt 0.6316 0.5725
vt 0.6201 0.5725
vt 0.6086 0.5725
vt 0.6431 0.5725
vt 0.6547 0.5725
vt 0.6662 0.5725
vt 0.6777 0.5725
vt 0.6892 0.5725
vt 0.7007 0.5725
vt 0.7122 0.5725
vt 0.7237 0.5725
vt 0.7352 0.5725
vt 0.7467 0.5725
vt 0.7582 0.5725
vt 0.7697 0.5725
vt 0.7812 0.5725
vt 0.7927 0.5725
vt 0.8042 0.5725
vt 0.8157 0.5725
vt 0.8272 0.5725
vt 0.8387 0.5725
vt 0.8502 0.5725
vt 0.8617 0.5725
vt 0.8732 0.5725
vt 0.8847 0.5725
vt 0.8962 0.5725
vt 0.9077 0.5725
vt 0.9192 0.5725
vt 0.9307 0.5725
vt 0.9422 0.5725
vt 0.9537 0.5725
vt 0.9652 0.5725
vt 0.9767 0.5725
vt 0.6316 0.5487
vt 0.6201 0.5487
vt 0.6086 0.5487
vt 0.6431 0.5487
vt 0.6547 0.5487
vt 0.6662 0.5487
vt 0.6777 0.5487
vt 0.6892 0.5487
vt 0.7007 0.5487
vt 0.7122 0.5487
vt 0.7237 0.5487
vt 0.7352 0.5487
vt 0.7467 0.5487
vt 0.7582 0.5487
vt 0.7697 0.5487
vt 0.7812 0.5487
vt 0.7927 0.5487
vt 0.8042 0.5487
vt 0.8157 0.5487
vt 0.8272 0.5487
vt 0.8387 0.5487
vt 0.8502 0.5487
vt 0.8617 0.5487
vt 0.8732 0.5487
vt 0.8847 0.5487
vt 0.8962 0.5487
vt 0.9077 0.5487
vt 0.9192 0.5487
vt 0.9307 0.5487
vt 0.9422 0.5487
vt 0.9537 0.5487
vt 0.9652 0.5487
vt 0.9767 0.5487
vt 0.6316 0.5249
vt 0.6201 0.5249
vt 0.6086 0.5487
vt 0.6086 0.5249
vt 0.6201 0.5249
vt 0.6431 0.5249
vt 0.6547 0.5249
vt 0.6662 0.5249
vt 0.6777 0.5249
vt 0.6892 0.5249
vt 0.7007 0.5249
vt 0.7122 0.5249
vt 0.7237 0.5249
vt 0.7352 0.5249
vt 0.7467 0.5249
vt 0.7582 0.5249
vt 0.7697 0.5249
vt 0.7812 0.5249
vt 0.7927 0.5249
vt 0.8042 0.5249
vt 0.8157 0.5249
vt 0.8272 0.5249
vt 0.8387 0.5249
vt 0.8502 0.5249
vt 0.8617 0.5249
vt 0.8732 0.5249
vt 0.8847 0.5249
vt 0.8962 0.5249
vt 0.9077 0.5249
vt 0.9192 0.5249
vt 0.9307 0.5249
vt 0.9422 0.5249
vt 0.9537 0.5249
vt 0.9652 0.5249
vt 0.9767 0.5249
vt 0.6316 0.5011
vt 0.6201 0.5011
vt 0.6086 0.5011
vt 0.6431 0.5011
vt 0.6547 0.5011
vt 0.6662 0.5011
vt 0.6777 0.5011
vt 0.6892 0.5011
vt 0.7007 0.5011
vt 0.7122 0.5011
vt 0.7237 0.5011
vt 0.7352 0.5011
vt 0.7467 0.5011
vt 0.7582 0.5011
vt 0.7697 0.5011
vt 0.7812 0.5011
vt 0.7927 0.5011
vt 0.8042 0.5011
vt 0.8157 0.5011
vt 0.8272 0.5011
vt 0.8387 0.5011
vt 0.8502 0.5011
vt 0.8617 0.5011
vt 0.8732 0.5011
vt 0.8847 0.5011
vt 0.8962 0.5011
vt 0.9077 0.5011
vt 0.9192 0.5011
vt 0.9307 0.5011
vt 0.9422 0.5011
vt 0.9537 0.5011
vt 0.9652 0.5011
vt 0.9767 0.5011
vt 0.6316 0.4772
vt 0.6201 0.4772
vt 0.6086 0.4772
vt 0.6431 0.4772
vt 0.6547 0.4772
vt 0.6662 0.4772
vt 0.6777 0.4772
vt 0.6892 0.4772
vt 0.7007 0.4772
vt 0.7122 0.4772
vt 0.7237 0.4772
vt 0.7352 0.4772
vt 0.7467 0.4772
vt 0.7582 0.4772
vt 0.7697 0.4772
vt 0.7812 0.4772
vt 0.7927 0.4772
vt 0.8042 0.4772
vt 0.8157 0.4772
vt 0.8272 0.4772
vt 0.8387 0.4772
vt 0.8502 0.4772
vt 0.8617 0.4772
vt 0.8732 0.4772
vt 0.8847 0.4772
vt 0.8962 0.4772
vt 0.9077 0.4772
vt 0.9192 0.4772
vt 0.9307 0.4772
vt 0.9422 0.4772
vt 0.9537 0.4772
vt 0.9652 0.4772
vt 0.9767 0.4772
vt 0.6316 0.4534
vt 0.6201 0.4534
vt 0.6086 0.4534
vt 0.6431 0.4534
vt 0.6547 0.4534
vt 0.6662 0.4534
vt 0.6777 0.4534
vt 0.6892 0.4534
vt 0.7007 0.4534
vt 0.7122 0.4534
vt 0.7237 0.4534
vt 0.7352 0.4534
vt 0.7467 0.4534
vt 0.7582 0.4534
vt 0.7697 0.4534
vt 0.7812 0.4534
vt 0.7927 0.4534
vt 0.8042 0.4534
vt 0.8157 0.4534
vt 0.8272 0.4534
vt 0.8387 0.4534
vt 0.8502 0.4534
vt 0.8617 0.4534
vt 0.8732 0.4534
vt 0.8847 0.4534
vt 0.8962 0.4534
vt 0.9077 0.4534
vt 0.9192 0.4534
vt 0.9307 0.4534
vt 0.9422 0.4534
vt 0.9537 0.4534
vt 0.9652 0.4534
vt 0.9767 0.4534
vt 0.6316 0.4296
vt 0.6201 0.4296
vt 0.6086 0.4296
vt 0.6431 0.4296
vt 0.6547 0.4296
vt 0.6662 0.4296
vt 0.6777 0.4296
vt 0.6892 0.4296
vt 0.7007 0.4296
vt 0.7122 0.4296
vt 0.7237 0.4296
vt 0.7352 0.4296
vt 0.7467 0.4296
vt 0.7582 0.4296
vt 0.7697 0.4296
vt 0.7812 0.4296
vt 0.7927 0.4296
vt 0.8042 0.4296
vt 0.8157 0.4296
vt 0.8272 0.4296
vt 0.8387 0.4296
vt 0.8502 0.4296
vt 0.8617 0.4296
vt 0.8732 0.4296
vt 0.8847 0.4296
vt 0.8962 0.4296
vt 0.9077 0.4296
vt 0.9192 0.4296
vt 0.9307 0.4296
vt 0.9422 0.4296
vt 0.9537 0.4296
vt 0.9652 0.4296
vt 0.9767 0.4296
vt 0.6316 0.4057
vt 0.6201 0.4057
vt 0.6086 0.4057
vt 0.6431 0.4057
vt 0.6547 0.4057
vt 0.6662 0.4057
vt 0.6777 0.4057
vt 0.6892 0.4057
vt 0.7007 0.4057
vt 0.7122 0.4057
vt 0.7237 0.4057
vt 0.7352 0.4057
vt 0.7467 0.4057
vt 0.7582 0.4057
vt 0.7697 0.4057
vt 0.7812 0.4057
vt 0.7927 0.4057
vt 0.8042 0.4057
vt 0.8157 0.4057
vt 0.8272 0.4057
vt 0.8387 0.4057
vt 0.8502 0.4057
vt 0.8617 0.4057
vt 0.8732 0.4057
vt 0.8847 0.4057
vt 0.8962 0.4057
vt 0.9077 0.4057
vt 0.9192 0.4057
vt 0.9307 0.4057
vt 0.9422 0.4057
vt 0.9537 0.4057
vt 0.9652 0.4057
vt 0.9767 0.4057
vt 0.6316 0.3819
vt 0.6201 0.3819
vt 0.6086 0.3819
vt 0.6431 0.3819
vt 0.6547 0.3819
vt 0.6662 0.3819
vt 0.6777 0.3819
vt 0.6892 0.3819
vt 0.7007 0.3819
vt 0.7122 0.3819
vt 0.7237 0.3819
vt 0.7352 0.3819
vt 0.7467 0.3819
vt 0.7582 0.3819
vt 0.7697 0.3819
vt 0.7812 0.3819
vt 0.7927 0.3819
vt 0.8042 0.3819
vt 0.8157 0.3819
vt 0.8272 0.3819
vt 0.8387 0.3819
vt 0.8502 0.3819
vt 0.8617 0.3819
vt 0.8732 0.3819
vt 0.8847 0.3819
vt 0.8962 0.3819
vt 0.9077 0.3819
vt 0.9192 0.3819
vt 0.9307 0.3819
vt 0.9422 0.3819
vt 0.9537 0.3819
vt 0.9652 0.3819
vt 0.9767 0.3819
vt 0.6316 0.3581
vt 0.6201 0.3581
vt 0.6086 0.3581
vt 0.6431 0.3581
vt 0.6547 0.3581
vt 0.6662 0.3581
vt 0.6777 0.3581
vt 0.6892 0.3581
vt 0.7007 0.3581
vt 0.7122 0.3581
vt 0.7237 0.3581
vt 0.7352 0.3581
vt 0.7467 0.3581
vt 0.7582 0.3581
vt 0.7697 0.3581
vt 0.7812 0.3581
vt 0.7927 0.3581
vt 0.8042 0.3581
vt 0.8157 0.3581
vt 0.8272 0.3581
vt 0.8387 0.3581
vt 0.8502 0.3581
vt 0.8617 0.3581
vt 0.8732 0.3581
vt 0.8847 0.3581
vt 0.8962 0.3581
vt 0.9077 0.3581
vt 0.9192 0.3581
vt 0.9307 0.3581
vt 0.9422 0.3581
vt 0.9537 0.3581
vt 0.9652 0.3581
vt 0.9767 0.3581
vt 0.6316 0.3343
vt 0.6201 0.3343
vt 0.6086 0.3343
vt 0.6431 0.3343
vt 0.6547 0.3343
vt 0.6662 0.3343
vt 0.6777 0.3343
vt 0.6892 0.3343
vt 0.7007 0.3343
vt 0.7122 0.3343
vt 0.7237 0.3343
vt 0.7352 0.3343
vt 0.7467 0.3343
vt 0.7582 0.3343
vt 0.7697 0.3343
vt 0.7812 0.3343
vt 0.7927 0.3343
vt 0.8042 0.3343
vt 0.8157 0.3343
vt 0.8272 0.3343
vt 0.8387 0.3343
vt 0.8502 0.3343
vt 0.8617 0.3343
vt 0.8732 0.3343
vt 0.8847 0.3343
vt 0.8962 0.3343
vt 0.9077 0.3343
vt 0.9192 0.3343
vt 0.9307 0.3343
vt 0.9422 0.3343
vt 0.9537 0.3343
vt 0.9652 0.3343
vt 0.9767 0.3343
vt 0.6316 0.3104
vt 0.6201 0.3104
vt 0.6086 0.3104
vt 0.6431 0.3104
vt 0.6547 0.3104
vt 0.6662 0.3104
vt 0.6777 0.3104
vt 0.6892 0.3104
vt 0.7007 0.3104
vt 0.7122 0.3104
vt 0.7237 0.3104
vt 0.7352 0.3104
vt 0.7467 0.3104
vt 0.7582 0.3104
vt 0.7697 0.3104
vt 0.7812 0.3104
vt 0.7927 0.3104
vt 0.8042 0.3104
vt 0.8157 0.3104
vt 0.8272 0.3104
vt 0.8387 0.3104
vt 0.8502 0.3104
vt 0.8617 0.3104
vt 0.8732 0.3104
vt 0.8847 0.3104
vt 0.8962 0.3104
vt 0.9077 0.3104
vt 0.9192 0.3104
vt 0.9307 0.3104
vt 0.9422 0.3104
vt 0.9537 0.3104
vt 0.9652 0.3104
vt 0.9767 0.3104
vt 0.6316 0.2866
vt 0.6201 0.2866
vt 0.6086 0.2866
vt 0.6431 0.2866
vt 0.6547 0.2866
vt 0.6662 0.2866
vt 0.6777 0.2866
vt 0.6892 0.2866
vt 0.7007 0.2866
vt 0.7122 0.2866
vt 0.7237 0.2866
vt 0.7352 0.2866
vt 0.7467 0.2866
vt 0.7582 0.2866
vt 0.7697 0.2866
vt 0.7812 0.2866
vt 0.7927 0.2866
vt 0.8042 0.2866
vt 0.8157 0.2866
vt 0.8272 0.2866
vt 0.8387 0.2866
vt 0.8502 0.2866
vt 0.8617 0.2866
vt 0.8732 0.2866
vt 0.8847 0.2866
vt 0.8962 0.2866
vt 0.9077 0.2866
vt 0.9192 0.2866
vt 0.9307 0.2866
vt 0.9422 0.2866
vt 0.9537 0.2866
vt 0.9652 0.2866
vt 0.9767 0.2866
vt 0.6316 0.2628
vt 0.6201 0.2628
vt 0.6086 0.2628
vt 0.6431 0.2628
vt 0.6547 0.2628
vt 0.6662 0.2628
vt 0.6777 0.2628
vt 0.6892 0.2628
vt 0.7007 0.2628
vt 0.7122 0.2628
vt 0.7237 0.2628
vt 0.7352 0.2628
vt 0.7467 0.2628
vt 0.7582 0.2628
vt 0.7697 0.2628
vt 0.7812 0.2628
vt 0.7927 0.2628
vt 0.8042 0.2628
vt 0.8157 0.2628
vt 0.8272 0.2628
vt 0.8387 0.2628
vt 0.8502 0.2628
vt 0.8617 0.2628
vt 0.8732 0.2628
vt 0.8847 0.2628
vt 0.8962 0.2628
vt 0.9077 0.2628
vt 0.9192 0.2628
vt 0.9307 0.2628
vt 0.9422 0.2628
vt 0.9537 0.2628
vt 0.9652 0.2628
vt 0.9767 0.2628
vt 0.6316 0.2390
vt 0.6201 0.2390
vt 0.6086 0.2390
vt 0.6431 0.2390
vt 0.6547 0.2390
vt 0.6662 0.2390
vt 0.6777 0.2390
vt 0.6892 0.2390
vt 0.7007 0.2390
vt 0.7122 0.2390
vt 0.7237 0.2390
vt 0.7352 0.2390
vt 0.7467 0.2390
vt 0.7582 0.2390
vt 0.7697 0.2390
vt 0.7812 0.2390
vt 0.7927 0.2390
vt 0.8042 0.2390
vt 0.8157 0.2390
vt 0.8272 0.2390
vt 0.8387 0.2390
vt 0.8502 0.2390
vt 0.8617 0.2390
vt 0.8732 0.2390
vt 0.8847 0.2390
vt 0.8962 0.2390
vt 0.9077 0.2390
vt 0.9192 0.2390
vt 0.9307 0.2390
vt 0.9422 0.2390
vt 0.9537 0.2390
vt 0.9652 0.2390
vt 0.9767 0.2390
vt 0.6316 0.2151
vt 0.6201 0.2151
vt 0.6086 0.2151
vt 0.6431 0.2151
vt 0.6547 0.2151
vt 0.6662 0.2151
vt 0.6777 0.2151
vt 0.6892 0.2151
vt 0.7007 0.2151
vt 0.7122 0.2151
vt 0.7237 0.2151
vt 0.7352 0.2151
vt 0.7467 0.2151
vt 0.7582 0.2151
vt 0.7697 0.2151
vt 0.7812 0.2151
vt 0.7927 0.2151
vt 0.8042 0.2151
vt 0.8157 0.2151
vt 0.8272 0.2151
vt 0.8387 0.2151
vt 0.8502 0.2151
vt 0.8617 0.2151
vt 0.8732 0.2151
vt 0.8847 0.2151
vt 0.8962 0.2151
vt 0.9077 0.2151
vt 0.9192 0.2151
vt 0.9307 0.2151
vt 0.9422 0.2151
vt 0.9537 0.2151
vt 0.9652 0.2151
vt 0.9767 0.2151
vt 0.6316 0.1913
vt 0.6201 0.1913
vt 0.6086 0.2151
vt 0.6086 0.1913
vt 0.6201 0.1913
vt 0.6431 0.1913
vt 0.6547 0.1913
vt 0.6662 0.1913
vt 0.6777 0.1913
vt 0.6892 0.1913
vt 0.7007 0.1913
vt 0.7122 0.1913
vt 0.7237 0.1913
vt 0.7352 0.1913
vt 0.7467 0.1913
vt 0.7582 0.1913
vt 0.7697 0.1913
vt 0.7812 0.1913
vt 0.7927 0.1913
vt 0.8042 0.1913
vt 0.8157 0.1913
vt 0.8272 0.1913
vt 0.8387 0.1913
vt 0.8502 0.1913
vt 0.8617 0.1913
vt 0.8732 0.1913
vt 0.8847 0.1913
vt 0.8962 0.1913
vt 0.9077 0.1913
vt 0.9192 0.1913
vt 0.9307 0.1913
vt 0.9422 0.1913
vt 0.9537 0.1913
vt 0.9652 0.1913
vt 0.9767 0.1913
vt 0.6316 0.1675
vt 0.6201 0.1675
vt 0.6086 0.1675
vt 0.6431 0.1675
vt 0.6547 0.1675
vt 0.6662 0.1675
vt 0.6777 0.1675
vt 0.6892 0.1675
vt 0.7007 0.1675
vt 0.7122 0.1675
vt 0.7237 0.1675
vt 0.7352 0.1675
vt 0.7467 0.1675
vt 0.7582 0.1675
vt 0.7697 0.1675
vt 0.7812 0.1675
vt 0.7927 0.1675
vt 0.8042 0.1675
vt 0.8157 0.1675
vt 0.8272 0.1675
vt 0.8387 0.1675
vt 0.8502 0.1675
vt 0.8617 0.1675
vt 0.8732 0.1675
vt 0.8847 0.1675
vt 0.8962 0.1675
vt 0.9077 0.1675
vt 0.9192 0.1675
vt 0.9307 0.1675
vt 0.9422 0.1675
vt 0.9537 0.1675
vt 0.9652 0.1675
vt 0.9767 0.1675
vt 0.6316 0.1437
vt 0.6201 0.1437
vt 0.6086 0.1675
vt 0.6086 0.1437
vt 0.6201 0.1437
vt 0.6431 0.1437
vt 0.6547 0.1437
vt 0.6662 0.1437
vt 0.6777 0.1437
vt 0.6892 0.1437
vt 0.7007 0.1437
vt 0.7122 0.1437
vt 0.7237 0.1437
vt 0.7352 0.1437
vt 0.7467 0.1437
vt 0.7582 0.1437
vt 0.7697 0.1437
vt 0.7812 0.1437
vt 0.7927 0.1437
vt 0.8042 0.1437
vt 0.8157 0.1437
vt 0.8272 0.1437
vt 0.8387 0.1437
vt 0.8502 0.1437
vt 0.8617 0.1437
vt 0.8732 0.1437
vt 0.8847 0.1437
vt 0.8962 0.1437
vt 0.9077 0.1437
vt 0.9192 0.1437
vt 0.9307 0.1437
vt 0.9422 0.1437
vt 0.9537 0.1437
vt 0.9652 0.1437
vt 0.9767 0.1437
vt 0.6316 0.1198
vt 0.6201 0.1198
vt 0.6086 0.1198
vt 0.6431 0.1198
vt 0.6547 0.1198
vt 0.6662 0.1198
vt 0.6777 0.1198
vt 0.6892 0.1198
vt 0.7007 0.1198
vt 0.7122 0.1198
vt 0.7237 0.1198
vt 0.7352 0.1198
vt 0.7467 0.1198
vt 0.7582 0.1198
vt 0.7697 0.1198
vt 0.7812 0.1198
vt 0.7927 0.1198
vt 0.8042 0.1198
vt 0.8157 0.1198
vt 0.8272 0.1198
vt 0.8387 0.1198
vt 0.8502 0.1198
vt 0.8617 0.1198
vt 0.8732 0.1198
vt 0.8847 0.1198
vt 0.8962 0.1198
vt 0.9077 0.1198
vt 0.9192 0.1198
vt 0.9307 0.1198
vt 0.9422 0.1198
vt 0.9537 0.1198
vt 0.9652 0.1198
vt 0.9767 0.1198
vt 0.6316 0.0960
vt 0.6201 0.0960
vt 0.6086 0.0960
vt 0.6431 0.0960
vt 0.6547 0.0960
vt 0.6662 0.0960
vt 0.6777 0.0960
vt 0.6892 0.0960
vt 0.7007 0.0960
vt 0.7122 0.0960
vt 0.7237 0.0960
vt 0.7352 0.0960
vt 0.7467 0.0960
vt 0.7582 0.0960
vt 0.7697 0.0960
vt 0.7812 0.0960
vt 0.7927 0.0960
vt 0.8042 0.0960
vt 0.8157 0.0960
vt 0.8272 0.0960
vt 0.8387 0.0960
vt 0.8502 0.0960
vt 0.8617 0.0960
vt 0.8732 0.0960
vt 0.8847 0.0960
vt 0.8962 0.0960
vt 0.9077 0.0960
vt 0.9192 0.0960
vt 0.9307 0.0960
vt 0.9422 0.0960
vt 0.9537 0.0960
vt 0.9652 0.0960
vt 0.9767 0.0960
vt 0.6316 0.0722
vt 0.6201 0.0722
vt 0.6086 0.0722
vt 0.6431 0.0722
vt 0.6547 0.0722
vt 0.6662 0.0722
vt 0.6777 0.0722
vt 0.6892 0.0722
vt 0.7007 0.0722
vt 0.7122 0.0722
vt 0.7237 0.0722
vt 0.7352 0.0722
vt 0.7467 0.0722
vt 0.7582 0.0722
vt 0.7697 0.0722
vt 0.7812 0.0722
vt 0.7927 0.0722
vt 0.8042 0.0722
vt 0.8157 0.0722
vt 0.8272 0.0722
vt 0.8387 0.0722
vt 0.8502 0.0722
vt 0.8617 0.0722
vt 0.8732 0.0722
vt 0.8847 0.0722
vt 0.8962 0.0722
vt 0.9077 0.0722
vt 0.9192 0.0722
vt 0.9307 0.0722
vt 0.9422 0.0722
vt 0.9537 0.0722
vt 0.9652 0.0722
vt 0.9767 0.0722
vt 0.6316 0.0484
vt 0.6201 0.0484
vt 0.6086 0.0484
vt 0.6431 0.0484
vt 0.6547 0.0484
vt 0.6662 0.0484
vt 0.6777 0.0484
vt 0.6892 0.0484
vt 0.7007 0.0484
vt 0.7122 0.0484
vt 0.7237 0.0484
vt 0.7352 0.0484
vt 0.7467 0.0484
vt 0.7582 0.0484
vt 0.7697 0.0484
vt 0.7812 0.0484
vt 0.7927 0.0484
vt 0.8042 0.0484
vt 0.8157 0.0484
vt 0.8272 0.0484
vt 0.8387 0.0484
vt 0.8502 0.0484
vt 0.8617 0.0484
vt 0.8732 0.0484
vt 0.8847 0.0484
vt 0.8962 0.0484
vt 0.9077 0.0484
vt 0.9192 0.0484
vt 0.9307 0.0484
vt 0.9422 0.0484
vt 0.9537 0.0484
vt 0.9652 0.0484
vt 0.9767 0.0484
vt 0.6316 0.0245
vt 0.6201 0.0245
vt 0.6086 0.0245
vt 0.6431 0.0245
vt 0.6547 0.0245
vt 0.6662 0.0245
vt 0.6777 0.0245
vt 0.6892 0.0245
vt 0.7007 0.0245
vt 0.7122 0.0245
vt 0.7237 0.0245
vt 0.7352 0.0245
vt 0.7467 0.0245
vt 0.7582 0.0245
vt 0.7697 0.0245
vt 0.7812 0.0245
vt 0.7927 0.0245
vt 0.8042 0.0245
vt 0.8157 0.0245
vt 0.8272 0.0245
vt 0.8387 0.0245
vt 0.8502 0.0245
vt 0.8617 0.0245
vt 0.8732 0.0245
vt 0.8847 0.0245
vt 0.8962 0.0245
vt 0.9077 0.0245
vt 0.9192 0.0245
vt 0.9307 0.0245
vt 0.9422 0.0245
vt 0.9537 0.0245
vt 0.9652 0.0245
vt 0.9767 0.0245
vt 0.0289 0.8700
vt 0.0289 0.8796
vt 0.0135 0.8796
vt 0.0135 0.8700
vt 0.0443 0.8700
vt 0.0751 0.8700
vt 0.0751 0.8796
vt 0.0597 0.8796
vt 0.1058 0.8700
vt 0.0905 0.8796
vt 0.0905 0.8700
vt 0.1058 0.8796
vt 0.1212 0.8700
vt 0.1366 0.8700
vt 0.1366 0.8796
vt 0.1212 0.8796
vt 0.1674 0.8700
vt 0.1520 0.8796
vt 0.1520 0.8700
vt 0.1674 0.8796
vt 0.1982 0.8700
vt 0.1828 0.8796
vt 0.1828 0.8700
vt 0.1982 0.8796
vt 0.2136 0.8700
vt 0.2290 0.8700
vt 0.2290 0.8796
vt 0.2136 0.8796
vt 0.2444 0.8700
vt 0.2598 0.8700
vt 0.2598 0.8796
vt 0.2444 0.8796
vt 0.2905 0.8700
vt 0.2751 0.8796
vt 0.2751 0.8700
vt 0.2905 0.8796
vt 0.3213 0.8700
vt 0.3059 0.8796
vt 0.3059 0.8700
vt 0.3213 0.8796
vt 0.3521 0.8700
vt 0.3367 0.8796
vt 0.3367 0.8700
vt 0.3521 0.8796
vt 0.3829 0.8700
vt 0.3675 0.8796
vt 0.3675 0.8700
vt 0.3829 0.8796
vt 0.3983 0.8700
vt 0.4137 0.8700
vt 0.4137 0.8796
vt 0.3983 0.8796
vt 0.4291 0.8700
vt 0.4444 0.8700
vt 0.4444 0.8796
vt 0.4291 0.8796
vt 0.4598 0.8700
vt 0.4752 0.8700
vt 0.4752 0.8796
vt 0.4598 0.8796
vt 0.4906 0.8700
vt 0.5060 0.8700
vt 0.5060 0.8796
vt 0.4906 0.8796
vt 0.0443 0.8603
vt 0.0289 0.8700
vt 0.0289 0.8603
vt 0.0751 0.8603
vt 0.0597 0.8700
vt 0.0597 0.8603
vt 0.0751 0.8700
vt 0.1058 0.8603
vt 0.0905 0.8700
vt 0.0905 0.8603
vt 0.1366 0.8603
vt 0.1212 0.8700
vt 0.1212 0.8603
vt 0.1366 0.8700
vt 0.1674 0.8603
vt 0.1520 0.8700
vt 0.1520 0.8603
vt 0.1982 0.8603
vt 0.1828 0.8700
vt 0.1828 0.8603
vt 0.2290 0.8603
vt 0.2136 0.8700
vt 0.2136 0.8603
vt 0.2290 0.8700
vt 0.2598 0.8603
vt 0.2444 0.8700
vt 0.2444 0.8603
vt 0.2598 0.8700
vt 0.2751 0.8603
vt 0.2905 0.8603
vt 0.3059 0.8603
vt 0.3213 0.8603
vt 0.3367 0.8603
vt 0.3521 0.8603
vt 0.3675 0.8603
vt 0.3829 0.8603
vt 0.3983 0.8603
vt 0.4137 0.8603
vt 0.4137 0.8700
vt 0.3983 0.8700
vt 0.4291 0.8603
vt 0.4444 0.8603
vt 0.4444 0.8700
vt 0.4291 0.8700
vt 0.4598 0.8603
vt 0.4752 0.8603
vt 0.4752 0.8700
vt 0.4598 0.8700
vt 0.4906 0.8603
vt 0.5060 0.8603
vt 0.5060 0.8700
vt 0.4906 0.8700
vt 0.0443 0.8796
vt 0.0443 0.8700
vt 0.0905 0.8700
vt 0.1520 0.8700
vt 0.1828 0.8700
vt 0.2751 0.8700
vt 0.3059 0.8700
vt 0.3367 0.8700
vt 0.3675 0.8700
vt 0.0289 0.8603
vt 0.0135 0.8700
vt 0.0135 0.8603
vt 0.0905 0.8603
vt 0.1520 0.8603
vt 0.2136 0.8603
vt 0.2751 0.8603
vt 0.3059 0.8603
vt 0.3367 0.8603
vt 0.3675 0.8603
vt 0.3983 0.8603
vt 0.4291 0.8603
vt 0.4598 0.8603
vt 0.4906 0.8603
vt 0.0443 0.8507
vt 0.0289 0.8507
vt 0.0135 0.8603
vt 0.0135 0.8507
vt 0.0289 0.8507
vt 0.0597 0.8507
vt 0.0751 0.8507
vt 0.0905 0.8507
vt 0.1058 0.8507
vt 0.1212 0.8507
vt 0.1366 0.8507
vt 0.1520 0.8507
vt 0.1674 0.8507
vt 0.1828 0.8507
vt 0.1982 0.8507
vt 0.2136 0.8507
vt 0.2290 0.8507
vt 0.2444 0.8507
vt 0.2598 0.8507
vt 0.2751 0.8507
vt 0.2905 0.8507
vt 0.3059 0.8507
vt 0.3213 0.8507
vt 0.3367 0.8507
vt 0.3521 0.8507
vt 0.3675 0.8507
vt 0.3829 0.8507
vt 0.3983 0.8507
vt 0.4137 0.8507
vt 0.4291 0.8507
vt 0.4444 0.8507
vt 0.4598 0.8507
vt 0.4752 0.8507
vt 0.4906 0.8507
vt 0.5060 0.8507
vt 0.0443 0.8411
vt 0.0289 0.8411
vt 0.0135 0.8411
vt 0.0597 0.8411
vt 0.0751 0.8411
vt 0.0905 0.8411
vt 0.1058 0.8411
vt 0.1212 0.8411
vt 0.1366 0.8411
vt 0.1520 0.8411
vt 0.1674 0.8411
vt 0.1828 0.8411
vt 0.1982 0.8411
vt 0.2136 0.8411
vt 0.2290 0.8411
vt 0.2444 0.8411
vt 0.2598 0.8411
vt 0.2751 0.8411
vt 0.2905 0.8411
vt 0.3059 0.8411
vt 0.3213 0.8411
vt 0.3367 0.8411
vt 0.3521 0.8411
vt 0.3675 0.8411
vt 0.3829 0.8411
vt 0.3983 0.8411
vt 0.4137 0.8411
vt 0.4291 0.8411
vt 0.4444 0.8411
vt 0.4598 0.8411
vt 0.4752 0.8411
vt 0.4906 0.8411
vt 0.5060 0.8411
vt 0.0443 0.8315
vt 0.0289 0.8315
vt 0.0135 0.8411
vt 0.0135 0.8315
vt 0.0289 0.8315
vt 0.0597 0.8315
vt 0.0751 0.8315
vt 0.0905 0.8315
vt 0.1058 0.8315
vt 0.1212 0.8315
vt 0.1366 0.8315
vt 0.1520 0.8315
vt 0.1674 0.8315
vt 0.1828 0.8315
vt 0.1982 0.8315
vt 0.2136 0.8315
vt 0.2290 0.8315
vt 0.2444 0.8315
vt 0.2598 0.8315
vt 0.2751 0.8315
vt 0.2905 0.8315
vt 0.3059 0.8315
vt 0.3213 0.8315
vt 0.3367 0.8315
vt 0.3521 0.8315
vt 0.3675 0.8315
vt 0.3829 0.8315
vt 0.3983 0.8315
vt 0.4137 0.8315
vt 0.4291 0.8315
vt 0.4444 0.8315
vt 0.4598 0.8315
vt 0.4752 0.8315
vt 0.4906 0.8315
vt 0.5060 0.8315
vt 0.0443 0.8219
vt 0.0289 0.8219
vt 0.0135 0.8219
vt 0.0597 0.8219
vt 0.0751 0.8219
vt 0.0905 0.8219
vt 0.1058 0.8219
vt 0.1212 0.8219
vt 0.1366 0.8219
vt 0.1520 0.8219
vt 0.1674 0.8219
vt 0.1828 0.8219
vt 0.1982 0.8219
vt 0.2136 0.8219
vt 0.2290 0.8219
vt 0.2444 0.8219
vt 0.2598 0.8219
vt 0.2751 0.8219
vt 0.2905 0.8219
vt 0.3059 0.8219
vt 0.3213 0.8219
vt 0.3367 0.8219
vt 0.3521 0.8219
vt 0.3675 0.8219
vt 0.3829 0.8219
vt 0.3983 0.8219
vt 0.4137 0.8219
vt 0.4291 0.8219
vt 0.4444 0.8219
vt 0.4598 0.8219
vt 0.4752 0.8219
vt 0.4906 0.8219
vt 0.5060 0.8219
vt 0.0443 0.8122
vt 0.0289 0.8122
vt 0.0135 0.8122
vt 0.0597 0.8122
vt 0.0751 0.8122
vt 0.0905 0.8122
vt 0.1058 0.8122
vt 0.1212 0.8122
vt 0.1366 0.8122
vt 0.1520 0.8122
vt 0.1674 0.8122
vt 0.1828 0.8122
vt 0.1982 0.8122
vt 0.2136 0.8122
vt 0.2290 0.8122
vt 0.2444 0.8122
vt 0.2598 0.8122
vt 0.2751 0.8122
vt 0.2905 0.8122
vt 0.3059 0.8122
vt 0.3213 0.8122
vt 0.3367 0.8122
vt 0.3521 0.8122
vt 0.3675 0.8122
vt 0.3829 0.8122
vt 0.3983 0.8122
vt 0.4137 0.8122
vt 0.4291 0.8122
vt 0.4444 0.8122
vt 0.4598 0.8122
vt 0.4752 0.8122
vt 0.4906 0.8122
vt 0.5060 0.8122
vt 0.0443 0.8026
vt 0.0289 0.8026
vt 0.0135 0.8026
vt 0.0597 0.8026
vt 0.0751 0.8026
vt 0.0905 0.8026
vt 0.1058 0.8026
vt 0.1212 0.8026
vt 0.1366 0.8026
vt 0.1520 0.8026
vt 0.1674 0.8026
vt 0.1828 0.8026
vt 0.1982 0.8026
vt 0.2136 0.8026
vt 0.2290 0.8026
vt 0.2444 0.8026
vt 0.2598 0.8026
vt 0.2751 0.8026
vt 0.2905 0.8026
vt 0.3059 0.8026
vt 0.3213 0.8026
vt 0.3367 0.8026
vt 0.3521 0.8026
vt 0.3675 0.8026
vt 0.3829 0.8026
vt 0.3983 0.8026
vt 0.4137 0.8026
vt 0.4291 0.8026
vt 0.4444 0.8026
vt 0.4598 0.8026
vt 0.4752 0.8026
vt 0.4906 0.8026
vt 0.5060 0.8026
vt 0.0443 0.7930
vt 0.0289 0.7930
vt 0.0135 0.7930
vt 0.0597 0.7930
vt 0.0751 0.7930
vt 0.0905 0.7930
vt 0.1058 0.7930
vt 0.1212 0.7930
vt 0.1366 0.7930
vt 0.1520 0.7930
vt 0.1674 0.7930
vt 0.1828 0.7930
vt 0.1982 0.7930
vt 0.2136 0.7930
vt 0.2290 0.7930
vt 0.2444 0.7930
vt 0.2598 0.7930
vt 0.2751 0.7930
vt 0.2905 0.7930
vt 0.3059 0.7930
vt 0.3213 0.7930
vt 0.3367 0.7930
vt 0.3521 0.7930
vt 0.3675 0.7930
vt 0.3829 0.7930
vt 0.3983 0.7930
vt 0.4137 0.7930
vt 0.4291 0.7930
vt 0.4444 0.7930
vt 0.4598 0.7930
vt 0.4752 0.7930
vt 0.4906 0.7930
vt 0.5060 0.7930
vt 0.0443 0.7834
vt 0.0289 0.7834
vt 0.0135 0.7834
vt 0.0597 0.7834
vt 0.0751 0.7834
vt 0.0905 0.7834
vt 0.1058 0.7834
vt 0.1212 0.7834
vt 0.1366 0.7834
vt 0.1520 0.7834
vt 0.1674 0.7834
vt 0.1828 0.7834
vt 0.1982 0.7834
vt 0.2136 0.7834
vt 0.2290 0.7834
vt 0.2444 0.7834
vt 0.2598 0.7834
vt 0.2751 0.7834
vt 0.2905 0.7834
vt 0.3059 0.7834
vt 0.3213 0.7834
vt 0.3367 0.7834
vt 0.3521 0.7834
vt 0.3675 0.7834
vt 0.3829 0.7834
vt 0.3983 0.7834
vt 0.4137 0.7834
vt 0.4291 0.7834
vt 0.4444 0.7834
vt 0.4598 0.7834
vt 0.4752 0.7834
vt 0.4906 0.7834
vt 0.5060 0.7834
vt 0.0443 0.7738
vt 0.0289 0.7738
vt 0.0135 0.7834
vt 0.0135 0.7738
vt 0.0289 0.7738
vt 0.0597 0.7738
vt 0.0751 0.7738
vt 0.0905 0.7738
vt 0.1058 0.7738
vt 0.1212 0.7738
vt 0.1366 0.7738
vt 0.1520 0.7738
vt 0.1674 0.7738
vt 0.1828 0.7738
vt 0.1982 0.7738
vt 0.2136 0.7738
vt 0.2290 0.7738
vt 0.2444 0.7738
vt 0.2598 0.7738
vt 0.2751 0.7738
vt 0.2905 0.7738
vt 0.3059 0.7738
vt 0.3213 0.7738
vt 0.3367 0.7738
vt 0.3521 0.7738
vt 0.3675 0.7738
vt 0.3829 0.7738
vt 0.3983 0.7738
vt 0.4137 0.7738
vt 0.4291 0.7738
vt 0.4444 0.7738
vt 0.4598 0.7738
vt 0.4752 0.7738
vt 0.4906 0.7738
vt 0.5060 0.7738
vt 0.0443 0.7642
vt 0.0289 0.7642
vt 0.0135 0.7642
vt 0.0597 0.7642
vt 0.0751 0.7642
vt 0.0905 0.7642
vt 0.1058 0.7642
vt 0.1212 0.7642
vt 0.1366 0.7642
vt 0.1520 0.7642
vt 0.1674 0.7642
vt 0.1828 0.7642
vt 0.1982 0.7642
vt 0.2136 0.7642
vt 0.2290 0.7642
vt 0.2444 0.7642
vt 0.2598 0.7642
vt 0.2751 0.7642
vt 0.2905 0.7642
vt 0.3059 0.7642
vt 0.3213 0.7642
vt 0.3367 0.7642
vt 0.3521 0.7642
vt 0.3675 0.7642
vt 0.3829 0.7642
vt 0.3983 0.7642
vt 0.4137 0.7642
vt 0.4291 0.7642
vt 0.4444 0.7642
vt 0.4598 0.7642
vt 0.4752 0.7642
vt 0.4906 0.7642
vt 0.5060 0.7642
vt 0.0443 0.7545
vt 0.0289 0.7545
vt 0.0135 0.7545
vt 0.0597 0.7545
vt 0.0751 0.7545
vt 0.0905 0.7545
vt 0.1058 0.7545
vt 0.1212 0.7545
vt 0.1366 0.7545
vt 0.1520 0.7545
vt 0.1674 0.7545
vt 0.1828 0.7545
vt 0.1982 0.7545
vt 0.2136 0.7545
vt 0.2290 0.7545
vt 0.2444 0.7545
vt 0.2598 0.7545
vt 0.2751 0.7545
vt 0.2905 0.7545
vt 0.3059 0.7545
vt 0.3213 0.7545
vt 0.3367 0.7545
vt 0.3521 0.7545
vt 0.3675 0.7545
vt 0.3829 0.7545
vt 0.3983 0.7545
vt 0.4137 0.7545
vt 0.4291 0.7545
vt 0.4444 0.7545
vt 0.4598 0.7545
vt 0.4752 0.7545
vt 0.4906 0.7545
vt 0.5060 0.7545
vt 0.0443 0.7449
vt 0.0289 0.7449
vt 0.0135 0.7449
vt 0.0597 0.7449
vt 0.0751 0.7449
vt 0.0905 0.7449
vt 0.1058 0.7449
vt 0.1212 0.7449
vt 0.1366 0.7449
vt 0.1520 0.7449
vt 0.1674 0.7449
vt 0.1828 0.7449
vt 0.1982 0.7449
vt 0.2136 0.7449
vt 0.2290 0.7449
vt 0.2444 0.7449
vt 0.2598 0.7449
vt 0.2751 0.7449
vt 0.2905 0.7449
vt 0.3059 0.7449
vt 0.3213 0.7449
vt 0.3367 0.7449
vt 0.3521 0.7449
vt 0.3675 0.7449
vt 0.3829 0.7449
vt 0.3983 0.7449
vt 0.4137 0.7449
vt 0.4291 0.7449
vt 0.4444 0.7449
vt 0.4598 0.7449
vt 0.4752 0.7449
vt 0.4906 0.7449
vt 0.5060 0.7449
vt 0.0443 0.7353
vt 0.0289 0.7353
vt 0.0135 0.7353
vt 0.0597 0.7353
vt 0.0751 0.7353
vt 0.0905 0.7353
vt 0.1058 0.7353
vt 0.1212 0.7353
vt 0.1366 0.7353
vt 0.1520 0.7353
vt 0.1674 0.7353
vt 0.1828 0.7353
vt 0.1982 0.7353
vt 0.2136 0.7353
vt 0.2290 0.7353
vt 0.2444 0.7353
vt 0.2598 0.7353
vt 0.2751 0.7353
vt 0.2905 0.7353
vt 0.3059 0.7353
vt 0.3213 0.7353
vt 0.3367 0.7353
vt 0.3521 0.7353
vt 0.3675 0.7353
vt 0.3829 0.7353
vt 0.3983 0.7353
vt 0.4137 0.7353
vt 0.4291 0.7353
vt 0.4444 0.7353
vt 0.4598 0.7353
vt 0.4752 0.7353
vt 0.4906 0.7353
vt 0.5060 0.7353
vt 0.0443 0.7257
vt 0.0289 0.7257
vt 0.0135 0.7257
vt 0.0597 0.7257
vt 0.0751 0.7257
vt 0.0905 0.7257
vt 0.1058 0.7257
vt 0.1212 0.7257
vt 0.1366 0.7257
vt 0.1520 0.7257
vt 0.1674 0.7257
vt 0.1828 0.7257
vt 0.1982 0.7257
vt 0.2136 0.7257
vt 0.2290 0.7257
vt 0.2444 0.7257
vt 0.2598 0.7257
vt 0.2751 0.7257
vt 0.2905 0.7257
vt 0.3059 0.7257
vt 0.3213 0.7257
vt 0.3367 0.7257
vt 0.3521 0.7257
vt 0.3675 0.7257
vt 0.3829 0.7257
vt 0.3983 0.7257
vt 0.4137 0.7257
vt 0.4291 0.7257
vt 0.4444 0.7257
vt 0.4598 0.7257
vt 0.4752 0.7257
vt 0.4906 0.7257
vt 0.5060 0.7257
vt 0.0443 0.7161
vt 0.0289 0.7161
vt 0.0135 0.7161
vt 0.0597 0.7161
vt 0.0751 0.7161
vt 0.0905 0.7161
vt 0.1058 0.7161
vt 0.1212 0.7161
vt 0.1366 0.7161
vt 0.1520 0.7161
vt 0.1674 0.7161
vt 0.1828 0.7161
vt 0.1982 0.7161
vt 0.2136 0.7161
vt 0.2290 0.7161
vt 0.2444 0.7161
vt 0.2598 0.7161
vt 0.2751 0.7161
vt 0.2905 0.7161
vt 0.3059 0.7161
vt 0.3213 0.7161
vt 0.3367 0.7161
vt 0.3521 0.7161
vt 0.3675 0.7161
vt 0.3829 0.7161
vt 0.3983 0.7161
vt 0.4137 0.7161
vt 0.4291 0.7161
vt 0.4444 0.7161
vt 0.4598 0.7161
vt 0.4752 0.7161
vt 0.4906 0.7161
vt 0.5060 0.7161
vt 0.0443 0.7064
vt 0.0289 0.7064
vt 0.0135 0.7064
vt 0.0597 0.7064
vt 0.0751 0.7064
vt 0.0905 0.7064
vt 0.1058 0.7064
vt 0.1212 0.7064
vt 0.1366 0.7064
vt 0.1520 0.7064
vt 0.1674 0.7064
vt 0.1828 0.7064
vt 0.1982 0.7064
vt 0.2136 0.7064
vt 0.2290 0.7064
vt 0.2444 0.7064
vt 0.2598 0.7064
vt 0.2751 0.7064
vt 0.2905 0.7064
vt 0.3059 0.7064
vt 0.3213 0.7064
vt 0.3367 0.7064
vt 0.3521 0.7064
vt 0.3675 0.7064
vt 0.3829 0.7064
vt 0.3983 0.7064
vt 0.4137 0.7064
vt 0.4291 0.7064
vt 0.4444 0.7064
vt 0.4598 0.7064
vt 0.4752 0.7064
vt 0.4906 0.7064
vt 0.5060 0.7064
vt 0.0443 0.6968
vt 0.0289 0.6968
vt 0.0135 0.6968
vt 0.0597 0.6968
vt 0.0751 0.6968
vt 0.0905 0.6968
vt 0.1058 0.6968
vt 0.1212 0.6968
vt 0.1366 0.6968
vt 0.1520 0.6968
vt 0.1674 0.6968
vt 0.1828 0.6968
vt 0.1982 0.6968
vt 0.2136 0.6968
vt 0.2290 0.6968
vt 0.2444 0.6968
vt 0.2598 0.6968
vt 0.2751 0.6968
vt 0.2905 0.6968
vt 0.3059 0.6968
vt 0.3213 0.6968
vt 0.3367 0.6968
vt 0.3521 0.6968
vt 0.3675 0.6968
vt 0.3829 0.6968
vt 0.3983 0.6968
vt 0.4137 0.6968
vt 0.4291 0.6968
vt 0.4444 0.6968
vt 0.4598 0.6968
vt 0.4752 0.6968
vt 0.4906 0.6968
vt 0.5060 0.6968
vt 0.0443 0.6872
vt 0.0289 0.6872
vt 0.0135 0.6872
vt 0.0597 0.6872
vt 0.0751 0.6872
vt 0.0905 0.6872
vt 0.1058 0.6872
vt 0.1212 0.6872
vt 0.1366 0.6872
vt 0.1520 0.6872
vt 0.1674 0.6872
vt 0.1828 0.6872
vt 0.1982 0.6872
vt 0.2136 0.6872
vt 0.2290 0.6872
vt 0.2444 0.6872
vt 0.2598 0.6872
vt 0.2751 0.6872
vt 0.2905 0.6872
vt 0.3059 0.6872
vt 0.3213 0.6872
vt 0.3367 0.6872
vt 0.3521 0.6872
vt 0.3675 0.6872
vt 0.3829 0.6872
vt 0.3983 0.6872
vt 0.4137 0.6872
vt 0.4291 0.6872
vt 0.4444 0.6872
vt 0.4598 0.6872
vt 0.4752 0.6872
vt 0.4906 0.6872
vt 0.5060 0.6872
vt 0.0443 0.6776
vt 0.0289 0.6776
vt 0.0135 0.6776
vt 0.0597 0.6776
vt 0.0751 0.6776
vt 0.0905 0.6776
vt 0.1058 0.6776
vt 0.1212 0.6776
vt 0.1366 0.6776
vt 0.1520 0.6776
vt 0.1674 0.6776
vt 0.1828 0.6776
vt 0.1982 0.6776
vt 0.2136 0.6776
vt 0.2290 0.6776
vt 0.2444 0.6776
vt 0.2598 0.6776
vt 0.2751 0.6776
vt 0.2905 0.6776
vt 0.3059 0.6776
vt 0.3213 0.6776
vt 0.3367 0.6776
vt 0.3521 0.6776
vt 0.3675 0.6776
vt 0.3829 0.6776
vt 0.3983 0.6776
vt 0.4137 0.6776
vt 0.4291 0.6776
vt 0.4444 0.6776
vt 0.4598 0.6776
vt 0.4752 0.6776
vt 0.4906 0.6776
vt 0.5060 0.6776
vt 0.0443 0.6680
vt 0.0289 0.6680
vt 0.0135 0.6680
vt 0.0597 0.6680
vt 0.0751 0.6680
vt 0.0905 0.6680
vt 0.1058 0.6680
vt 0.1212 0.6680
vt 0.1366 0.6680
vt 0.1520 0.6680
vt 0.1674 0.6680
vt 0.1828 0.6680
vt 0.1982 0.6680
vt 0.2136 0.6680
vt 0.2290 0.6680
vt 0.2444 0.6680
vt 0.2598 0.6680
vt 0.2751 0.6680
vt 0.2905 0.6680
vt 0.3059 0.6680
vt 0.3213 0.6680
vt 0.3367 0.6680
vt 0.3521 0.6680
vt 0.3675 0.6680
vt 0.3829 0.6680
vt 0.3983 0.6680
vt 0.4137 0.6680
vt 0.4291 0.6680
vt 0.4444 0.6680
vt 0.4598 0.6680
vt 0.4752 0.6680
vt 0.4906 0.6680
vt 0.5060 0.6680
vt 0.0443 0.6583
vt 0.0289 0.6583
vt 0.0135 0.6583
vt 0.0597 0.6583
vt 0.0751 0.6583
vt 0.0905 0.6583
vt 0.1058 0.6583
vt 0.1212 0.6583
vt 0.1366 0.6583
vt 0.1520 0.6583
vt 0.1674 0.6583
vt 0.1828 0.6583
vt 0.1982 0.6583
vt 0.2136 0.6583
vt 0.2290 0.6583
vt 0.2444 0.6583
vt 0.2598 0.6583
vt 0.2751 0.6583
vt 0.2905 0.6583
vt 0.3059 0.6583
vt 0.3213 0.6583
vt 0.3367 0.6583
vt 0.3521 0.6583
vt 0.3675 0.6583
vt 0.3829 0.6583
vt 0.3983 0.6583
vt 0.4137 0.6583
vt 0.4291 0.6583
vt 0.4444 0.6583
vt 0.4598 0.6583
vt 0.4752 0.6583
vt 0.4906 0.6583
vt 0.5060 0.6583
vt 0.0443 0.6487
vt 0.0289 0.6487
vt 0.0135 0.6487
vt 0.0597 0.6487
vt 0.0751 0.6487
vt 0.0905 0.6487
vt 0.1058 0.6487
vt 0.1212 0.6487
vt 0.1366 0.6487
vt 0.1520 0.6487
vt 0.1674 0.6487
vt 0.1828 0.6487
vt 0.1982 0.6487
vt 0.2136 0.6487
vt 0.2290 0.6487
vt 0.2444 0.6487
vt 0.2598 0.6487
vt 0.2751 0.6487
vt 0.2905 0.6487
vt 0.3059 0.6487
vt 0.3213 0.6487
vt 0.3367 0.6487
vt 0.3521 0.6487
vt 0.3675 0.6487
vt 0.3829 0.6487
vt 0.3983 0.6487
vt 0.4137 0.6487
vt 0.4291 0.6487
vt 0.4444 0.6487
vt 0.4598 0.6487
vt 0.4752 0.6487
vt 0.4906 0.6487
vt 0.5060 0.6487
vt 0.0443 0.6391
vt 0.0289 0.6391
vt 0.0135 0.6487
vt 0.0135 0.6391
vt 0.0289 0.6391
vt 0.0597 0.6391
vt 0.0751 0.6391
vt 0.0905 0.6391
vt 0.1058 0.6391
vt 0.1212 0.6391
vt 0.1366 0.6391
vt 0.1520 0.6391
vt 0.1674 0.6391
vt 0.1828 0.6391
vt 0.1982 0.6391
vt 0.2136 0.6391
vt 0.2290 0.6391
vt 0.2444 0.6391
vt 0.2598 0.6391
vt 0.2751 0.6391
vt 0.2905 0.6391
vt 0.3059 0.6391
vt 0.3213 0.6391
vt 0.3367 0.6391
vt 0.3521 0.6391
vt 0.3675 0.6391
vt 0.3829 0.6391
vt 0.3983 0.6391
vt 0.4137 0.6391
vt 0.4291 0.6391
vt 0.4444 0.6391
vt 0.4598 0.6391
vt 0.4752 0.6391
vt 0.4906 0.6391
vt 0.5060 0.6391
vt 0.0443 0.6295
vt 0.0289 0.6295
vt 0.0135 0.6295
vt 0.0597 0.6295
vt 0.0751 0.6295
vt 0.0905 0.6295
vt 0.1058 0.6295
vt 0.1212 0.6295
vt 0.1366 0.6295
vt 0.1520 0.6295
vt 0.1674 0.6295
vt 0.1828 0.6295
vt 0.1982 0.6295
vt 0.2136 0.6295
vt 0.2290 0.6295
vt 0.2444 0.6295
vt 0.2598 0.6295
vt 0.2751 0.6295
vt 0.2905 0.6295
vt 0.3059 0.6295
vt 0.3213 0.6295
vt 0.3367 0.6295
vt 0.3521 0.6295
vt 0.3675 0.6295
vt 0.3829 0.6295
vt 0.3983 0.6295
vt 0.4137 0.6295
vt 0.4291 0.6295
vt 0.4444 0.6295
vt 0.4598 0.6295
vt 0.4752 0.6295
vt 0.4906 0.6295
vt 0.5060 0.6295
vt 0.0443 0.6199
vt 0.0289 0.6199
vt 0.0135 0.6295
vt 0.0135 0.6199
vt 0.0289 0.6199
vt 0.0597 0.6199
vt 0.0751 0.6199
vt 0.0905 0.6199
vt 0.1058 0.6199
vt 0.1212 0.6199
vt 0.1366 0.6199
vt 0.1520 0.6199
vt 0.1674 0.6199
vt 0.1828 0.6199
vt 0.1982 0.6199
vt 0.2136 0.6199
vt 0.2290 0.6199
vt 0.2444 0.6199
vt 0.2598 0.6199
vt 0.2751 0.6199
vt 0.2905 0.6199
vt 0.3059 0.6199
vt 0.3213 0.6199
vt 0.3367 0.6199
vt 0.3521 0.6199
vt 0.3675 0.6199
vt 0.3829 0.6199
vt 0.3983 0.6199
vt 0.4137 0.6199
vt 0.4291 0.6199
vt 0.4444 0.6199
vt 0.4598 0.6199
vt 0.4752 0.6199
vt 0.4906 0.6199
vt 0.5060 0.6199
vt 0.0443 0.6102
vt 0.0289 0.6102
vt 0.0135 0.6102
vt 0.0597 0.6102
vt 0.0751 0.6102
vt 0.0905 0.6102
vt 0.1058 0.6102
vt 0.1212 0.6102
vt 0.1366 0.6102
vt 0.1520 0.6102
vt 0.1674 0.6102
vt 0.1828 0.6102
vt 0.1982 0.6102
vt 0.2136 0.6102
vt 0.2290 0.6102
vt 0.2444 0.6102
vt 0.2598 0.6102
vt 0.2751 0.6102
vt 0.2905 0.6102
vt 0.3059 0.6102
vt 0.3213 0.6102
vt 0.3367 0.6102
vt 0.3521 0.6102
vt 0.3675 0.6102
vt 0.3829 0.6102
vt 0.3983 0.6102
vt 0.4137 0.6102
vt 0.4291 0.6102
vt 0.4444 0.6102
vt 0.4598 0.6102
vt 0.4752 0.6102
vt 0.4906 0.6102
vt 0.5060 0.6102
vt 0.0443 0.6006
vt 0.0289 0.6006
vt 0.0135 0.6006
vt 0.0597 0.6006
vt 0.0751 0.6006
vt 0.0905 0.6006
vt 0.1058 0.6006
vt 0.1212 0.6006
vt 0.1366 0.6006
vt 0.1520 0.6006
vt 0.1674 0.6006
vt 0.1828 0.6006
vt 0.1982 0.6006
vt 0.2136 0.6006
vt 0.2290 0.6006
vt 0.2444 0.6006
vt 0.2598 0.6006
vt 0.2751 0.6006
vt 0.2905 0.6006
vt 0.3059 0.6006
vt 0.3213 0.6006
vt 0.3367 0.6006
vt 0.3521 0.6006
vt 0.3675 0.6006
vt 0.3829 0.6006
vt 0.3983 0.6006
vt 0.4137 0.6006
vt 0.4291 0.6006
vt 0.4444 0.6006
vt 0.4598 0.6006
vt 0.4752 0.6006
vt 0.4906 0.6006
vt 0.5060 0.6006
vt 0.0443 0.5910
vt 0.0289 0.5910
vt 0.0135 0.5910
vt 0.0597 0.5910
vt 0.0751 0.5910
vt 0.0905 0.5910
vt 0.1058 0.5910
vt 0.1212 0.5910
vt 0.1366 0.5910
vt 0.1520 0.5910
vt 0.1674 0.5910
vt 0.1828 0.5910
vt 0.1982 0.5910
vt 0.2136 0.5910
vt 0.2290 0.5910
vt 0.2444 0.5910
vt 0.2598 0.5910
vt 0.2751 0.5910
vt 0.2905 0.5910
vt 0.3059 0.5910
vt 0.3213 0.5910
vt 0.3367 0.5910
vt 0.3521 0.5910
vt 0.3675 0.5910
vt 0.3829 0.5910
vt 0.3983 0.5910
vt 0.4137 0.5910
vt 0.4291 0.5910
vt 0.4444 0.5910
vt 0.4598 0.5910
vt 0.4752 0.5910
vt 0.4906 0.5910
vt 0.5060 0.5910
vt 0.0443 0.5814
vt 0.0289 0.5814
vt 0.0135 0.5814
vt 0.0597 0.5814
vt 0.0751 0.5814
vt 0.0905 0.5814
vt 0.1058 0.5814
vt 0.1212 0.5814
vt 0.1366 0.5814
vt 0.1520 0.5814
vt 0.1674 0.5814
vt 0.1828 0.5814
vt 0.1982 0.5814
vt 0.2136 0.5814
vt 0.2290 0.5814
vt 0.2444 0.5814
vt 0.2598 0.5814
vt 0.2751 0.5814
vt 0.2905 0.5814
vt 0.3059 0.5814
vt 0.3213 0.5814
vt 0.3367 0.5814
vt 0.3521 0.5814
vt 0.3675 0.5814
vt 0.3829 0.5814
vt 0.3983 0.5814
vt 0.4137 0.5814
vt 0.4291 0.5814
vt 0.4444 0.5814
vt 0.4598 0.5814
vt 0.4752 0.5814
vt 0.4906 0.5814
vt 0.5060 0.5814
vt 0.0443 0.5718
vt 0.0289 0.5718
vt 0.0135 0.5718
vt 0.0597 0.5718
vt 0.0751 0.5718
vt 0.0905 0.5718
vt 0.1058 0.5718
vt 0.1212 0.5718
vt 0.1366 0.5718
vt 0.1520 0.5718
vt 0.1674 0.5718
vt 0.1828 0.5718
vt 0.1982 0.5718
vt 0.2136 0.5718
vt 0.2290 0.5718
vt 0.2444 0.5718
vt 0.2598 0.5718
vt 0.2751 0.5718
vt 0.2905 0.5718
vt 0.3059 0.5718
vt 0.3213 0.5718
vt 0.3367 0.5718
vt 0.3521 0.5718
vt 0.3675 0.5718
vt 0.3829 0.5718
vt 0.3983 0.5718
vt 0.4137 0.5718
vt 0.4291 0.5718
vt 0.4444 0.5718
vt 0.4598 0.5718
vt 0.4752 0.5718
vt 0.4906 0.5718
vt 0.5060 0.5718
vt 0.0594 0.5314
vt 0.0594 0.5482
vt 0.0426 0.5482
vt 0.0426 0.5314
vt 0.0762 0.5314
vt 0.1098 0.5314
vt 0.1098 0.5482
vt 0.0930 0.5482
vt 0.1434 0.5314
vt 0.1266 0.5482
vt 0.1266 0.5314
vt 0.1434 0.5482
vt 0.1602 0.5314
vt 0.1770 0.5314
vt 0.1770 0.5482
vt 0.1602 0.5482
vt 0.2106 0.5314
vt 0.1938 0.5482
vt 0.1938 0.5314
vt 0.2106 0.5482
vt 0.2443 0.5314
vt 0.2275 0.5482
vt 0.2275 0.5314
vt 0.2443 0.5482
vt 0.2611 0.5314
vt 0.2779 0.5314
vt 0.2779 0.5482
vt 0.2611 0.5482
vt 0.2947 0.5314
vt 0.3115 0.5314
vt 0.3115 0.5482
vt 0.2947 0.5482
vt 0.3451 0.5314
vt 0.3283 0.5482
vt 0.3283 0.5314
vt 0.3451 0.5482
vt 0.3787 0.5314
vt 0.3619 0.5482
vt 0.3619 0.5314
vt 0.3787 0.5482
vt 0.4123 0.5314
vt 0.3955 0.5482
vt 0.3955 0.5314
vt 0.4123 0.5482
vt 0.4460 0.5314
vt 0.4292 0.5482
vt 0.4292 0.5314
vt 0.4460 0.5482
vt 0.4628 0.5314
vt 0.4796 0.5314
vt 0.4796 0.5482
vt 0.4628 0.5482
vt 0.4964 0.5314
vt 0.5132 0.5314
vt 0.5132 0.5482
vt 0.4964 0.5482
vt 0.5300 0.5314
vt 0.5468 0.5314
vt 0.5468 0.5482
vt 0.5300 0.5482
vt 0.5636 0.5314
vt 0.5804 0.5314
vt 0.5804 0.5482
vt 0.5636 0.5482
vt 0.0762 0.5146
vt 0.0594 0.5314
vt 0.0594 0.5146
vt 0.1098 0.5146
vt 0.0930 0.5314
vt 0.0930 0.5146
vt 0.1098 0.5314
vt 0.1434 0.5146
vt 0.1266 0.5314
vt 0.1266 0.5146
vt 0.1770 0.5146
vt 0.1602 0.5314
vt 0.1602 0.5146
vt 0.1770 0.5314
vt 0.2106 0.5146
vt 0.1938 0.5314
vt 0.1938 0.5146
vt 0.2443 0.5146
vt 0.2275 0.5314
vt 0.2275 0.5146
vt 0.2779 0.5146
vt 0.2611 0.5314
vt 0.2611 0.5146
vt 0.2779 0.5314
vt 0.3115 0.5146
vt 0.2947 0.5314
vt 0.2947 0.5146
vt 0.3115 0.5314
vt 0.3283 0.5146
vt 0.3451 0.5146
vt 0.3619 0.5146
vt 0.3787 0.5146
vt 0.3955 0.5146
vt 0.4123 0.5146
vt 0.4292 0.5146
vt 0.4460 0.5146
vt 0.4628 0.5146
vt 0.4796 0.5146
vt 0.4796 0.5314
vt 0.4628 0.5314
vt 0.4964 0.5146
vt 0.5132 0.5146
vt 0.5132 0.5314
vt 0.4964 0.5314
vt 0.5300 0.5146
vt 0.5468 0.5146
vt 0.5468 0.5314
vt 0.5300 0.5314
vt 0.5636 0.5146
vt 0.5804 0.5146
vt 0.5804 0.5314
vt 0.5636 0.5314
vt 0.0762 0.5482
vt 0.0762 0.5314
vt 0.1266 0.5314
vt 0.1938 0.5314
vt 0.2275 0.5314
vt 0.3283 0.5314
vt 0.3619 0.5314
vt 0.3955 0.5314
vt 0.4292 0.5314
vt 0.0594 0.5146
vt 0.0426 0.5314
vt 0.0426 0.5146
vt 0.1266 0.5146
vt 0.1938 0.5146
vt 0.2611 0.5146
vt 0.3283 0.5146
vt 0.3619 0.5146
vt 0.3955 0.5146
vt 0.4292 0.5146
vt 0.4628 0.5146
vt 0.4964 0.5146
vt 0.5300 0.5146
vt 0.5636 0.5146
vt 0.0762 0.4978
vt 0.0594 0.4978
vt 0.0426 0.5146
vt 0.0426 0.4978
vt 0.0594 0.4978
vt 0.0930 0.4978
vt 0.1098 0.4978
vt 0.1266 0.4978
vt 0.1434 0.4978
vt 0.1602 0.4978
vt 0.1770 0.4978
vt 0.1938 0.4978
vt 0.2106 0.4978
vt 0.2275 0.4978
vt 0.2443 0.4978
vt 0.2611 0.4978
vt 0.2779 0.4978
vt 0.2947 0.4978
vt 0.3115 0.4978
vt 0.3283 0.4978
vt 0.3451 0.4978
vt 0.3619 0.4978
vt 0.3787 0.4978
vt 0.3955 0.4978
vt 0.4123 0.4978
vt 0.4292 0.4978
vt 0.4460 0.4978
vt 0.4628 0.4978
vt 0.4796 0.4978
vt 0.4964 0.4978
vt 0.5132 0.4978
vt 0.5300 0.4978
vt 0.5468 0.4978
vt 0.5636 0.4978
vt 0.5804 0.4978
vt 0.0762 0.4810
vt 0.0594 0.4810
vt 0.0426 0.4810
vt 0.0930 0.4810
vt 0.1098 0.4810
vt 0.1266 0.4810
vt 0.1434 0.4810
vt 0.1602 0.4810
vt 0.1770 0.4810
vt 0.1938 0.4810
vt 0.2106 0.4810
vt 0.2275 0.4810
vt 0.2443 0.4810
vt 0.2611 0.4810
vt 0.2779 0.4810
vt 0.2947 0.4810
vt 0.3115 0.4810
vt 0.3283 0.4810
vt 0.3451 0.4810
vt 0.3619 0.4810
vt 0.3787 0.4810
vt 0.3955 0.4810
vt 0.4123 0.4810
vt 0.4292 0.4810
vt 0.4460 0.4810
vt 0.4628 0.4810
vt 0.4796 0.4810
vt 0.4964 0.4810
vt 0.5132 0.4810
vt 0.5300 0.4810
vt 0.5468 0.4810
vt 0.5636 0.4810
vt 0.5804 0.4810
vt 0.0762 0.4641
vt 0.0594 0.4641
vt 0.0426 0.4810
vt 0.0426 0.4641
vt 0.0594 0.4641
vt 0.0930 0.4641
vt 0.1098 0.4641
vt 0.1266 0.4641
vt 0.1434 0.4641
vt 0.1602 0.4641
vt 0.1770 0.4641
vt 0.1938 0.4641
vt 0.2106 0.4641
vt 0.2275 0.4641
vt 0.2443 0.4641
vt 0.2611 0.4641
vt 0.2779 0.4641
vt 0.2947 0.4641
vt 0.3115 0.4641
vt 0.3283 0.4641
vt 0.3451 0.4641
vt 0.3619 0.4641
vt 0.3787 0.4641
vt 0.3955 0.4641
vt 0.4123 0.4641
vt 0.4292 0.4641
vt 0.4460 0.4641
vt 0.4628 0.4641
vt 0.4796 0.4641
vt 0.4964 0.4641
vt 0.5132 0.4641
vt 0.5300 0.4641
vt 0.5468 0.4641
vt 0.5636 0.4641
vt 0.5804 0.4641
vt 0.0762 0.4473
vt 0.0594 0.4473
vt 0.0426 0.4473
vt 0.0930 0.4473
vt 0.1098 0.4473
vt 0.1266 0.4473
vt 0.1434 0.4473
vt 0.1602 0.4473
vt 0.1770 0.4473
vt 0.1938 0.4473
vt 0.2106 0.4473
vt 0.2275 0.4473
vt 0.2443 0.4473
vt 0.2611 0.4473
vt 0.2779 0.4473
vt 0.2947 0.4473
vt 0.3115 0.4473
vt 0.3283 0.4473
vt 0.3451 0.4473
vt 0.3619 0.4473
vt 0.3787 0.4473
vt 0.3955 0.4473
vt 0.4123 0.4473
vt 0.4292 0.4473
vt 0.4460 0.4473
vt 0.4628 0.4473
vt 0.4796 0.4473
vt 0.4964 0.4473
vt 0.5132 0.4473
vt 0.5300 0.4473
vt 0.5468 0.4473
vt 0.5636 0.4473
vt 0.5804 0.4473
vt 0.0762 0.4305
vt 0.0594 0.4305
vt 0.0426 0.4305
vt 0.0930 0.4305
vt 0.1098 0.4305
vt 0.1266 0.4305
vt 0.1434 0.4305
vt 0.1602 0.4305
vt 0.1770 0.4305
vt 0.1938 0.4305
vt 0.2106 0.4305
vt 0.2275 0.4305
vt 0.2443 0.4305
vt 0.2611 0.4305
vt 0.2779 0.4305
vt 0.2947 0.4305
vt 0.3115 0.4305
vt 0.3283 0.4305
vt 0.3451 0.4305
vt 0.3619 0.4305
vt 0.3787 0.4305
vt 0.3955 0.4305
vt 0.4123 0.4305
vt 0.4292 0.4305
vt 0.4460 0.4305
vt 0.4628 0.4305
vt 0.4796 0.4305
vt 0.4964 0.4305
vt 0.5132 0.4305
vt 0.5300 0.4305
vt 0.5468 0.4305
vt 0.5636 0.4305
vt 0.5804 0.4305
vt 0.0762 0.4137
vt 0.0594 0.4137
vt 0.0426 0.4137
vt 0.0930 0.4137
vt 0.1098 0.4137
vt 0.1266 0.4137
vt 0.1434 0.4137
vt 0.1602 0.4137
vt 0.1770 0.4137
vt 0.1938 0.4137
vt 0.2106 0.4137
vt 0.2275 0.4137
vt 0.2443 0.4137
vt 0.2611 0.4137
vt 0.2779 0.4137
vt 0.2947 0.4137
vt 0.3115 0.4137
vt 0.3283 0.4137
vt 0.3451 0.4137
vt 0.3619 0.4137
vt 0.3787 0.4137
vt 0.3955 0.4137
vt 0.4123 0.4137
vt 0.4292 0.4137
vt 0.4460 0.4137
vt 0.4628 0.4137
vt 0.4796 0.4137
vt 0.4964 0.4137
vt 0.5132 0.4137
vt 0.5300 0.4137
vt 0.5468 0.4137
vt 0.5636 0.4137
vt 0.5804 0.4137
vt 0.0762 0.3969
vt 0.0594 0.3969
vt 0.0426 0.3969
vt 0.0930 0.3969
vt 0.1098 0.3969
vt 0.1266 0.3969
vt 0.1434 0.3969
vt 0.1602 0.3969
vt 0.1770 0.3969
vt 0.1938 0.3969
vt 0.2106 0.3969
vt 0.2275 0.3969
vt 0.2443 0.3969
vt 0.2611 0.3969
vt 0.2779 0.3969
vt 0.2947 0.3969
vt 0.3115 0.3969
vt 0.3283 0.3969
vt 0.3451 0.3969
vt 0.3619 0.3969
vt 0.3787 0.3969
vt 0.3955 0.3969
vt 0.4123 0.3969
vt 0.4292 0.3969
vt 0.4460 0.3969
vt 0.4628 0.3969
vt 0.4796 0.3969
vt 0.4964 0.3969
vt 0.5132 0.3969
vt 0.5300 0.3969
vt 0.5468 0.3969
vt 0.5636 0.3969
vt 0.5804 0.3969
vt 0.0762 0.3801
vt 0.0594 0.3801
vt 0.0426 0.3801
vt 0.0930 0.3801
vt 0.1098 0.3801
vt 0.1266 0.3801
vt 0.1434 0.3801
vt 0.1602 0.3801
vt 0.1770 0.3801
vt 0.1938 0.3801
vt 0.2106 0.3801
vt 0.2275 0.3801
vt 0.2443 0.3801
vt 0.2611 0.3801
vt 0.2779 0.3801
vt 0.2947 0.3801
vt 0.3115 0.3801
vt 0.3283 0.3801
vt 0.3451 0.3801
vt 0.3619 0.3801
vt 0.3787 0.3801
vt 0.3955 0.3801
vt 0.4123 0.3801
vt 0.4292 0.3801
vt 0.4460 0.3801
vt 0.4628 0.3801
vt 0.4796 0.3801
vt 0.4964 0.3801
vt 0.5132 0.3801
vt 0.5300 0.3801
vt 0.5468 0.3801
vt 0.5636 0.3801
vt 0.5804 0.3801
vt 0.0762 0.3633
vt 0.0594 0.3633
vt 0.0426 0.3801
vt 0.0426 0.3633
vt 0.0594 0.3633
vt 0.0930 0.3633
vt 0.1098 0.3633
vt 0.1266 0.3633
vt 0.1434 0.3633
vt 0.1602 0.3633
vt 0.1770 0.3633
vt 0.1938 0.3633
vt 0.2106 0.3633
vt 0.2275 0.3633
vt 0.2443 0.3633
vt 0.2611 0.3633
vt 0.2779 0.3633
vt 0.2947 0.3633
vt 0.3115 0.3633
vt 0.3283 0.3633
vt 0.3451 0.3633
vt 0.3619 0.3633
vt 0.3787 0.3633
vt 0.3955 0.3633
vt 0.4123 0.3633
vt 0.4292 0.3633
vt 0.4460 0.3633
vt 0.4628 0.3633
vt 0.4796 0.3633
vt 0.4964 0.3633
vt 0.5132 0.3633
vt 0.5300 0.3633
vt 0.5468 0.3633
vt 0.5636 0.3633
vt 0.5804 0.3633
vt 0.0762 0.3465
vt 0.0594 0.3465
vt 0.0426 0.3465
vt 0.0930 0.3465
vt 0.1098 0.3465
vt 0.1266 0.3465
vt 0.1434 0.3465
vt 0.1602 0.3465
vt 0.1770 0.3465
vt 0.1938 0.3465
vt 0.2106 0.3465
vt 0.2275 0.3465
vt 0.2443 0.3465
vt 0.2611 0.3465
vt 0.2779 0.3465
vt 0.2947 0.3465
vt 0.3115 0.3465
vt 0.3283 0.3465
vt 0.3451 0.3465
vt 0.3619 0.3465
vt 0.3787 0.3465
vt 0.3955 0.3465
vt 0.4123 0.3465
vt 0.4292 0.3465
vt 0.4460 0.3465
vt 0.4628 0.3465
vt 0.4796 0.3465
vt 0.4964 0.3465
vt 0.5132 0.3465
vt 0.5300 0.3465
vt 0.5468 0.3465
vt 0.5636 0.3465
vt 0.5804 0.3465
vt 0.0762 0.3297
vt 0.0594 0.3297
vt 0.0426 0.3297
vt 0.0930 0.3297
vt 0.1098 0.3297
vt 0.1266 0.3297
vt 0.1434 0.3297
vt 0.1602 0.3297
vt 0.1770 0.3297
vt 0.1938 0.3297
vt 0.2106 0.3297
vt 0.2275 0.3297
vt 0.2443 0.3297
vt 0.2611 0.3297
vt 0.2779 0.3297
vt 0.2947 0.3297
vt 0.3115 0.3297
vt 0.3283 0.3297
vt 0.3451 0.3297
vt 0.3619 0.3297
vt 0.3787 0.3297
vt 0.3955 0.3297
vt 0.4123 0.3297
vt 0.4292 0.3297
vt 0.4460 0.3297
vt 0.4628 0.3297
vt 0.4796 0.3297
vt 0.4964 0.3297
vt 0.5132 0.3297
vt 0.5300 0.3297
vt 0.5468 0.3297
vt 0.5636 0.3297
vt 0.5804 0.3297
vt 0.0762 0.3129
vt 0.0594 0.3129
vt 0.0426 0.3129
vt 0.0930 0.3129
vt 0.1098 0.3129
vt 0.1266 0.3129
vt 0.1434 0.3129
vt 0.1602 0.3129
vt 0.1770 0.3129
vt 0.1938 0.3129
vt 0.2106 0.3129
vt 0.2275 0.3129
vt 0.2443 0.3129
vt 0.2611 0.3129
vt 0.2779 0.3129
vt 0.2947 0.3129
vt 0.3115 0.3129
vt 0.3283 0.3129
vt 0.3451 0.3129
vt 0.3619 0.3129
vt 0.3787 0.3129
vt 0.3955 0.3129
vt 0.4123 0.3129
vt 0.4292 0.3129
vt 0.4460 0.3129
vt 0.4628 0.3129
vt 0.4796 0.3129
vt 0.4964 0.3129
vt 0.5132 0.3129
vt 0.5300 0.3129
vt 0.5468 0.3129
vt 0.5636 0.3129
vt 0.5804 0.3129
vt 0.0762 0.2961
vt 0.0594 0.2961
vt 0.0426 0.2961
vt 0.0930 0.2961
vt 0.1098 0.2961
vt 0.1266 0.2961
vt 0.1434 0.2961
vt 0.1602 0.2961
vt 0.1770 0.2961
vt 0.1938 0.2961
vt 0.2106 0.2961
vt 0.2275 0.2961
vt 0.2443 0.2961
vt 0.2611 0.2961
vt 0.2779 0.2961
vt 0.2947 0.2961
vt 0.3115 0.2961
vt 0.3283 0.2961
vt 0.3451 0.2961
vt 0.3619 0.2961
vt 0.3787 0.2961
vt 0.3955 0.2961
vt 0.4123 0.2961
vt 0.4292 0.2961
vt 0.4460 0.2961
vt 0.4628 0.2961
vt 0.4796 0.2961
vt 0.4964 0.2961
vt 0.5132 0.2961
vt 0.5300 0.2961
vt 0.5468 0.2961
vt 0.5636 0.2961
vt 0.5804 0.2961
vt 0.0762 0.2793
vt 0.0594 0.2793
vt 0.0426 0.2793
vt 0.0930 0.2793
vt 0.1098 0.2793
vt 0.1266 0.2793
vt 0.1434 0.2793
vt 0.1602 0.2793
vt 0.1770 0.2793
vt 0.1938 0.2793
vt 0.2106 0.2793
vt 0.2275 0.2793
vt 0.2443 0.2793
vt 0.2611 0.2793
vt 0.2779 0.2793
vt 0.2947 0.2793
vt 0.3115 0.2793
vt 0.3283 0.2793
vt 0.3451 0.2793
vt 0.3619 0.2793
vt 0.3787 0.2793
vt 0.3955 0.2793
vt 0.4123 0.2793
vt 0.4292 0.2793
vt 0.4460 0.2793
vt 0.4628 0.2793
vt 0.4796 0.2793
vt 0.4964 0.2793
vt 0.5132 0.2793
vt 0.5300 0.2793
vt 0.5468 0.2793
vt 0.5636 0.2793
vt 0.5804 0.2793
vt 0.0762 0.2624
vt 0.0594 0.2624
vt 0.0426 0.2624
vt 0.0930 0.2624
vt 0.1098 0.2624
vt 0.1266 0.2624
vt 0.1434 0.2624
vt 0.1602 0.2624
vt 0.1770 0.2624
vt 0.1938 0.2624
vt 0.2106 0.2624
vt 0.2275 0.2624
vt 0.2443 0.2624
vt 0.2611 0.2624
vt 0.2779 0.2624
vt 0.2947 0.2624
vt 0.3115 0.2624
vt 0.3283 0.2624
vt 0.3451 0.2624
vt 0.3619 0.2624
vt 0.3787 0.2624
vt 0.3955 0.2624
vt 0.4123 0.2624
vt 0.4292 0.2624
vt 0.4460 0.2624
vt 0.4628 0.2624
vt 0.4796 0.2624
vt 0.4964 0.2624
vt 0.5132 0.2624
vt 0.5300 0.2624
vt 0.5468 0.2624
vt 0.5636 0.2624
vt 0.5804 0.2624
vt 0.0762 0.2456
vt 0.0594 0.2456
vt 0.0426 0.2456
vt 0.0930 0.2456
vt 0.1098 0.2456
vt 0.1266 0.2456
vt 0.1434 0.2456
vt 0.1602 0.2456
vt 0.1770 0.2456
vt 0.1938 0.2456
vt 0.2106 0.2456
vt 0.2275 0.2456
vt 0.2443 0.2456
vt 0.2611 0.2456
vt 0.2779 0.2456
vt 0.2947 0.2456
vt 0.3115 0.2456
vt 0.3283 0.2456
vt 0.3451 0.2456
vt 0.3619 0.2456
vt 0.3787 0.2456
vt 0.3955 0.2456
vt 0.4123 0.2456
vt 0.4292 0.2456
vt 0.4460 0.2456
vt 0.4628 0.2456
vt 0.4796 0.2456
vt 0.4964 0.2456
vt 0.5132 0.2456
vt 0.5300 0.2456
vt 0.5468 0.2456
vt 0.5636 0.2456
vt 0.5804 0.2456
vt 0.0762 0.2288
vt 0.0594 0.2288
vt 0.0426 0.2288
vt 0.0930 0.2288
vt 0.1098 0.2288
vt 0.1266 0.2288
vt 0.1434 0.2288
vt 0.1602 0.2288
vt 0.1770 0.2288
vt 0.1938 0.2288
vt 0.2106 0.2288
vt 0.2275 0.2288
vt 0.2443 0.2288
vt 0.2611 0.2288
vt 0.2779 0.2288
vt 0.2947 0.2288
vt 0.3115 0.2288
vt 0.3283 0.2288
vt 0.3451 0.2288
vt 0.3619 0.2288
vt 0.3787 0.2288
vt 0.3955 0.2288
vt 0.4123 0.2288
vt 0.4292 0.2288
vt 0.4460 0.2288
vt 0.4628 0.2288
vt 0.4796 0.2288
vt 0.4964 0.2288
vt 0.5132 0.2288
vt 0.5300 0.2288
vt 0.5468 0.2288
vt 0.5636 0.2288
vt 0.5804 0.2288
vt 0.0762 0.2120
vt 0.0594 0.2120
vt 0.0426 0.2120
vt 0.0930 0.2120
vt 0.1098 0.2120
vt 0.1266 0.2120
vt 0.1434 0.2120
vt 0.1602 0.2120
vt 0.1770 0.2120
vt 0.1938 0.2120
vt 0.2106 0.2120
vt 0.2275 0.2120
vt 0.2443 0.2120
vt 0.2611 0.2120
vt 0.2779 0.2120
vt 0.2947 0.2120
vt 0.3115 0.2120
vt 0.3283 0.2120
vt 0.3451 0.2120
vt 0.3619 0.2120
vt 0.3787 0.2120
vt 0.3955 0.2120
vt 0.4123 0.2120
vt 0.4292 0.2120
vt 0.4460 0.2120
vt 0.4628 0.2120
vt 0.4796 0.2120
vt 0.4964 0.2120
vt 0.5132 0.2120
vt 0.5300 0.2120
vt 0.5468 0.2120
vt 0.5636 0.2120
vt 0.5804 0.2120
vt 0.0762 0.1952
vt 0.0594 0.1952
vt 0.0426 0.1952
vt 0.0930 0.1952
vt 0.1098 0.1952
vt 0.1266 0.1952
vt 0.1434 0.1952
vt 0.1602 0.1952
vt 0.1770 0.1952
vt 0.1938 0.1952
vt 0.2106 0.1952
vt 0.2275 0.1952
vt 0.2443 0.1952
vt 0.2611 0.1952
vt 0.2779 0.1952
vt 0.2947 0.1952
vt 0.3115 0.1952
vt 0.3283 0.1952
vt 0.3451 0.1952
vt 0.3619 0.1952
vt 0.3787 0.1952
vt 0.3955 0.1952
vt 0.4123 0.1952
vt 0.4292 0.1952
vt 0.4460 0.1952
vt 0.4628 0.1952
vt 0.4796 0.1952
vt 0.4964 0.1952
vt 0.5132 0.1952
vt 0.5300 0.1952
vt 0.5468 0.1952
vt 0.5636 0.1952
vt 0.5804 0.1952
vt 0.0762 0.1784
vt 0.0594 0.1784
vt 0.0426 0.1784
vt 0.0930 0.1784
vt 0.1098 0.1784
vt 0.1266 0.1784
vt 0.1434 0.1784
vt 0.1602 0.1784
vt 0.1770 0.1784
vt 0.1938 0.1784
vt 0.2106 0.1784
vt 0.2275 0.1784
vt 0.2443 0.1784
vt 0.2611 0.1784
vt 0.2779 0.1784
vt 0.2947 0.1784
vt 0.3115 0.1784
vt 0.3283 0.1784
vt 0.3451 0.1784
vt 0.3619 0.1784
vt 0.3787 0.1784
vt 0.3955 0.1784
vt 0.4123 0.1784
vt 0.4292 0.1784
vt 0.4460 0.1784
vt 0.4628 0.1784
vt 0.4796 0.1784
vt 0.4964 0.1784
vt 0.5132 0.1784
vt 0.5300 0.1784
vt 0.5468 0.1784
vt 0.5636 0.1784
vt 0.5804 0.1784
vt 0.0762 0.1616
vt 0.0594 0.1616
vt 0.0426 0.1616
vt 0.0930 0.1616
vt 0.1098 0.1616
vt 0.1266 0.1616
vt 0.1434 0.1616
vt 0.1602 0.1616
vt 0.1770 0.1616
vt 0.1938 0.1616
vt 0.2106 0.1616
vt 0.2275 0.1616
vt 0.2443 0.1616
vt 0.2611 0.1616
vt 0.2779 0.1616
vt 0.2947 0.1616
vt 0.3115 0.1616
vt 0.3283 0.1616
vt 0.3451 0.1616
vt 0.3619 0.1616
vt 0.3787 0.1616
vt 0.3955 0.1616
vt 0.4123 0.1616
vt 0.4292 0.1616
vt 0.4460 0.1616
vt 0.4628 0.1616
vt 0.4796 0.1616
vt 0.4964 0.1616
vt 0.5132 0.1616
vt 0.5300 0.1616
vt 0.5468 0.1616
vt 0.5636 0.1616
vt 0.5804 0.1616
vt 0.0762 0.1448
vt 0.0594 0.1448
vt 0.0426 0.1448
vt 0.0930 0.1448
vt 0.1098 0.1448
vt 0.1266 0.1448
vt 0.1434 0.1448
vt 0.1602 0.1448
vt 0.1770 0.1448
vt 0.1938 0.1448
vt 0.2106 0.1448
vt 0.2275 0.1448
vt 0.2443 0.1448
vt 0.2611 0.1448
vt 0.2779 0.1448
vt 0.2947 0.1448
vt 0.3115 0.1448
vt 0.3283 0.1448
vt 0.3451 0.1448
vt 0.3619 0.1448
vt 0.3787 0.1448
vt 0.3955 0.1448
vt 0.4123 0.1448
vt 0.4292 0.1448
vt 0.4460 0.1448
vt 0.4628 0.1448
vt 0.4796 0.1448
vt 0.4964 0.1448
vt 0.5132 0.1448
vt 0.5300 0.1448
vt 0.5468 0.1448
vt 0.5636 0.1448
vt 0.5804 0.1448
vt 0.0762 0.1280
vt 0.0594 0.1280
vt 0.0426 0.1448
vt 0.0426 0.1280
vt 0.0594 0.1280
vt 0.0930 0.1280
vt 0.1098 0.1280
vt 0.1266 0.1280
vt 0.1434 0.1280
vt 0.1602 0.1280
vt 0.1770 0.1280
vt 0.1938 0.1280
vt 0.2106 0.1280
vt 0.2275 0.1280
vt 0.2443 0.1280
vt 0.2611 0.1280
vt 0.2779 0.1280
vt 0.2947 0.1280
vt 0.3115 0.1280
vt 0.3283 0.1280
vt 0.3451 0.1280
vt 0.3619 0.1280
vt 0.3787 0.1280
vt 0.3955 0.1280
vt 0.4123 0.1280
vt 0.4292 0.1280
vt 0.4460 0.1280
vt 0.4628 0.1280
vt 0.4796 0.1280
vt 0.4964 0.1280
vt 0.5132 0.1280
vt 0.5300 0.1280
vt 0.5468 0.1280
vt 0.5636 0.1280
vt 0.5804 0.1280
vt 0.0762 0.1112
vt 0.0594 0.1112
vt 0.0426 0.1112
vt 0.0930 0.1112
vt 0.1098 0.1112
vt 0.1266 0.1112
vt 0.1434 0.1112
vt 0.1602 0.1112
vt 0.1770 0.1112
vt 0.1938 0.1112
vt 0.2106 0.1112
vt 0.2275 0.1112
vt 0.2443 0.1112
vt 0.2611 0.1112
vt 0.2779 0.1112
vt 0.2947 0.1112
vt 0.3115 0.1112
vt 0.3283 0.1112
vt 0.3451 0.1112
vt 0.3619 0.1112
vt 0.3787 0.1112
vt 0.3955 0.1112
vt 0.4123 0.1112
vt 0.4292 0.1112
vt 0.4460 0.1112
vt 0.4628 0.1112
vt 0.4796 0.1112
vt 0.4964 0.1112
vt 0.5132 0.1112
vt 0.5300 0.1112
vt 0.5468 0.1112
vt 0.5636 0.1112
vt 0.5804 0.1112
vt 0.0762 0.0944
vt 0.0594 0.0944
vt 0.0426 0.1112
vt 0.0426 0.0944
vt 0.0594 0.0944
vt 0.0930 0.0944
vt 0.1098 0.0944
vt 0.1266 0.0944
vt 0.1434 0.0944
vt 0.1602 0.0944
vt 0.1770 0.0944
vt 0.1938 0.0944
vt 0.2106 0.0944
vt 0.2275 0.0944
vt 0.2443 0.0944
vt 0.2611 0.0944
vt 0.2779 0.0944
vt 0.2947 0.0944
vt 0.3115 0.0944
vt 0.3283 0.0944
vt 0.3451 0.0944
vt 0.3619 0.0944
vt 0.3787 0.0944
vt 0.3955 0.0944
vt 0.4123 0.0944
vt 0.4292 0.0944
vt 0.4460 0.0944
vt 0.4628 0.0944
vt 0.4796 0.0944
vt 0.4964 0.0944
vt 0.5132 0.0944
vt 0.5300 0.0944
vt 0.5468 0.0944
vt 0.5636 0.0944
vt 0.5804 0.0944
vt 0.0762 0.0776
vt 0.0594 0.0776
vt 0.0426 0.0776
vt 0.0930 0.0776
vt 0.1098 0.0776
vt 0.1266 0.0776
vt 0.1434 0.0776
vt 0.1602 0.0776
vt 0.1770 0.0776
vt 0.1938 0.0776
vt 0.2106 0.0776
vt 0.2275 0.0776
vt 0.2443 0.0776
vt 0.2611 0.0776
vt 0.2779 0.0776
vt 0.2947 0.0776
vt 0.3115 0.0776
vt 0.3283 0.0776
vt 0.3451 0.0776
vt 0.3619 0.0776
vt 0.3787 0.0776
vt 0.3955 0.0776
vt 0.4123 0.0776
vt 0.4292 0.0776
vt 0.4460 0.0776
vt 0.4628 0.0776
vt 0.4796 0.0776
vt 0.4964 0.0776
vt 0.5132 0.0776
vt 0.5300 0.0776
vt 0.5468 0.0776
vt 0.5636 0.0776
vt 0.5804 0.0776
vt 0.0762 0.0607
vt 0.0594 0.0607
vt 0.0426 0.0607
vt 0.0930 0.0607
vt 0.1098 0.0607
vt 0.1266 0.0607
vt 0.1434 0.0607
vt 0.1602 0.0607
vt 0.1770 0.0607
vt 0.1938 0.0607
vt 0.2106 0.0607
vt 0.2275 0.0607
vt 0.2443 0.0607
vt 0.2611 0.0607
vt 0.2779 0.0607
vt 0.2947 0.0607
vt 0.3115 0.0607
vt 0.3283 0.0607
vt 0.3451 0.0607
vt 0.3619 0.0607
vt 0.3787 0.0607
vt 0.3955 0.0607
vt 0.4123 0.0607
vt 0.4292 0.0607
vt 0.4460 0.0607
vt 0.4628 0.0607
vt 0.4796 0.0607
vt 0.4964 0.0607
vt 0.5132 0.0607
vt 0.5300 0.0607
vt 0.5468 0.0607
vt 0.5636 0.0607
vt 0.5804 0.0607
vt 0.0762 0.0439
vt 0.0594 0.0439
vt 0.0426 0.0439
vt 0.0930 0.0439
vt 0.1098 0.0439
vt 0.1266 0.0439
vt 0.1434 0.0439
vt 0.1602 0.0439
vt 0.1770 0.0439
vt 0.1938 0.0439
vt 0.2106 0.0439
vt 0.2275 0.0439
vt 0.2443 0.0439
vt 0.2611 0.0439
vt 0.2779 0.0439
vt 0.2947 0.0439
vt 0.3115 0.0439
vt 0.3283 0.0439
vt 0.3451 0.0439
vt 0.3619 0.0439
vt 0.3787 0.0439
vt 0.3955 0.0439
vt 0.4123 0.0439
vt 0.4292 0.0439
vt 0.4460 0.0439
vt 0.4628 0.0439
vt 0.4796 0.0439
vt 0.4964 0.0439
vt 0.5132 0.0439
vt 0.5300 0.0439
vt 0.5468 0.0439
vt 0.5636 0.0439
vt 0.5804 0.0439
vt 0.0762 0.0271
vt 0.0594 0.0271
vt 0.0426 0.0271
vt 0.0930 0.0271
vt 0.1098 0.0271
vt 0.1266 0.0271
vt 0.1434 0.0271
vt 0.1602 0.0271
vt 0.1770 0.0271
vt 0.1938 0.0271
vt 0.2106 0.0271
vt 0.2275 0.0271
vt 0.2443 0.0271
vt 0.2611 0.0271
vt 0.2779 0.0271
vt 0.2947 0.0271
vt 0.3115 0.0271
vt 0.3283 0.0271
vt 0.3451 0.0271
vt 0.3619 0.0271
vt 0.3787 0.0271
vt 0.3955 0.0271
vt 0.4123 0.0271
vt 0.4292 0.0271
vt 0.4460 0.0271
vt 0.4628 0.0271
vt 0.4796 0.0271
vt 0.4964 0.0271
vt 0.5132 0.0271
vt 0.5300 0.0271
vt 0.5468 0.0271
vt 0.5636 0.0271
vt 0.5804 0.0271
vt 0.0762 0.0103
vt 0.0594 0.0103
vt 0.0426 0.0103
vt 0.0930 0.0103
vt 0.1098 0.0103
vt 0.1266 0.0103
vt 0.1434 0.0103
vt 0.1602 0.0103
vt 0.1770 0.0103
vt 0.1938 0.0103
vt 0.2106 0.0103
vt 0.2275 0.0103
vt 0.2443 0.0103
vt 0.2611 0.0103
vt 0.2779 0.0103
vt 0.2947 0.0103
vt 0.3115 0.0103
vt 0.3283 0.0103
vt 0.3451 0.0103
vt 0.3619 0.0103
vt 0.3787 0.0103
vt 0.3955 0.0103
vt 0.4123 0.0103
vt 0.4292 0.0103
vt 0.4460 0.0103
vt 0.4628 0.0103
vt 0.4796 0.0103
vt 0.4964 0.0103
vt 0.5132 0.0103
vt 0.5300 0.0103
vt 0.5468 0.0103
vt 0.5636 0.0103
vt 0.5804 0.0103
vt 0.5804 0.0103
vt 0.5636 0.0271
vt 0.5804 0.0271
vt 0.5636 0.0103
vt 0.5468 0.0271
vt 0.5468 0.0103
vt 0.5300 0.0271
vt 0.5300 0.0103
vt 0.5132 0.0271
vt 0.5132 0.0103
vt 0.4964 0.0271
vt 0.4964 0.0103
vt 0.4796 0.0271
vt 0.4796 0.0103
vt 0.4628 0.0271
vt 0.4628 0.0103
vt 0.4460 0.0271
vt 0.4460 0.0103
vt 0.4292 0.0271
vt 0.4292 0.0103
vt 0.4123 0.0271
vt 0.4123 0.0103
vt 0.3955 0.0271
vt 0.3955 0.0103
vt 0.3787 0.0271
vt 0.3787 0.0103
vt 0.3619 0.0271
vt 0.3619 0.0103
vt 0.3451 0.0271
vt 0.3451 0.0103
vt 0.3283 0.0271
vt 0.3283 0.0103
vt 0.3115 0.0271
vt 0.3115 0.0103
vt 0.2947 0.0271
vt 0.2947 0.0103
vt 0.2779 0.0271
vt 0.2779 0.0103
vt 0.2611 0.0271
vt 0.2611 0.0103
vt 0.2443 0.0271
vt 0.2443 0.0103
vt 0.2275 0.0271
vt 0.2275 0.0103
vt 0.2106 0.0271
vt 0.2106 0.0103
vt 0.1938 0.0271
vt 0.1938 0.0103
vt 0.1770 0.0271
vt 0.1770 0.0103
vt 0.1602 0.0271
vt 0.1602 0.0103
vt 0.1434 0.0271
vt 0.1434 0.0103
vt 0.1266 0.0271
vt 0.1266 0.0103
vt 0.1098 0.0271
vt 0.1098 0.0103
vt 0.0930 0.0271
vt 0.0930 0.0103
vt 0.0762 0.0271
vt 0.0762 0.0103
vt 0.0594 0.0271
vt 0.0594 0.0103
vt 0.0426 0.0271
vt 0.0426 0.0103
vt 0.5804 0.0271
vt 0.5636 0.0439
vt 0.5804 0.0439
vt 0.5468 0.0439
vt 0.5300 0.0439
vt 0.5132 0.0439
vt 0.4964 0.0439
vt 0.4796 0.0439
vt 0.4628 0.0439
vt 0.4460 0.0439
vt 0.4292 0.0439
vt 0.4123 0.0439
vt 0.3955 0.0439
vt 0.3787 0.0439
vt 0.3619 0.0439
vt 0.3451 0.0439
vt 0.3283 0.0439
vt 0.3115 0.0439
vt 0.2947 0.0439
vt 0.2779 0.0439
vt 0.2611 0.0439
vt 0.2443 0.0439
vt 0.2275 0.0439
vt 0.2106 0.0439
vt 0.1938 0.0439
vt 0.1770 0.0439
vt 0.1602 0.0439
vt 0.1434 0.0439
vt 0.1266 0.0439
vt 0.1098 0.0439
vt 0.0930 0.0439
vt 0.0762 0.0439
vt 0.0594 0.0439
vt 0.0426 0.0439
vt 0.5804 0.0439
vt 0.5636 0.0607
vt 0.5804 0.0607
vt 0.5468 0.0607
vt 0.5300 0.0607
vt 0.5132 0.0607
vt 0.4964 0.0607
vt 0.4796 0.0607
vt 0.4628 0.0607
vt 0.4460 0.0607
vt 0.4292 0.0607
vt 0.4123 0.0607
vt 0.3955 0.0607
vt 0.3787 0.0607
vt 0.3619 0.0607
vt 0.3451 0.0607
vt 0.3283 0.0607
vt 0.3115 0.0607
vt 0.2947 0.0607
vt 0.2779 0.0607
vt 0.2611 0.0607
vt 0.2443 0.0607
vt 0.2275 0.0607
vt 0.2106 0.0607
vt 0.1938 0.0607
vt 0.1770 0.0607
vt 0.1602 0.0607
vt 0.1434 0.0607
vt 0.1266 0.0607
vt 0.1098 0.0607
vt 0.0930 0.0607
vt 0.0762 0.0607
vt 0.0594 0.0607
vt 0.0426 0.0607
vt 0.5804 0.0607
vt 0.5636 0.0776
vt 0.5804 0.0776
vt 0.5468 0.0776
vt 0.5300 0.0776
vt 0.5132 0.0776
vt 0.4964 0.0776
vt 0.4796 0.0776
vt 0.4628 0.0776
vt 0.4460 0.0776
vt 0.4292 0.0776
vt 0.4123 0.0776
vt 0.3955 0.0776
vt 0.3787 0.0776
vt 0.3619 0.0776
vt 0.3451 0.0776
vt 0.3283 0.0776
vt 0.3115 0.0776
vt 0.2947 0.0776
vt 0.2779 0.0776
vt 0.2611 0.0776
vt 0.2443 0.0776
vt 0.2275 0.0776
vt 0.2106 0.0776
vt 0.1938 0.0776
vt 0.1770 0.0776
vt 0.1602 0.0776
vt 0.1434 0.0776
vt 0.1266 0.0776
vt 0.1098 0.0776
vt 0.0930 0.0776
vt 0.0762 0.0776
vt 0.0594 0.0776
vt 0.0426 0.0776
vt 0.5804 0.0776
vt 0.5636 0.0944
vt 0.5804 0.0944
vt 0.5468 0.0944
vt 0.5300 0.0944
vt 0.5132 0.0944
vt 0.4964 0.0944
vt 0.4796 0.0944
vt 0.4628 0.0944
vt 0.4460 0.0944
vt 0.4292 0.0944
vt 0.4123 0.0944
vt 0.3955 0.0944
vt 0.3787 0.0944
vt 0.3619 0.0944
vt 0.3451 0.0944
vt 0.3283 0.0944
vt 0.3115 0.0944
vt 0.2947 0.0944
vt 0.2779 0.0944
vt 0.2611 0.0944
vt 0.2443 0.0944
vt 0.2275 0.0944
vt 0.2106 0.0944
vt 0.1938 0.0944
vt 0.1770 0.0944
vt 0.1602 0.0944
vt 0.1434 0.0944
vt 0.1266 0.0944
vt 0.1098 0.0944
vt 0.0930 0.0944
vt 0.0762 0.0944
vt 0.0594 0.0944
vt 0.0426 0.0944
vt 0.5804 0.0944
vt 0.5636 0.1112
vt 0.5804 0.1112
vt 0.5468 0.1112
vt 0.5300 0.1112
vt 0.5132 0.1112
vt 0.4964 0.1112
vt 0.4796 0.1112
vt 0.4628 0.1112
vt 0.4460 0.1112
vt 0.4292 0.1112
vt 0.4123 0.1112
vt 0.3955 0.1112
vt 0.3787 0.1112
vt 0.3619 0.1112
vt 0.3451 0.1112
vt 0.3283 0.1112
vt 0.3115 0.1112
vt 0.2947 0.1112
vt 0.2779 0.1112
vt 0.2611 0.1112
vt 0.2443 0.1112
vt 0.2275 0.1112
vt 0.2106 0.1112
vt 0.1938 0.1112
vt 0.1770 0.1112
vt 0.1602 0.1112
vt 0.1434 0.1112
vt 0.1266 0.1112
vt 0.1098 0.1112
vt 0.0930 0.1112
vt 0.0762 0.1112
vt 0.0594 0.1112
vt 0.0426 0.1112
vt 0.5804 0.1112
vt 0.5636 0.1280
vt 0.5804 0.1280
vt 0.5468 0.1280
vt 0.5300 0.1280
vt 0.5132 0.1280
vt 0.4964 0.1280
vt 0.4796 0.1280
vt 0.4628 0.1280
vt 0.4460 0.1280
vt 0.4292 0.1280
vt 0.4123 0.1280
vt 0.3955 0.1280
vt 0.3787 0.1280
vt 0.3619 0.1280
vt 0.3451 0.1280
vt 0.3283 0.1280
vt 0.3115 0.1280
vt 0.2947 0.1280
vt 0.2779 0.1280
vt 0.2611 0.1280
vt 0.2443 0.1280
vt 0.2275 0.1280
vt 0.2106 0.1280
vt 0.1938 0.1280
vt 0.1770 0.1280
vt 0.1602 0.1280
vt 0.1434 0.1280
vt 0.1266 0.1280
vt 0.1098 0.1280
vt 0.0930 0.1280
vt 0.0762 0.1280
vt 0.0594 0.1280
vt 0.0426 0.1280
vt 0.5804 0.1280
vt 0.5636 0.1448
vt 0.5804 0.1448
vt 0.5468 0.1448
vt 0.5300 0.1448
vt 0.5132 0.1448
vt 0.4964 0.1448
vt 0.4796 0.1448
vt 0.4628 0.1448
vt 0.4460 0.1448
vt 0.4292 0.1448
vt 0.4123 0.1448
vt 0.3955 0.1448
vt 0.3787 0.1448
vt 0.3619 0.1448
vt 0.3451 0.1448
vt 0.3283 0.1448
vt 0.3115 0.1448
vt 0.2947 0.1448
vt 0.2779 0.1448
vt 0.2611 0.1448
vt 0.2443 0.1448
vt 0.2275 0.1448
vt 0.2106 0.1448
vt 0.1938 0.1448
vt 0.1770 0.1448
vt 0.1602 0.1448
vt 0.1434 0.1448
vt 0.1266 0.1448
vt 0.1098 0.1448
vt 0.0930 0.1448
vt 0.0762 0.1448
vt 0.0594 0.1448
vt 0.0426 0.1448
vt 0.5804 0.1448
vt 0.5636 0.1616
vt 0.5804 0.1616
vt 0.5468 0.1616
vt 0.5300 0.1616
vt 0.5132 0.1616
vt 0.4964 0.1616
vt 0.4796 0.1616
vt 0.4628 0.1616
vt 0.4460 0.1616
vt 0.4292 0.1616
vt 0.4123 0.1616
vt 0.3955 0.1616
vt 0.3787 0.1616
vt 0.3619 0.1616
vt 0.3451 0.1616
vt 0.3283 0.1616
vt 0.3115 0.1616
vt 0.2947 0.1616
vt 0.2779 0.1616
vt 0.2611 0.1616
vt 0.2443 0.1616
vt 0.2275 0.1616
vt 0.2106 0.1616
vt 0.1938 0.1616
vt 0.1770 0.1616
vt 0.1602 0.1616
vt 0.1434 0.1616
vt 0.1266 0.1616
vt 0.1098 0.1616
vt 0.0930 0.1616
vt 0.0762 0.1616
vt 0.0594 0.1616
vt 0.0426 0.1616
vt 0.5804 0.1616
vt 0.5636 0.1784
vt 0.5804 0.1784
vt 0.5468 0.1784
vt 0.5300 0.1784
vt 0.5132 0.1784
vt 0.4964 0.1784
vt 0.4796 0.1784
vt 0.4628 0.1784
vt 0.4460 0.1784
vt 0.4292 0.1784
vt 0.4123 0.1784
vt 0.3955 0.1784
vt 0.3787 0.1784
vt 0.3619 0.1784
vt 0.3451 0.1784
vt 0.3283 0.1784
vt 0.3115 0.1784
vt 0.2947 0.1784
vt 0.2779 0.1784
vt 0.2611 0.1784
vt 0.2443 0.1784
vt 0.2275 0.1784
vt 0.2106 0.1784
vt 0.1938 0.1784
vt 0.1770 0.1784
vt 0.1602 0.1784
vt 0.1434 0.1784
vt 0.1266 0.1784
vt 0.1098 0.1784
vt 0.0930 0.1784
vt 0.0762 0.1784
vt 0.0594 0.1784
vt 0.0426 0.1784
vt 0.5804 0.1784
vt 0.5636 0.1952
vt 0.5804 0.1952
vt 0.5468 0.1952
vt 0.5300 0.1952
vt 0.5132 0.1952
vt 0.4964 0.1952
vt 0.4796 0.1952
vt 0.4628 0.1952
vt 0.4460 0.1952
vt 0.4292 0.1952
vt 0.4123 0.1952
vt 0.3955 0.1952
vt 0.3787 0.1952
vt 0.3619 0.1952
vt 0.3451 0.1952
vt 0.3283 0.1952
vt 0.3115 0.1952
vt 0.2947 0.1952
vt 0.2779 0.1952
vt 0.2611 0.1952
vt 0.2443 0.1952
vt 0.2275 0.1952
vt 0.2106 0.1952
vt 0.1938 0.1952
vt 0.1770 0.1952
vt 0.1602 0.1952
vt 0.1434 0.1952
vt 0.1266 0.1952
vt 0.1098 0.1952
vt 0.0930 0.1952
vt 0.0762 0.1952
vt 0.0594 0.1952
vt 0.0426 0.1952
vt 0.5804 0.1952
vt 0.5636 0.2120
vt 0.5804 0.2120
vt 0.5468 0.2120
vt 0.5300 0.2120
vt 0.5132 0.2120
vt 0.4964 0.2120
vt 0.4796 0.2120
vt 0.4628 0.2120
vt 0.4460 0.2120
vt 0.4292 0.2120
vt 0.4123 0.2120
vt 0.3955 0.2120
vt 0.3787 0.2120
vt 0.3619 0.2120
vt 0.3451 0.2120
vt 0.3283 0.2120
vt 0.3115 0.2120
vt 0.2947 0.2120
vt 0.2779 0.2120
vt 0.2611 0.2120
vt 0.2443 0.2120
vt 0.2275 0.2120
vt 0.2106 0.2120
vt 0.1938 0.2120
vt 0.1770 0.2120
vt 0.1602 0.2120
vt 0.1434 0.2120
vt 0.1266 0.2120
vt 0.1098 0.2120
vt 0.0930 0.2120
vt 0.0762 0.2120
vt 0.0594 0.2120
vt 0.0426 0.2120
vt 0.5804 0.2120
vt 0.5636 0.2288
vt 0.5804 0.2288
vt 0.5468 0.2288
vt 0.5300 0.2288
vt 0.5132 0.2288
vt 0.4964 0.2288
vt 0.4796 0.2288
vt 0.4628 0.2288
vt 0.4460 0.2288
vt 0.4292 0.2288
vt 0.4123 0.2288
vt 0.3955 0.2288
vt 0.3787 0.2288
vt 0.3619 0.2288
vt 0.3451 0.2288
vt 0.3283 0.2288
vt 0.3115 0.2288
vt 0.2947 0.2288
vt 0.2779 0.2288
vt 0.2611 0.2288
vt 0.2443 0.2288
vt 0.2275 0.2288
vt 0.2106 0.2288
vt 0.1938 0.2288
vt 0.1770 0.2288
vt 0.1602 0.2288
vt 0.1434 0.2288
vt 0.1266 0.2288
vt 0.1098 0.2288
vt 0.0930 0.2288
vt 0.0762 0.2288
vt 0.0594 0.2288
vt 0.0426 0.2288
vt 0.5804 0.2288
vt 0.5636 0.2456
vt 0.5804 0.2456
vt 0.5468 0.2456
vt 0.5300 0.2456
vt 0.5132 0.2456
vt 0.4964 0.2456
vt 0.4796 0.2456
vt 0.4628 0.2456
vt 0.4460 0.2456
vt 0.4292 0.2456
vt 0.4123 0.2456
vt 0.3955 0.2456
vt 0.3787 0.2456
vt 0.3619 0.2456
vt 0.3451 0.2456
vt 0.3283 0.2456
vt 0.3115 0.2456
vt 0.2947 0.2456
vt 0.2779 0.2456
vt 0.2611 0.2456
vt 0.2443 0.2456
vt 0.2275 0.2456
vt 0.2106 0.2456
vt 0.1938 0.2456
vt 0.1770 0.2456
vt 0.1602 0.2456
vt 0.1434 0.2456
vt 0.1266 0.2456
vt 0.1098 0.2456
vt 0.0930 0.2456
vt 0.0762 0.2456
vt 0.0594 0.2456
vt 0.0426 0.2456
vt 0.5804 0.2456
vt 0.5636 0.2624
vt 0.5804 0.2624
vt 0.5468 0.2624
vt 0.5300 0.2624
vt 0.5132 0.2624
vt 0.4964 0.2624
vt 0.4796 0.2624
vt 0.4628 0.2624
vt 0.4460 0.2624
vt 0.4292 0.2624
vt 0.4123 0.2624
vt 0.3955 0.2624
vt 0.3787 0.2624
vt 0.3619 0.2624
vt 0.3451 0.2624
vt 0.3283 0.2624
vt 0.3115 0.2624
vt 0.2947 0.2624
vt 0.2779 0.2624
vt 0.2611 0.2624
vt 0.2443 0.2624
vt 0.2275 0.2624
vt 0.2106 0.2624
vt 0.1938 0.2624
vt 0.1770 0.2624
vt 0.1602 0.2624
vt 0.1434 0.2624
vt 0.1266 0.2624
vt 0.1098 0.2624
vt 0.0930 0.2624
vt 0.0762 0.2624
vt 0.0594 0.2624
vt 0.0426 0.2624
vt 0.5804 0.2624
vt 0.5636 0.2793
vt 0.5804 0.2793
vt 0.5468 0.2793
vt 0.5300 0.2793
vt 0.5132 0.2793
vt 0.4964 0.2793
vt 0.4796 0.2793
vt 0.4628 0.2793
vt 0.4460 0.2793
vt 0.4292 0.2793
vt 0.4123 0.2793
vt 0.3955 0.2793
vt 0.3787 0.2793
vt 0.3619 0.2793
vt 0.3451 0.2793
vt 0.3283 0.2793
vt 0.3115 0.2793
vt 0.2947 0.2793
vt 0.2779 0.2793
vt 0.2611 0.2793
vt 0.2443 0.2793
vt 0.2275 0.2793
vt 0.2106 0.2793
vt 0.1938 0.2793
vt 0.1770 0.2793
vt 0.1602 0.2793
vt 0.1434 0.2793
vt 0.1266 0.2793
vt 0.1098 0.2793
vt 0.0930 0.2793
vt 0.0762 0.2793
vt 0.0594 0.2793
vt 0.0426 0.2793
vt 0.5804 0.2793
vt 0.5636 0.2961
vt 0.5804 0.2961
vt 0.5468 0.2961
vt 0.5300 0.2961
vt 0.5132 0.2961
vt 0.4964 0.2961
vt 0.4796 0.2961
vt 0.4628 0.2961
vt 0.4460 0.2961
vt 0.4292 0.2961
vt 0.4123 0.2961
vt 0.3955 0.2961
vt 0.3787 0.2961
vt 0.3619 0.2961
vt 0.3451 0.2961
vt 0.3283 0.2961
vt 0.3115 0.2961
vt 0.2947 0.2961
vt 0.2779 0.2961
vt 0.2611 0.2961
vt 0.2443 0.2961
vt 0.2275 0.2961
vt 0.2106 0.2961
vt 0.1938 0.2961
vt 0.1770 0.2961
vt 0.1602 0.2961
vt 0.1434 0.2961
vt 0.1266 0.2961
vt 0.1098 0.2961
vt 0.0930 0.2961
vt 0.0762 0.2961
vt 0.0594 0.2961
vt 0.0426 0.2961
vt 0.5804 0.2961
vt 0.5636 0.3129
vt 0.5804 0.3129
vt 0.5468 0.3129
vt 0.5300 0.3129
vt 0.5132 0.3129
vt 0.4964 0.3129
vt 0.4796 0.3129
vt 0.4628 0.3129
vt 0.4460 0.3129
vt 0.4292 0.3129
vt 0.4123 0.3129
vt 0.3955 0.3129
vt 0.3787 0.3129
vt 0.3619 0.3129
vt 0.3451 0.3129
vt 0.3283 0.3129
vt 0.3115 0.3129
vt 0.2947 0.3129
vt 0.2779 0.3129
vt 0.2611 0.3129
vt 0.2443 0.3129
vt 0.2275 0.3129
vt 0.2106 0.3129
vt 0.1938 0.3129
vt 0.1770 0.3129
vt 0.1602 0.3129
vt 0.1434 0.3129
vt 0.1266 0.3129
vt 0.1098 0.3129
vt 0.0930 0.3129
vt 0.0762 0.3129
vt 0.0594 0.3129
vt 0.0426 0.3129
vt 0.5804 0.3129
vt 0.5636 0.3297
vt 0.5804 0.3297
vt 0.5468 0.3297
vt 0.5300 0.3297
vt 0.5132 0.3297
vt 0.4964 0.3297
vt 0.4796 0.3297
vt 0.4628 0.3297
vt 0.4460 0.3297
vt 0.4292 0.3297
vt 0.4123 0.3297
vt 0.3955 0.3297
vt 0.3787 0.3297
vt 0.3619 0.3297
vt 0.3451 0.3297
vt 0.3283 0.3297
vt 0.3115 0.3297
vt 0.2947 0.3297
vt 0.2779 0.3297
vt 0.2611 0.3297
vt 0.2443 0.3297
vt 0.2275 0.3297
vt 0.2106 0.3297
vt 0.1938 0.3297
vt 0.1770 0.3297
vt 0.1602 0.3297
vt 0.1434 0.3297
vt 0.1266 0.3297
vt 0.1098 0.3297
vt 0.0930 0.3297
vt 0.0762 0.3297
vt 0.0594 0.3297
vt 0.0426 0.3297
vt 0.5804 0.3297
vt 0.5636 0.3465
vt 0.5804 0.3465
vt 0.5468 0.3465
vt 0.5300 0.3465
vt 0.5132 0.3465
vt 0.4964 0.3465
vt 0.4796 0.3465
vt 0.4628 0.3465
vt 0.4460 0.3465
vt 0.4292 0.3465
vt 0.4123 0.3465
vt 0.3955 0.3465
vt 0.3787 0.3465
vt 0.3619 0.3465
vt 0.3451 0.3465
vt 0.3283 0.3465
vt 0.3115 0.3465
vt 0.2947 0.3465
vt 0.2779 0.3465
vt 0.2611 0.3465
vt 0.2443 0.3465
vt 0.2275 0.3465
vt 0.2106 0.3465
vt 0.1938 0.3465
vt 0.1770 0.3465
vt 0.1602 0.3465
vt 0.1434 0.3465
vt 0.1266 0.3465
vt 0.1098 0.3465
vt 0.0930 0.3465
vt 0.0762 0.3465
vt 0.0594 0.3465
vt 0.0426 0.3465
vt 0.5804 0.3465
vt 0.5636 0.3633
vt 0.5804 0.3633
vt 0.5468 0.3633
vt 0.5300 0.3633
vt 0.5132 0.3633
vt 0.4964 0.3633
vt 0.4796 0.3633
vt 0.4628 0.3633
vt 0.4460 0.3633
vt 0.4292 0.3633
vt 0.4123 0.3633
vt 0.3955 0.3633
vt 0.3787 0.3633
vt 0.3619 0.3633
vt 0.3451 0.3633
vt 0.3283 0.3633
vt 0.3115 0.3633
vt 0.2947 0.3633
vt 0.2779 0.3633
vt 0.2611 0.3633
vt 0.2443 0.3633
vt 0.2275 0.3633
vt 0.2106 0.3633
vt 0.1938 0.3633
vt 0.1770 0.3633
vt 0.1602 0.3633
vt 0.1434 0.3633
vt 0.1266 0.3633
vt 0.1098 0.3633
vt 0.0930 0.3633
vt 0.0762 0.3633
vt 0.0594 0.3633
vt 0.0426 0.3633
vt 0.5804 0.3633
vt 0.5636 0.3801
vt 0.5804 0.3801
vt 0.5468 0.3801
vt 0.5300 0.3801
vt 0.5132 0.3801
vt 0.4964 0.3801
vt 0.4796 0.3801
vt 0.4628 0.3801
vt 0.4460 0.3801
vt 0.4292 0.3801
vt 0.4123 0.3801
vt 0.3955 0.3801
vt 0.3787 0.3801
vt 0.3619 0.3801
vt 0.3451 0.3801
vt 0.3283 0.3801
vt 0.3115 0.3801
vt 0.2947 0.3801
vt 0.2779 0.3801
vt 0.2611 0.3801
vt 0.2443 0.3801
vt 0.2275 0.3801
vt 0.2106 0.3801
vt 0.1938 0.3801
vt 0.1770 0.3801
vt 0.1602 0.3801
vt 0.1434 0.3801
vt 0.1266 0.3801
vt 0.1098 0.3801
vt 0.0930 0.3801
vt 0.0762 0.3801
vt 0.0594 0.3801
vt 0.0426 0.3801
vt 0.5804 0.3801
vt 0.5636 0.3969
vt 0.5804 0.3969
vt 0.5468 0.3969
vt 0.5300 0.3969
vt 0.5132 0.3969
vt 0.4964 0.3969
vt 0.4796 0.3969
vt 0.4628 0.3969
vt 0.4460 0.3969
vt 0.4292 0.3969
vt 0.4123 0.3969
vt 0.3955 0.3969
vt 0.3787 0.3969
vt 0.3619 0.3969
vt 0.3451 0.3969
vt 0.3283 0.3969
vt 0.3115 0.3969
vt 0.2947 0.3969
vt 0.2779 0.3969
vt 0.2611 0.3969
vt 0.2443 0.3969
vt 0.2275 0.3969
vt 0.2106 0.3969
vt 0.1938 0.3969
vt 0.1770 0.3969
vt 0.1602 0.3969
vt 0.1434 0.3969
vt 0.1266 0.3969
vt 0.1098 0.3969
vt 0.0930 0.3969
vt 0.0762 0.3969
vt 0.0594 0.3969
vt 0.0426 0.3969
vt 0.5804 0.3969
vt 0.5636 0.4137
vt 0.5804 0.4137
vt 0.5468 0.4137
vt 0.5300 0.4137
vt 0.5132 0.4137
vt 0.4964 0.4137
vt 0.4796 0.4137
vt 0.4628 0.4137
vt 0.4460 0.4137
vt 0.4292 0.4137
vt 0.4123 0.4137
vt 0.3955 0.4137
vt 0.3787 0.4137
vt 0.3619 0.4137
vt 0.3451 0.4137
vt 0.3283 0.4137
vt 0.3115 0.4137
vt 0.2947 0.4137
vt 0.2779 0.4137
vt 0.2611 0.4137
vt 0.2443 0.4137
vt 0.2275 0.4137
vt 0.2106 0.4137
vt 0.1938 0.4137
vt 0.1770 0.4137
vt 0.1602 0.4137
vt 0.1434 0.4137
vt 0.1266 0.4137
vt 0.1098 0.4137
vt 0.0930 0.4137
vt 0.0762 0.4137
vt 0.0594 0.4137
vt 0.0426 0.4137
vt 0.5804 0.4137
vt 0.5636 0.4305
vt 0.5804 0.4305
vt 0.5468 0.4305
vt 0.5300 0.4305
vt 0.5132 0.4305
vt 0.4964 0.4305
vt 0.4796 0.4305
vt 0.4628 0.4305
vt 0.4460 0.4305
vt 0.4292 0.4305
vt 0.4123 0.4305
vt 0.3955 0.4305
vt 0.3787 0.4305
vt 0.3619 0.4305
vt 0.3451 0.4305
vt 0.3283 0.4305
vt 0.3115 0.4305
vt 0.2947 0.4305
vt 0.2779 0.4305
vt 0.2611 0.4305
vt 0.2443 0.4305
vt 0.2275 0.4305
vt 0.2106 0.4305
vt 0.1938 0.4305
vt 0.1770 0.4305
vt 0.1602 0.4305
vt 0.1434 0.4305
vt 0.1266 0.4305
vt 0.1098 0.4305
vt 0.0930 0.4305
vt 0.0762 0.4305
vt 0.0594 0.4305
vt 0.0426 0.4305
vt 0.5804 0.4305
vt 0.5636 0.4473
vt 0.5804 0.4473
vt 0.5468 0.4473
vt 0.5300 0.4473
vt 0.5132 0.4473
vt 0.4964 0.4473
vt 0.4796 0.4473
vt 0.4628 0.4473
vt 0.4460 0.4473
vt 0.4292 0.4473
vt 0.4123 0.4473
vt 0.3955 0.4473
vt 0.3787 0.4473
vt 0.3619 0.4473
vt 0.3451 0.4473
vt 0.3283 0.4473
vt 0.3115 0.4473
vt 0.2947 0.4473
vt 0.2779 0.4473
vt 0.2611 0.4473
vt 0.2443 0.4473
vt 0.2275 0.4473
vt 0.2106 0.4473
vt 0.1938 0.4473
vt 0.1770 0.4473
vt 0.1602 0.4473
vt 0.1434 0.4473
vt 0.1266 0.4473
vt 0.1098 0.4473
vt 0.0930 0.4473
vt 0.0762 0.4473
vt 0.0594 0.4473
vt 0.0426 0.4473
vt 0.5804 0.4473
vt 0.5636 0.4641
vt 0.5804 0.4641
vt 0.5468 0.4641
vt 0.5300 0.4641
vt 0.5132 0.4641
vt 0.4964 0.4641
vt 0.4796 0.4641
vt 0.4628 0.4641
vt 0.4460 0.4641
vt 0.4292 0.4641
vt 0.4123 0.4641
vt 0.3955 0.4641
vt 0.3787 0.4641
vt 0.3619 0.4641
vt 0.3451 0.4641
vt 0.3283 0.4641
vt 0.3115 0.4641
vt 0.2947 0.4641
vt 0.2779 0.4641
vt 0.2611 0.4641
vt 0.2443 0.4641
vt 0.2275 0.4641
vt 0.2106 0.4641
vt 0.1938 0.4641
vt 0.1770 0.4641
vt 0.1602 0.4641
vt 0.1434 0.4641
vt 0.1266 0.4641
vt 0.1098 0.4641
vt 0.0930 0.4641
vt 0.0762 0.4641
vt 0.0594 0.4641
vt 0.0426 0.4641
vt 0.5804 0.4641
vt 0.5636 0.4810
vt 0.5804 0.4810
vt 0.5468 0.4810
vt 0.5300 0.4810
vt 0.5132 0.4810
vt 0.4964 0.4810
vt 0.4796 0.4810
vt 0.4628 0.4810
vt 0.4460 0.4810
vt 0.4292 0.4810
vt 0.4123 0.4810
vt 0.3955 0.4810
vt 0.3787 0.4810
vt 0.3619 0.4810
vt 0.3451 0.4810
vt 0.3283 0.4810
vt 0.3115 0.4810
vt 0.2947 0.4810
vt 0.2779 0.4810
vt 0.2611 0.4810
vt 0.2443 0.4810
vt 0.2275 0.4810
vt 0.2106 0.4810
vt 0.1938 0.4810
vt 0.1770 0.4810
vt 0.1602 0.4810
vt 0.1434 0.4810
vt 0.1266 0.4810
vt 0.1098 0.4810
vt 0.0930 0.4810
vt 0.0762 0.4810
vt 0.0594 0.4810
vt 0.0426 0.4810
vt 0.5804 0.4810
vt 0.5636 0.4978
vt 0.5804 0.4978
vt 0.5468 0.4978
vt 0.5300 0.4978
vt 0.5132 0.4978
vt 0.4964 0.4978
vt 0.4796 0.4978
vt 0.4628 0.4978
vt 0.4460 0.4978
vt 0.4292 0.4978
vt 0.4123 0.4978
vt 0.3955 0.4978
vt 0.3787 0.4978
vt 0.3619 0.4978
vt 0.3451 0.4978
vt 0.3283 0.4978
vt 0.3115 0.4978
vt 0.2947 0.4978
vt 0.2779 0.4978
vt 0.2611 0.4978
vt 0.2443 0.4978
vt 0.2275 0.4978
vt 0.2106 0.4978
vt 0.1938 0.4978
vt 0.1770 0.4978
vt 0.1602 0.4978
vt 0.1434 0.4978
vt 0.1266 0.4978
vt 0.1098 0.4978
vt 0.0930 0.4978
vt 0.0762 0.4978
vt 0.0594 0.4978
vt 0.0426 0.4978
vt 0.5804 0.4978
vt 0.5636 0.5146
vt 0.5804 0.5146
vt 0.5468 0.5146
vt 0.5300 0.5146
vt 0.5132 0.5146
vt 0.4964 0.5146
vt 0.4796 0.5146
vt 0.4628 0.5146
vt 0.4460 0.5146
vt 0.4292 0.5146
vt 0.4123 0.5146
vt 0.3955 0.5146
vt 0.3787 0.5146
vt 0.3619 0.5146
vt 0.3451 0.5146
vt 0.3283 0.5146
vt 0.3115 0.5146
vt 0.2947 0.5146
vt 0.2779 0.5146
vt 0.2611 0.5146
vt 0.2443 0.5146
vt 0.2275 0.5146
vt 0.2106 0.5146
vt 0.1938 0.5146
vt 0.1770 0.5146
vt 0.1602 0.5146
vt 0.1434 0.5146
vt 0.1266 0.5146
vt 0.1098 0.5146
vt 0.0930 0.5146
vt 0.0762 0.5146
vt 0.0594 0.5146
vt 0.0426 0.5146
vt 0.5804 0.5146
vt 0.5636 0.5314
vt 0.5804 0.5314
vt 0.5468 0.5314
vt 0.5300 0.5314
vt 0.5132 0.5314
vt 0.4964 0.5314
vt 0.4796 0.5314
vt 0.4628 0.5314
vt 0.4460 0.5314
vt 0.4292 0.5314
vt 0.4123 0.5314
vt 0.3955 0.5314
vt 0.3787 0.5314
vt 0.3619 0.5314
vt 0.3451 0.5314
vt 0.3283 0.5314
vt 0.3115 0.5314
vt 0.2947 0.5314
vt 0.2779 0.5314
vt 0.2611 0.5314
vt 0.2443 0.5314
vt 0.2275 0.5314
vt 0.2106 0.5314
vt 0.1938 0.5314
vt 0.1770 0.5314
vt 0.1602 0.5314
vt 0.1434 0.5314
vt 0.1266 0.5314
vt 0.1098 0.5314
vt 0.0930 0.5314
vt 0.0762 0.5314
vt 0.0594 0.5314
vt 0.0426 0.5314
vt 0.5804 0.5314
vt 0.5636 0.5482
vt 0.5804 0.5482
vt 0.5468 0.5482
vt 0.5300 0.5482
vt 0.5132 0.5482
vt 0.4964 0.5482
vt 0.4796 0.5482
vt 0.4628 0.5482
vt 0.4460 0.5482
vt 0.4292 0.5482
vt 0.4123 0.5482
vt 0.3955 0.5482
vt 0.3787 0.5482
vt 0.3619 0.5482
vt 0.3451 0.5482
vt 0.3283 0.5482
vt 0.3115 0.5482
vt 0.2947 0.5482
vt 0.2779 0.5482
vt 0.2611 0.5482
vt 0.2443 0.5482
vt 0.2275 0.5482
vt 0.2106 0.5482
vt 0.1938 0.5482
vt 0.1770 0.5482
vt 0.1602 0.5482
vt 0.1434 0.5482
vt 0.1266 0.5482
vt 0.1098 0.5482
vt 0.0930 0.5482
vt 0.0762 0.5482
vt 0.0594 0.5482
vt 0.0426 0.5482
vt 0.5060 0.5718
vt 0.4906 0.5814
vt 0.5060 0.5814
vt 0.4906 0.5718
vt 0.4752 0.5814
vt 0.4752 0.5718
vt 0.4598 0.5814
vt 0.4598 0.5718
vt 0.4444 0.5814
vt 0.4444 0.5718
vt 0.4291 0.5814
vt 0.4291 0.5718
vt 0.4137 0.5814
vt 0.4137 0.5718
vt 0.3983 0.5814
vt 0.3983 0.5718
vt 0.3829 0.5814
vt 0.3829 0.5718
vt 0.3675 0.5814
vt 0.3675 0.5718
vt 0.3521 0.5814
vt 0.3521 0.5718
vt 0.3367 0.5814
vt 0.3367 0.5718
vt 0.3213 0.5814
vt 0.3213 0.5718
vt 0.3059 0.5814
vt 0.3059 0.5718
vt 0.2905 0.5814
vt 0.2905 0.5718
vt 0.2751 0.5814
vt 0.2751 0.5718
vt 0.2598 0.5814
vt 0.2598 0.5718
vt 0.2444 0.5814
vt 0.2444 0.5718
vt 0.2290 0.5814
vt 0.2290 0.5718
vt 0.2136 0.5814
vt 0.2136 0.5718
vt 0.1982 0.5814
vt 0.1982 0.5718
vt 0.1828 0.5814
vt 0.1828 0.5718
vt 0.1674 0.5814
vt 0.1674 0.5718
vt 0.1520 0.5814
vt 0.1520 0.5718
vt 0.1366 0.5814
vt 0.1366 0.5718
vt 0.1212 0.5814
vt 0.1212 0.5718
vt 0.1058 0.5814
vt 0.1058 0.5718
vt 0.0905 0.5814
vt 0.0905 0.5718
vt 0.0751 0.5814
vt 0.0751 0.5718
vt 0.0597 0.5814
vt 0.0597 0.5718
vt 0.0443 0.5814
vt 0.0443 0.5718
vt 0.0289 0.5814
vt 0.0289 0.5718
vt 0.0135 0.5814
vt 0.0135 0.5718
vt 0.5060 0.5814
vt 0.4906 0.5910
vt 0.5060 0.5910
vt 0.4752 0.5910
vt 0.4598 0.5910
vt 0.4444 0.5910
vt 0.4291 0.5910
vt 0.4137 0.5910
vt 0.3983 0.5910
vt 0.3829 0.5910
vt 0.3675 0.5910
vt 0.3521 0.5910
vt 0.3367 0.5910
vt 0.3213 0.5910
vt 0.3059 0.5910
vt 0.2905 0.5910
vt 0.2751 0.5910
vt 0.2598 0.5910
vt 0.2444 0.5910
vt 0.2290 0.5910
vt 0.2136 0.5910
vt 0.1982 0.5910
vt 0.1828 0.5910
vt 0.1674 0.5910
vt 0.1520 0.5910
vt 0.1366 0.5910
vt 0.1212 0.5910
vt 0.1058 0.5910
vt 0.0905 0.5910
vt 0.0751 0.5910
vt 0.0597 0.5910
vt 0.0443 0.5910
vt 0.0289 0.5910
vt 0.0135 0.5910
vt 0.5060 0.5910
vt 0.4906 0.6006
vt 0.5060 0.6006
vt 0.4752 0.6006
vt 0.4598 0.6006
vt 0.4444 0.6006
vt 0.4291 0.6006
vt 0.4137 0.6006
vt 0.3983 0.6006
vt 0.3829 0.6006
vt 0.3675 0.6006
vt 0.3521 0.6006
vt 0.3367 0.6006
vt 0.3213 0.6006
vt 0.3059 0.6006
vt 0.2905 0.6006
vt 0.2751 0.6006
vt 0.2598 0.6006
vt 0.2444 0.6006
vt 0.2290 0.6006
vt 0.2136 0.6006
vt 0.1982 0.6006
vt 0.1828 0.6006
vt 0.1674 0.6006
vt 0.1520 0.6006
vt 0.1366 0.6006
vt 0.1212 0.6006
vt 0.1058 0.6006
vt 0.0905 0.6006
vt 0.0751 0.6006
vt 0.0597 0.6006
vt 0.0443 0.6006
vt 0.0289 0.6006
vt 0.0135 0.6006
vt 0.5060 0.6006
vt 0.4906 0.6102
vt 0.5060 0.6102
vt 0.4752 0.6102
vt 0.4598 0.6102
vt 0.4444 0.6102
vt 0.4291 0.6102
vt 0.4137 0.6102
vt 0.3983 0.6102
vt 0.3829 0.6102
vt 0.3675 0.6102
vt 0.3521 0.6102
vt 0.3367 0.6102
vt 0.3213 0.6102
vt 0.3059 0.6102
vt 0.2905 0.6102
vt 0.2751 0.6102
vt 0.2598 0.6102
vt 0.2444 0.6102
vt 0.2290 0.6102
vt 0.2136 0.6102
vt 0.1982 0.6102
vt 0.1828 0.6102
vt 0.1674 0.6102
vt 0.1520 0.6102
vt 0.1366 0.6102
vt 0.1212 0.6102
vt 0.1058 0.6102
vt 0.0905 0.6102
vt 0.0751 0.6102
vt 0.0597 0.6102
vt 0.0443 0.6102
vt 0.0289 0.6102
vt 0.0135 0.6102
vt 0.5060 0.6102
vt 0.4906 0.6199
vt 0.5060 0.6199
vt 0.4752 0.6199
vt 0.4598 0.6199
vt 0.4444 0.6199
vt 0.4291 0.6199
vt 0.4137 0.6199
vt 0.3983 0.6199
vt 0.3829 0.6199
vt 0.3675 0.6199
vt 0.3521 0.6199
vt 0.3367 0.6199
vt 0.3213 0.6199
vt 0.3059 0.6199
vt 0.2905 0.6199
vt 0.2751 0.6199
vt 0.2598 0.6199
vt 0.2444 0.6199
vt 0.2290 0.6199
vt 0.2136 0.6199
vt 0.1982 0.6199
vt 0.1828 0.6199
vt 0.1674 0.6199
vt 0.1520 0.6199
vt 0.1366 0.6199
vt 0.1212 0.6199
vt 0.1058 0.6199
vt 0.0905 0.6199
vt 0.0751 0.6199
vt 0.0597 0.6199
vt 0.0443 0.6199
vt 0.0289 0.6199
vt 0.0135 0.6199
vt 0.5060 0.6199
vt 0.4906 0.6295
vt 0.5060 0.6295
vt 0.4752 0.6295
vt 0.4598 0.6295
vt 0.4444 0.6295
vt 0.4291 0.6295
vt 0.4137 0.6295
vt 0.3983 0.6295
vt 0.3829 0.6295
vt 0.3675 0.6295
vt 0.3521 0.6295
vt 0.3367 0.6295
vt 0.3213 0.6295
vt 0.3059 0.6295
vt 0.2905 0.6295
vt 0.2751 0.6295
vt 0.2598 0.6295
vt 0.2444 0.6295
vt 0.2290 0.6295
vt 0.2136 0.6295
vt 0.1982 0.6295
vt 0.1828 0.6295
vt 0.1674 0.6295
vt 0.1520 0.6295
vt 0.1366 0.6295
vt 0.1212 0.6295
vt 0.1058 0.6295
vt 0.0905 0.6295
vt 0.0751 0.6295
vt 0.0597 0.6295
vt 0.0443 0.6295
vt 0.0289 0.6295
vt 0.0135 0.6295
vt 0.5060 0.6295
vt 0.4906 0.6391
vt 0.5060 0.6391
vt 0.4752 0.6391
vt 0.4598 0.6391
vt 0.4444 0.6391
vt 0.4291 0.6391
vt 0.4137 0.6391
vt 0.3983 0.6391
vt 0.3829 0.6391
vt 0.3675 0.6391
vt 0.3521 0.6391
vt 0.3367 0.6391
vt 0.3213 0.6391
vt 0.3059 0.6391
vt 0.2905 0.6391
vt 0.2751 0.6391
vt 0.2598 0.6391
vt 0.2444 0.6391
vt 0.2290 0.6391
vt 0.2136 0.6391
vt 0.1982 0.6391
vt 0.1828 0.6391
vt 0.1674 0.6391
vt 0.1520 0.6391
vt 0.1366 0.6391
vt 0.1212 0.6391
vt 0.1058 0.6391
vt 0.0905 0.6391
vt 0.0751 0.6391
vt 0.0597 0.6391
vt 0.0443 0.6391
vt 0.0289 0.6391
vt 0.0135 0.6391
vt 0.5060 0.6391
vt 0.4906 0.6487
vt 0.5060 0.6487
vt 0.4752 0.6487
vt 0.4598 0.6487
vt 0.4444 0.6487
vt 0.4291 0.6487
vt 0.4137 0.6487
vt 0.3983 0.6487
vt 0.3829 0.6487
vt 0.3675 0.6487
vt 0.3521 0.6487
vt 0.3367 0.6487
vt 0.3213 0.6487
vt 0.3059 0.6487
vt 0.2905 0.6487
vt 0.2751 0.6487
vt 0.2598 0.6487
vt 0.2444 0.6487
vt 0.2290 0.6487
vt 0.2136 0.6487
vt 0.1982 0.6487
vt 0.1828 0.6487
vt 0.1674 0.6487
vt 0.1520 0.6487
vt 0.1366 0.6487
vt 0.1212 0.6487
vt 0.1058 0.6487
vt 0.0905 0.6487
vt 0.0751 0.6487
vt 0.0597 0.6487
vt 0.0443 0.6487
vt 0.0289 0.6487
vt 0.0135 0.6487
vt 0.5060 0.6487
vt 0.4906 0.6583
vt 0.5060 0.6583
vt 0.4752 0.6583
vt 0.4598 0.6583
vt 0.4444 0.6583
vt 0.4291 0.6583
vt 0.4137 0.6583
vt 0.3983 0.6583
vt 0.3829 0.6583
vt 0.3675 0.6583
vt 0.3521 0.6583
vt 0.3367 0.6583
vt 0.3213 0.6583
vt 0.3059 0.6583
vt 0.2905 0.6583
vt 0.2751 0.6583
vt 0.2598 0.6583
vt 0.2444 0.6583
vt 0.2290 0.6583
vt 0.2136 0.6583
vt 0.1982 0.6583
vt 0.1828 0.6583
vt 0.1674 0.6583
vt 0.1520 0.6583
vt 0.1366 0.6583
vt 0.1212 0.6583
vt 0.1058 0.6583
vt 0.0905 0.6583
vt 0.0751 0.6583
vt 0.0597 0.6583
vt 0.0443 0.6583
vt 0.0289 0.6583
vt 0.0135 0.6583
vt 0.5060 0.6583
vt 0.4906 0.6680
vt 0.5060 0.6680
vt 0.4752 0.6680
vt 0.4598 0.6680
vt 0.4444 0.6680
vt 0.4291 0.6680
vt 0.4137 0.6680
vt 0.3983 0.6680
vt 0.3829 0.6680
vt 0.3675 0.6680
vt 0.3521 0.6680
vt 0.3367 0.6680
vt 0.3213 0.6680
vt 0.3059 0.6680
vt 0.2905 0.6680
vt 0.2751 0.6680
vt 0.2598 0.6680
vt 0.2444 0.6680
vt 0.2290 0.6680
vt 0.2136 0.6680
vt 0.1982 0.6680
vt 0.1828 0.6680
vt 0.1674 0.6680
vt 0.1520 0.6680
vt 0.1366 0.6680
vt 0.1212 0.6680
vt 0.1058 0.6680
vt 0.0905 0.6680
vt 0.0751 0.6680
vt 0.0597 0.6680
vt 0.0443 0.6680
vt 0.0289 0.6680
vt 0.0135 0.6680
vt 0.5060 0.6680
vt 0.4906 0.6776
vt 0.5060 0.6776
vt 0.4752 0.6776
vt 0.4598 0.6776
vt 0.4444 0.6776
vt 0.4291 0.6776
vt 0.4137 0.6776
vt 0.3983 0.6776
vt 0.3829 0.6776
vt 0.3675 0.6776
vt 0.3521 0.6776
vt 0.3367 0.6776
vt 0.3213 0.6776
vt 0.3059 0.6776
vt 0.2905 0.6776
vt 0.2751 0.6776
vt 0.2598 0.6776
vt 0.2444 0.6776
vt 0.2290 0.6776
vt 0.2136 0.6776
vt 0.1982 0.6776
vt 0.1828 0.6776
vt 0.1674 0.6776
vt 0.1520 0.6776
vt 0.1366 0.6776
vt 0.1212 0.6776
vt 0.1058 0.6776
vt 0.0905 0.6776
vt 0.0751 0.6776
vt 0.0597 0.6776
vt 0.0443 0.6776
vt 0.0289 0.6776
vt 0.0135 0.6776
vt 0.5060 0.6776
vt 0.4906 0.6872
vt 0.5060 0.6872
vt 0.4752 0.6872
vt 0.4598 0.6872
vt 0.4444 0.6872
vt 0.4291 0.6872
vt 0.4137 0.6872
vt 0.3983 0.6872
vt 0.3829 0.6872
vt 0.3675 0.6872
vt 0.3521 0.6872
vt 0.3367 0.6872
vt 0.3213 0.6872
vt 0.3059 0.6872
vt 0.2905 0.6872
vt 0.2751 0.6872
vt 0.2598 0.6872
vt 0.2444 0.6872
vt 0.2290 0.6872
vt 0.2136 0.6872
vt 0.1982 0.6872
vt 0.1828 0.6872
vt 0.1674 0.6872
vt 0.1520 0.6872
vt 0.1366 0.6872
vt 0.1212 0.6872
vt 0.1058 0.6872
vt 0.0905 0.6872
vt 0.0751 0.6872
vt 0.0597 0.6872
vt 0.0443 0.6872
vt 0.0289 0.6872
vt 0.0135 0.6872
vt 0.5060 0.6872
vt 0.4906 0.6968
vt 0.5060 0.6968
vt 0.4752 0.6968
vt 0.4598 0.6968
vt 0.4444 0.6968
vt 0.4291 0.6968
vt 0.4137 0.6968
vt 0.3983 0.6968
vt 0.3829 0.6968
vt 0.3675 0.6968
vt 0.3521 0.6968
vt 0.3367 0.6968
vt 0.3213 0.6968
vt 0.3059 0.6968
vt 0.2905 0.6968
vt 0.2751 0.6968
vt 0.2598 0.6968
vt 0.2444 0.6968
vt 0.2290 0.6968
vt 0.2136 0.6968
vt 0.1982 0.6968
vt 0.1828 0.6968
vt 0.1674 0.6968
vt 0.1520 0.6968
vt 0.1366 0.6968
vt 0.1212 0.6968
vt 0.1058 0.6968
vt 0.0905 0.6968
vt 0.0751 0.6968
vt 0.0597 0.6968
vt 0.0443 0.6968
vt 0.0289 0.6968
vt 0.0135 0.6968
vt 0.5060 0.6968
vt 0.4906 0.7064
vt 0.5060 0.7064
vt 0.4752 0.7064
vt 0.4598 0.7064
vt 0.4444 0.7064
vt 0.4291 0.7064
vt 0.4137 0.7064
vt 0.3983 0.7064
vt 0.3829 0.7064
vt 0.3675 0.7064
vt 0.3521 0.7064
vt 0.3367 0.7064
vt 0.3213 0.7064
vt 0.3059 0.7064
vt 0.2905 0.7064
vt 0.2751 0.7064
vt 0.2598 0.7064
vt 0.2444 0.7064
vt 0.2290 0.7064
vt 0.2136 0.7064
vt 0.1982 0.7064
vt 0.1828 0.7064
vt 0.1674 0.7064
vt 0.1520 0.7064
vt 0.1366 0.7064
vt 0.1212 0.7064
vt 0.1058 0.7064
vt 0.0905 0.7064
vt 0.0751 0.7064
vt 0.0597 0.7064
vt 0.0443 0.7064
vt 0.0289 0.7064
vt 0.0135 0.7064
vt 0.5060 0.7064
vt 0.4906 0.7161
vt 0.5060 0.7161
vt 0.4752 0.7161
vt 0.4598 0.7161
vt 0.4444 0.7161
vt 0.4291 0.7161
vt 0.4137 0.7161
vt 0.3983 0.7161
vt 0.3829 0.7161
vt 0.3675 0.7161
vt 0.3521 0.7161
vt 0.3367 0.7161
vt 0.3213 0.7161
vt 0.3059 0.7161
vt 0.2905 0.7161
vt 0.2751 0.7161
vt 0.2598 0.7161
vt 0.2444 0.7161
vt 0.2290 0.7161
vt 0.2136 0.7161
vt 0.1982 0.7161
vt 0.1828 0.7161
vt 0.1674 0.7161
vt 0.1520 0.7161
vt 0.1366 0.7161
vt 0.1212 0.7161
vt 0.1058 0.7161
vt 0.0905 0.7161
vt 0.0751 0.7161
vt 0.0597 0.7161
vt 0.0443 0.7161
vt 0.0289 0.7161
vt 0.0135 0.7161
vt 0.5060 0.7161
vt 0.4906 0.7257
vt 0.5060 0.7257
vt 0.4752 0.7257
vt 0.4598 0.7257
vt 0.4444 0.7257
vt 0.4291 0.7257
vt 0.4137 0.7257
vt 0.3983 0.7257
vt 0.3829 0.7257
vt 0.3675 0.7257
vt 0.3521 0.7257
vt 0.3367 0.7257
vt 0.3213 0.7257
vt 0.3059 0.7257
vt 0.2905 0.7257
vt 0.2751 0.7257
vt 0.2598 0.7257
vt 0.2444 0.7257
vt 0.2290 0.7257
vt 0.2136 0.7257
vt 0.1982 0.7257
vt 0.1828 0.7257
vt 0.1674 0.7257
vt 0.1520 0.7257
vt 0.1366 0.7257
vt 0.1212 0.7257
vt 0.1058 0.7257
vt 0.0905 0.7257
vt 0.0751 0.7257
vt 0.0597 0.7257
vt 0.0443 0.7257
vt 0.0289 0.7257
vt 0.0135 0.7257
vt 0.5060 0.7257
vt 0.4906 0.7353
vt 0.5060 0.7353
vt 0.4752 0.7353
vt 0.4598 0.7353
vt 0.4444 0.7353
vt 0.4291 0.7353
vt 0.4137 0.7353
vt 0.3983 0.7353
vt 0.3829 0.7353
vt 0.3675 0.7353
vt 0.3521 0.7353
vt 0.3367 0.7353
vt 0.3213 0.7353
vt 0.3059 0.7353
vt 0.2905 0.7353
vt 0.2751 0.7353
vt 0.2598 0.7353
vt 0.2444 0.7353
vt 0.2290 0.7353
vt 0.2136 0.7353
vt 0.1982 0.7353
vt 0.1828 0.7353
vt 0.1674 0.7353
vt 0.1520 0.7353
vt 0.1366 0.7353
vt 0.1212 0.7353
vt 0.1058 0.7353
vt 0.0905 0.7353
vt 0.0751 0.7353
vt 0.0597 0.7353
vt 0.0443 0.7353
vt 0.0289 0.7353
vt 0.0135 0.7353
vt 0.5060 0.7353
vt 0.4906 0.7449
vt 0.5060 0.7449
vt 0.4752 0.7449
vt 0.4598 0.7449
vt 0.4444 0.7449
vt 0.4291 0.7449
vt 0.4137 0.7449
vt 0.3983 0.7449
vt 0.3829 0.7449
vt 0.3675 0.7449
vt 0.3521 0.7449
vt 0.3367 0.7449
vt 0.3213 0.7449
vt 0.3059 0.7449
vt 0.2905 0.7449
vt 0.2751 0.7449
vt 0.2598 0.7449
vt 0.2444 0.7449
vt 0.2290 0.7449
vt 0.2136 0.7449
vt 0.1982 0.7449
vt 0.1828 0.7449
vt 0.1674 0.7449
vt 0.1520 0.7449
vt 0.1366 0.7449
vt 0.1212 0.7449
vt 0.1058 0.7449
vt 0.0905 0.7449
vt 0.0751 0.7449
vt 0.0597 0.7449
vt 0.0443 0.7449
vt 0.0289 0.7449
vt 0.0135 0.7449
vt 0.5060 0.7449
vt 0.4906 0.7545
vt 0.5060 0.7545
vt 0.4752 0.7545
vt 0.4598 0.7545
vt 0.4444 0.7545
vt 0.4291 0.7545
vt 0.4137 0.7545
vt 0.3983 0.7545
vt 0.3829 0.7545
vt 0.3675 0.7545
vt 0.3521 0.7545
vt 0.3367 0.7545
vt 0.3213 0.7545
vt 0.3059 0.7545
vt 0.2905 0.7545
vt 0.2751 0.7545
vt 0.2598 0.7545
vt 0.2444 0.7545
vt 0.2290 0.7545
vt 0.2136 0.7545
vt 0.1982 0.7545
vt 0.1828 0.7545
vt 0.1674 0.7545
vt 0.1520 0.7545
vt 0.1366 0.7545
vt 0.1212 0.7545
vt 0.1058 0.7545
vt 0.0905 0.7545
vt 0.0751 0.7545
vt 0.0597 0.7545
vt 0.0443 0.7545
vt 0.0289 0.7545
vt 0.0135 0.7545
vt 0.5060 0.7545
vt 0.4906 0.7642
vt 0.5060 0.7642
vt 0.4752 0.7642
vt 0.4598 0.7642
vt 0.4444 0.7642
vt 0.4291 0.7642
vt 0.4137 0.7642
vt 0.3983 0.7642
vt 0.3829 0.7642
vt 0.3675 0.7642
vt 0.3521 0.7642
vt 0.3367 0.7642
vt 0.3213 0.7642
vt 0.3059 0.7642
vt 0.2905 0.7642
vt 0.2751 0.7642
vt 0.2598 0.7642
vt 0.2444 0.7642
vt 0.2290 0.7642
vt 0.2136 0.7642
vt 0.1982 0.7642
vt 0.1828 0.7642
vt 0.1674 0.7642
vt 0.1520 0.7642
vt 0.1366 0.7642
vt 0.1212 0.7642
vt 0.1058 0.7642
vt 0.0905 0.7642
vt 0.0751 0.7642
vt 0.0597 0.7642
vt 0.0443 0.7642
vt 0.0289 0.7642
vt 0.0135 0.7642
vt 0.5060 0.7642
vt 0.4906 0.7738
vt 0.5060 0.7738
vt 0.4752 0.7738
vt 0.4598 0.7738
vt 0.4444 0.7738
vt 0.4291 0.7738
vt 0.4137 0.7738
vt 0.3983 0.7738
vt 0.3829 0.7738
vt 0.3675 0.7738
vt 0.3521 0.7738
vt 0.3367 0.7738
vt 0.3213 0.7738
vt 0.3059 0.7738
vt 0.2905 0.7738
vt 0.2751 0.7738
vt 0.2598 0.7738
vt 0.2444 0.7738
vt 0.2290 0.7738
vt 0.2136 0.7738
vt 0.1982 0.7738
vt 0.1828 0.7738
vt 0.1674 0.7738
vt 0.1520 0.7738
vt 0.1366 0.7738
vt 0.1212 0.7738
vt 0.1058 0.7738
vt 0.0905 0.7738
vt 0.0751 0.7738
vt 0.0597 0.7738
vt 0.0443 0.7738
vt 0.0289 0.7738
vt 0.0135 0.7738
vt 0.5060 0.7738
vt 0.4906 0.7834
vt 0.5060 0.7834
vt 0.4752 0.7834
vt 0.4598 0.7834
vt 0.4444 0.7834
vt 0.4291 0.7834
vt 0.4137 0.7834
vt 0.3983 0.7834
vt 0.3829 0.7834
vt 0.3675 0.7834
vt 0.3521 0.7834
vt 0.3367 0.7834
vt 0.3213 0.7834
vt 0.3059 0.7834
vt 0.2905 0.7834
vt 0.2751 0.7834
vt 0.2598 0.7834
vt 0.2444 0.7834
vt 0.2290 0.7834
vt 0.2136 0.7834
vt 0.1982 0.7834
vt 0.1828 0.7834
vt 0.1674 0.7834
vt 0.1520 0.7834
vt 0.1366 0.7834
vt 0.1212 0.7834
vt 0.1058 0.7834
vt 0.0905 0.7834
vt 0.0751 0.7834
vt 0.0597 0.7834
vt 0.0443 0.7834
vt 0.0289 0.7834
vt 0.0135 0.7834
vt 0.5060 0.7834
vt 0.4906 0.7930
vt 0.5060 0.7930
vt 0.4752 0.7930
vt 0.4598 0.7930
vt 0.4444 0.7930
vt 0.4291 0.7930
vt 0.4137 0.7930
vt 0.3983 0.7930
vt 0.3829 0.7930
vt 0.3675 0.7930
vt 0.3521 0.7930
vt 0.3367 0.7930
vt 0.3213 0.7930
vt 0.3059 0.7930
vt 0.2905 0.7930
vt 0.2751 0.7930
vt 0.2598 0.7930
vt 0.2444 0.7930
vt 0.2290 0.7930
vt 0.2136 0.7930
vt 0.1982 0.7930
vt 0.1828 0.7930
vt 0.1674 0.7930
vt 0.1520 0.7930
vt 0.1366 0.7930
vt 0.1212 0.7930
vt 0.1058 0.7930
vt 0.0905 0.7930
vt 0.0751 0.7930
vt 0.0597 0.7930
vt 0.0443 0.7930
vt 0.0289 0.7930
vt 0.0135 0.7930
vt 0.5060 0.7930
vt 0.4906 0.8026
vt 0.5060 0.8026
vt 0.4752 0.8026
vt 0.4598 0.8026
vt 0.4444 0.8026
vt 0.4291 0.8026
vt 0.4137 0.8026
vt 0.3983 0.8026
vt 0.3829 0.8026
vt 0.3675 0.8026
vt 0.3521 0.8026
vt 0.3367 0.8026
vt 0.3213 0.8026
vt 0.3059 0.8026
vt 0.2905 0.8026
vt 0.2751 0.8026
vt 0.2598 0.8026
vt 0.2444 0.8026
vt 0.2290 0.8026
vt 0.2136 0.8026
vt 0.1982 0.8026
vt 0.1828 0.8026
vt 0.1674 0.8026
vt 0.1520 0.8026
vt 0.1366 0.8026
vt 0.1212 0.8026
vt 0.1058 0.8026
vt 0.0905 0.8026
vt 0.0751 0.8026
vt 0.0597 0.8026
vt 0.0443 0.8026
vt 0.0289 0.8026
vt 0.0135 0.8026
vt 0.5060 0.8026
vt 0.4906 0.8122
vt 0.5060 0.8122
vt 0.4752 0.8122
vt 0.4598 0.8122
vt 0.4444 0.8122
vt 0.4291 0.8122
vt 0.4137 0.8122
vt 0.3983 0.8122
vt 0.3829 0.8122
vt 0.3675 0.8122
vt 0.3521 0.8122
vt 0.3367 0.8122
vt 0.3213 0.8122
vt 0.3059 0.8122
vt 0.2905 0.8122
vt 0.2751 0.8122
vt 0.2598 0.8122
vt 0.2444 0.8122
vt 0.2290 0.8122
vt 0.2136 0.8122
vt 0.1982 0.8122
vt 0.1828 0.8122
vt 0.1674 0.8122
vt 0.1520 0.8122
vt 0.1366 0.8122
vt 0.1212 0.8122
vt 0.1058 0.8122
vt 0.0905 0.8122
vt 0.0751 0.8122
vt 0.0597 0.8122
vt 0.0443 0.8122
vt 0.0289 0.8122
vt 0.0135 0.8122
vt 0.5060 0.8122
vt 0.4906 0.8219
vt 0.5060 0.8219
vt 0.4752 0.8219
vt 0.4598 0.8219
vt 0.4444 0.8219
vt 0.4291 0.8219
vt 0.4137 0.8219
vt 0.3983 0.8219
vt 0.3829 0.8219
vt 0.3675 0.8219
vt 0.3521 0.8219
vt 0.3367 0.8219
vt 0.3213 0.8219
vt 0.3059 0.8219
vt 0.2905 0.8219
vt 0.2751 0.8219
vt 0.2598 0.8219
vt 0.2444 0.8219
vt 0.2290 0.8219
vt 0.2136 0.8219
vt 0.1982 0.8219
vt 0.1828 0.8219
vt 0.1674 0.8219
vt 0.1520 0.8219
vt 0.1366 0.8219
vt 0.1212 0.8219
vt 0.1058 0.8219
vt 0.0905 0.8219
vt 0.0751 0.8219
vt 0.0597 0.8219
vt 0.0443 0.8219
vt 0.0289 0.8219
vt 0.0135 0.8219
vt 0.5060 0.8219
vt 0.4906 0.8315
vt 0.5060 0.8315
vt 0.4752 0.8315
vt 0.4598 0.8315
vt 0.4444 0.8315
vt 0.4291 0.8315
vt 0.4137 0.8315
vt 0.3983 0.8315
vt 0.3829 0.8315
vt 0.3675 0.8315
vt 0.3521 0.8315
vt 0.3367 0.8315
vt 0.3213 0.8315
vt 0.3059 0.8315
vt 0.2905 0.8315
vt 0.2751 0.8315
vt 0.2598 0.8315
vt 0.2444 0.8315
vt 0.2290 0.8315
vt 0.2136 0.8315
vt 0.1982 0.8315
vt 0.1828 0.8315
vt 0.1674 0.8315
vt 0.1520 0.8315
vt 0.1366 0.8315
vt 0.1212 0.8315
vt 0.1058 0.8315
vt 0.0905 0.8315
vt 0.0751 0.8315
vt 0.0597 0.8315
vt 0.0443 0.8315
vt 0.0289 0.8315
vt 0.0135 0.8315
vt 0.5060 0.8315
vt 0.4906 0.8411
vt 0.5060 0.8411
vt 0.4752 0.8411
vt 0.4598 0.8411
vt 0.4444 0.8411
vt 0.4291 0.8411
vt 0.4137 0.8411
vt 0.3983 0.8411
vt 0.3829 0.8411
vt 0.3675 0.8411
vt 0.3521 0.8411
vt 0.3367 0.8411
vt 0.3213 0.8411
vt 0.3059 0.8411
vt 0.2905 0.8411
vt 0.2751 0.8411
vt 0.2598 0.8411
vt 0.2444 0.8411
vt 0.2290 0.8411
vt 0.2136 0.8411
vt 0.1982 0.8411
vt 0.1828 0.8411
vt 0.1674 0.8411
vt 0.1520 0.8411
vt 0.1366 0.8411
vt 0.1212 0.8411
vt 0.1058 0.8411
vt 0.0905 0.8411
vt 0.0751 0.8411
vt 0.0597 0.8411
vt 0.0443 0.8411
vt 0.0289 0.8411
vt 0.0135 0.8411
vt 0.5060 0.8411
vt 0.4906 0.8507
vt 0.5060 0.8507
vt 0.4752 0.8507
vt 0.4598 0.8507
vt 0.4444 0.8507
vt 0.4291 0.8507
vt 0.4137 0.8507
vt 0.3983 0.8507
vt 0.3829 0.8507
vt 0.3675 0.8507
vt 0.3521 0.8507
vt 0.3367 0.8507
vt 0.3213 0.8507
vt 0.3059 0.8507
vt 0.2905 0.8507
vt 0.2751 0.8507
vt 0.2598 0.8507
vt 0.2444 0.8507
vt 0.2290 0.8507
vt 0.2136 0.8507
vt 0.1982 0.8507
vt 0.1828 0.8507
vt 0.1674 0.8507
vt 0.1520 0.8507
vt 0.1366 0.8507
vt 0.1212 0.8507
vt 0.1058 0.8507
vt 0.0905 0.8507
vt 0.0751 0.8507
vt 0.0597 0.8507
vt 0.0443 0.8507
vt 0.0289 0.8507
vt 0.0135 0.8507
vt 0.5060 0.8507
vt 0.4906 0.8603
vt 0.5060 0.8603
vt 0.4752 0.8603
vt 0.4598 0.8603
vt 0.4444 0.8603
vt 0.4291 0.8603
vt 0.4137 0.8603
vt 0.3983 0.8603
vt 0.3829 0.8603
vt 0.3675 0.8603
vt 0.3521 0.8603
vt 0.3367 0.8603
vt 0.3213 0.8603
vt 0.3059 0.8603
vt 0.2905 0.8603
vt 0.2751 0.8603
vt 0.2598 0.8603
vt 0.2444 0.8603
vt 0.2290 0.8603
vt 0.2136 0.8603
vt 0.1982 0.8603
vt 0.1828 0.8603
vt 0.1674 0.8603
vt 0.1520 0.8603
vt 0.1366 0.8603
vt 0.1212 0.8603
vt 0.1058 0.8603
vt 0.0905 0.8603
vt 0.0751 0.8603
vt 0.0597 0.8603
vt 0.0443 0.8603
vt 0.0289 0.8603
vt 0.0135 0.8603
vt 0.5060 0.8603
vt 0.4906 0.8700
vt 0.5060 0.8700
vt 0.4752 0.8700
vt 0.4598 0.8700
vt 0.4444 0.8700
vt 0.4291 0.8700
vt 0.4137 0.8700
vt 0.3983 0.8700
vt 0.3829 0.8700
vt 0.3675 0.8700
vt 0.3521 0.8700
vt 0.3367 0.8700
vt 0.3213 0.8700
vt 0.3059 0.8700
vt 0.2905 0.8700
vt 0.2751 0.8700
vt 0.2598 0.8700
vt 0.2444 0.8700
vt 0.2290 0.8700
vt 0.2136 0.8700
vt 0.1982 0.8700
vt 0.1828 0.8700
vt 0.1674 0.8700
vt 0.1520 0.8700
vt 0.1366 0.8700
vt 0.1212 0.8700
vt 0.1058 0.8700
vt 0.0905 0.8700
vt 0.0751 0.8700
vt 0.0597 0.8700
vt 0.0443 0.8700
vt 0.0289 0.8700
vt 0.0135 0.8700
vt 0.5060 0.8700
vt 0.4906 0.8796
vt 0.5060 0.8796
vt 0.4752 0.8796
vt 0.4598 0.8796
vt 0.4444 0.8796
vt 0.4291 0.8796
vt 0.4137 0.8796
vt 0.3983 0.8796
vt 0.3829 0.8796
vt 0.3675 0.8796
vt 0.3521 0.8796
vt 0.3367 0.8796
vt 0.3213 0.8796
vt 0.3059 0.8796
vt 0.2905 0.8796
vt 0.2751 0.8796
vt 0.2598 0.8796
vt 0.2444 0.8796
vt 0.2290 0.8796
vt 0.2136 0.8796
vt 0.1982 0.8796
vt 0.1828 0.8796
vt 0.1674 0.8796
vt 0.1520 0.8796
vt 0.1366 0.8796
vt 0.1212 0.8796
vt 0.1058 0.8796
vt 0.0905 0.8796
vt 0.0751 0.8796
vt 0.0597 0.8796
vt 0.0443 0.8796
vt 0.0289 0.8796
vt 0.0135 0.8796
vt 0.9767 0.0245
vt 0.9652 0.0484
vt 0.9767 0.0484
vt 0.9652 0.0245
vt 0.9537 0.0484
vt 0.9537 0.0245
vt 0.9422 0.0484
vt 0.9422 0.0245
vt 0.9307 0.0484
vt 0.9307 0.0245
vt 0.9192 0.0484
vt 0.9192 0.0245
vt 0.9077 0.0484
vt 0.9077 0.0245
vt 0.8962 0.0484
vt 0.8962 0.0245
vt 0.8847 0.0484
vt 0.8847 0.0245
vt 0.8732 0.0484
vt 0.8732 0.0245
vt 0.8617 0.0484
vt 0.8617 0.0245
vt 0.8502 0.0484
vt 0.8502 0.0245
vt 0.8387 0.0484
vt 0.8387 0.0245
vt 0.8272 0.0484
vt 0.8272 0.0245
vt 0.8157 0.0484
vt 0.8157 0.0245
vt 0.8042 0.0484
vt 0.8042 0.0245
vt 0.7927 0.0484
vt 0.7927 0.0245
vt 0.7812 0.0484
vt 0.7812 0.0245
vt 0.7697 0.0484
vt 0.7697 0.0245
vt 0.7582 0.0484
vt 0.7582 0.0245
vt 0.7467 0.0484
vt 0.7467 0.0245
vt 0.7352 0.0484
vt 0.7352 0.0245
vt 0.7237 0.0484
vt 0.7237 0.0245
vt 0.7122 0.0484
vt 0.7122 0.0245
vt 0.7007 0.0484
vt 0.7007 0.0245
vt 0.6892 0.0484
vt 0.6892 0.0245
vt 0.6777 0.0484
vt 0.6777 0.0245
vt 0.6662 0.0484
vt 0.6662 0.0245
vt 0.6547 0.0484
vt 0.6547 0.0245
vt 0.6431 0.0484
vt 0.6431 0.0245
vt 0.6316 0.0484
vt 0.6316 0.0245
vt 0.6201 0.0484
vt 0.6201 0.0245
vt 0.6086 0.0484
vt 0.6086 0.0245
vt 0.9767 0.0484
vt 0.9652 0.0722
vt 0.9767 0.0722
vt 0.9537 0.0722
vt 0.9422 0.0722
vt 0.9307 0.0722
vt 0.9192 0.0722
vt 0.9077 0.0722
vt 0.8962 0.0722
vt 0.8847 0.0722
vt 0.8732 0.0722
vt 0.8617 0.0722
vt 0.8502 0.0722
vt 0.8387 0.0722
vt 0.8272 0.0722
vt 0.8157 0.0722
vt 0.8042 0.0722
vt 0.7927 0.0722
vt 0.7812 0.0722
vt 0.7697 0.0722
vt 0.7582 0.0722
vt 0.7467 0.0722
vt 0.7352 0.0722
vt 0.7237 0.0722
vt 0.7122 0.0722
vt 0.7007 0.0722
vt 0.6892 0.0722
vt 0.6777 0.0722
vt 0.6662 0.0722
vt 0.6547 0.0722
vt 0.6431 0.0722
vt 0.6316 0.0722
vt 0.6201 0.0722
vt 0.6086 0.0722
vt 0.9767 0.0722
vt 0.9652 0.0960
vt 0.9767 0.0960
vt 0.9537 0.0960
vt 0.9422 0.0960
vt 0.9307 0.0960
vt 0.9192 0.0960
vt 0.9077 0.0960
vt 0.8962 0.0960
vt 0.8847 0.0960
vt 0.8732 0.0960
vt 0.8617 0.0960
vt 0.8502 0.0960
vt 0.8387 0.0960
vt 0.8272 0.0960
vt 0.8157 0.0960
vt 0.8042 0.0960
vt 0.7927 0.0960
vt 0.7812 0.0960
vt 0.7697 0.0960
vt 0.7582 0.0960
vt 0.7467 0.0960
vt 0.7352 0.0960
vt 0.7237 0.0960
vt 0.7122 0.0960
vt 0.7007 0.0960
vt 0.6892 0.0960
vt 0.6777 0.0960
vt 0.6662 0.0960
vt 0.6547 0.0960
vt 0.6431 0.0960
vt 0.6316 0.0960
vt 0.6201 0.0960
vt 0.6086 0.0960
vt 0.9767 0.0960
vt 0.9652 0.1198
vt 0.9767 0.1198
vt 0.9537 0.1198
vt 0.9422 0.1198
vt 0.9307 0.1198
vt 0.9192 0.1198
vt 0.9077 0.1198
vt 0.8962 0.1198
vt 0.8847 0.1198
vt 0.8732 0.1198
vt 0.8617 0.1198
vt 0.8502 0.1198
vt 0.8387 0.1198
vt 0.8272 0.1198
vt 0.8157 0.1198
vt 0.8042 0.1198
vt 0.7927 0.1198
vt 0.7812 0.1198
vt 0.7697 0.1198
vt 0.7582 0.1198
vt 0.7467 0.1198
vt 0.7352 0.1198
vt 0.7237 0.1198
vt 0.7122 0.1198
vt 0.7007 0.1198
vt 0.6892 0.1198
vt 0.6777 0.1198
vt 0.6662 0.1198
vt 0.6547 0.1198
vt 0.6431 0.1198
vt 0.6316 0.1198
vt 0.6201 0.1198
vt 0.6086 0.1198
vt 0.9767 0.1198
vt 0.9652 0.1437
vt 0.9767 0.1437
vt 0.9537 0.1437
vt 0.9422 0.1437
vt 0.9307 0.1437
vt 0.9192 0.1437
vt 0.9077 0.1437
vt 0.8962 0.1437
vt 0.8847 0.1437
vt 0.8732 0.1437
vt 0.8617 0.1437
vt 0.8502 0.1437
vt 0.8387 0.1437
vt 0.8272 0.1437
vt 0.8157 0.1437
vt 0.8042 0.1437
vt 0.7927 0.1437
vt 0.7812 0.1437
vt 0.7697 0.1437
vt 0.7582 0.1437
vt 0.7467 0.1437
vt 0.7352 0.1437
vt 0.7237 0.1437
vt 0.7122 0.1437
vt 0.7007 0.1437
vt 0.6892 0.1437
vt 0.6777 0.1437
vt 0.6662 0.1437
vt 0.6547 0.1437
vt 0.6431 0.1437
vt 0.6316 0.1437
vt 0.6201 0.1437
vt 0.6086 0.1437
vt 0.9767 0.1437
vt 0.9652 0.1675
vt 0.9767 0.1675
vt 0.9537 0.1675
vt 0.9422 0.1675
vt 0.9307 0.1675
vt 0.9192 0.1675
vt 0.9077 0.1675
vt 0.8962 0.1675
vt 0.8847 0.1675
vt 0.8732 0.1675
vt 0.8617 0.1675
vt 0.8502 0.1675
vt 0.8387 0.1675
vt 0.8272 0.1675
vt 0.8157 0.1675
vt 0.8042 0.1675
vt 0.7927 0.1675
vt 0.7812 0.1675
vt 0.7697 0.1675
vt 0.7582 0.1675
vt 0.7467 0.1675
vt 0.7352 0.1675
vt 0.7237 0.1675
vt 0.7122 0.1675
vt 0.7007 0.1675
vt 0.6892 0.1675
vt 0.6777 0.1675
vt 0.6662 0.1675
vt 0.6547 0.1675
vt 0.6431 0.1675
vt 0.6316 0.1675
vt 0.6201 0.1675
vt 0.6086 0.1675
vt 0.9767 0.1675
vt 0.9652 0.1913
vt 0.9767 0.1913
vt 0.9537 0.1913
vt 0.9422 0.1913
vt 0.9307 0.1913
vt 0.9192 0.1913
vt 0.9077 0.1913
vt 0.8962 0.1913
vt 0.8847 0.1913
vt 0.8732 0.1913
vt 0.8617 0.1913
vt 0.8502 0.1913
vt 0.8387 0.1913
vt 0.8272 0.1913
vt 0.8157 0.1913
vt 0.8042 0.1913
vt 0.7927 0.1913
vt 0.7812 0.1913
vt 0.7697 0.1913
vt 0.7582 0.1913
vt 0.7467 0.1913
vt 0.7352 0.1913
vt 0.7237 0.1913
vt 0.7122 0.1913
vt 0.7007 0.1913
vt 0.6892 0.1913
vt 0.6777 0.1913
vt 0.6662 0.1913
vt 0.6547 0.1913
vt 0.6431 0.1913
vt 0.6316 0.1913
vt 0.6201 0.1913
vt 0.6086 0.1913
vt 0.9767 0.1913
vt 0.9652 0.2151
vt 0.9767 0.2151
vt 0.9537 0.2151
vt 0.9422 0.2151
vt 0.9307 0.2151
vt 0.9192 0.2151
vt 0.9077 0.2151
vt 0.8962 0.2151
vt 0.8847 0.2151
vt 0.8732 0.2151
vt 0.8617 0.2151
vt 0.8502 0.2151
vt 0.8387 0.2151
vt 0.8272 0.2151
vt 0.8157 0.2151
vt 0.8042 0.2151
vt 0.7927 0.2151
vt 0.7812 0.2151
vt 0.7697 0.2151
vt 0.7582 0.2151
vt 0.7467 0.2151
vt 0.7352 0.2151
vt 0.7237 0.2151
vt 0.7122 0.2151
vt 0.7007 0.2151
vt 0.6892 0.2151
vt 0.6777 0.2151
vt 0.6662 0.2151
vt 0.6547 0.2151
vt 0.6431 0.2151
vt 0.6316 0.2151
vt 0.6201 0.2151
vt 0.6086 0.2151
vt 0.9767 0.2151
vt 0.9652 0.2390
vt 0.9767 0.2390
vt 0.9537 0.2390
vt 0.9422 0.2390
vt 0.9307 0.2390
vt 0.9192 0.2390
vt 0.9077 0.2390
vt 0.8962 0.2390
vt 0.8847 0.2390
vt 0.8732 0.2390
vt 0.8617 0.2390
vt 0.8502 0.2390
vt 0.8387 0.2390
vt 0.8272 0.2390
vt 0.8157 0.2390
vt 0.8042 0.2390
vt 0.7927 0.2390
vt 0.7812 0.2390
vt 0.7697 0.2390
vt 0.7582 0.2390
vt 0.7467 0.2390
vt 0.7352 0.2390
vt 0.7237 0.2390
vt 0.7122 0.2390
vt 0.7007 0.2390
vt 0.6892 0.2390
vt 0.6777 0.2390
vt 0.6662 0.2390
vt 0.6547 0.2390
vt 0.6431 0.2390
vt 0.6316 0.2390
vt 0.6201 0.2390
vt 0.6086 0.2390
vt 0.9767 0.2390
vt 0.9652 0.2628
vt 0.9767 0.2628
vt 0.9537 0.2628
vt 0.9422 0.2628
vt 0.9307 0.2628
vt 0.9192 0.2628
vt 0.9077 0.2628
vt 0.8962 0.2628
vt 0.8847 0.2628
vt 0.8732 0.2628
vt 0.8617 0.2628
vt 0.8502 0.2628
vt 0.8387 0.2628
vt 0.8272 0.2628
vt 0.8157 0.2628
vt 0.8042 0.2628
vt 0.7927 0.2628
vt 0.7812 0.2628
vt 0.7697 0.2628
vt 0.7582 0.2628
vt 0.7467 0.2628
vt 0.7352 0.2628
vt 0.7237 0.2628
vt 0.7122 0.2628
vt 0.7007 0.2628
vt 0.6892 0.2628
vt 0.6777 0.2628
vt 0.6662 0.2628
vt 0.6547 0.2628
vt 0.6431 0.2628
vt 0.6316 0.2628
vt 0.6201 0.2628
vt 0.6086 0.2628
vt 0.9767 0.2628
vt 0.9652 0.2866
vt 0.9767 0.2866
vt 0.9537 0.2866
vt 0.9422 0.2866
vt 0.9307 0.2866
vt 0.9192 0.2866
vt 0.9077 0.2866
vt 0.8962 0.2866
vt 0.8847 0.2866
vt 0.8732 0.2866
vt 0.8617 0.2866
vt 0.8502 0.2866
vt 0.8387 0.2866
vt 0.8272 0.2866
vt 0.8157 0.2866
vt 0.8042 0.2866
vt 0.7927 0.2866
vt 0.7812 0.2866
vt 0.7697 0.2866
vt 0.7582 0.2866
vt 0.7467 0.2866
vt 0.7352 0.2866
vt 0.7237 0.2866
vt 0.7122 0.2866
vt 0.7007 0.2866
vt 0.6892 0.2866
vt 0.6777 0.2866
vt 0.6662 0.2866
vt 0.6547 0.2866
vt 0.6431 0.2866
vt 0.6316 0.2866
vt 0.6201 0.2866
vt 0.6086 0.2866
vt 0.9767 0.2866
vt 0.9652 0.3104
vt 0.9767 0.3104
vt 0.9537 0.3104
vt 0.9422 0.3104
vt 0.9307 0.3104
vt 0.9192 0.3104
vt 0.9077 0.3104
vt 0.8962 0.3104
vt 0.8847 0.3104
vt 0.8732 0.3104
vt 0.8617 0.3104
vt 0.8502 0.3104
vt 0.8387 0.3104
vt 0.8272 0.3104
vt 0.8157 0.3104
vt 0.8042 0.3104
vt 0.7927 0.3104
vt 0.7812 0.3104
vt 0.7697 0.3104
vt 0.7582 0.3104
vt 0.7467 0.3104
vt 0.7352 0.3104
vt 0.7237 0.3104
vt 0.7122 0.3104
vt 0.7007 0.3104
vt 0.6892 0.3104
vt 0.6777 0.3104
vt 0.6662 0.3104
vt 0.6547 0.3104
vt 0.6431 0.3104
vt 0.6316 0.3104
vt 0.6201 0.3104
vt 0.6086 0.3104
vt 0.9767 0.3104
vt 0.9652 0.3343
vt 0.9767 0.3343
vt 0.9537 0.3343
vt 0.9422 0.3343
vt 0.9307 0.3343
vt 0.9192 0.3343
vt 0.9077 0.3343
vt 0.8962 0.3343
vt 0.8847 0.3343
vt 0.8732 0.3343
vt 0.8617 0.3343
vt 0.8502 0.3343
vt 0.8387 0.3343
vt 0.8272 0.3343
vt 0.8157 0.3343
vt 0.8042 0.3343
vt 0.7927 0.3343
vt 0.7812 0.3343
vt 0.7697 0.3343
vt 0.7582 0.3343
vt 0.7467 0.3343
vt 0.7352 0.3343
vt 0.7237 0.3343
vt 0.7122 0.3343
vt 0.7007 0.3343
vt 0.6892 0.3343
vt 0.6777 0.3343
vt 0.6662 0.3343
vt 0.6547 0.3343
vt 0.6431 0.3343
vt 0.6316 0.3343
vt 0.6201 0.3343
vt 0.6086 0.3343
vt 0.9767 0.3343
vt 0.9652 0.3581
vt 0.9767 0.3581
vt 0.9537 0.3581
vt 0.9422 0.3581
vt 0.9307 0.3581
vt 0.9192 0.3581
vt 0.9077 0.3581
vt 0.8962 0.3581
vt 0.8847 0.3581
vt 0.8732 0.3581
vt 0.8617 0.3581
vt 0.8502 0.3581
vt 0.8387 0.3581
vt 0.8272 0.3581
vt 0.8157 0.3581
vt 0.8042 0.3581
vt 0.7927 0.3581
vt 0.7812 0.3581
vt 0.7697 0.3581
vt 0.7582 0.3581
vt 0.7467 0.3581
vt 0.7352 0.3581
vt 0.7237 0.3581
vt 0.7122 0.3581
vt 0.7007 0.3581
vt 0.6892 0.3581
vt 0.6777 0.3581
vt 0.6662 0.3581
vt 0.6547 0.3581
vt 0.6431 0.3581
vt 0.6316 0.3581
vt 0.6201 0.3581
vt 0.6086 0.3581
vt 0.9767 0.3581
vt 0.9652 0.3819
vt 0.9767 0.3819
vt 0.9537 0.3819
vt 0.9422 0.3819
vt 0.9307 0.3819
vt 0.9192 0.3819
vt 0.9077 0.3819
vt 0.8962 0.3819
vt 0.8847 0.3819
vt 0.8732 0.3819
vt 0.8617 0.3819
vt 0.8502 0.3819
vt 0.8387 0.3819
vt 0.8272 0.3819
vt 0.8157 0.3819
vt 0.8042 0.3819
vt 0.7927 0.3819
vt 0.7812 0.3819
vt 0.7697 0.3819
vt 0.7582 0.3819
vt 0.7467 0.3819
vt 0.7352 0.3819
vt 0.7237 0.3819
vt 0.7122 0.3819
vt 0.7007 0.3819
vt 0.6892 0.3819
vt 0.6777 0.3819
vt 0.6662 0.3819
vt 0.6547 0.3819
vt 0.6431 0.3819
vt 0.6316 0.3819
vt 0.6201 0.3819
vt 0.6086 0.3819
vt 0.9767 0.3819
vt 0.9652 0.4057
vt 0.9767 0.4057
vt 0.9537 0.4057
vt 0.9422 0.4057
vt 0.9307 0.4057
vt 0.9192 0.4057
vt 0.9077 0.4057
vt 0.8962 0.4057
vt 0.8847 0.4057
vt 0.8732 0.4057
vt 0.8617 0.4057
vt 0.8502 0.4057
vt 0.8387 0.4057
vt 0.8272 0.4057
vt 0.8157 0.4057
vt 0.8042 0.4057
vt 0.7927 0.4057
vt 0.7812 0.4057
vt 0.7697 0.4057
vt 0.7582 0.4057
vt 0.7467 0.4057
vt 0.7352 0.4057
vt 0.7237 0.4057
vt 0.7122 0.4057
vt 0.7007 0.4057
vt 0.6892 0.4057
vt 0.6777 0.4057
vt 0.6662 0.4057
vt 0.6547 0.4057
vt 0.6431 0.4057
vt 0.6316 0.4057
vt 0.6201 0.4057
vt 0.6086 0.4057
vt 0.9767 0.4057
vt 0.9652 0.4296
vt 0.9767 0.4296
vt 0.9537 0.4296
vt 0.9422 0.4296
vt 0.9307 0.4296
vt 0.9192 0.4296
vt 0.9077 0.4296
vt 0.8962 0.4296
vt 0.8847 0.4296
vt 0.8732 0.4296
vt 0.8617 0.4296
vt 0.8502 0.4296
vt 0.8387 0.4296
vt 0.8272 0.4296
vt 0.8157 0.4296
vt 0.8042 0.4296
vt 0.7927 0.4296
vt 0.7812 0.4296
vt 0.7697 0.4296
vt 0.7582 0.4296
vt 0.7467 0.4296
vt 0.7352 0.4296
vt 0.7237 0.4296
vt 0.7122 0.4296
vt 0.7007 0.4296
vt 0.6892 0.4296
vt 0.6777 0.4296
vt 0.6662 0.4296
vt 0.6547 0.4296
vt 0.6431 0.4296
vt 0.6316 0.4296
vt 0.6201 0.4296
vt 0.6086 0.4296
vt 0.9767 0.4296
vt 0.9652 0.4534
vt 0.9767 0.4534
vt 0.9537 0.4534
vt 0.9422 0.4534
vt 0.9307 0.4534
vt 0.9192 0.4534
vt 0.9077 0.4534
vt 0.8962 0.4534
vt 0.8847 0.4534
vt 0.8732 0.4534
vt 0.8617 0.4534
vt 0.8502 0.4534
vt 0.8387 0.4534
vt 0.8272 0.4534
vt 0.8157 0.4534
vt 0.8042 0.4534
vt 0.7927 0.4534
vt 0.7812 0.4534
vt 0.7697 0.4534
vt 0.7582 0.4534
vt 0.7467 0.4534
vt 0.7352 0.4534
vt 0.7237 0.4534
vt 0.7122 0.4534
vt 0.7007 0.4534
vt 0.6892 0.4534
vt 0.6777 0.4534
vt 0.6662 0.4534
vt 0.6547 0.4534
vt 0.6431 0.4534
vt 0.6316 0.4534
vt 0.6201 0.4534
vt 0.6086 0.4534
vt 0.9767 0.4534
vt 0.9652 0.4772
vt 0.9767 0.4772
vt 0.9537 0.4772
vt 0.9422 0.4772
vt 0.9307 0.4772
vt 0.9192 0.4772
vt 0.9077 0.4772
vt 0.8962 0.4772
vt 0.8847 0.4772
vt 0.8732 0.4772
vt 0.8617 0.4772
vt 0.8502 0.4772
vt 0.8387 0.4772
vt 0.8272 0.4772
vt 0.8157 0.4772
vt 0.8042 0.4772
vt 0.7927 0.4772
vt 0.7812 0.4772
vt 0.7697 0.4772
vt 0.7582 0.4772
vt 0.7467 0.4772
vt 0.7352 0.4772
vt 0.7237 0.4772
vt 0.7122 0.4772
vt 0.7007 0.4772
vt 0.6892 0.4772
vt 0.6777 0.4772
vt 0.6662 0.4772
vt 0.6547 0.4772
vt 0.6431 0.4772
vt 0.6316 0.4772
vt 0.6201 0.4772
vt 0.6086 0.4772
vt 0.9767 0.4772
vt 0.9652 0.5011
vt 0.9767 0.5011
vt 0.9537 0.5011
vt 0.9422 0.5011
vt 0.9307 0.5011
vt 0.9192 0.5011
vt 0.9077 0.5011
vt 0.8962 0.5011
vt 0.8847 0.5011
vt 0.8732 0.5011
vt 0.8617 0.5011
vt 0.8502 0.5011
vt 0.8387 0.5011
vt 0.8272 0.5011
vt 0.8157 0.5011
vt 0.8042 0.5011
vt 0.7927 0.5011
vt 0.7812 0.5011
vt 0.7697 0.5011
vt 0.7582 0.5011
vt 0.7467 0.5011
vt 0.7352 0.5011
vt 0.7237 0.5011
vt 0.7122 0.5011
vt 0.7007 0.5011
vt 0.6892 0.5011
vt 0.6777 0.5011
vt 0.6662 0.5011
vt 0.6547 0.5011
vt 0.6431 0.5011
vt 0.6316 0.5011
vt 0.6201 0.5011
vt 0.6086 0.5011
vt 0.9767 0.5011
vt 0.9652 0.5249
vt 0.9767 0.5249
vt 0.9537 0.5249
vt 0.9422 0.5249
vt 0.9307 0.5249
vt 0.9192 0.5249
vt 0.9077 0.5249
vt 0.8962 0.5249
vt 0.8847 0.5249
vt 0.8732 0.5249
vt 0.8617 0.5249
vt 0.8502 0.5249
vt 0.8387 0.5249
vt 0.8272 0.5249
vt 0.8157 0.5249
vt 0.8042 0.5249
vt 0.7927 0.5249
vt 0.7812 0.5249
vt 0.7697 0.5249
vt 0.7582 0.5249
vt 0.7467 0.5249
vt 0.7352 0.5249
vt 0.7237 0.5249
vt 0.7122 0.5249
vt 0.7007 0.5249
vt 0.6892 0.5249
vt 0.6777 0.5249
vt 0.6662 0.5249
vt 0.6547 0.5249
vt 0.6431 0.5249
vt 0.6316 0.5249
vt 0.6201 0.5249
vt 0.6086 0.5249
vt 0.9767 0.5249
vt 0.9652 0.5487
vt 0.9767 0.5487
vt 0.9537 0.5487
vt 0.9422 0.5487
vt 0.9307 0.5487
vt 0.9192 0.5487
vt 0.9077 0.5487
vt 0.8962 0.5487
vt 0.8847 0.5487
vt 0.8732 0.5487
vt 0.8617 0.5487
vt 0.8502 0.5487
vt 0.8387 0.5487
vt 0.8272 0.5487
vt 0.8157 0.5487
vt 0.8042 0.5487
vt 0.7927 0.5487
vt 0.7812 0.5487
vt 0.7697 0.5487
vt 0.7582 0.5487
vt 0.7467 0.5487
vt 0.7352 0.5487
vt 0.7237 0.5487
vt 0.7122 0.5487
vt 0.7007 0.5487
vt 0.6892 0.5487
vt 0.6777 0.5487
vt 0.6662 0.5487
vt 0.6547 0.5487
vt 0.6431 0.5487
vt 0.6316 0.5487
vt 0.6201 0.5487
vt 0.6086 0.5487
vt 0.9767 0.5487
vt 0.9652 0.5725
vt 0.9767 0.5725
vt 0.9537 0.5725
vt 0.9422 0.5725
vt 0.9307 0.5725
vt 0.9192 0.5725
vt 0.9077 0.5725
vt 0.8962 0.5725
vt 0.8847 0.5725
vt 0.8732 0.5725
vt 0.8617 0.5725
vt 0.8502 0.5725
vt 0.8387 0.5725
vt 0.8272 0.5725
vt 0.8157 0.5725
vt 0.8042 0.5725
vt 0.7927 0.5725
vt 0.7812 0.5725
vt 0.7697 0.5725
vt 0.7582 0.5725
vt 0.7467 0.5725
vt 0.7352 0.5725
vt 0.7237 0.5725
vt 0.7122 0.5725
vt 0.7007 0.5725
vt 0.6892 0.5725
vt 0.6777 0.5725
vt 0.6662 0.5725
vt 0.6547 0.5725
vt 0.6431 0.5725
vt 0.6316 0.5725
vt 0.6201 0.5725
vt 0.6086 0.5725
vt 0.9767 0.5725
vt 0.9652 0.5964
vt 0.9767 0.5964
vt 0.9537 0.5964
vt 0.9422 0.5964
vt 0.9307 0.5964
vt 0.9192 0.5964
vt 0.9077 0.5964
vt 0.8962 0.5964
vt 0.8847 0.5964
vt 0.8732 0.5964
vt 0.8617 0.5964
vt 0.8502 0.5964
vt 0.8387 0.5964
vt 0.8272 0.5964
vt 0.8157 0.5964
vt 0.8042 0.5964
vt 0.7927 0.5964
vt 0.7812 0.5964
vt 0.7697 0.5964
vt 0.7582 0.5964
vt 0.7467 0.5964
vt 0.7352 0.5964
vt 0.7237 0.5964
vt 0.7122 0.5964
vt 0.7007 0.5964
vt 0.6892 0.5964
vt 0.6777 0.5964
vt 0.6662 0.5964
vt 0.6547 0.5964
vt 0.6431 0.5964
vt 0.6316 0.5964
vt 0.6201 0.5964
vt 0.6086 0.5964
vt 0.9767 0.5964
vt 0.9652 0.6202
vt 0.9767 0.6202
vt 0.9537 0.6202
vt 0.9422 0.6202
vt 0.9307 0.6202
vt 0.9192 0.6202
vt 0.9077 0.6202
vt 0.8962 0.6202
vt 0.8847 0.6202
vt 0.8732 0.6202
vt 0.8617 0.6202
vt 0.8502 0.6202
vt 0.8387 0.6202
vt 0.8272 0.6202
vt 0.8157 0.6202
vt 0.8042 0.6202
vt 0.7927 0.6202
vt 0.7812 0.6202
vt 0.7697 0.6202
vt 0.7582 0.6202
vt 0.7467 0.6202
vt 0.7352 0.6202
vt 0.7237 0.6202
vt 0.7122 0.6202
vt 0.7007 0.6202
vt 0.6892 0.6202
vt 0.6777 0.6202
vt 0.6662 0.6202
vt 0.6547 0.6202
vt 0.6431 0.6202
vt 0.6316 0.6202
vt 0.6201 0.6202
vt 0.6086 0.6202
vt 0.9767 0.6202
vt 0.9652 0.6440
vt 0.9767 0.6440
vt 0.9537 0.6440
vt 0.9422 0.6440
vt 0.9307 0.6440
vt 0.9192 0.6440
vt 0.9077 0.6440
vt 0.8962 0.6440
vt 0.8847 0.6440
vt 0.8732 0.6440
vt 0.8617 0.6440
vt 0.8502 0.6440
vt 0.8387 0.6440
vt 0.8272 0.6440
vt 0.8157 0.6440
vt 0.8042 0.6440
vt 0.7927 0.6440
vt 0.7812 0.6440
vt 0.7697 0.6440
vt 0.7582 0.6440
vt 0.7467 0.6440
vt 0.7352 0.6440
vt 0.7237 0.6440
vt 0.7122 0.6440
vt 0.7007 0.6440
vt 0.6892 0.6440
vt 0.6777 0.6440
vt 0.6662 0.6440
vt 0.6547 0.6440
vt 0.6431 0.6440
vt 0.6316 0.6440
vt 0.6201 0.6440
vt 0.6086 0.6440
vt 0.9767 0.6440
vt 0.9652 0.6678
vt 0.9767 0.6678
vt 0.9537 0.6678
vt 0.9422 0.6678
vt 0.9307 0.6678
vt 0.9192 0.6678
vt 0.9077 0.6678
vt 0.8962 0.6678
vt 0.8847 0.6678
vt 0.8732 0.6678
vt 0.8617 0.6678
vt 0.8502 0.6678
vt 0.8387 0.6678
vt 0.8272 0.6678
vt 0.8157 0.6678
vt 0.8042 0.6678
vt 0.7927 0.6678
vt 0.7812 0.6678
vt 0.7697 0.6678
vt 0.7582 0.6678
vt 0.7467 0.6678
vt 0.7352 0.6678
vt 0.7237 0.6678
vt 0.7122 0.6678
vt 0.7007 0.6678
vt 0.6892 0.6678
vt 0.6777 0.6678
vt 0.6662 0.6678
vt 0.6547 0.6678
vt 0.6431 0.6678
vt 0.6316 0.6678
vt 0.6201 0.6678
vt 0.6086 0.6678
vt 0.9767 0.6678
vt 0.9652 0.6917
vt 0.9767 0.6917
vt 0.9537 0.6917
vt 0.9422 0.6917
vt 0.9307 0.6917
vt 0.9192 0.6917
vt 0.9077 0.6917
vt 0.8962 0.6917
vt 0.8847 0.6917
vt 0.8732 0.6917
vt 0.8617 0.6917
vt 0.8502 0.6917
vt 0.8387 0.6917
vt 0.8272 0.6917
vt 0.8157 0.6917
vt 0.8042 0.6917
vt 0.7927 0.6917
vt 0.7812 0.6917
vt 0.7697 0.6917
vt 0.7582 0.6917
vt 0.7467 0.6917
vt 0.7352 0.6917
vt 0.7237 0.6917
vt 0.7122 0.6917
vt 0.7007 0.6917
vt 0.6892 0.6917
vt 0.6777 0.6917
vt 0.6662 0.6917
vt 0.6547 0.6917
vt 0.6431 0.6917
vt 0.6316 0.6917
vt 0.6201 0.6917
vt 0.6086 0.6917
vt 0.9767 0.6917
vt 0.9652 0.7155
vt 0.9767 0.7155
vt 0.9537 0.7155
vt 0.9422 0.7155
vt 0.9307 0.7155
vt 0.9192 0.7155
vt 0.9077 0.7155
vt 0.8962 0.7155
vt 0.8847 0.7155
vt 0.8732 0.7155
vt 0.8617 0.7155
vt 0.8502 0.7155
vt 0.8387 0.7155
vt 0.8272 0.7155
vt 0.8157 0.7155
vt 0.8042 0.7155
vt 0.7927 0.7155
vt 0.7812 0.7155
vt 0.7697 0.7155
vt 0.7582 0.7155
vt 0.7467 0.7155
vt 0.7352 0.7155
vt 0.7237 0.7155
vt 0.7122 0.7155
vt 0.7007 0.7155
vt 0.6892 0.7155
vt 0.6777 0.7155
vt 0.6662 0.7155
vt 0.6547 0.7155
vt 0.6431 0.7155
vt 0.6316 0.7155
vt 0.6201 0.7155
vt 0.6086 0.7155
vt 0.9767 0.7155
vt 0.9652 0.7393
vt 0.9767 0.7393
vt 0.9537 0.7393
vt 0.9422 0.7393
vt 0.9307 0.7393
vt 0.9192 0.7393
vt 0.9077 0.7393
vt 0.8962 0.7393
vt 0.8847 0.7393
vt 0.8732 0.7393
vt 0.8617 0.7393
vt 0.8502 0.7393
vt 0.8387 0.7393
vt 0.8272 0.7393
vt 0.8157 0.7393
vt 0.8042 0.7393
vt 0.7927 0.7393
vt 0.7812 0.7393
vt 0.7697 0.7393
vt 0.7582 0.7393
vt 0.7467 0.7393
vt 0.7352 0.7393
vt 0.7237 0.7393
vt 0.7122 0.7393
vt 0.7007 0.7393
vt 0.6892 0.7393
vt 0.6777 0.7393
vt 0.6662 0.7393
vt 0.6547 0.7393
vt 0.6431 0.7393
vt 0.6316 0.7393
vt 0.6201 0.7393
vt 0.6086 0.7393
vt 0.9767 0.7393
vt 0.9652 0.7631
vt 0.9767 0.7631
vt 0.9537 0.7631
vt 0.9422 0.7631
vt 0.9307 0.7631
vt 0.9192 0.7631
vt 0.9077 0.7631
vt 0.8962 0.7631
vt 0.8847 0.7631
vt 0.8732 0.7631
vt 0.8617 0.7631
vt 0.8502 0.7631
vt 0.8387 0.7631
vt 0.8272 0.7631
vt 0.8157 0.7631
vt 0.8042 0.7631
vt 0.7927 0.7631
vt 0.7812 0.7631
vt 0.7697 0.7631
vt 0.7582 0.7631
vt 0.7467 0.7631
vt 0.7352 0.7631
vt 0.7237 0.7631
vt 0.7122 0.7631
vt 0.7007 0.7631
vt 0.6892 0.7631
vt 0.6777 0.7631
vt 0.6662 0.7631
vt 0.6547 0.7631
vt 0.6431 0.7631
vt 0.6316 0.7631
vt 0.6201 0.7631
vt 0.6086 0.7631
vt 0.9767 0.7631
vt 0.9652 0.7870
vt 0.9767 0.7870
vt 0.9537 0.7870
vt 0.9422 0.7870
vt 0.9307 0.7870
vt 0.9192 0.7870
vt 0.9077 0.7870
vt 0.8962 0.7870
vt 0.8847 0.7870
vt 0.8732 0.7870
vt 0.8617 0.7870
vt 0.8502 0.7870
vt 0.8387 0.7870
vt 0.8272 0.7870
vt 0.8157 0.7870
vt 0.8042 0.7870
vt 0.7927 0.7870
vt 0.7812 0.7870
vt 0.7697 0.7870
vt 0.7582 0.7870
vt 0.7467 0.7870
vt 0.7352 0.7870
vt 0.7237 0.7870
vt 0.7122 0.7870
vt 0.7007 0.7870
vt 0.6892 0.7870
vt 0.6777 0.7870
vt 0.6662 0.7870
vt 0.6547 0.7870
vt 0.6431 0.7870
vt 0.6316 0.7870
vt 0.6201 0.7870
vt 0.6086 0.7870
vt 0.5551 0.8853
vt 0.5680 0.8877
vt 0.5551 0.8877
vt 0.5680 0.8853
vt 0.5809 0.8877
vt 0.5809 0.8853
vt 0.5938 0.8877
vt 0.5938 0.8853
vt 0.6067 0.8877
vt 0.6067 0.8853
vt 0.6196 0.8877
vt 0.6196 0.8853
vt 0.6325 0.8877
vt 0.6325 0.8853
vt 0.6454 0.8877
vt 0.6454 0.8853
vt 0.6583 0.8877
vt 0.6583 0.8853
vt 0.6712 0.8877
vt 0.6712 0.8853
vt 0.6840 0.8877
vt 0.6840 0.8853
vt 0.6969 0.8877
vt 0.6969 0.8853
vt 0.7098 0.8877
vt 0.7098 0.8853
vt 0.7227 0.8877
vt 0.7227 0.8853
vt 0.7356 0.8877
vt 0.7356 0.8853
vt 0.7485 0.8877
vt 0.7485 0.8853
vt 0.7614 0.8877
vt 0.7614 0.8853
vt 0.7743 0.8877
vt 0.7743 0.8853
vt 0.7872 0.8877
vt 0.7872 0.8853
vt 0.8000 0.8877
vt 0.8000 0.8853
vt 0.8129 0.8877
vt 0.8129 0.8853
vt 0.8258 0.8877
vt 0.8258 0.8853
vt 0.8387 0.8877
vt 0.8387 0.8853
vt 0.8516 0.8877
vt 0.8516 0.8853
vt 0.8645 0.8877
vt 0.8645 0.8853
vt 0.8774 0.8877
vt 0.8774 0.8853
vt 0.8903 0.8877
vt 0.8903 0.8853
vt 0.9032 0.8877
vt 0.9032 0.8853
vt 0.9161 0.8877
vt 0.9161 0.8853
vt 0.9289 0.8877
vt 0.9289 0.8853
vt 0.9418 0.8877
vt 0.9418 0.8853
vt 0.9547 0.8877
vt 0.9547 0.8853
vt 0.9676 0.8877
vt 0.9676 0.8853
vt 0.5551 0.8877
vt 0.5680 0.8902
vt 0.5551 0.8902
vt 0.5809 0.8902
vt 0.5938 0.8902
vt 0.6067 0.8902
vt 0.6196 0.8902
vt 0.6325 0.8902
vt 0.6454 0.8902
vt 0.6583 0.8902
vt 0.6712 0.8902
vt 0.6840 0.8902
vt 0.6969 0.8902
vt 0.7098 0.8902
vt 0.7227 0.8902
vt 0.7356 0.8902
vt 0.7485 0.8902
vt 0.7614 0.8902
vt 0.7743 0.8902
vt 0.7872 0.8902
vt 0.8000 0.8902
vt 0.8129 0.8902
vt 0.8258 0.8902
vt 0.8387 0.8902
vt 0.8516 0.8902
vt 0.8645 0.8902
vt 0.8774 0.8902
vt 0.8903 0.8902
vt 0.9032 0.8902
vt 0.9161 0.8902
vt 0.9289 0.8902
vt 0.9418 0.8902
vt 0.9547 0.8902
vt 0.9676 0.8902
vt 0.5551 0.8902
vt 0.5680 0.8926
vt 0.5551 0.8926
vt 0.5809 0.8926
vt 0.5938 0.8926
vt 0.6067 0.8926
vt 0.6196 0.8926
vt 0.6325 0.8926
vt 0.6454 0.8926
vt 0.6583 0.8926
vt 0.6712 0.8926
vt 0.6840 0.8926
vt 0.6969 0.8926
vt 0.7098 0.8926
vt 0.7227 0.8926
vt 0.7356 0.8926
vt 0.7485 0.8926
vt 0.7614 0.8926
vt 0.7743 0.8926
vt 0.7872 0.8926
vt 0.8000 0.8926
vt 0.8129 0.8926
vt 0.8258 0.8926
vt 0.8387 0.8926
vt 0.8516 0.8926
vt 0.8645 0.8926
vt 0.8774 0.8926
vt 0.8903 0.8926
vt 0.9032 0.8926
vt 0.9161 0.8926
vt 0.9289 0.8926
vt 0.9418 0.8926
vt 0.9547 0.8926
vt 0.9676 0.8926
vt 0.5551 0.8926
vt 0.5680 0.8950
vt 0.5551 0.8950
vt 0.5809 0.8950
vt 0.5938 0.8950
vt 0.6067 0.8950
vt 0.6196 0.8950
vt 0.6325 0.8950
vt 0.6454 0.8950
vt 0.6583 0.8950
vt 0.6712 0.8950
vt 0.6840 0.8950
vt 0.6969 0.8950
vt 0.7098 0.8950
vt 0.7227 0.8950
vt 0.7356 0.8950
vt 0.7485 0.8950
vt 0.7614 0.8950
vt 0.7743 0.8950
vt 0.7872 0.8950
vt 0.8000 0.8950
vt 0.8129 0.8950
vt 0.8258 0.8950
vt 0.8387 0.8950
vt 0.8516 0.8950
vt 0.8645 0.8950
vt 0.8774 0.8950
vt 0.8903 0.8950
vt 0.9032 0.8950
vt 0.9161 0.8950
vt 0.9289 0.8950
vt 0.9418 0.8950
vt 0.9547 0.8950
vt 0.9676 0.8950
vt 0.5551 0.8950
vt 0.5680 0.8974
vt 0.5551 0.8974
vt 0.5809 0.8974
vt 0.5938 0.8974
vt 0.6067 0.8974
vt 0.6196 0.8974
vt 0.6325 0.8974
vt 0.6454 0.8974
vt 0.6583 0.8974
vt 0.6712 0.8974
vt 0.6840 0.8974
vt 0.6969 0.8974
vt 0.7098 0.8974
vt 0.7227 0.8974
vt 0.7356 0.8974
vt 0.7485 0.8974
vt 0.7614 0.8974
vt 0.7743 0.8974
vt 0.7872 0.8974
vt 0.8000 0.8974
vt 0.8129 0.8974
vt 0.8258 0.8974
vt 0.8387 0.8974
vt 0.8516 0.8974
vt 0.8645 0.8974
vt 0.8774 0.8974
vt 0.8903 0.8974
vt 0.9032 0.8974
vt 0.9161 0.8974
vt 0.9289 0.8974
vt 0.9418 0.8974
vt 0.9547 0.8974
vt 0.9676 0.8974
vt 0.5551 0.8974
vt 0.5680 0.8998
vt 0.5551 0.8998
vt 0.5809 0.8998
vt 0.5938 0.8998
vt 0.6067 0.8998
vt 0.6196 0.8998
vt 0.6325 0.8998
vt 0.6454 0.8998
vt 0.6583 0.8998
vt 0.6712 0.8998
vt 0.6840 0.8998
vt 0.6969 0.8998
vt 0.7098 0.8998
vt 0.7227 0.8998
vt 0.7356 0.8998
vt 0.7485 0.8998
vt 0.7614 0.8998
vt 0.7743 0.8998
vt 0.7872 0.8998
vt 0.8000 0.8998
vt 0.8129 0.8998
vt 0.8258 0.8998
vt 0.8387 0.8998
vt 0.8516 0.8998
vt 0.8645 0.8998
vt 0.8774 0.8998
vt 0.8903 0.8998
vt 0.9032 0.8998
vt 0.9161 0.8998
vt 0.9289 0.8998
vt 0.9418 0.8998
vt 0.9547 0.8998
vt 0.9676 0.8998
vt 0.5551 0.8998
vt 0.5680 0.9022
vt 0.5551 0.9022
vt 0.5809 0.9022
vt 0.5938 0.9022
vt 0.6067 0.9022
vt 0.6196 0.9022
vt 0.6325 0.9022
vt 0.6454 0.9022
vt 0.6583 0.9022
vt 0.6712 0.9022
vt 0.6840 0.9022
vt 0.6969 0.9022
vt 0.7098 0.9022
vt 0.7227 0.9022
vt 0.7356 0.9022
vt 0.7485 0.9022
vt 0.7614 0.9022
vt 0.7743 0.9022
vt 0.7872 0.9022
vt 0.8000 0.9022
vt 0.8129 0.9022
vt 0.8258 0.9022
vt 0.8387 0.9022
vt 0.8516 0.9022
vt 0.8645 0.9022
vt 0.8774 0.9022
vt 0.8903 0.9022
vt 0.9032 0.9022
vt 0.9161 0.9022
vt 0.9289 0.9022
vt 0.9418 0.9022
vt 0.9547 0.9022
vt 0.9676 0.9022
vt 0.5551 0.9022
vt 0.5680 0.9047
vt 0.5551 0.9047
vt 0.5809 0.9047
vt 0.5938 0.9047
vt 0.6067 0.9047
vt 0.6196 0.9047
vt 0.6325 0.9047
vt 0.6454 0.9047
vt 0.6583 0.9047
vt 0.6712 0.9047
vt 0.6840 0.9047
vt 0.6969 0.9047
vt 0.7098 0.9047
vt 0.7227 0.9047
vt 0.7356 0.9047
vt 0.7485 0.9047
vt 0.7614 0.9047
vt 0.7743 0.9047
vt 0.7872 0.9047
vt 0.8000 0.9047
vt 0.8129 0.9047
vt 0.8258 0.9047
vt 0.8387 0.9047
vt 0.8516 0.9047
vt 0.8645 0.9047
vt 0.8774 0.9047
vt 0.8903 0.9047
vt 0.9032 0.9047
vt 0.9161 0.9047
vt 0.9289 0.9047
vt 0.9418 0.9047
vt 0.9547 0.9047
vt 0.9676 0.9047
vt 0.5551 0.9047
vt 0.5680 0.9071
vt 0.5551 0.9071
vt 0.5809 0.9071
vt 0.5938 0.9071
vt 0.6067 0.9071
vt 0.6196 0.9071
vt 0.6325 0.9071
vt 0.6454 0.9071
vt 0.6583 0.9071
vt 0.6712 0.9071
vt 0.6840 0.9071
vt 0.6969 0.9071
vt 0.7098 0.9071
vt 0.7227 0.9071
vt 0.7356 0.9071
vt 0.7485 0.9071
vt 0.7614 0.9071
vt 0.7743 0.9071
vt 0.7872 0.9071
vt 0.8000 0.9071
vt 0.8129 0.9071
vt 0.8258 0.9071
vt 0.8387 0.9071
vt 0.8516 0.9071
vt 0.8645 0.9071
vt 0.8774 0.9071
vt 0.8903 0.9071
vt 0.9032 0.9071
vt 0.9161 0.9071
vt 0.9289 0.9071
vt 0.9418 0.9071
vt 0.9547 0.9071
vt 0.9676 0.9071
vt 0.5551 0.9071
vt 0.5680 0.9095
vt 0.5551 0.9095
vt 0.5809 0.9095
vt 0.5938 0.9095
vt 0.6067 0.9095
vt 0.6196 0.9095
vt 0.6325 0.9095
vt 0.6454 0.9095
vt 0.6583 0.9095
vt 0.6712 0.9095
vt 0.6840 0.9095
vt 0.6969 0.9095
vt 0.7098 0.9095
vt 0.7227 0.9095
vt 0.7356 0.9095
vt 0.7485 0.9095
vt 0.7614 0.9095
vt 0.7743 0.9095
vt 0.7872 0.9095
vt 0.8000 0.9095
vt 0.8129 0.9095
vt 0.8258 0.9095
vt 0.8387 0.9095
vt 0.8516 0.9095
vt 0.8645 0.9095
vt 0.8774 0.9095
vt 0.8903 0.9095
vt 0.9032 0.9095
vt 0.9161 0.9095
vt 0.9289 0.9095
vt 0.9418 0.9095
vt 0.9547 0.9095
vt 0.9676 0.9095
vt 0.5551 0.9095
vt 0.5680 0.9119
vt 0.5551 0.9119
vt 0.5809 0.9119
vt 0.5938 0.9119
vt 0.6067 0.9119
vt 0.6196 0.9119
vt 0.6325 0.9119
vt 0.6454 0.9119
vt 0.6583 0.9119
vt 0.6712 0.9119
vt 0.6840 0.9119
vt 0.6969 0.9119
vt 0.7098 0.9119
vt 0.7227 0.9119
vt 0.7356 0.9119
vt 0.7485 0.9119
vt 0.7614 0.9119
vt 0.7743 0.9119
vt 0.7872 0.9119
vt 0.8000 0.9119
vt 0.8129 0.9119
vt 0.8258 0.9119
vt 0.8387 0.9119
vt 0.8516 0.9119
vt 0.8645 0.9119
vt 0.8774 0.9119
vt 0.8903 0.9119
vt 0.9032 0.9119
vt 0.9161 0.9119
vt 0.9289 0.9119
vt 0.9418 0.9119
vt 0.9547 0.9119
vt 0.9676 0.9119
vt 0.5551 0.9119
vt 0.5680 0.9143
vt 0.5551 0.9143
vt 0.5809 0.9143
vt 0.5938 0.9143
vt 0.6067 0.9143
vt 0.6196 0.9143
vt 0.6325 0.9143
vt 0.6454 0.9143
vt 0.6583 0.9143
vt 0.6712 0.9143
vt 0.6840 0.9143
vt 0.6969 0.9143
vt 0.7098 0.9143
vt 0.7227 0.9143
vt 0.7356 0.9143
vt 0.7485 0.9143
vt 0.7614 0.9143
vt 0.7743 0.9143
vt 0.7872 0.9143
vt 0.8000 0.9143
vt 0.8129 0.9143
vt 0.8258 0.9143
vt 0.8387 0.9143
vt 0.8516 0.9143
vt 0.8645 0.9143
vt 0.8774 0.9143
vt 0.8903 0.9143
vt 0.9032 0.9143
vt 0.9161 0.9143
vt 0.9289 0.9143
vt 0.9418 0.9143
vt 0.9547 0.9143
vt 0.9676 0.9143
vt 0.5551 0.9143
vt 0.5680 0.9168
vt 0.5551 0.9168
vt 0.5809 0.9168
vt 0.5938 0.9168
vt 0.6067 0.9168
vt 0.6196 0.9168
vt 0.6325 0.9168
vt 0.6454 0.9168
vt 0.6583 0.9168
vt 0.6712 0.9168
vt 0.6840 0.9168
vt 0.6969 0.9168
vt 0.7098 0.9168
vt 0.7227 0.9168
vt 0.7356 0.9168
vt 0.7485 0.9168
vt 0.7614 0.9168
vt 0.7743 0.9168
vt 0.7872 0.9168
vt 0.8000 0.9168
vt 0.8129 0.9168
vt 0.8258 0.9168
vt 0.8387 0.9168
vt 0.8516 0.9168
vt 0.8645 0.9168
vt 0.8774 0.9168
vt 0.8903 0.9168
vt 0.9032 0.9168
vt 0.9161 0.9168
vt 0.9289 0.9168
vt 0.9418 0.9168
vt 0.9547 0.9168
vt 0.9676 0.9168
vt 0.5551 0.9168
vt 0.5680 0.9192
vt 0.5551 0.9192
vt 0.5809 0.9192
vt 0.5938 0.9192
vt 0.6067 0.9192
vt 0.6196 0.9192
vt 0.6325 0.9192
vt 0.6454 0.9192
vt 0.6583 0.9192
vt 0.6712 0.9192
vt 0.6840 0.9192
vt 0.6969 0.9192
vt 0.7098 0.9192
vt 0.7227 0.9192
vt 0.7356 0.9192
vt 0.7485 0.9192
vt 0.7614 0.9192
vt 0.7743 0.9192
vt 0.7872 0.9192
vt 0.8000 0.9192
vt 0.8129 0.9192
vt 0.8258 0.9192
vt 0.8387 0.9192
vt 0.8516 0.9192
vt 0.8645 0.9192
vt 0.8774 0.9192
vt 0.8903 0.9192
vt 0.9032 0.9192
vt 0.9161 0.9192
vt 0.9289 0.9192
vt 0.9418 0.9192
vt 0.9547 0.9192
vt 0.9676 0.9192
vt 0.5551 0.9192
vt 0.5680 0.9216
vt 0.5551 0.9216
vt 0.5809 0.9216
vt 0.5938 0.9216
vt 0.6067 0.9216
vt 0.6196 0.9216
vt 0.6325 0.9216
vt 0.6454 0.9216
vt 0.6583 0.9216
vt 0.6712 0.9216
vt 0.6840 0.9216
vt 0.6969 0.9216
vt 0.7098 0.9216
vt 0.7227 0.9216
vt 0.7356 0.9216
vt 0.7485 0.9216
vt 0.7614 0.9216
vt 0.7743 0.9216
vt 0.7872 0.9216
vt 0.8000 0.9216
vt 0.8129 0.9216
vt 0.8258 0.9216
vt 0.8387 0.9216
vt 0.8516 0.9216
vt 0.8645 0.9216
vt 0.8774 0.9216
vt 0.8903 0.9216
vt 0.9032 0.9216
vt 0.9161 0.9216
vt 0.9289 0.9216
vt 0.9418 0.9216
vt 0.9547 0.9216
vt 0.9676 0.9216
vt 0.5551 0.9216
vt 0.5680 0.9240
vt 0.5551 0.9240
vt 0.5809 0.9240
vt 0.5938 0.9240
vt 0.6067 0.9240
vt 0.6196 0.9240
vt 0.6325 0.9240
vt 0.6454 0.9240
vt 0.6583 0.9240
vt 0.6712 0.9240
vt 0.6840 0.9240
vt 0.6969 0.9240
vt 0.7098 0.9240
vt 0.7227 0.9240
vt 0.7356 0.9240
vt 0.7485 0.9240
vt 0.7614 0.9240
vt 0.7743 0.9240
vt 0.7872 0.9240
vt 0.8000 0.9240
vt 0.8129 0.9240
vt 0.8258 0.9240
vt 0.8387 0.9240
vt 0.8516 0.9240
vt 0.8645 0.9240
vt 0.8774 0.9240
vt 0.8903 0.9240
vt 0.9032 0.9240
vt 0.9161 0.9240
vt 0.9289 0.9240
vt 0.9418 0.9240
vt 0.9547 0.9240
vt 0.9676 0.9240
vt 0.5551 0.9240
vt 0.5680 0.9264
vt 0.5551 0.9264
vt 0.5809 0.9264
vt 0.5938 0.9264
vt 0.6067 0.9264
vt 0.6196 0.9264
vt 0.6325 0.9264
vt 0.6454 0.9264
vt 0.6583 0.9264
vt 0.6712 0.9264
vt 0.6840 0.9264
vt 0.6969 0.9264
vt 0.7098 0.9264
vt 0.7227 0.9264
vt 0.7356 0.9264
vt 0.7485 0.9264
vt 0.7614 0.9264
vt 0.7743 0.9264
vt 0.7872 0.9264
vt 0.8000 0.9264
vt 0.8129 0.9264
vt 0.8258 0.9264
vt 0.8387 0.9264
vt 0.8516 0.9264
vt 0.8645 0.9264
vt 0.8774 0.9264
vt 0.8903 0.9264
vt 0.9032 0.9264
vt 0.9161 0.9264
vt 0.9289 0.9264
vt 0.9418 0.9264
vt 0.9547 0.9264
vt 0.9676 0.9264
vt 0.5551 0.9264
vt 0.5680 0.9288
vt 0.5551 0.9288
vt 0.5809 0.9288
vt 0.5938 0.9288
vt 0.6067 0.9288
vt 0.6196 0.9288
vt 0.6325 0.9288
vt 0.6454 0.9288
vt 0.6583 0.9288
vt 0.6712 0.9288
vt 0.6840 0.9288
vt 0.6969 0.9288
vt 0.7098 0.9288
vt 0.7227 0.9288
vt 0.7356 0.9288
vt 0.7485 0.9288
vt 0.7614 0.9288
vt 0.7743 0.9288
vt 0.7872 0.9288
vt 0.8000 0.9288
vt 0.8129 0.9288
vt 0.8258 0.9288
vt 0.8387 0.9288
vt 0.8516 0.9288
vt 0.8645 0.9288
vt 0.8774 0.9288
vt 0.8903 0.9288
vt 0.9032 0.9288
vt 0.9161 0.9288
vt 0.9289 0.9288
vt 0.9418 0.9288
vt 0.9547 0.9288
vt 0.9676 0.9288
vt 0.5551 0.9288
vt 0.5680 0.9313
vt 0.5551 0.9313
vt 0.5809 0.9313
vt 0.5938 0.9313
vt 0.6067 0.9313
vt 0.6196 0.9313
vt 0.6325 0.9313
vt 0.6454 0.9313
vt 0.6583 0.9313
vt 0.6712 0.9313
vt 0.6840 0.9313
vt 0.6969 0.9313
vt 0.7098 0.9313
vt 0.7227 0.9313
vt 0.7356 0.9313
vt 0.7485 0.9313
vt 0.7614 0.9313
vt 0.7743 0.9313
vt 0.7872 0.9313
vt 0.8000 0.9313
vt 0.8129 0.9313
vt 0.8258 0.9313
vt 0.8387 0.9313
vt 0.8516 0.9313
vt 0.8645 0.9313
vt 0.8774 0.9313
vt 0.8903 0.9313
vt 0.9032 0.9313
vt 0.9161 0.9313
vt 0.9289 0.9313
vt 0.9418 0.9313
vt 0.9547 0.9313
vt 0.9676 0.9313
vt 0.5551 0.9313
vt 0.5680 0.9337
vt 0.5551 0.9337
vt 0.5809 0.9337
vt 0.5938 0.9337
vt 0.6067 0.9337
vt 0.6196 0.9337
vt 0.6325 0.9337
vt 0.6454 0.9337
vt 0.6583 0.9337
vt 0.6712 0.9337
vt 0.6840 0.9337
vt 0.6969 0.9337
vt 0.7098 0.9337
vt 0.7227 0.9337
vt 0.7356 0.9337
vt 0.7485 0.9337
vt 0.7614 0.9337
vt 0.7743 0.9337
vt 0.7872 0.9337
vt 0.8000 0.9337
vt 0.8129 0.9337
vt 0.8258 0.9337
vt 0.8387 0.9337
vt 0.8516 0.9337
vt 0.8645 0.9337
vt 0.8774 0.9337
vt 0.8903 0.9337
vt 0.9032 0.9337
vt 0.9161 0.9337
vt 0.9289 0.9337
vt 0.9418 0.9337
vt 0.9547 0.9337
vt 0.9676 0.9337
vt 0.5551 0.9337
vt 0.5680 0.9361
vt 0.5551 0.9361
vt 0.5809 0.9361
vt 0.5938 0.9361
vt 0.6067 0.9361
vt 0.6196 0.9361
vt 0.6325 0.9361
vt 0.6454 0.9361
vt 0.6583 0.9361
vt 0.6712 0.9361
vt 0.6840 0.9361
vt 0.6969 0.9361
vt 0.7098 0.9361
vt 0.7227 0.9361
vt 0.7356 0.9361
vt 0.7485 0.9361
vt 0.7614 0.9361
vt 0.7743 0.9361
vt 0.7872 0.9361
vt 0.8000 0.9361
vt 0.8129 0.9361
vt 0.8258 0.9361
vt 0.8387 0.9361
vt 0.8516 0.9361
vt 0.8645 0.9361
vt 0.8774 0.9361
vt 0.8903 0.9361
vt 0.9032 0.9361
vt 0.9161 0.9361
vt 0.9289 0.9361
vt 0.9418 0.9361
vt 0.9547 0.9361
vt 0.9676 0.9361
vt 0.5551 0.9361
vt 0.5680 0.9385
vt 0.5551 0.9385
vt 0.5809 0.9385
vt 0.5938 0.9385
vt 0.6067 0.9385
vt 0.6196 0.9385
vt 0.6325 0.9385
vt 0.6454 0.9385
vt 0.6583 0.9385
vt 0.6712 0.9385
vt 0.6840 0.9385
vt 0.6969 0.9385
vt 0.7098 0.9385
vt 0.7227 0.9385
vt 0.7356 0.9385
vt 0.7485 0.9385
vt 0.7614 0.9385
vt 0.7743 0.9385
vt 0.7872 0.9385
vt 0.8000 0.9385
vt 0.8129 0.9385
vt 0.8258 0.9385
vt 0.8387 0.9385
vt 0.8516 0.9385
vt 0.8645 0.9385
vt 0.8774 0.9385
vt 0.8903 0.9385
vt 0.9032 0.9385
vt 0.9161 0.9385
vt 0.9289 0.9385
vt 0.9418 0.9385
vt 0.9547 0.9385
vt 0.9676 0.9385
vt 0.5551 0.9385
vt 0.5680 0.9409
vt 0.5551 0.9409
vt 0.5809 0.9409
vt 0.5938 0.9409
vt 0.6067 0.9409
vt 0.6196 0.9409
vt 0.6325 0.9409
vt 0.6454 0.9409
vt 0.6583 0.9409
vt 0.6712 0.9409
vt 0.6840 0.9409
vt 0.6969 0.9409
vt 0.7098 0.9409
vt 0.7227 0.9409
vt 0.7356 0.9409
vt 0.7485 0.9409
vt 0.7614 0.9409
vt 0.7743 0.9409
vt 0.7872 0.9409
vt 0.8000 0.9409
vt 0.8129 0.9409
vt 0.8258 0.9409
vt 0.8387 0.9409
vt 0.8516 0.9409
vt 0.8645 0.9409
vt 0.8774 0.9409
vt 0.8903 0.9409
vt 0.9032 0.9409
vt 0.9161 0.9409
vt 0.9289 0.9409
vt 0.9418 0.9409
vt 0.9547 0.9409
vt 0.9676 0.9409
vt 0.5551 0.9409
vt 0.5680 0.9433
vt 0.5551 0.9433
vt 0.5809 0.9433
vt 0.5938 0.9433
vt 0.6067 0.9433
vt 0.6196 0.9433
vt 0.6325 0.9433
vt 0.6454 0.9433
vt 0.6583 0.9433
vt 0.6712 0.9433
vt 0.6840 0.9433
vt 0.6969 0.9433
vt 0.7098 0.9433
vt 0.7227 0.9433
vt 0.7356 0.9433
vt 0.7485 0.9433
vt 0.7614 0.9433
vt 0.7743 0.9433
vt 0.7872 0.9433
vt 0.8000 0.9433
vt 0.8129 0.9433
vt 0.8258 0.9433
vt 0.8387 0.9433
vt 0.8516 0.9433
vt 0.8645 0.9433
vt 0.8774 0.9433
vt 0.8903 0.9433
vt 0.9032 0.9433
vt 0.9161 0.9433
vt 0.9289 0.9433
vt 0.9418 0.9433
vt 0.9547 0.9433
vt 0.9676 0.9433
vt 0.5551 0.9433
vt 0.5680 0.9458
vt 0.5551 0.9458
vt 0.5809 0.9458
vt 0.5938 0.9458
vt 0.6067 0.9458
vt 0.6196 0.9458
vt 0.6325 0.9458
vt 0.6454 0.9458
vt 0.6583 0.9458
vt 0.6712 0.9458
vt 0.6840 0.9458
vt 0.6969 0.9458
vt 0.7098 0.9458
vt 0.7227 0.9458
vt 0.7356 0.9458
vt 0.7485 0.9458
vt 0.7614 0.9458
vt 0.7743 0.9458
vt 0.7872 0.9458
vt 0.8000 0.9458
vt 0.8129 0.9458
vt 0.8258 0.9458
vt 0.8387 0.9458
vt 0.8516 0.9458
vt 0.8645 0.9458
vt 0.8774 0.9458
vt 0.8903 0.9458
vt 0.9032 0.9458
vt 0.9161 0.9458
vt 0.9289 0.9458
vt 0.9418 0.9458
vt 0.9547 0.9458
vt 0.9676 0.9458
vt 0.5551 0.9458
vt 0.5680 0.9482
vt 0.5551 0.9482
vt 0.5809 0.9482
vt 0.5938 0.9482
vt 0.6067 0.9482
vt 0.6196 0.9482
vt 0.6325 0.9482
vt 0.6454 0.9482
vt 0.6583 0.9482
vt 0.6712 0.9482
vt 0.6840 0.9482
vt 0.6969 0.9482
vt 0.7098 0.9482
vt 0.7227 0.9482
vt 0.7356 0.9482
vt 0.7485 0.9482
vt 0.7614 0.9482
vt 0.7743 0.9482
vt 0.7872 0.9482
vt 0.8000 0.9482
vt 0.8129 0.9482
vt 0.8258 0.9482
vt 0.8387 0.9482
vt 0.8516 0.9482
vt 0.8645 0.9482
vt 0.8774 0.9482
vt 0.8903 0.9482
vt 0.9032 0.9482
vt 0.9161 0.9482
vt 0.9289 0.9482
vt 0.9418 0.9482
vt 0.9547 0.9482
vt 0.9676 0.9482
vt 0.5551 0.9482
vt 0.5680 0.9506
vt 0.5551 0.9506
vt 0.5809 0.9506
vt 0.5938 0.9506
vt 0.6067 0.9506
vt 0.6196 0.9506
vt 0.6325 0.9506
vt 0.6454 0.9506
vt 0.6583 0.9506
vt 0.6712 0.9506
vt 0.6840 0.9506
vt 0.6969 0.9506
vt 0.7098 0.9506
vt 0.7227 0.9506
vt 0.7356 0.9506
vt 0.7485 0.9506
vt 0.7614 0.9506
vt 0.7743 0.9506
vt 0.7872 0.9506
vt 0.8000 0.9506
vt 0.8129 0.9506
vt 0.8258 0.9506
vt 0.8387 0.9506
vt 0.8516 0.9506
vt 0.8645 0.9506
vt 0.8774 0.9506
vt 0.8903 0.9506
vt 0.9032 0.9506
vt 0.9161 0.9506
vt 0.9289 0.9506
vt 0.9418 0.9506
vt 0.9547 0.9506
vt 0.9676 0.9506
vt 0.5551 0.9506
vt 0.5680 0.9530
vt 0.5551 0.9530
vt 0.5809 0.9530
vt 0.5938 0.9530
vt 0.6067 0.9530
vt 0.6196 0.9530
vt 0.6325 0.9530
vt 0.6454 0.9530
vt 0.6583 0.9530
vt 0.6712 0.9530
vt 0.6840 0.9530
vt 0.6969 0.9530
vt 0.7098 0.9530
vt 0.7227 0.9530
vt 0.7356 0.9530
vt 0.7485 0.9530
vt 0.7614 0.9530
vt 0.7743 0.9530
vt 0.7872 0.9530
vt 0.8000 0.9530
vt 0.8129 0.9530
vt 0.8258 0.9530
vt 0.8387 0.9530
vt 0.8516 0.9530
vt 0.8645 0.9530
vt 0.8774 0.9530
vt 0.8903 0.9530
vt 0.9032 0.9530
vt 0.9161 0.9530
vt 0.9289 0.9530
vt 0.9418 0.9530
vt 0.9547 0.9530
vt 0.9676 0.9530
vt 0.5551 0.9530
vt 0.5680 0.9554
vt 0.5551 0.9554
vt 0.5809 0.9554
vt 0.5938 0.9554
vt 0.6067 0.9554
vt 0.6196 0.9554
vt 0.6325 0.9554
vt 0.6454 0.9554
vt 0.6583 0.9554
vt 0.6712 0.9554
vt 0.6840 0.9554
vt 0.6969 0.9554
vt 0.7098 0.9554
vt 0.7227 0.9554
vt 0.7356 0.9554
vt 0.7485 0.9554
vt 0.7614 0.9554
vt 0.7743 0.9554
vt 0.7872 0.9554
vt 0.8000 0.9554
vt 0.8129 0.9554
vt 0.8258 0.9554
vt 0.8387 0.9554
vt 0.8516 0.9554
vt 0.8645 0.9554
vt 0.8774 0.9554
vt 0.8903 0.9554
vt 0.9032 0.9554
vt 0.9161 0.9554
vt 0.9289 0.9554
vt 0.9418 0.9554
vt 0.9547 0.9554
vt 0.9676 0.9554
vt 0.5551 0.9554
vt 0.5680 0.9578
vt 0.5551 0.9578
vt 0.5809 0.9578
vt 0.5938 0.9578
vt 0.6067 0.9578
vt 0.6196 0.9578
vt 0.6325 0.9578
vt 0.6454 0.9578
vt 0.6583 0.9578
vt 0.6712 0.9578
vt 0.6840 0.9578
vt 0.6969 0.9578
vt 0.7098 0.9578
vt 0.7227 0.9578
vt 0.7356 0.9578
vt 0.7485 0.9578
vt 0.7614 0.9578
vt 0.7743 0.9578
vt 0.7872 0.9578
vt 0.8000 0.9578
vt 0.8129 0.9578
vt 0.8258 0.9578
vt 0.8387 0.9578
vt 0.8516 0.9578
vt 0.8645 0.9578
vt 0.8774 0.9578
vt 0.8903 0.9578
vt 0.9032 0.9578
vt 0.9161 0.9578
vt 0.9289 0.9578
vt 0.9418 0.9578
vt 0.9547 0.9578
vt 0.9676 0.9578
vt 0.5551 0.9578
vt 0.5680 0.9603
vt 0.5551 0.9603
vt 0.5809 0.9603
vt 0.5938 0.9603
vt 0.6067 0.9603
vt 0.6196 0.9603
vt 0.6325 0.9603
vt 0.6454 0.9603
vt 0.6583 0.9603
vt 0.6712 0.9603
vt 0.6840 0.9603
vt 0.6969 0.9603
vt 0.7098 0.9603
vt 0.7227 0.9603
vt 0.7356 0.9603
vt 0.7485 0.9603
vt 0.7614 0.9603
vt 0.7743 0.9603
vt 0.7872 0.9603
vt 0.8000 0.9603
vt 0.8129 0.9603
vt 0.8258 0.9603
vt 0.8387 0.9603
vt 0.8516 0.9603
vt 0.8645 0.9603
vt 0.8774 0.9603
vt 0.8903 0.9603
vt 0.9032 0.9603
vt 0.9161 0.9603
vt 0.9289 0.9603
vt 0.9418 0.9603
vt 0.9547 0.9603
vt 0.9676 0.9603
vt 0.5551 0.9603
vt 0.5680 0.9627
vt 0.5551 0.9627
vt 0.5809 0.9627
vt 0.5938 0.9627
vt 0.6067 0.9627
vt 0.6196 0.9627
vt 0.6325 0.9627
vt 0.6454 0.9627
vt 0.6583 0.9627
vt 0.6712 0.9627
vt 0.6840 0.9627
vt 0.6969 0.9627
vt 0.7098 0.9627
vt 0.7227 0.9627
vt 0.7356 0.9627
vt 0.7485 0.9627
vt 0.7614 0.9627
vt 0.7743 0.9627
vt 0.7872 0.9627
vt 0.8000 0.9627
vt 0.8129 0.9627
vt 0.8258 0.9627
vt 0.8387 0.9627
vt 0.8516 0.9627
vt 0.8645 0.9627
vt 0.8774 0.9627
vt 0.8903 0.9627
vt 0.9032 0.9627
vt 0.9161 0.9627
vt 0.9289 0.9627
vt 0.9418 0.9627
vt 0.9547 0.9627
vt 0.9676 0.9627
f 35/1 2/2 1/3
f 35/1 1/3 34/4
f 36/5 2/2 35/1
f 38/6 5/7 4/8
f 40/9 6/10 39/11
f 40/9 7/12 6/10
f 41/13 7/12 40/9
f 42/14 9/15 8/16
f 44/17 10/18 43/19
f 44/17 11/20 10/18
f 46/21 12/22 45/23
f 46/21 13/24 12/22
f 47/25 13/24 46/21
f 48/26 15/27 14/28
f 49/29 15/27 48/26
f 50/30 17/31 16/32
f 52/33 18/34 51/35
f 52/33 19/36 18/34
f 54/37 20/38 53/39
f 54/37 21/40 20/38
f 56/41 22/42 55/43
f 56/41 23/44 22/42
f 58/45 24/46 57/47
f 58/45 25/48 24/46
f 59/49 25/48 58/45
f 60/50 27/51 26/52
f 61/53 27/51 60/50
f 62/54 29/55 28/56
f 63/57 29/55 62/54
f 64/58 31/59 30/60
f 66/61 31/59 64/58
f 65/62 32/63 33/64
f 69/65 35/66 68/67
f 69/65 36/5 35/66
f 71/68 37/69 70/70
f 71/68 38/71 37/69
f 73/72 39/73 72/74
f 73/72 40/9 39/73
f 75/75 41/76 74/77
f 75/75 42/78 41/76
f 77/79 43/80 76/81
f 77/79 44/17 43/80
f 79/82 45/83 78/84
f 79/82 46/21 45/83
f 81/85 47/86 80/87
f 81/85 48/88 47/86
f 83/89 49/90 82/91
f 83/89 50/92 49/90
f 84/93 50/92 83/89
f 85/94 52/33 51/35
f 86/95 52/33 85/94
f 87/96 54/37 53/39
f 88/97 54/37 87/96
f 89/98 56/41 55/43
f 90/99 56/41 89/98
f 91/100 58/45 57/47
f 92/101 58/45 91/100
f 93/102 60/103 59/104
f 94/105 60/103 93/102
f 95/106 62/107 61/108
f 96/109 62/107 95/106
f 97/110 64/111 63/112
f 99/113 64/111 97/110
f 98/114 65/115 66/116
f 38/6 4/8 37/69
f 37/69 4/8 3/117
f 37/69 3/117 36/118
f 36/5 3/117 2/2
f 39/119 5/7 38/6
f 39/119 6/10 5/7
f 42/14 8/16 41/76
f 41/76 8/16 7/12
f 43/120 9/15 42/14
f 43/120 10/18 9/15
f 45/121 11/20 44/17
f 45/23 12/22 11/20
f 48/26 14/28 47/86
f 47/25 14/28 13/24
f 50/30 16/32 49/90
f 49/90 16/32 15/27
f 51/122 17/31 50/30
f 51/122 18/34 17/31
f 53/123 19/36 52/33
f 53/39 20/38 19/36
f 55/124 21/40 54/37
f 55/124 22/42 21/40
f 57/125 23/44 56/41
f 57/47 24/46 23/44
f 60/50 26/52 59/104
f 59/49 26/52 25/48
f 62/54 28/56 61/108
f 61/108 28/56 27/51
f 64/58 30/60 63/112
f 63/57 30/60 29/55
f 65/62 33/64 66/116
f 66/61 33/64 31/59
f 68/126 34/127 67/128
f 68/126 35/66 34/127
f 70/70 37/69 36/118
f 70/70 36/118 69/65
f 72/129 38/71 71/68
f 72/74 39/73 38/71
f 74/77 41/76 40/9
f 74/77 40/9 73/72
f 76/130 42/78 75/75
f 76/130 43/80 42/78
f 78/84 45/83 44/17
f 78/84 44/17 77/79
f 80/131 46/21 79/82
f 80/87 47/86 46/21
f 82/91 49/90 48/26
f 82/91 48/26 81/85
f 85/94 51/35 84/132
f 84/93 51/35 50/92
f 87/96 53/39 86/133
f 86/95 53/39 52/33
f 89/98 55/43 88/134
f 88/134 55/43 54/37
f 91/100 57/47 90/135
f 90/135 57/47 56/41
f 93/102 59/104 92/136
f 92/101 59/104 58/45
f 95/106 61/108 94/137
f 94/137 61/108 60/103
f 97/110 63/112 96/138
f 96/138 63/112 62/107
f 98/114 66/116 99/139
f 99/113 66/116 64/111
f 102/140 69/65 68/67
f 101/141 67/142 100/143
f 102/140 68/67 101/144
f 101/141 68/67 67/142
f 103/145 70/70 69/65
f 103/145 69/65 102/140
f 104/146 71/68 70/70
f 104/146 70/70 103/145
f 105/147 72/129 71/68
f 105/147 71/68 104/146
f 106/148 73/72 72/74
f 106/148 72/74 105/147
f 107/149 74/77 73/72
f 107/149 73/72 106/148
f 108/150 75/75 74/77
f 108/150 74/77 107/149
f 109/151 76/130 75/75
f 109/151 75/75 108/150
f 110/152 77/79 76/81
f 110/152 76/81 109/151
f 111/153 78/84 77/79
f 111/153 77/79 110/152
f 112/154 79/82 78/84
f 112/154 78/84 111/153
f 113/155 80/131 79/82
f 113/155 79/82 112/154
f 114/156 80/131 113/155
f 114/156 81/85 80/131
f 115/157 82/91 81/85
f 115/157 81/85 114/156
f 116/158 82/91 115/157
f 116/158 83/89 82/91
f 117/159 83/89 116/158
f 117/159 84/93 83/89
f 118/160 84/93 117/159
f 118/160 85/94 84/93
f 119/161 86/95 85/94
f 119/161 85/94 118/160
f 120/162 86/95 119/161
f 120/162 87/96 86/95
f 121/163 88/97 87/96
f 121/163 87/96 120/162
f 122/164 88/97 121/163
f 122/164 89/98 88/97
f 123/165 90/99 89/98
f 123/165 89/98 122/164
f 124/166 90/99 123/165
f 124/166 91/100 90/99
f 125/167 91/100 124/166
f 125/167 92/101 91/100
f 126/168 92/101 125/167
f 126/168 93/102 92/101
f 127/169 94/105 93/102
f 127/169 93/102 126/168
f 128/170 94/105 127/169
f 128/170 95/106 94/105
f 129/171 96/109 95/106
f 129/171 95/106 128/170
f 130/172 97/110 96/138
f 130/172 96/138 129/171
f 132/173 99/113 97/110
f 132/173 97/110 130/172
f 131/174 98/114 99/139
f 131/174 99/139 132/173
f 135/175 102/140 101/144
f 135/175 101/144 134/176
f 134/176 101/144 100/143
f 134/176 100/143 133/177
f 136/178 102/140 135/175
f 136/178 103/145 102/140
f 137/179 104/146 103/145
f 137/179 103/145 136/178
f 138/180 104/146 137/179
f 138/180 105/147 104/146
f 139/181 106/148 105/147
f 139/181 105/147 138/180
f 140/182 106/148 139/181
f 140/182 107/149 106/148
f 141/183 108/150 107/149
f 141/183 107/149 140/182
f 142/184 109/151 108/150
f 142/184 108/150 141/183
f 143/185 110/152 109/151
f 143/185 109/151 142/184
f 144/186 110/152 143/185
f 144/186 111/153 110/152
f 145/187 112/154 111/153
f 145/187 111/153 144/186
f 146/188 113/155 112/154
f 146/188 112/154 145/187
f 147/189 114/156 113/155
f 147/189 113/155 146/188
f 148/190 115/157 114/156
f 148/190 114/156 147/189
f 149/191 116/158 115/157
f 149/191 115/157 148/190
f 150/192 117/159 116/158
f 150/192 116/158 149/191
f 151/193 118/160 117/159
f 151/193 117/159 150/192
f 152/194 119/161 118/160
f 152/194 118/160 151/193
f 153/195 120/162 119/161
f 153/195 119/161 152/194
f 154/196 121/163 120/162
f 154/196 120/162 153/195
f 155/197 122/164 121/163
f 155/197 121/163 154/196
f 156/198 123/165 122/164
f 156/198 122/164 155/197
f 157/199 124/166 123/165
f 157/199 123/165 156/198
f 158/200 125/167 124/166
f 158/200 124/166 157/199
f 159/201 126/168 125/167
f 159/201 125/167 158/200
f 160/202 127/169 126/168
f 160/202 126/168 159/201
f 161/203 128/170 127/169
f 161/203 127/169 160/202
f 162/204 129/171 128/170
f 162/204 128/170 161/203
f 163/205 130/172 129/171
f 163/205 129/171 162/204
f 165/206 130/172 163/205
f 165/206 132/173 130/172
f 164/207 132/173 165/206
f 164/207 131/174 132/173
f 168/208 135/175 134/176
f 167/209 133/210 166/211
f 168/208 134/176 167/212
f 167/209 134/176 133/210
f 169/213 136/178 135/175
f 169/213 135/175 168/208
f 170/214 137/179 136/178
f 170/214 136/178 169/213
f 171/215 138/180 137/179
f 171/215 137/179 170/214
f 172/216 139/181 138/180
f 172/216 138/180 171/215
f 173/217 140/182 139/181
f 173/217 139/181 172/216
f 174/218 141/183 140/182
f 174/218 140/182 173/217
f 175/219 142/184 141/183
f 175/219 141/183 174/218
f 176/220 143/185 142/184
f 176/220 142/184 175/219
f 177/221 143/185 176/220
f 177/221 144/186 143/185
f 178/222 144/186 177/221
f 178/222 145/187 144/186
f 179/223 146/188 145/187
f 179/223 145/187 178/222
f 180/224 146/188 179/223
f 180/224 147/189 146/188
f 181/225 147/189 180/224
f 181/225 148/190 147/189
f 182/226 148/190 181/225
f 182/226 149/191 148/190
f 183/227 149/191 182/226
f 183/227 150/192 149/191
f 184/228 150/192 183/227
f 184/228 151/193 150/192
f 185/229 151/193 184/228
f 185/229 152/194 151/193
f 186/230 152/194 185/229
f 186/230 153/195 152/194
f 187/231 154/196 153/195
f 187/231 153/195 186/230
f 188/232 154/196 187/231
f 188/232 155/197 154/196
f 189/233 155/197 188/232
f 189/233 156/198 155/197
f 190/234 156/198 189/233
f 190/234 157/199 156/198
f 191/235 158/200 157/199
f 191/235 157/199 190/234
f 192/236 158/200 191/235
f 192/236 159/201 158/200
f 193/237 160/202 159/201
f 193/237 159/201 192/236
f 194/238 161/203 160/202
f 194/238 160/202 193/237
f 195/239 162/204 161/203
f 195/239 161/203 194/238
f 196/240 163/205 162/204
f 196/240 162/204 195/239
f 198/241 165/206 163/205
f 198/241 163/205 196/240
f 197/242 164/207 165/206
f 197/242 165/206 198/241
f 201/243 168/208 167/212
f 201/243 167/212 200/244
f 200/244 167/212 166/211
f 200/244 166/211 199/245
f 202/246 169/213 168/208
f 202/246 168/208 201/243
f 203/247 170/214 169/213
f 203/247 169/213 202/246
f 204/248 171/215 170/214
f 204/248 170/214 203/247
f 205/249 172/216 171/215
f 205/249 171/215 204/248
f 206/250 173/217 172/216
f 206/250 172/216 205/249
f 207/251 174/218 173/217
f 207/251 173/217 206/250
f 208/252 175/219 174/218
f 208/252 174/218 207/251
f 209/253 176/220 175/219
f 209/253 175/219 208/252
f 210/254 177/221 176/220
f 210/254 176/220 209/253
f 211/255 178/222 177/221
f 211/255 177/221 210/254
f 212/256 179/223 178/222
f 212/256 178/222 211/255
f 213/257 180/224 179/223
f 213/257 179/223 212/256
f 214/258 181/225 180/224
f 214/258 180/224 213/257
f 215/259 182/226 181/225
f 215/259 181/225 214/258
f 216/260 183/227 182/226
f 216/260 182/226 215/259
f 217/261 184/228 183/227
f 217/261 183/227 216/260
f 218/262 185/229 184/228
f 218/262 184/228 217/261
f 219/263 186/230 185/229
f 219/263 185/229 218/262
f 220/264 187/231 186/230
f 220/264 186/230 219/263
f 221/265 188/232 187/231
f 221/265 187/231 220/264
f 222/266 189/233 188/232
f 222/266 188/232 221/265
f 223/267 190/234 189/233
f 223/267 189/233 222/266
f 224/268 191/235 190/234
f 224/268 190/234 223/267
f 225/269 192/236 191/235
f 225/269 191/235 224/268
f 226/270 193/237 192/236
f 226/270 192/236 225/269
f 227/271 194/238 193/237
f 227/271 193/237 226/270
f 228/272 194/238 227/271
f 228/272 195/239 194/238
f 229/273 195/239 228/272
f 229/273 196/240 195/239
f 231/274 196/240 229/273
f 231/274 198/241 196/240
f 230/275 197/242 198/241
f 230/275 198/241 231/274
f 234/276 201/243 200/244
f 233/277 200/244 199/245
f 233/277 199/245 232/278
f 234/276 200/244 233/277
f 235/279 202/246 201/243
f 235/279 201/243 234/276
f 236/280 203/247 202/246
f 236/280 202/246 235/279
f 237/281 204/248 203/247
f 237/281 203/247 236/280
f 238/282 205/249 204/248
f 238/282 204/248 237/281
f 239/283 206/250 205/249
f 239/283 205/249 238/282
f 240/284 206/250 239/283
f 240/284 207/251 206/250
f 241/285 207/251 240/284
f 241/285 208/252 207/251
f 242/286 208/252 241/285
f 242/286 209/253 208/252
f 243/287 210/254 209/253
f 243/287 209/253 242/286
f 244/288 210/254 243/287
f 244/288 211/255 210/254
f 245/289 211/255 244/288
f 245/289 212/256 211/255
f 246/290 212/256 245/289
f 246/290 213/257 212/256
f 247/291 214/258 213/257
f 247/291 213/257 246/290
f 248/292 214/258 247/291
f 248/292 215/259 214/258
f 249/293 216/260 215/259
f 249/293 215/259 248/292
f 250/294 216/260 249/293
f 250/294 217/261 216/260
f 251/295 218/262 217/261
f 251/295 217/261 250/294
f 252/296 218/262 251/295
f 252/296 219/263 218/262
f 253/297 219/263 252/296
f 253/297 220/264 219/263
f 254/298 220/264 253/297
f 254/298 221/265 220/264
f 255/299 222/266 221/265
f 255/299 221/265 254/298
f 256/300 223/267 222/266
f 256/300 222/266 255/299
f 257/301 224/268 223/267
f 257/301 223/267 256/300
f 258/302 225/269 224/268
f 258/302 224/268 257/301
f 259/303 226/270 225/269
f 259/303 225/269 258/302
f 260/304 227/271 226/270
f 260/304 226/270 259/303
f 261/305 228/272 227/271
f 261/305 227/271 260/304
f 262/306 229/273 228/272
f 262/306 228/272 261/305
f 264/307 231/274 229/273
f 264/307 229/273 262/306
f 263/308 230/275 231/274
f 263/308 231/274 264/307
f 267/309 234/276 233/277
f 267/309 233/277 266/310
f 266/310 233/277 232/278
f 266/310 232/278 265/311
f 268/312 234/276 267/309
f 268/312 235/279 234/276
f 269/313 236/280 235/279
f 269/313 235/279 268/312
f 270/314 237/281 236/280
f 270/314 236/280 269/313
f 271/315 238/282 237/281
f 271/315 237/281 270/314
f 272/316 239/283 238/282
f 272/316 238/282 271/315
f 273/317 240/284 239/283
f 273/317 239/283 272/316
f 274/318 241/285 240/284
f 274/318 240/284 273/317
f 275/319 242/286 241/285
f 275/319 241/285 274/318
f 276/320 243/287 242/286
f 276/320 242/286 275/319
f 277/321 244/288 243/287
f 277/321 243/287 276/320
f 278/322 245/289 244/288
f 278/322 244/288 277/321
f 279/323 246/290 245/289
f 279/323 245/289 278/322
f 280/324 247/291 246/290
f 280/324 246/290 279/323
f 281/325 248/292 247/291
f 281/325 247/291 280/324
f 282/326 249/293 248/292
f 282/326 248/292 281/325
f 283/327 250/294 249/293
f 283/327 249/293 282/326
f 284/328 251/295 250/294
f 284/328 250/294 283/327
f 285/329 252/296 251/295
f 285/329 251/295 284/328
f 286/330 253/297 252/296
f 286/330 252/296 285/329
f 287/331 254/298 253/297
f 287/331 253/297 286/330
f 288/332 254/298 287/331
f 288/332 255/299 254/298
f 289/333 256/300 255/299
f 289/333 255/299 288/332
f 290/334 257/301 256/300
f 290/334 256/300 289/333
f 291/335 258/302 257/301
f 291/335 257/301 290/334
f 292/336 258/302 291/335
f 292/336 259/303 258/302
f 293/337 259/303 292/336
f 293/337 260/304 259/303
f 294/338 260/304 293/337
f 294/338 261/305 260/304
f 295/339 261/305 294/338
f 295/339 262/306 261/305
f 297/340 262/306 295/339
f 297/340 264/307 262/306
f 296/341 264/307 297/340
f 296/341 263/308 264/307
f 300/342 267/309 266/310
f 299/343 266/310 265/311
f 299/343 265/311 298/344
f 300/342 266/310 299/343
f 301/345 268/312 267/309
f 301/345 267/309 300/342
f 302/346 269/313 268/312
f 302/346 268/312 301/345
f 303/347 269/313 302/346
f 303/347 270/314 269/313
f 304/348 270/314 303/347
f 304/348 271/315 270/314
f 305/349 271/315 304/348
f 305/349 272/316 271/315
f 306/350 273/317 272/316
f 306/350 272/316 305/349
f 307/351 273/317 306/350
f 307/351 274/318 273/317
f 308/352 274/318 307/351
f 308/352 275/319 274/318
f 309/353 275/319 308/352
f 309/353 276/320 275/319
f 310/354 276/320 309/353
f 310/354 277/321 276/320
f 311/355 277/321 310/354
f 311/355 278/322 277/321
f 312/356 278/322 311/355
f 312/356 279/323 278/322
f 313/357 279/323 312/356
f 313/357 280/324 279/323
f 314/358 280/324 313/357
f 314/358 281/325 280/324
f 315/359 282/326 281/325
f 315/359 281/325 314/358
f 316/360 282/326 315/359
f 316/360 283/327 282/326
f 317/361 283/327 316/360
f 317/361 284/328 283/327
f 318/362 284/328 317/361
f 318/362 285/329 284/328
f 319/363 286/330 285/329
f 319/363 285/329 318/362
f 320/364 287/331 286/330
f 320/364 286/330 319/363
f 321/365 288/332 287/331
f 321/365 287/331 320/364
f 322/366 289/333 288/332
f 322/366 288/332 321/365
f 323/367 290/334 289/333
f 323/367 289/333 322/366
f 324/368 291/335 290/334
f 324/368 290/334 323/367
f 325/369 292/336 291/335
f 325/369 291/335 324/368
f 326/370 293/337 292/336
f 326/370 292/336 325/369
f 327/371 294/338 293/337
f 327/371 293/337 326/370
f 328/372 295/339 294/338
f 328/372 294/338 327/371
f 330/373 297/340 295/339
f 330/373 295/339 328/372
f 329/374 296/341 297/340
f 329/374 297/340 330/373
f 333/375 300/342 299/343
f 333/375 299/343 332/376
f 332/376 299/343 298/344
f 332/376 298/344 331/377
f 334/378 301/345 300/342
f 334/378 300/342 333/375
f 335/379 302/346 301/345
f 335/379 301/345 334/378
f 336/380 303/347 302/346
f 336/380 302/346 335/379
f 337/381 304/348 303/347
f 337/381 303/347 336/380
f 338/382 305/349 304/348
f 338/382 304/348 337/381
f 339/383 306/350 305/349
f 339/383 305/349 338/382
f 340/384 307/351 306/350
f 340/384 306/350 339/383
f 341/385 308/352 307/351
f 341/385 307/351 340/384
f 342/386 309/353 308/352
f 342/386 308/352 341/385
f 343/387 310/354 309/353
f 343/387 309/353 342/386
f 344/388 311/355 310/354
f 344/388 310/354 343/387
f 345/389 312/356 311/355
f 345/389 311/355 344/388
f 346/390 313/357 312/356
f 346/390 312/356 345/389
f 347/391 314/358 313/357
f 347/391 313/357 346/390
f 348/392 315/359 314/358
f 348/392 314/358 347/391
f 349/393 316/360 315/359
f 349/393 315/359 348/392
f 350/394 317/361 316/360
f 350/394 316/360 349/393
f 351/395 318/362 317/361
f 351/395 317/361 350/394
f 352/396 318/362 351/395
f 352/396 319/363 318/362
f 353/397 320/364 319/363
f 353/397 319/363 352/396
f 354/398 321/365 320/364
f 354/398 320/364 353/397
f 355/399 322/366 321/365
f 355/399 321/365 354/398
f 356/400 322/366 355/399
f 356/400 323/367 322/366
f 357/401 324/368 323/367
f 357/401 323/367 356/400
f 358/402 324/368 357/401
f 358/402 325/369 324/368
f 359/403 326/370 325/369
f 359/403 325/369 358/402
f 360/404 326/370 359/403
f 360/404 327/371 326/370
f 361/405 328/372 327/371
f 361/405 327/371 360/404
f 363/406 328/372 361/405
f 363/406 330/373 328/372
f 362/407 329/374 330/373
f 362/407 330/373 363/406
f 366/408 333/375 332/376
f 365/409 331/410 364/411
f 366/408 332/376 365/412
f 365/412 332/376 331/410
f 367/413 333/375 366/408
f 367/413 334/378 333/375
f 368/414 334/378 367/413
f 368/414 335/379 334/378
f 369/415 336/380 335/379
f 369/415 335/379 368/414
f 370/416 336/380 369/415
f 370/416 337/381 336/380
f 371/417 338/382 337/381
f 371/417 337/381 370/416
f 372/418 338/382 371/417
f 372/418 339/383 338/382
f 373/419 340/384 339/383
f 373/419 339/383 372/418
f 374/420 340/384 373/419
f 374/420 341/385 340/384
f 375/421 342/386 341/385
f 375/421 341/385 374/420
f 376/422 342/386 375/421
f 376/422 343/387 342/386
f 377/423 344/388 343/387
f 377/423 343/387 376/422
f 378/424 344/388 377/423
f 378/424 345/389 344/388
f 379/425 346/390 345/389
f 379/425 345/389 378/424
f 380/426 346/390 379/425
f 380/426 347/391 346/390
f 381/427 348/392 347/391
f 381/427 347/391 380/426
f 382/428 349/393 348/392
f 382/428 348/392 381/427
f 383/429 350/394 349/393
f 383/429 349/393 382/428
f 384/430 351/395 350/394
f 384/430 350/394 383/429
f 385/431 352/396 351/395
f 385/431 351/395 384/430
f 386/432 353/397 352/396
f 386/432 352/396 385/431
f 387/433 354/398 353/397
f 387/433 353/397 386/432
f 388/434 355/399 354/398
f 388/434 354/398 387/433
f 389/435 356/400 355/399
f 389/435 355/399 388/434
f 390/436 357/401 356/400
f 390/436 356/400 389/435
f 391/437 358/402 357/401
f 391/437 357/401 390/436
f 392/438 359/403 358/402
f 392/438 358/402 391/437
f 393/439 360/404 359/403
f 393/439 359/403 392/438
f 394/440 361/405 360/404
f 394/440 360/404 393/439
f 396/441 363/406 361/405
f 396/441 361/405 394/440
f 395/442 362/407 363/406
f 395/442 363/406 396/441
f 399/443 366/408 365/412
f 398/444 365/409 364/411
f 398/444 364/411 397/445
f 399/443 365/412 398/444
f 400/446 367/413 366/408
f 400/446 366/408 399/443
f 401/447 368/414 367/413
f 401/447 367/413 400/446
f 402/448 369/415 368/414
f 402/448 368/414 401/447
f 403/449 370/416 369/415
f 403/449 369/415 402/448
f 404/450 371/417 370/416
f 404/450 370/416 403/449
f 405/451 372/418 371/417
f 405/451 371/417 404/450
f 406/452 373/419 372/418
f 406/452 372/418 405/451
f 407/453 374/420 373/419
f 407/453 373/419 406/452
f 408/454 375/421 374/420
f 408/454 374/420 407/453
f 409/455 376/422 375/421
f 409/455 375/421 408/454
f 410/456 377/423 376/422
f 410/456 376/422 409/455
f 411/457 378/424 377/423
f 411/457 377/423 410/456
f 412/458 379/425 378/424
f 412/458 378/424 411/457
f 413/459 380/426 379/425
f 413/459 379/425 412/458
f 414/460 380/426 413/459
f 414/460 381/427 380/426
f 415/461 382/428 381/427
f 415/461 381/427 414/460
f 416/462 382/428 415/461
f 416/462 383/429 382/428
f 417/463 384/430 383/429
f 417/463 383/429 416/462
f 418/464 385/431 384/430
f 418/464 384/430 417/463
f 419/465 386/432 385/431
f 419/465 385/431 418/464
f 420/466 386/432 419/465
f 420/466 387/433 386/432
f 421/467 387/433 420/466
f 421/467 388/434 387/433
f 422/468 388/434 421/467
f 422/468 389/435 388/434
f 423/469 389/435 422/468
f 423/469 390/436 389/435
f 424/470 390/436 423/469
f 424/470 391/437 390/436
f 425/471 391/437 424/470
f 425/471 392/438 391/437
f 426/472 393/439 392/438
f 426/472 392/438 425/471
f 427/473 393/439 426/472
f 427/473 394/440 393/439
f 429/474 394/440 427/473
f 429/474 396/441 394/440
f 428/475 395/442 396/441
f 428/475 396/441 429/474
f 432/476 399/443 398/444
f 432/476 398/444 431/477
f 431/477 398/444 397/445
f 431/477 397/445 430/478
f 433/479 399/443 432/476
f 433/479 400/446 399/443
f 434/480 400/446 433/479
f 434/480 401/447 400/446
f 435/481 402/448 401/447
f 435/481 401/447 434/480
f 436/482 402/448 435/481
f 436/482 403/449 402/448
f 437/483 403/449 436/482
f 437/483 404/450 403/449
f 438/484 404/450 437/483
f 438/484 405/451 404/450
f 439/485 405/451 438/484
f 439/485 406/452 405/451
f 440/486 406/452 439/485
f 440/486 407/453 406/452
f 441/487 407/453 440/486
f 441/487 408/454 407/453
f 442/488 408/454 441/487
f 442/488 409/455 408/454
f 443/489 410/456 409/455
f 443/489 409/455 442/488
f 444/490 410/456 443/489
f 444/490 411/457 410/456
f 445/491 412/458 411/457
f 445/491 411/457 444/490
f 446/492 413/459 412/458
f 446/492 412/458 445/491
f 447/493 414/460 413/459
f 447/493 413/459 446/492
f 448/494 415/461 414/460
f 448/494 414/460 447/493
f 449/495 416/462 415/461
f 449/495 415/461 448/494
f 450/496 417/463 416/462
f 450/496 416/462 449/495
f 451/497 418/464 417/463
f 451/497 417/463 450/496
f 452/498 419/465 418/464
f 452/498 418/464 451/497
f 453/499 420/466 419/465
f 453/499 419/465 452/498
f 454/500 421/467 420/466
f 454/500 420/466 453/499
f 455/501 422/468 421/467
f 455/501 421/467 454/500
f 456/502 423/469 422/468
f 456/502 422/468 455/501
f 457/503 424/470 423/469
f 457/503 423/469 456/502
f 458/504 425/471 424/470
f 458/504 424/470 457/503
f 459/505 426/472 425/471
f 459/505 425/471 458/504
f 460/506 427/473 426/472
f 460/506 426/472 459/505
f 462/507 429/474 427/473
f 462/507 427/473 460/506
f 461/508 428/475 429/474
f 461/508 429/474 462/507
f 465/509 432/476 431/477
f 464/510 431/477 430/478
f 465/509 431/477 464/510
f 464/510 430/478 463/511
f 466/512 433/479 432/476
f 466/512 432/476 465/509
f 467/513 434/480 433/479
f 467/513 433/479 466/512
f 468/514 435/481 434/480
f 468/514 434/480 467/513
f 469/515 436/482 435/481
f 469/515 435/481 468/514
f 470/516 437/483 436/482
f 470/516 436/482 469/515
f 471/517 438/484 437/483
f 471/517 437/483 470/516
f 472/518 439/485 438/484
f 472/518 438/484 471/517
f 473/519 440/486 439/485
f 473/519 439/485 472/518
f 474/520 441/487 440/486
f 474/520 440/486 473/519
f 475/521 442/488 441/487
f 475/521 441/487 474/520
f 476/522 443/489 442/488
f 476/522 442/488 475/521
f 477/523 444/490 443/489
f 477/523 443/489 476/522
f 478/524 445/491 444/490
f 478/524 444/490 477/523
f 479/525 446/492 445/491
f 479/525 445/491 478/524
f 480/526 446/492 479/525
f 480/526 447/493 446/492
f 481/527 448/494 447/493
f 481/527 447/493 480/526
f 482/528 449/495 448/494
f 482/528 448/494 481/527
f 483/529 450/496 449/495
f 483/529 449/495 482/528
f 484/530 450/496 483/529
f 484/530 451/497 450/496
f 485/531 451/497 484/530
f 485/531 452/498 451/497
f 486/532 453/499 452/498
f 486/532 452/498 485/531
f 487/533 453/499 486/532
f 487/533 454/500 453/499
f 488/534 454/500 487/533
f 488/534 455/501 454/500
f 489/535 456/502 455/501
f 489/535 455/501 488/534
f 490/536 456/502 489/535
f 490/536 457/503 456/502
f 491/537 458/504 457/503
f 491/537 457/503 490/536
f 492/538 459/505 458/504
f 492/538 458/504 491/537
f 493/539 460/506 459/505
f 493/539 459/505 492/538
f 495/540 462/507 460/506
f 495/540 460/506 493/539
f 494/541 461/508 462/507
f 494/541 462/507 495/540
f 498/542 465/509 464/510
f 498/542 464/510 497/543
f 497/543 464/510 463/511
f 497/543 463/511 496/544
f 499/545 466/512 465/509
f 499/545 465/509 498/542
f 500/546 466/512 499/545
f 500/546 467/513 466/512
f 501/547 467/513 500/546
f 501/547 468/514 467/513
f 502/548 468/514 501/547
f 502/548 469/515 468/514
f 503/549 470/516 469/515
f 503/549 469/515 502/548
f 504/550 470/516 503/549
f 504/550 471/517 470/516
f 505/551 472/518 471/517
f 505/551 471/517 504/550
f 506/552 472/518 505/551
f 506/552 473/519 472/518
f 507/553 474/520 473/519
f 507/553 473/519 506/552
f 508/554 475/521 474/520
f 508/554 474/520 507/553
f 509/555 476/522 475/521
f 509/555 475/521 508/554
f 510/556 477/523 476/522
f 510/556 476/522 509/555
f 511/557 478/524 477/523
f 511/557 477/523 510/556
f 512/558 479/525 478/524
f 512/558 478/524 511/557
f 513/559 480/526 479/525
f 513/559 479/525 512/558
f 514/560 481/527 480/526
f 514/560 480/526 513/559
f 515/561 482/528 481/527
f 515/561 481/527 514/560
f 516/562 483/529 482/528
f 516/562 482/528 515/561
f 517/563 484/530 483/529
f 517/563 483/529 516/562
f 518/564 485/531 484/530
f 518/564 484/530 517/563
f 519/565 486/532 485/531
f 519/565 485/531 518/564
f 520/566 487/533 486/532
f 520/566 486/532 519/565
f 521/567 488/534 487/533
f 521/567 487/533 520/566
f 522/568 489/535 488/534
f 522/568 488/534 521/567
f 523/569 490/536 489/535
f 523/569 489/535 522/568
f 524/570 490/536 523/569
f 524/570 491/537 490/536
f 525/571 492/538 491/537
f 525/571 491/537 524/570
f 526/572 493/539 492/538
f 526/572 492/538 525/571
f 528/573 495/540 493/539
f 528/573 493/539 526/572
f 527/574 495/540 528/573
f 527/574 494/541 495/540
f 531/575 498/542 497/543
f 530/576 497/543 496/544
f 531/575 497/543 530/576
f 530/576 496/544 529/577
f 532/578 499/545 498/542
f 532/578 498/542 531/575
f 533/579 500/546 499/545
f 533/579 499/545 532/578
f 534/580 501/547 500/546
f 534/580 500/546 533/579
f 535/581 502/548 501/547
f 535/581 501/547 534/580
f 536/582 503/549 502/548
f 536/582 502/548 535/581
f 537/583 504/550 503/549
f 537/583 503/549 536/582
f 538/584 505/551 504/550
f 538/584 504/550 537/583
f 539/585 506/552 505/551
f 539/585 505/551 538/584
f 540/586 506/552 539/585
f 540/586 507/553 506/552
f 541/587 508/554 507/553
f 541/587 507/553 540/586
f 542/588 509/555 508/554
f 542/588 508/554 541/587
f 543/589 510/556 509/555
f 543/589 509/555 542/588
f 544/590 510/556 543/589
f 544/590 511/557 510/556
f 545/591 512/558 511/557
f 545/591 511/557 544/590
f 546/592 513/559 512/558
f 546/592 512/558 545/591
f 547/593 513/559 546/592
f 547/593 514/560 513/559
f 548/594 515/561 514/560
f 548/594 514/560 547/593
f 549/595 515/561 548/594
f 549/595 516/562 515/561
f 550/596 516/562 549/595
f 550/596 517/563 516/562
f 551/597 517/563 550/596
f 551/597 518/564 517/563
f 552/598 518/564 551/597
f 552/598 519/565 518/564
f 553/599 519/565 552/598
f 553/599 520/566 519/565
f 554/600 520/566 553/599
f 554/600 521/567 520/566
f 555/601 522/568 521/567
f 555/601 521/567 554/600
f 556/602 523/569 522/568
f 556/602 522/568 555/601
f 557/603 524/570 523/569
f 557/603 523/569 556/602
f 558/604 525/571 524/570
f 558/604 524/570 557/603
f 559/605 526/572 525/571
f 559/605 525/571 558/604
f 561/606 528/573 526/572
f 561/606 526/572 559/605
f 560/607 527/574 528/573
f 560/607 528/573 561/606
f 564/608 531/575 530/576
f 564/608 530/576 563/609
f 563/609 530/576 529/577
f 563/609 529/577 562/610
f 565/611 531/575 564/608
f 565/611 532/578 531/575
f 566/612 532/578 565/611
f 566/612 533/579 532/578
f 567/613 533/579 566/612
f 567/613 534/580 533/579
f 568/614 534/580 567/613
f 568/614 535/581 534/580
f 569/615 535/581 568/614
f 569/615 536/582 535/581
f 570/616 536/582 569/615
f 570/616 537/583 536/582
f 571/617 538/584 537/583
f 571/617 537/583 570/616
f 572/618 539/585 538/584
f 572/618 538/584 571/617
f 573/619 540/586 539/585
f 573/619 539/585 572/618
f 574/620 541/587 540/586
f 574/620 540/586 573/619
f 575/621 542/588 541/587
f 575/621 541/587 574/620
f 576/622 543/589 542/588
f 576/622 542/588 575/621
f 577/623 543/589 576/622
f 577/623 544/590 543/589
f 578/624 545/591 544/590
f 578/624 544/590 577/623
f 579/625 546/592 545/591
f 579/625 545/591 578/624
f 580/626 547/593 546/592
f 580/626 546/592 579/625
f 581/627 548/594 547/593
f 581/627 547/593 580/626
f 582/628 549/595 548/594
f 582/628 548/594 581/627
f 583/629 550/596 549/595
f 583/629 549/595 582/628
f 584/630 551/597 550/596
f 584/630 550/596 583/629
f 585/631 552/598 551/597
f 585/631 551/597 584/630
f 586/632 553/599 552/598
f 586/632 552/598 585/631
f 587/633 554/600 553/599
f 587/633 553/599 586/632
f 588/634 554/600 587/633
f 588/634 555/601 554/600
f 589/635 556/602 555/601
f 589/635 555/601 588/634
f 590/636 557/603 556/602
f 590/636 556/602 589/635
f 591/637 558/604 557/603
f 591/637 557/603 590/636
f 592/638 558/604 591/637
f 592/638 559/605 558/604
f 594/639 561/606 559/605
f 594/639 559/605 592/638
f 593/640 560/607 561/606
f 593/640 561/606 594/639
f 597/641 564/608 563/609
f 596/642 563/609 562/610
f 596/642 562/610 595/643
f 597/641 563/609 596/642
f 598/644 565/611 564/608
f 598/644 564/608 597/641
f 599/645 566/612 565/611
f 599/645 565/611 598/644
f 600/646 567/613 566/612
f 600/646 566/612 599/645
f 601/647 568/614 567/613
f 601/647 567/613 600/646
f 602/648 569/615 568/614
f 602/648 568/614 601/647
f 603/649 570/616 569/615
f 603/649 569/615 602/648
f 604/650 570/616 603/649
f 604/650 571/617 570/616
f 605/651 572/618 571/617
f 605/651 571/617 604/650
f 606/652 573/619 572/618
f 606/652 572/618 605/651
f 607/653 574/620 573/619
f 607/653 573/619 606/652
f 608/654 575/621 574/620
f 608/654 574/620 607/653
f 609/655 576/622 575/621
f 609/655 575/621 608/654
f 610/656 577/623 576/622
f 610/656 576/622 609/655
f 611/657 578/624 577/623
f 611/657 577/623 610/656
f 612/658 578/624 611/657
f 612/658 579/625 578/624
f 613/659 580/626 579/625
f 613/659 579/625 612/658
f 614/660 580/626 613/659
f 614/660 581/627 580/626
f 615/661 582/628 581/627
f 615/661 581/627 614/660
f 616/662 582/628 615/661
f 616/662 583/629 582/628
f 617/663 584/630 583/629
f 617/663 583/629 616/662
f 618/664 585/631 584/630
f 618/664 584/630 617/663
f 619/665 586/632 585/631
f 619/665 585/631 618/664
f 620/666 587/633 586/632
f 620/666 586/632 619/665
f 621/667 588/634 587/633
f 621/667 587/633 620/666
f 622/668 589/635 588/634
f 622/668 588/634 621/667
f 623/669 590/636 589/635
f 623/669 589/635 622/668
f 624/670 591/637 590/636
f 624/670 590/636 623/669
f 625/671 592/638 591/637
f 625/671 591/637 624/670
f 627/672 594/639 592/638
f 627/672 592/638 625/671
f 626/673 593/640 594/639
f 626/673 594/639 627/672
f 630/674 597/641 596/642
f 630/674 596/642 629/675
f 629/675 596/642 595/643
f 629/675 595/643 628/676
f 631/677 598/644 597/641
f 631/677 597/641 630/674
f 632/678 598/644 631/677
f 632/678 599/645 598/644
f 633/679 600/646 599/645
f 633/679 599/645 632/678
f 634/680 601/647 600/646
f 634/680 600/646 633/679
f 635/681 602/648 601/647
f 635/681 601/647 634/680
f 636/682 602/648 635/681
f 636/682 603/649 602/648
f 637/683 604/650 603/649
f 637/683 603/649 636/682
f 638/684 604/650 637/683
f 638/684 605/651 604/650
f 639/685 606/652 605/651
f 639/685 605/651 638/684
f 640/686 607/653 606/652
f 640/686 606/652 639/685
f 641/687 608/654 607/653
f 641/687 607/653 640/686
f 642/688 609/655 608/654
f 642/688 608/654 641/687
f 643/689 610/656 609/655
f 643/689 609/655 642/688
f 644/690 611/657 610/656
f 644/690 610/656 643/689
f 645/691 612/658 611/657
f 645/691 611/657 644/690
f 646/692 613/659 612/658
f 646/692 612/658 645/691
f 647/693 614/660 613/659
f 647/693 613/659 646/692
f 648/694 615/661 614/660
f 648/694 614/660 647/693
f 649/695 616/662 615/661
f 649/695 615/661 648/694
f 650/696 616/662 649/695
f 650/696 617/663 616/662
f 651/697 618/664 617/663
f 651/697 617/663 650/696
f 652/698 618/664 651/697
f 652/698 619/665 618/664
f 653/699 620/666 619/665
f 653/699 619/665 652/698
f 654/700 621/667 620/666
f 654/700 620/666 653/699
f 655/701 622/668 621/667
f 655/701 621/667 654/700
f 656/702 622/668 655/701
f 656/702 623/669 622/668
f 657/703 624/670 623/669
f 657/703 623/669 656/702
f 658/704 624/670 657/703
f 658/704 625/671 624/670
f 660/705 627/672 625/671
f 660/705 625/671 658/704
f 659/706 627/672 660/705
f 659/706 626/673 627/672
f 663/707 630/674 629/675
f 662/708 629/675 628/676
f 662/708 628/676 661/709
f 663/707 629/675 662/708
f 664/710 631/677 630/674
f 664/710 630/674 663/707
f 665/711 632/678 631/677
f 665/711 631/677 664/710
f 666/712 633/679 632/678
f 666/712 632/678 665/711
f 667/713 634/680 633/679
f 667/713 633/679 666/712
f 668/714 635/681 634/680
f 668/714 634/680 667/713
f 669/715 636/682 635/681
f 669/715 635/681 668/714
f 670/716 636/682 669/715
f 670/716 637/683 636/682
f 671/717 638/684 637/683
f 671/717 637/683 670/716
f 672/718 638/684 671/717
f 672/718 639/685 638/684
f 673/719 640/686 639/685
f 673/719 639/685 672/718
f 674/720 641/687 640/686
f 674/720 640/686 673/719
f 675/721 642/688 641/687
f 675/721 641/687 674/720
f 676/722 642/688 675/721
f 676/722 643/689 642/688
f 677/723 643/689 676/722
f 677/723 644/690 643/689
f 678/724 644/690 677/723
f 678/724 645/691 644/690
f 679/725 646/692 645/691
f 679/725 645/691 678/724
f 680/726 646/692 679/725
f 680/726 647/693 646/692
f 681/727 648/694 647/693
f 681/727 647/693 680/726
f 682/728 649/695 648/694
f 682/728 648/694 681/727
f 683/729 650/696 649/695
f 683/729 649/695 682/728
f 684/730 651/697 650/696
f 684/730 650/696 683/729
f 685/731 652/698 651/697
f 685/731 651/697 684/730
f 686/732 653/699 652/698
f 686/732 652/698 685/731
f 687/733 654/700 653/699
f 687/733 653/699 686/732
f 688/734 655/701 654/700
f 688/734 654/700 687/733
f 689/735 656/702 655/701
f 689/735 655/701 688/734
f 690/736 657/703 656/702
f 690/736 656/702 689/735
f 691/737 658/704 657/703
f 691/737 657/703 690/736
f 693/738 660/705 658/704
f 693/738 658/704 691/737
f 692/739 659/706 660/705
f 692/739 660/705 693/738
f 696/740 663/707 662/708
f 696/740 662/708 695/741
f 695/741 662/708 661/709
f 695/741 661/709 694/742
f 697/743 663/707 696/740
f 697/743 664/710 663/707
f 698/744 664/710 697/743
f 698/744 665/711 664/710
f 699/745 666/712 665/711
f 699/745 665/711 698/744
f 700/746 666/712 699/745
f 700/746 667/713 666/712
f 701/747 668/714 667/713
f 701/747 667/713 700/746
f 702/748 669/715 668/714
f 702/748 668/714 701/747
f 703/749 670/716 669/715
f 703/749 669/715 702/748
f 704/750 671/717 670/716
f 704/750 670/716 703/749
f 705/751 672/718 671/717
f 705/751 671/717 704/750
f 706/752 673/719 672/718
f 706/752 672/718 705/751
f 707/753 674/720 673/719
f 707/753 673/719 706/752
f 708/754 675/721 674/720
f 708/754 674/720 707/753
f 709/755 676/722 675/721
f 709/755 675/721 708/754
f 710/756 677/723 676/722
f 710/756 676/722 709/755
f 711/757 678/724 677/723
f 711/757 677/723 710/756
f 712/758 679/725 678/724
f 712/758 678/724 711/757
f 713/759 680/726 679/725
f 713/759 679/725 712/758
f 714/760 681/727 680/726
f 714/760 680/726 713/759
f 715/761 682/728 681/727
f 715/761 681/727 714/760
f 716/762 683/729 682/728
f 716/762 682/728 715/761
f 717/763 684/730 683/729
f 717/763 683/729 716/762
f 718/764 685/731 684/730
f 718/764 684/730 717/763
f 719/765 686/732 685/731
f 719/765 685/731 718/764
f 720/766 687/733 686/732
f 720/766 686/732 719/765
f 721/767 688/734 687/733
f 721/767 687/733 720/766
f 722/768 689/735 688/734
f 722/768 688/734 721/767
f 723/769 690/736 689/735
f 723/769 689/735 722/768
f 724/770 691/737 690/736
f 724/770 690/736 723/769
f 726/771 693/738 691/737
f 726/771 691/737 724/770
f 725/772 692/739 693/738
f 725/772 693/738 726/771
f 729/773 696/740 695/741
f 728/774 695/741 694/742
f 729/773 695/741 728/774
f 728/774 694/742 727/775
f 730/776 697/743 696/740
f 730/776 696/740 729/773
f 731/777 698/744 697/743
f 731/777 697/743 730/776
f 732/778 698/744 731/777
f 732/778 699/745 698/744
f 733/779 700/746 699/745
f 733/779 699/745 732/778
f 734/780 701/747 700/746
f 734/780 700/746 733/779
f 735/781 702/748 701/747
f 735/781 701/747 734/780
f 736/782 703/749 702/748
f 736/782 702/748 735/781
f 737/783 704/750 703/749
f 737/783 703/749 736/782
f 738/784 705/751 704/750
f 738/784 704/750 737/783
f 739/785 706/752 705/751
f 739/785 705/751 738/784
f 740/786 706/752 739/785
f 740/786 707/753 706/752
f 741/787 707/753 740/786
f 741/787 708/754 707/753
f 742/788 708/754 741/787
f 742/788 709/755 708/754
f 743/789 710/756 709/755
f 743/789 709/755 742/788
f 744/790 711/757 710/756
f 744/790 710/756 743/789
f 745/791 712/758 711/757
f 745/791 711/757 744/790
f 746/792 713/759 712/758
f 746/792 712/758 745/791
f 747/793 714/760 713/759
f 747/793 713/759 746/792
f 748/794 715/761 714/760
f 748/794 714/760 747/793
f 749/795 716/762 715/761
f 749/795 715/761 748/794
f 750/796 717/763 716/762
f 750/796 716/762 749/795
f 751/797 718/764 717/763
f 751/797 717/763 750/796
f 752/798 719/765 718/764
f 752/798 718/764 751/797
f 753/799 720/766 719/765
f 753/799 719/765 752/798
f 754/800 721/767 720/766
f 754/800 720/766 753/799
f 755/801 722/768 721/767
f 755/801 721/767 754/800
f 756/802 722/768 755/801
f 756/802 723/769 722/768
f 757/803 724/770 723/769
f 757/803 723/769 756/802
f 759/804 724/770 757/803
f 759/804 726/771 724/770
f 758/805 725/772 726/771
f 758/805 726/771 759/804
f 762/806 729/773 728/774
f 761/807 728/774 727/775
f 761/807 727/775 760/808
f 762/806 728/774 761/807
f 763/809 730/776 729/773
f 763/809 729/773 762/806
f 764/810 731/777 730/776
f 764/810 730/776 763/809
f 765/811 732/778 731/777
f 765/811 731/777 764/810
f 766/812 733/779 732/778
f 766/812 732/778 765/811
f 767/813 734/780 733/779
f 767/813 733/779 766/812
f 768/814 735/781 734/780
f 768/814 734/780 767/813
f 769/815 736/782 735/781
f 769/815 735/781 768/814
f 770/816 737/783 736/782
f 770/816 736/782 769/815
f 771/817 738/784 737/783
f 771/817 737/783 770/816
f 772/818 739/785 738/784
f 772/818 738/784 771/817
f 773/819 740/786 739/785
f 773/819 739/785 772/818
f 774/820 741/787 740/786
f 774/820 740/786 773/819
f 775/821 742/788 741/787
f 775/821 741/787 774/820
f 776/822 742/788 775/821
f 776/822 743/789 742/788
f 777/823 744/790 743/789
f 777/823 743/789 776/822
f 778/824 744/790 777/823
f 778/824 745/791 744/790
f 779/825 746/792 745/791
f 779/825 745/791 778/824
f 780/826 746/792 779/825
f 780/826 747/793 746/792
f 781/827 748/794 747/793
f 781/827 747/793 780/826
f 782/828 749/795 748/794
f 782/828 748/794 781/827
f 783/829 750/796 749/795
f 783/829 749/795 782/828
f 784/830 750/796 783/829
f 784/830 751/797 750/796
f 785/831 752/798 751/797
f 785/831 751/797 784/830
f 786/832 753/799 752/798
f 786/832 752/798 785/831
f 787/833 754/800 753/799
f 787/833 753/799 786/832
f 788/834 755/801 754/800
f 788/834 754/800 787/833
f 789/835 756/802 755/801
f 789/835 755/801 788/834
f 790/836 756/802 789/835
f 790/836 757/803 756/802
f 792/837 759/804 757/803
f 792/837 757/803 790/836
f 791/838 758/805 759/804
f 791/838 759/804 792/837
f 795/839 762/806 761/807
f 795/839 761/807 794/840
f 794/840 761/807 760/808
f 794/840 760/808 793/841
f 796/842 762/806 795/839
f 796/842 763/809 762/806
f 797/843 764/810 763/809
f 797/843 763/809 796/842
f 798/844 765/811 764/810
f 798/844 764/810 797/843
f 799/845 766/812 765/811
f 799/845 765/811 798/844
f 800/846 766/812 799/845
f 800/846 767/813 766/812
f 801/847 768/814 767/813
f 801/847 767/813 800/846
f 802/848 769/815 768/814
f 802/848 768/814 801/847
f 803/849 770/816 769/815
f 803/849 769/815 802/848
f 804/850 770/816 803/849
f 804/850 771/817 770/816
f 805/851 771/817 804/850
f 805/851 772/818 771/817
f 806/852 772/818 805/851
f 806/852 773/819 772/818
f 807/853 774/820 773/819
f 807/853 773/819 806/852
f 808/854 775/821 774/820
f 808/854 774/820 807/853
f 809/855 776/822 775/821
f 809/855 775/821 808/854
f 810/856 777/823 776/822
f 810/856 776/822 809/855
f 811/857 778/824 777/823
f 811/857 777/823 810/856
f 812/858 779/825 778/824
f 812/858 778/824 811/857
f 813/859 780/826 779/825
f 813/859 779/825 812/858
f 814/860 781/827 780/826
f 814/860 780/826 813/859
f 815/861 782/828 781/827
f 815/861 781/827 814/860
f 816/862 783/829 782/828
f 816/862 782/828 815/861
f 817/863 784/830 783/829
f 817/863 783/829 816/862
f 818/864 784/830 817/863
f 818/864 785/831 784/830
f 819/865 786/832 785/831
f 819/865 785/831 818/864
f 820/866 787/833 786/832
f 820/866 786/832 819/865
f 821/867 788/834 787/833
f 821/867 787/833 820/866
f 822/868 789/835 788/834
f 822/868 788/834 821/867
f 823/869 789/835 822/868
f 823/869 790/836 789/835
f 825/870 790/836 823/869
f 825/870 792/837 790/836
f 824/871 792/837 825/870
f 824/871 791/838 792/837
f 828/872 795/839 794/840
f 827/873 793/874 826/875
f 828/872 794/840 827/876
f 827/873 794/840 793/874
f 829/877 796/842 795/839
f 829/877 795/839 828/872
f 830/878 797/843 796/842
f 830/878 796/842 829/877
f 831/879 798/844 797/843
f 831/879 797/843 830/878
f 832/880 799/845 798/844
f 832/880 798/844 831/879
f 833/881 800/846 799/845
f 833/881 799/845 832/880
f 834/882 801/847 800/846
f 834/882 800/846 833/881
f 835/883 802/848 801/847
f 835/883 801/847 834/882
f 836/884 803/849 802/848
f 836/884 802/848 835/883
f 837/885 804/850 803/849
f 837/885 803/849 836/884
f 838/886 805/851 804/850
f 838/886 804/850 837/885
f 839/887 806/852 805/851
f 839/887 805/851 838/886
f 840/888 806/852 839/887
f 840/888 807/853 806/852
f 841/889 808/854 807/853
f 841/889 807/853 840/888
f 842/890 809/855 808/854
f 842/890 808/854 841/889
f 843/891 810/856 809/855
f 843/891 809/855 842/890
f 844/892 810/856 843/891
f 844/892 811/857 810/856
f 845/893 812/858 811/857
f 845/893 811/857 844/892
f 846/894 813/859 812/858
f 846/894 812/858 845/893
f 847/895 813/859 846/894
f 847/895 814/860 813/859
f 848/896 815/861 814/860
f 848/896 814/860 847/895
f 849/897 816/862 815/861
f 849/897 815/861 848/896
f 850/898 817/863 816/862
f 850/898 816/862 849/897
f 851/899 818/864 817/863
f 851/899 817/863 850/898
f 852/900 819/865 818/864
f 852/900 818/864 851/899
f 853/901 820/866 819/865
f 853/901 819/865 852/900
f 854/902 821/867 820/866
f 854/902 820/866 853/901
f 855/903 822/868 821/867
f 855/903 821/867 854/902
f 856/904 823/869 822/868
f 856/904 822/868 855/903
f 858/905 825/870 823/869
f 858/905 823/869 856/904
f 857/906 824/871 825/870
f 857/906 825/870 858/905
f 861/907 828/872 827/876
f 861/907 827/876 860/908
f 860/908 827/876 826/875
f 860/908 826/875 859/909
f 862/910 829/877 828/872
f 862/910 828/872 861/907
f 863/911 830/878 829/877
f 863/911 829/877 862/910
f 864/912 830/878 863/911
f 864/912 831/879 830/878
f 865/913 832/880 831/879
f 865/913 831/879 864/912
f 866/914 833/881 832/880
f 866/914 832/880 865/913
f 867/915 834/882 833/881
f 867/915 833/881 866/914
f 868/916 834/882 867/915
f 868/916 835/883 834/882
f 869/917 836/884 835/883
f 869/917 835/883 868/916
f 870/918 837/885 836/884
f 870/918 836/884 869/917
f 871/919 838/886 837/885
f 871/919 837/885 870/918
f 872/920 839/887 838/886
f 872/920 838/886 871/919
f 873/921 840/888 839/887
f 873/921 839/887 872/920
f 874/922 841/889 840/888
f 874/922 840/888 873/921
f 875/923 842/890 841/889
f 875/923 841/889 874/922
f 876/924 843/891 842/890
f 876/924 842/890 875/923
f 877/925 844/892 843/891
f 877/925 843/891 876/924
f 878/926 844/892 877/925
f 878/926 845/893 844/892
f 879/927 846/894 845/893
f 879/927 845/893 878/926
f 880/928 847/895 846/894
f 880/928 846/894 879/927
f 881/929 848/896 847/895
f 881/929 847/895 880/928
f 882/930 849/897 848/896
f 882/930 848/896 881/929
f 883/931 850/898 849/897
f 883/931 849/897 882/930
f 884/932 851/899 850/898
f 884/932 850/898 883/931
f 885/933 852/900 851/899
f 885/933 851/899 884/932
f 886/934 852/900 885/933
f 886/934 853/901 852/900
f 887/935 854/902 853/901
f 887/935 853/901 886/934
f 888/936 854/902 887/935
f 888/936 855/903 854/902
f 889/937 856/904 855/903
f 889/937 855/903 888/936
f 891/938 856/904 889/937
f 891/938 858/905 856/904
f 890/939 857/906 858/905
f 890/939 858/905 891/938
f 894/940 861/907 860/908
f 893/941 859/942 892/943
f 894/940 860/908 893/944
f 893/941 860/908 859/942
f 895/945 862/910 861/907
f 895/945 861/907 894/940
f 896/946 863/911 862/910
f 896/946 862/910 895/945
f 897/947 864/912 863/911
f 897/947 863/911 896/946
f 898/948 865/913 864/912
f 898/948 864/912 897/947
f 899/949 866/914 865/913
f 899/949 865/913 898/948
f 900/950 867/915 866/914
f 900/950 866/914 899/949
f 901/951 868/916 867/915
f 901/951 867/915 900/950
f 902/952 868/916 901/951
f 902/952 869/917 868/916
f 903/953 870/918 869/917
f 903/953 869/917 902/952
f 904/954 870/918 903/953
f 904/954 871/919 870/918
f 905/955 872/920 871/919
f 905/955 871/919 904/954
f 906/956 873/921 872/920
f 906/956 872/920 905/955
f 907/957 874/922 873/921
f 907/957 873/921 906/956
f 908/958 875/923 874/922
f 908/958 874/922 907/957
f 909/959 876/924 875/923
f 909/959 875/923 908/958
f 910/960 876/924 909/959
f 910/960 877/925 876/924
f 911/961 877/925 910/960
f 911/961 878/926 877/925
f 912/962 878/926 911/961
f 912/962 879/927 878/926
f 913/963 880/928 879/927
f 913/963 879/927 912/962
f 914/964 880/928 913/963
f 914/964 881/929 880/928
f 915/965 882/930 881/929
f 915/965 881/929 914/964
f 916/966 882/930 915/965
f 916/966 883/931 882/930
f 917/967 884/932 883/931
f 917/967 883/931 916/966
f 918/968 885/933 884/932
f 918/968 884/932 917/967
f 919/969 886/934 885/933
f 919/969 885/933 918/968
f 920/970 887/935 886/934
f 920/970 886/934 919/969
f 921/971 888/936 887/935
f 921/971 887/935 920/970
f 922/972 889/937 888/936
f 922/972 888/936 921/971
f 924/973 891/938 889/937
f 924/973 889/937 922/972
f 923/974 890/939 891/938
f 923/974 891/938 924/973
f 927/975 894/940 893/944
f 927/975 893/944 926/976
f 926/976 893/944 892/943
f 926/976 892/943 925/977
f 928/978 894/940 927/975
f 928/978 895/945 894/940
f 929/979 896/946 895/945
f 929/979 895/945 928/978
f 930/980 897/947 896/946
f 930/980 896/946 929/979
f 931/981 898/948 897/947
f 931/981 897/947 930/980
f 932/982 898/948 931/981
f 932/982 899/949 898/948
f 933/983 900/950 899/949
f 933/983 899/949 932/982
f 934/984 901/951 900/950
f 934/984 900/950 933/983
f 935/985 902/952 901/951
f 935/985 901/951 934/984
f 936/986 903/953 902/952
f 936/986 902/952 935/985
f 937/987 904/954 903/953
f 937/987 903/953 936/986
f 938/988 904/954 937/987
f 938/988 905/955 904/954
f 939/989 906/956 905/955
f 939/989 905/955 938/988
f 940/990 907/957 906/956
f 940/990 906/956 939/989
f 941/991 908/958 907/957
f 941/991 907/957 940/990
f 942/992 909/959 908/958
f 942/992 908/958 941/991
f 943/993 910/960 909/959
f 943/993 909/959 942/992
f 944/994 911/961 910/960
f 944/994 910/960 943/993
f 945/995 912/962 911/961
f 945/995 911/961 944/994
f 946/996 913/963 912/962
f 946/996 912/962 945/995
f 947/997 914/964 913/963
f 947/997 913/963 946/996
f 948/998 915/965 914/964
f 948/998 914/964 947/997
f 949/999 915/965 948/998
f 949/999 916/966 915/965
f 950/1000 916/966 949/999
f 950/1000 917/967 916/966
f 951/1001 917/967 950/1000
f 951/1001 918/968 917/967
f 952/1002 918/968 951/1001
f 952/1002 919/969 918/968
f 953/1003 919/969 952/1002
f 953/1003 920/970 919/969
f 954/1004 920/970 953/1003
f 954/1004 921/971 920/970
f 955/1005 922/972 921/971
f 955/1005 921/971 954/1004
f 957/1006 922/972 955/1005
f 957/1006 924/973 922/972
f 956/1007 924/973 957/1006
f 956/1007 923/974 924/973
f 960/1008 927/975 926/976
f 959/1009 926/976 925/977
f 959/1009 925/977 958/1010
f 960/1008 926/976 959/1009
f 961/1011 928/978 927/975
f 961/1011 927/975 960/1008
f 962/1012 929/979 928/978
f 962/1012 928/978 961/1011
f 963/1013 930/980 929/979
f 963/1013 929/979 962/1012
f 964/1014 931/981 930/980
f 964/1014 930/980 963/1013
f 965/1015 932/982 931/981
f 965/1015 931/981 964/1014
f 966/1016 933/983 932/982
f 966/1016 932/982 965/1015
f 967/1017 933/983 966/1016
f 967/1017 934/984 933/983
f 968/1018 935/985 934/984
f 968/1018 934/984 967/1017
f 969/1019 936/986 935/985
f 969/1019 935/985 968/1018
f 970/1020 936/986 969/1019
f 970/1020 937/987 936/986
f 971/1021 938/988 937/987
f 971/1021 937/987 970/1020
f 972/1022 939/989 938/988
f 972/1022 938/988 971/1021
f 973/1023 940/990 939/989
f 973/1023 939/989 972/1022
f 974/1024 941/991 940/990
f 974/1024 940/990 973/1023
f 975/1025 942/992 941/991
f 975/1025 941/991 974/1024
f 976/1026 943/993 942/992
f 976/1026 942/992 975/1025
f 977/1027 944/994 943/993
f 977/1027 943/993 976/1026
f 978/1028 945/995 944/994
f 978/1028 944/994 977/1027
f 979/1029 946/996 945/995
f 979/1029 945/995 978/1028
f 980/1030 947/997 946/996
f 980/1030 946/996 979/1029
f 981/1031 948/998 947/997
f 981/1031 947/997 980/1030
f 982/1032 949/999 948/998
f 982/1032 948/998 981/1031
f 983/1033 950/1000 949/999
f 983/1033 949/999 982/1032
f 984/1034 951/1001 950/1000
f 984/1034 950/1000 983/1033
f 985/1035 952/1002 951/1001
f 985/1035 951/1001 984/1034
f 986/1036 953/1003 952/1002
f 986/1036 952/1002 985/1035
f 987/1037 954/1004 953/1003
f 987/1037 953/1003 986/1036
f 988/1038 955/1005 954/1004
f 988/1038 954/1004 987/1037
f 990/1039 957/1006 955/1005
f 990/1039 955/1005 988/1038
f 989/1040 956/1007 957/1006
f 989/1040 957/1006 990/1039
f 993/1041 960/1008 959/1009
f 993/1041 959/1009 992/1042
f 992/1042 959/1009 958/1010
f 992/1042 958/1010 991/1043
f 994/1044 961/1011 960/1008
f 994/1044 960/1008 993/1041
f 995/1045 962/1012 961/1011
f 995/1045 961/1011 994/1044
f 996/1046 963/1013 962/1012
f 996/1046 962/1012 995/1045
f 997/1047 964/1014 963/1013
f 997/1047 963/1013 996/1046
f 998/1048 964/1014 997/1047
f 998/1048 965/1015 964/1014
f 999/1049 966/1016 965/1015
f 999/1049 965/1015 998/1048
f 1000/1050 967/1017 966/1016
f 1000/1050 966/1016 999/1049
f 1001/1051 968/1018 967/1017
f 1001/1051 967/1017 1000/1050
f 1002/1052 969/1019 968/1018
f 1002/1052 968/1018 1001/1051
f 1003/1053 970/1020 969/1019
f 1003/1053 969/1019 1002/1052
f 1004/1054 971/1021 970/1020
f 1004/1054 970/1020 1003/1053
f 1005/1055 972/1022 971/1021
f 1005/1055 971/1021 1004/1054
f 1006/1056 973/1023 972/1022
f 1006/1056 972/1022 1005/1055
f 1007/1057 974/1024 973/1023
f 1007/1057 973/1023 1006/1056
f 1008/1058 975/1025 974/1024
f 1008/1058 974/1024 1007/1057
f 1009/1059 976/1026 975/1025
f 1009/1059 975/1025 1008/1058
f 1010/1060 977/1027 976/1026
f 1010/1060 976/1026 1009/1059
f 1011/1061 978/1028 977/1027
f 1011/1061 977/1027 1010/1060
f 1012/1062 978/1028 1011/1061
f 1012/1062 979/1029 978/1028
f 1013/1063 979/1029 1012/1062
f 1013/1063 980/1030 979/1029
f 1014/1064 980/1030 1013/1063
f 1014/1064 981/1031 980/1030
f 1015/1065 982/1032 981/1031
f 1015/1065 981/1031 1014/1064
f 1016/1066 982/1032 1015/1065
f 1016/1066 983/1033 982/1032
f 1017/1067 984/1034 983/1033
f 1017/1067 983/1033 1016/1066
f 1018/1068 984/1034 1017/1067
f 1018/1068 985/1035 984/1034
f 1019/1069 986/1036 985/1035
f 1019/1069 985/1035 1018/1068
f 1020/1070 986/1036 1019/1069
f 1020/1070 987/1037 986/1036
f 1021/1071 987/1037 1020/1070
f 1021/1071 988/1038 987/1037
f 1023/1072 988/1038 1021/1071
f 1023/1072 990/1039 988/1038
f 1022/1073 989/1040 990/1039
f 1022/1073 990/1039 1023/1072
f 1029/1074 993/1041 992/1042
f 1027/1075 992/1042 991/1043
f 1027/1075 991/1043 1025/1076
f 1029/1074 992/1042 1027/1075
f 1031/1077 994/1044 993/1041
f 1031/1077 993/1041 1029/1074
f 1033/1078 995/1045 994/1044
f 1033/1078 994/1044 1031/1077
f 1035/1079 996/1046 995/1045
f 1035/1079 995/1045 1033/1078
f 1037/1080 996/1046 1035/1079
f 1037/1080 997/1047 996/1046
f 1039/1081 998/1048 997/1047
f 1039/1081 997/1047 1037/1080
f 1041/1082 998/1048 1039/1081
f 1041/1082 999/1049 998/1048
f 1043/1083 1000/1050 999/1049
f 1043/1083 999/1049 1041/1082
f 1045/1084 1001/1051 1000/1050
f 1045/1084 1000/1050 1043/1083
f 1047/1085 1002/1052 1001/1051
f 1047/1085 1001/1051 1045/1084
f 1049/1086 1002/1052 1047/1085
f 1049/1086 1003/1053 1002/1052
f 1051/1087 1004/1054 1003/1053
f 1051/1087 1003/1053 1049/1086
f 1053/1088 1005/1055 1004/1054
f 1053/1088 1004/1054 1051/1087
f 1055/1089 1006/1056 1005/1055
f 1055/1089 1005/1055 1053/1088
f 1057/1090 1006/1056 1055/1089
f 1057/1090 1007/1057 1006/1056
f 1059/1091 1008/1058 1007/1057
f 1059/1091 1007/1057 1057/1090
f 1061/1092 1009/1059 1008/1058
f 1061/1092 1008/1058 1059/1091
f 1063/1093 1010/1060 1009/1059
f 1063/1093 1009/1059 1061/1092
f 1065/1094 1011/1061 1010/1060
f 1065/1094 1010/1060 1063/1093
f 1067/1095 1012/1062 1011/1061
f 1067/1095 1011/1061 1065/1094
f 1069/1096 1013/1063 1012/1062
f 1069/1096 1012/1062 1067/1095
f 1071/1097 1014/1064 1013/1063
f 1071/1097 1013/1063 1069/1096
f 1073/1098 1015/1065 1014/1064
f 1073/1098 1014/1064 1071/1097
f 1075/1099 1016/1066 1015/1065
f 1075/1099 1015/1065 1073/1098
f 1077/1100 1017/1067 1016/1066
f 1077/1100 1016/1066 1075/1099
f 1079/1101 1018/1068 1017/1067
f 1079/1101 1017/1067 1077/1100
f 1081/1102 1019/1069 1018/1068
f 1081/1102 1018/1068 1079/1101
f 1083/1103 1020/1070 1019/1069
f 1083/1103 1019/1069 1081/1102
f 1085/1104 1021/1071 1020/1070
f 1085/1104 1020/1070 1083/1103
f 1088/1105 1023/1072 1021/1071
f 1088/1105 1021/1071 1085/1104
f 1087/1106 1022/1073 1023/1072
f 1087/1106 1023/1072 1088/1105
f 1028/1107 1029/1074 1027/1075
f 1028/1107 1027/1075 1026/1108
f 1026/1108 1027/1075 1025/1076
f 1026/1108 1025/1076 1024/1109
f 1030/1110 1029/1074 1028/1107
f 1030/1110 1031/1077 1029/1074
f 1032/1111 1031/1077 1030/1110
f 1032/1111 1033/1078 1031/1077
f 1034/1112 1033/1078 1032/1111
f 1034/1112 1035/1079 1033/1078
f 1036/1113 1037/1080 1035/1079
f 1036/1113 1035/1079 1034/1112
f 1038/1114 1039/1081 1037/1080
f 1038/1114 1037/1080 1036/1113
f 1040/1115 1041/1082 1039/1081
f 1040/1115 1039/1081 1038/1114
f 1042/1116 1043/1083 1041/1082
f 1042/1116 1041/1082 1040/1115
f 1044/1117 1045/1084 1043/1083
f 1044/1117 1043/1083 1042/1116
f 1046/1118 1047/1085 1045/1084
f 1046/1118 1045/1084 1044/1117
f 1048/1119 1049/1086 1047/1085
f 1048/1119 1047/1085 1046/1118
f 1050/1120 1051/1087 1049/1086
f 1050/1120 1049/1086 1048/1119
f 1052/1121 1053/1088 1051/1087
f 1052/1121 1051/1087 1050/1120
f 1054/1122 1055/1089 1053/1088
f 1054/1122 1053/1088 1052/1121
f 1056/1123 1057/1090 1055/1089
f 1056/1123 1055/1089 1054/1122
f 1058/1124 1059/1091 1057/1090
f 1058/1124 1057/1090 1056/1123
f 1060/1125 1059/1091 1058/1124
f 1060/1125 1061/1092 1059/1091
f 1062/1126 1061/1092 1060/1125
f 1062/1126 1063/1093 1061/1092
f 1064/1127 1063/1093 1062/1126
f 1064/1127 1065/1094 1063/1093
f 1066/1128 1065/1094 1064/1127
f 1066/1128 1067/1095 1065/1094
f 1068/1129 1067/1095 1066/1128
f 1068/1129 1069/1096 1067/1095
f 1070/1130 1069/1096 1068/1129
f 1070/1130 1071/1097 1069/1096
f 1072/1131 1071/1097 1070/1130
f 1072/1131 1073/1098 1071/1097
f 1074/1132 1073/1098 1072/1131
f 1074/1132 1075/1099 1073/1098
f 1076/1133 1075/1099 1074/1132
f 1076/1133 1077/1100 1075/1099
f 1078/1134 1077/1100 1076/1133
f 1078/1134 1079/1101 1077/1100
f 1080/1135 1079/1101 1078/1134
f 1080/1135 1081/1102 1079/1101
f 1082/1136 1081/1102 1080/1135
f 1082/1136 1083/1103 1081/1102
f 1084/1137 1085/1104 1083/1103
f 1084/1137 1083/1103 1082/1136
f 1086/1138 1088/1105 1085/1104
f 1086/1138 1085/1104 1084/1137
f 1089/1139 1087/1106 1088/1105
f 1089/1139 1088/1105 1086/1138
f 1124/1140 1091/1141 1090/1142
f 1124/1140 1090/1142 1123/1143
f 1125/1144 1091/1141 1124/1140
f 1127/1145 1094/1146 1093/1147
f 1129/1148 1095/1149 1128/1150
f 1129/1148 1096/1151 1095/1149
f 1130/1152 1096/1151 1129/1148
f 1131/1153 1098/1154 1097/1155
f 1133/1156 1099/1157 1132/1158
f 1133/1156 1100/1159 1099/1157
f 1135/1160 1101/1161 1134/1162
f 1135/1160 1102/1163 1101/1161
f 1136/1164 1102/1163 1135/1160
f 1137/1165 1104/1166 1103/1167
f 1138/1168 1104/1166 1137/1165
f 1139/1169 1106/1170 1105/1171
f 1141/1172 1107/1173 1140/1174
f 1141/1172 1108/1175 1107/1173
f 1143/1176 1109/1177 1142/1178
f 1143/1176 1110/1179 1109/1177
f 1145/1180 1111/1181 1144/1182
f 1145/1180 1112/1183 1111/1181
f 1147/1184 1113/1185 1146/1186
f 1147/1184 1114/1187 1113/1185
f 1148/1188 1114/1187 1147/1184
f 1149/1189 1116/1190 1115/1191
f 1150/1192 1116/1190 1149/1189
f 1151/1193 1118/1194 1117/1195
f 1152/1196 1118/1194 1151/1193
f 1153/1197 1120/1198 1119/1199
f 1155/1200 1120/1198 1153/1197
f 1154/1201 1121/1202 1122/1203
f 1158/1204 1124/1205 1157/1206
f 1158/1204 1125/1144 1124/1205
f 1160/1207 1126/1208 1159/1209
f 1160/1207 1127/1210 1126/1208
f 1162/1211 1128/1212 1161/1213
f 1162/1211 1129/1148 1128/1212
f 1164/1214 1130/1215 1163/1216
f 1164/1214 1131/1217 1130/1215
f 1166/1218 1132/1219 1165/1220
f 1166/1218 1133/1156 1132/1219
f 1168/1221 1134/1222 1167/1223
f 1168/1221 1135/1160 1134/1222
f 1170/1224 1136/1225 1169/1226
f 1170/1224 1137/1227 1136/1225
f 1172/1228 1138/1229 1171/1230
f 1172/1228 1139/1231 1138/1229
f 1173/1232 1139/1231 1172/1228
f 1174/1233 1141/1172 1140/1174
f 1175/1234 1141/1172 1174/1233
f 1176/1235 1143/1176 1142/1178
f 1177/1236 1143/1176 1176/1235
f 1178/1237 1145/1180 1144/1182
f 1179/1238 1145/1180 1178/1237
f 1180/1239 1147/1184 1146/1186
f 1181/1240 1147/1184 1180/1239
f 1182/1241 1149/1242 1148/1243
f 1183/1244 1149/1242 1182/1241
f 1184/1245 1151/1246 1150/1247
f 1185/1248 1151/1246 1184/1245
f 1186/1249 1153/1250 1152/1251
f 1188/1252 1153/1250 1186/1249
f 1187/1253 1154/1254 1155/1255
f 1127/1210 1093/1147 1126/1208
f 1126/1208 1093/1147 1092/1256
f 1126/1208 1092/1256 1125/1257
f 1125/1144 1092/1256 1091/1141
f 1128/1258 1094/1146 1127/1145
f 1128/1150 1095/1149 1094/1146
f 1131/1217 1097/1155 1130/1215
f 1130/1152 1097/1155 1096/1151
f 1132/1259 1098/1154 1131/1153
f 1132/1158 1099/1157 1098/1154
f 1134/1260 1100/1159 1133/1156
f 1134/1260 1101/1161 1100/1159
f 1137/1165 1103/1167 1136/1225
f 1136/1225 1103/1167 1102/1163
f 1139/1169 1105/1171 1138/1229
f 1138/1168 1105/1171 1104/1166
f 1140/1261 1106/1170 1139/1169
f 1140/1174 1107/1173 1106/1170
f 1142/1262 1108/1175 1141/1172
f 1142/1262 1109/1177 1108/1175
f 1144/1263 1110/1179 1143/1176
f 1144/1182 1111/1181 1110/1179
f 1146/1264 1112/1183 1145/1180
f 1146/1264 1113/1185 1112/1183
f 1149/1189 1115/1191 1148/1243
f 1148/1243 1115/1191 1114/1187
f 1151/1193 1117/1195 1150/1247
f 1150/1192 1117/1195 1116/1190
f 1153/1197 1119/1199 1152/1251
f 1152/1251 1119/1199 1118/1194
f 1154/1201 1122/1203 1155/1255
f 1155/1255 1122/1203 1120/1198
f 1157/1265 1123/1266 1156/1267
f 1157/1206 1124/1205 1123/1266
f 1159/1209 1126/1208 1125/1257
f 1159/1209 1125/1257 1158/1204
f 1161/1268 1127/1210 1160/1207
f 1161/1268 1128/1212 1127/1210
f 1163/1216 1130/1215 1129/1148
f 1163/1216 1129/1148 1162/1211
f 1165/1269 1131/1217 1164/1214
f 1165/1269 1132/1219 1131/1217
f 1167/1223 1134/1222 1133/1156
f 1167/1223 1133/1156 1166/1218
f 1169/1270 1135/1160 1168/1221
f 1169/1270 1136/1225 1135/1160
f 1171/1230 1138/1229 1137/1165
f 1171/1230 1137/1165 1170/1224
f 1174/1233 1140/1174 1173/1271
f 1173/1271 1140/1174 1139/1231
f 1176/1235 1142/1178 1175/1272
f 1175/1234 1142/1178 1141/1172
f 1178/1237 1144/1182 1177/1273
f 1177/1273 1144/1182 1143/1176
f 1180/1239 1146/1186 1179/1274
f 1179/1274 1146/1186 1145/1180
f 1182/1241 1148/1243 1181/1275
f 1181/1240 1148/1243 1147/1184
f 1184/1245 1150/1247 1183/1276
f 1183/1244 1150/1247 1149/1242
f 1186/1249 1152/1251 1185/1277
f 1185/1277 1152/1251 1151/1246
f 1187/1253 1155/1255 1188/1278
f 1188/1278 1155/1255 1153/1250
f 1191/1279 1158/1204 1157/1206
f 1190/1280 1156/1281 1189/1282
f 1191/1279 1157/1206 1190/1283
f 1190/1283 1157/1206 1156/1281
f 1192/1284 1159/1209 1158/1204
f 1192/1284 1158/1204 1191/1279
f 1193/1285 1160/1207 1159/1209
f 1193/1285 1159/1209 1192/1284
f 1194/1286 1161/1268 1160/1207
f 1194/1286 1160/1207 1193/1285
f 1195/1287 1162/1211 1161/1213
f 1195/1287 1161/1213 1194/1286
f 1196/1288 1163/1216 1162/1211
f 1196/1288 1162/1211 1195/1287
f 1197/1289 1164/1214 1163/1216
f 1197/1289 1163/1216 1196/1288
f 1198/1290 1165/1269 1164/1214
f 1198/1290 1164/1214 1197/1289
f 1199/1291 1166/1218 1165/1220
f 1199/1291 1165/1220 1198/1290
f 1200/1292 1167/1223 1166/1218
f 1200/1292 1166/1218 1199/1291
f 1201/1293 1168/1221 1167/1223
f 1201/1293 1167/1223 1200/1292
f 1202/1294 1169/1270 1168/1221
f 1202/1294 1168/1221 1201/1293
f 1203/1295 1169/1270 1202/1294
f 1203/1295 1170/1224 1169/1270
f 1204/1296 1171/1230 1170/1224
f 1204/1296 1170/1224 1203/1295
f 1205/1297 1171/1230 1204/1296
f 1205/1297 1172/1228 1171/1230
f 1206/1298 1172/1228 1205/1297
f 1206/1298 1173/1232 1172/1228
f 1207/1299 1173/1232 1206/1298
f 1207/1299 1174/1233 1173/1232
f 1208/1300 1175/1234 1174/1233
f 1208/1300 1174/1233 1207/1299
f 1209/1301 1175/1234 1208/1300
f 1209/1301 1176/1235 1175/1234
f 1210/1302 1177/1236 1176/1235
f 1210/1302 1176/1235 1209/1301
f 1211/1303 1177/1236 1210/1302
f 1211/1303 1178/1237 1177/1236
f 1212/1304 1179/1238 1178/1237
f 1212/1304 1178/1237 1211/1303
f 1213/1305 1179/1238 1212/1304
f 1213/1305 1180/1239 1179/1238
f 1214/1306 1180/1239 1213/1305
f 1214/1306 1181/1240 1180/1239
f 1215/1307 1181/1240 1214/1306
f 1215/1307 1182/1241 1181/1240
f 1216/1308 1183/1244 1182/1241
f 1216/1308 1182/1241 1215/1307
f 1217/1309 1183/1244 1216/1308
f 1217/1309 1184/1245 1183/1244
f 1218/1310 1185/1248 1184/1245
f 1218/1310 1184/1245 1217/1309
f 1219/1311 1186/1249 1185/1277
f 1219/1311 1185/1277 1218/1310
f 1221/1312 1188/1252 1186/1249
f 1221/1312 1186/1249 1219/1311
f 1220/1313 1187/1253 1188/1278
f 1220/1313 1188/1278 1221/1312
f 1224/1314 1191/1279 1190/1283
f 1224/1314 1190/1283 1223/1315
f 1223/1315 1190/1283 1189/1282
f 1223/1315 1189/1282 1222/1316
f 1225/1317 1191/1279 1224/1314
f 1225/1317 1192/1284 1191/1279
f 1226/1318 1193/1285 1192/1284
f 1226/1318 1192/1284 1225/1317
f 1227/1319 1193/1285 1226/1318
f 1227/1319 1194/1286 1193/1285
f 1228/1320 1195/1287 1194/1286
f 1228/1320 1194/1286 1227/1319
f 1229/1321 1195/1287 1228/1320
f 1229/1321 1196/1288 1195/1287
f 1230/1322 1197/1289 1196/1288
f 1230/1322 1196/1288 1229/1321
f 1231/1323 1198/1290 1197/1289
f 1231/1323 1197/1289 1230/1322
f 1232/1324 1199/1291 1198/1290
f 1232/1324 1198/1290 1231/1323
f 1233/1325 1199/1291 1232/1324
f 1233/1325 1200/1292 1199/1291
f 1234/1326 1201/1293 1200/1292
f 1234/1326 1200/1292 1233/1325
f 1235/1327 1202/1294 1201/1293
f 1235/1327 1201/1293 1234/1326
f 1236/1328 1203/1295 1202/1294
f 1236/1328 1202/1294 1235/1327
f 1237/1329 1204/1296 1203/1295
f 1237/1329 1203/1295 1236/1328
f 1238/1330 1205/1297 1204/1296
f 1238/1330 1204/1296 1237/1329
f 1239/1331 1206/1298 1205/1297
f 1239/1331 1205/1297 1238/1330
f 1240/1332 1207/1299 1206/1298
f 1240/1332 1206/1298 1239/1331
f 1241/1333 1208/1300 1207/1299
f 1241/1333 1207/1299 1240/1332
f 1242/1334 1209/1301 1208/1300
f 1242/1334 1208/1300 1241/1333
f 1243/1335 1210/1302 1209/1301
f 1243/1335 1209/1301 1242/1334
f 1244/1336 1211/1303 1210/1302
f 1244/1336 1210/1302 1243/1335
f 1245/1337 1212/1304 1211/1303
f 1245/1337 1211/1303 1244/1336
f 1246/1338 1213/1305 1212/1304
f 1246/1338 1212/1304 1245/1337
f 1247/1339 1214/1306 1213/1305
f 1247/1339 1213/1305 1246/1338
f 1248/1340 1215/1307 1214/1306
f 1248/1340 1214/1306 1247/1339
f 1249/1341 1216/1308 1215/1307
f 1249/1341 1215/1307 1248/1340
f 1250/1342 1217/1309 1216/1308
f 1250/1342 1216/1308 1249/1341
f 1251/1343 1218/1310 1217/1309
f 1251/1343 1217/1309 1250/1342
f 1252/1344 1219/1311 1218/1310
f 1252/1344 1218/1310 1251/1343
f 1254/1345 1219/1311 1252/1344
f 1254/1345 1221/1312 1219/1311
f 1253/1346 1221/1312 1254/1345
f 1253/1346 1220/1313 1221/1312
f 1257/1347 1224/1314 1223/1315
f 1256/1348 1222/1349 1255/1350
f 1257/1347 1223/1315 1256/1351
f 1256/1351 1223/1315 1222/1349
f 1258/1352 1225/1317 1224/1314
f 1258/1352 1224/1314 1257/1347
f 1259/1353 1226/1318 1225/1317
f 1259/1353 1225/1317 1258/1352
f 1260/1354 1227/1319 1226/1318
f 1260/1354 1226/1318 1259/1353
f 1261/1355 1228/1320 1227/1319
f 1261/1355 1227/1319 1260/1354
f 1262/1356 1229/1321 1228/1320
f 1262/1356 1228/1320 1261/1355
f 1263/1357 1230/1322 1229/1321
f 1263/1357 1229/1321 1262/1356
f 1264/1358 1231/1323 1230/1322
f 1264/1358 1230/1322 1263/1357
f 1265/1359 1232/1324 1231/1323
f 1265/1359 1231/1323 1264/1358
f 1266/1360 1232/1324 1265/1359
f 1266/1360 1233/1325 1232/1324
f 1267/1361 1233/1325 1266/1360
f 1267/1361 1234/1326 1233/1325
f 1268/1362 1235/1327 1234/1326
f 1268/1362 1234/1326 1267/1361
f 1269/1363 1235/1327 1268/1362
f 1269/1363 1236/1328 1235/1327
f 1270/1364 1236/1328 1269/1363
f 1270/1364 1237/1329 1236/1328
f 1271/1365 1237/1329 1270/1364
f 1271/1365 1238/1330 1237/1329
f 1272/1366 1238/1330 1271/1365
f 1272/1366 1239/1331 1238/1330
f 1273/1367 1239/1331 1272/1366
f 1273/1367 1240/1332 1239/1331
f 1274/1368 1240/1332 1273/1367
f 1274/1368 1241/1333 1240/1332
f 1275/1369 1241/1333 1274/1368
f 1275/1369 1242/1334 1241/1333
f 1276/1370 1243/1335 1242/1334
f 1276/1370 1242/1334 1275/1369
f 1277/1371 1243/1335 1276/1370
f 1277/1371 1244/1336 1243/1335
f 1278/1372 1244/1336 1277/1371
f 1278/1372 1245/1337 1244/1336
f 1279/1373 1245/1337 1278/1372
f 1279/1373 1246/1338 1245/1337
f 1280/1374 1247/1339 1246/1338
f 1280/1374 1246/1338 1279/1373
f 1281/1375 1247/1339 1280/1374
f 1281/1375 1248/1340 1247/1339
f 1282/1376 1249/1341 1248/1340
f 1282/1376 1248/1340 1281/1375
f 1283/1377 1250/1342 1249/1341
f 1283/1377 1249/1341 1282/1376
f 1284/1378 1251/1343 1250/1342
f 1284/1378 1250/1342 1283/1377
f 1285/1379 1252/1344 1251/1343
f 1285/1379 1251/1343 1284/1378
f 1287/1380 1254/1345 1252/1344
f 1287/1380 1252/1344 1285/1379
f 1286/1381 1253/1346 1254/1345
f 1286/1381 1254/1345 1287/1380
f 1290/1382 1257/1347 1256/1351
f 1290/1382 1256/1351 1289/1383
f 1289/1383 1256/1351 1255/1350
f 1289/1383 1255/1350 1288/1384
f 1291/1385 1258/1352 1257/1347
f 1291/1385 1257/1347 1290/1382
f 1292/1386 1259/1353 1258/1352
f 1292/1386 1258/1352 1291/1385
f 1293/1387 1260/1354 1259/1353
f 1293/1387 1259/1353 1292/1386
f 1294/1388 1261/1355 1260/1354
f 1294/1388 1260/1354 1293/1387
f 1295/1389 1262/1356 1261/1355
f 1295/1389 1261/1355 1294/1388
f 1296/1390 1263/1357 1262/1356
f 1296/1390 1262/1356 1295/1389
f 1297/1391 1264/1358 1263/1357
f 1297/1391 1263/1357 1296/1390
f 1298/1392 1265/1359 1264/1358
f 1298/1392 1264/1358 1297/1391
f 1299/1393 1266/1360 1265/1359
f 1299/1393 1265/1359 1298/1392
f 1300/1394 1267/1361 1266/1360
f 1300/1394 1266/1360 1299/1393
f 1301/1395 1268/1362 1267/1361
f 1301/1395 1267/1361 1300/1394
f 1302/1396 1269/1363 1268/1362
f 1302/1396 1268/1362 1301/1395
f 1303/1397 1270/1364 1269/1363
f 1303/1397 1269/1363 1302/1396
f 1304/1398 1271/1365 1270/1364
f 1304/1398 1270/1364 1303/1397
f 1305/1399 1272/1366 1271/1365
f 1305/1399 1271/1365 1304/1398
f 1306/1400 1273/1367 1272/1366
f 1306/1400 1272/1366 1305/1399
f 1307/1401 1274/1368 1273/1367
f 1307/1401 1273/1367 1306/1400
f 1308/1402 1275/1369 1274/1368
f 1308/1402 1274/1368 1307/1401
f 1309/1403 1276/1370 1275/1369
f 1309/1403 1275/1369 1308/1402
f 1310/1404 1277/1371 1276/1370
f 1310/1404 1276/1370 1309/1403
f 1311/1405 1278/1372 1277/1371
f 1311/1405 1277/1371 1310/1404
f 1312/1406 1279/1373 1278/1372
f 1312/1406 1278/1372 1311/1405
f 1313/1407 1280/1374 1279/1373
f 1313/1407 1279/1373 1312/1406
f 1314/1408 1281/1375 1280/1374
f 1314/1408 1280/1374 1313/1407
f 1315/1409 1282/1376 1281/1375
f 1315/1409 1281/1375 1314/1408
f 1316/1410 1283/1377 1282/1376
f 1316/1410 1282/1376 1315/1409
f 1317/1411 1283/1377 1316/1410
f 1317/1411 1284/1378 1283/1377
f 1318/1412 1284/1378 1317/1411
f 1318/1412 1285/1379 1284/1378
f 1320/1413 1285/1379 1318/1412
f 1320/1413 1287/1380 1285/1379
f 1319/1414 1286/1381 1287/1380
f 1319/1414 1287/1380 1320/1413
f 1323/1415 1290/1382 1289/1383
f 1322/1416 1289/1383 1288/1384
f 1322/1416 1288/1384 1321/1417
f 1323/1415 1289/1383 1322/1416
f 1324/1418 1291/1385 1290/1382
f 1324/1418 1290/1382 1323/1415
f 1325/1419 1292/1386 1291/1385
f 1325/1419 1291/1385 1324/1418
f 1326/1420 1293/1387 1292/1386
f 1326/1420 1292/1386 1325/1419
f 1327/1421 1294/1388 1293/1387
f 1327/1421 1293/1387 1326/1420
f 1328/1422 1295/1389 1294/1388
f 1328/1422 1294/1388 1327/1421
f 1329/1423 1295/1389 1328/1422
f 1329/1423 1296/1390 1295/1389
f 1330/1424 1296/1390 1329/1423
f 1330/1424 1297/1391 1296/1390
f 1331/1425 1297/1391 1330/1424
f 1331/1425 1298/1392 1297/1391
f 1332/1426 1299/1393 1298/1392
f 1332/1426 1298/1392 1331/1425
f 1333/1427 1299/1393 1332/1426
f 1333/1427 1300/1394 1299/1393
f 1334/1428 1300/1394 1333/1427
f 1334/1428 1301/1395 1300/1394
f 1335/1429 1301/1395 1334/1428
f 1335/1429 1302/1396 1301/1395
f 1336/1430 1303/1397 1302/1396
f 1336/1430 1302/1396 1335/1429
f 1337/1431 1303/1397 1336/1430
f 1337/1431 1304/1398 1303/1397
f 1338/1432 1305/1399 1304/1398
f 1338/1432 1304/1398 1337/1431
f 1339/1433 1305/1399 1338/1432
f 1339/1433 1306/1400 1305/1399
f 1340/1434 1307/1401 1306/1400
f 1340/1434 1306/1400 1339/1433
f 1341/1435 1307/1401 1340/1434
f 1341/1435 1308/1402 1307/1401
f 1342/1436 1308/1402 1341/1435
f 1342/1436 1309/1403 1308/1402
f 1343/1437 1309/1403 1342/1436
f 1343/1437 1310/1404 1309/1403
f 1344/1438 1311/1405 1310/1404
f 1344/1438 1310/1404 1343/1437
f 1345/1439 1312/1406 1311/1405
f 1345/1439 1311/1405 1344/1438
f 1346/1440 1313/1407 1312/1406
f 1346/1440 1312/1406 1345/1439
f 1347/1441 1314/1408 1313/1407
f 1347/1441 1313/1407 1346/1440
f 1348/1442 1315/1409 1314/1408
f 1348/1442 1314/1408 1347/1441
f 1349/1443 1316/1410 1315/1409
f 1349/1443 1315/1409 1348/1442
f 1350/1444 1317/1411 1316/1410
f 1350/1444 1316/1410 1349/1443
f 1351/1445 1318/1412 1317/1411
f 1351/1445 1317/1411 1350/1444
f 1353/1446 1320/1413 1318/1412
f 1353/1446 1318/1412 1351/1445
f 1352/1447 1319/1414 1320/1413
f 1352/1447 1320/1413 1353/1446
f 1356/1448 1323/1415 1322/1416
f 1356/1448 1322/1416 1355/1449
f 1355/1449 1322/1416 1321/1417
f 1355/1449 1321/1417 1354/1450
f 1357/1451 1323/1415 1356/1448
f 1357/1451 1324/1418 1323/1415
f 1358/1452 1325/1419 1324/1418
f 1358/1452 1324/1418 1357/1451
f 1359/1453 1326/1420 1325/1419
f 1359/1453 1325/1419 1358/1452
f 1360/1454 1327/1421 1326/1420
f 1360/1454 1326/1420 1359/1453
f 1361/1455 1328/1422 1327/1421
f 1361/1455 1327/1421 1360/1454
f 1362/1456 1329/1423 1328/1422
f 1362/1456 1328/1422 1361/1455
f 1363/1457 1330/1424 1329/1423
f 1363/1457 1329/1423 1362/1456
f 1364/1458 1331/1425 1330/1424
f 1364/1458 1330/1424 1363/1457
f 1365/1459 1332/1426 1331/1425
f 1365/1459 1331/1425 1364/1458
f 1366/1460 1333/1427 1332/1426
f 1366/1460 1332/1426 1365/1459
f 1367/1461 1334/1428 1333/1427
f 1367/1461 1333/1427 1366/1460
f 1368/1462 1335/1429 1334/1428
f 1368/1462 1334/1428 1367/1461
f 1369/1463 1336/1430 1335/1429
f 1369/1463 1335/1429 1368/1462
f 1370/1464 1337/1431 1336/1430
f 1370/1464 1336/1430 1369/1463
f 1371/1465 1338/1432 1337/1431
f 1371/1465 1337/1431 1370/1464
f 1372/1466 1339/1433 1338/1432
f 1372/1466 1338/1432 1371/1465
f 1373/1467 1340/1434 1339/1433
f 1373/1467 1339/1433 1372/1466
f 1374/1468 1341/1435 1340/1434
f 1374/1468 1340/1434 1373/1467
f 1375/1469 1342/1436 1341/1435
f 1375/1469 1341/1435 1374/1468
f 1376/1470 1343/1437 1342/1436
f 1376/1470 1342/1436 1375/1469
f 1377/1471 1343/1437 1376/1470
f 1377/1471 1344/1438 1343/1437
f 1378/1472 1345/1439 1344/1438
f 1378/1472 1344/1438 1377/1471
f 1379/1473 1346/1440 1345/1439
f 1379/1473 1345/1439 1378/1472
f 1380/1474 1347/1441 1346/1440
f 1380/1474 1346/1440 1379/1473
f 1381/1475 1347/1441 1380/1474
f 1381/1475 1348/1442 1347/1441
f 1382/1476 1348/1442 1381/1475
f 1382/1476 1349/1443 1348/1442
f 1383/1477 1349/1443 1382/1476
f 1383/1477 1350/1444 1349/1443
f 1384/1478 1350/1444 1383/1477
f 1384/1478 1351/1445 1350/1444
f 1386/1479 1351/1445 1384/1478
f 1386/1479 1353/1446 1351/1445
f 1385/1480 1353/1446 1386/1479
f 1385/1480 1352/1447 1353/1446
f 1389/1481 1356/1448 1355/1449
f 1388/1482 1355/1449 1354/1450
f 1388/1482 1354/1450 1387/1483
f 1389/1481 1355/1449 1388/1482
f 1390/1484 1357/1451 1356/1448
f 1390/1484 1356/1448 1389/1481
f 1391/1485 1358/1452 1357/1451
f 1391/1485 1357/1451 1390/1484
f 1392/1486 1358/1452 1391/1485
f 1392/1486 1359/1453 1358/1452
f 1393/1487 1359/1453 1392/1486
f 1393/1487 1360/1454 1359/1453
f 1394/1488 1360/1454 1393/1487
f 1394/1488 1361/1455 1360/1454
f 1395/1489 1362/1456 1361/1455
f 1395/1489 1361/1455 1394/1488
f 1396/1490 1362/1456 1395/1489
f 1396/1490 1363/1457 1362/1456
f 1397/1491 1363/1457 1396/1490
f 1397/1491 1364/1458 1363/1457
f 1398/1492 1364/1458 1397/1491
f 1398/1492 1365/1459 1364/1458
f 1399/1493 1365/1459 1398/1492
f 1399/1493 1366/1460 1365/1459
f 1400/1494 1366/1460 1399/1493
f 1400/1494 1367/1461 1366/1460
f 1401/1495 1367/1461 1400/1494
f 1401/1495 1368/1462 1367/1461
f 1402/1496 1368/1462 1401/1495
f 1402/1496 1369/1463 1368/1462
f 1403/1497 1369/1463 1402/1496
f 1403/1497 1370/1464 1369/1463
f 1404/1498 1371/1465 1370/1464
f 1404/1498 1370/1464 1403/1497
f 1405/1499 1371/1465 1404/1498
f 1405/1499 1372/1466 1371/1465
f 1406/1500 1372/1466 1405/1499
f 1406/1500 1373/1467 1372/1466
f 1407/1501 1373/1467 1406/1500
f 1407/1501 1374/1468 1373/1467
f 1408/1502 1375/1469 1374/1468
f 1408/1502 1374/1468 1407/1501
f 1409/1503 1376/1470 1375/1469
f 1409/1503 1375/1469 1408/1502
f 1410/1504 1377/1471 1376/1470
f 1410/1504 1376/1470 1409/1503
f 1411/1505 1378/1472 1377/1471
f 1411/1505 1377/1471 1410/1504
f 1412/1506 1379/1473 1378/1472
f 1412/1506 1378/1472 1411/1505
f 1413/1507 1380/1474 1379/1473
f 1413/1507 1379/1473 1412/1506
f 1414/1508 1381/1475 1380/1474
f 1414/1508 1380/1474 1413/1507
f 1415/1509 1382/1476 1381/1475
f 1415/1509 1381/1475 1414/1508
f 1416/1510 1383/1477 1382/1476
f 1416/1510 1382/1476 1415/1509
f 1417/1511 1384/1478 1383/1477
f 1417/1511 1383/1477 1416/1510
f 1419/1512 1386/1479 1384/1478
f 1419/1512 1384/1478 1417/1511
f 1418/1513 1385/1480 1386/1479
f 1418/1513 1386/1479 1419/1512
f 1422/1514 1389/1481 1388/1482
f 1422/1514 1388/1482 1421/1515
f 1421/1515 1388/1482 1387/1483
f 1421/1515 1387/1483 1420/1516
f 1423/1517 1390/1484 1389/1481
f 1423/1517 1389/1481 1422/1514
f 1424/1518 1391/1485 1390/1484
f 1424/1518 1390/1484 1423/1517
f 1425/1519 1392/1486 1391/1485
f 1425/1519 1391/1485 1424/1518
f 1426/1520 1393/1487 1392/1486
f 1426/1520 1392/1486 1425/1519
f 1427/1521 1394/1488 1393/1487
f 1427/1521 1393/1487 1426/1520
f 1428/1522 1395/1489 1394/1488
f 1428/1522 1394/1488 1427/1521
f 1429/1523 1396/1490 1395/1489
f 1429/1523 1395/1489 1428/1522
f 1430/1524 1397/1491 1396/1490
f 1430/1524 1396/1490 1429/1523
f 1431/1525 1398/1492 1397/1491
f 1431/1525 1397/1491 1430/1524
f 1432/1526 1399/1493 1398/1492
f 1432/1526 1398/1492 1431/1525
f 1433/1527 1400/1494 1399/1493
f 1433/1527 1399/1493 1432/1526
f 1434/1528 1401/1495 1400/1494
f 1434/1528 1400/1494 1433/1527
f 1435/1529 1402/1496 1401/1495
f 1435/1529 1401/1495 1434/1528
f 1436/1530 1403/1497 1402/1496
f 1436/1530 1402/1496 1435/1529
f 1437/1531 1404/1498 1403/1497
f 1437/1531 1403/1497 1436/1530
f 1438/1532 1405/1499 1404/1498
f 1438/1532 1404/1498 1437/1531
f 1439/1533 1406/1500 1405/1499
f 1439/1533 1405/1499 1438/1532
f 1440/1534 1407/1501 1406/1500
f 1440/1534 1406/1500 1439/1533
f 1441/1535 1407/1501 1440/1534
f 1441/1535 1408/1502 1407/1501
f 1442/1536 1409/1503 1408/1502
f 1442/1536 1408/1502 1441/1535
f 1443/1537 1410/1504 1409/1503
f 1443/1537 1409/1503 1442/1536
f 1444/1538 1411/1505 1410/1504
f 1444/1538 1410/1504 1443/1537
f 1445/1539 1411/1505 1444/1538
f 1445/1539 1412/1506 1411/1505
f 1446/1540 1413/1507 1412/1506
f 1446/1540 1412/1506 1445/1539
f 1447/1541 1413/1507 1446/1540
f 1447/1541 1414/1508 1413/1507
f 1448/1542 1415/1509 1414/1508
f 1448/1542 1414/1508 1447/1541
f 1449/1543 1415/1509 1448/1542
f 1449/1543 1416/1510 1415/1509
f 1450/1544 1417/1511 1416/1510
f 1450/1544 1416/1510 1449/1543
f 1452/1545 1417/1511 1450/1544
f 1452/1545 1419/1512 1417/1511
f 1451/1546 1418/1513 1419/1512
f 1451/1546 1419/1512 1452/1545
f 1455/1547 1422/1514 1421/1515
f 1454/1548 1420/1549 1453/1550
f 1455/1547 1421/1515 1454/1551
f 1454/1551 1421/1515 1420/1549
f 1456/1552 1422/1514 1455/1547
f 1456/1552 1423/1517 1422/1514
f 1457/1553 1423/1517 1456/1552
f 1457/1553 1424/1518 1423/1517
f 1458/1554 1425/1519 1424/1518
f 1458/1554 1424/1518 1457/1553
f 1459/1555 1425/1519 1458/1554
f 1459/1555 1426/1520 1425/1519
f 1460/1556 1427/1521 1426/1520
f 1460/1556 1426/1520 1459/1555
f 1461/1557 1427/1521 1460/1556
f 1461/1557 1428/1522 1427/1521
f 1462/1558 1429/1523 1428/1522
f 1462/1558 1428/1522 1461/1557
f 1463/1559 1429/1523 1462/1558
f 1463/1559 1430/1524 1429/1523
f 1464/1560 1431/1525 1430/1524
f 1464/1560 1430/1524 1463/1559
f 1465/1561 1431/1525 1464/1560
f 1465/1561 1432/1526 1431/1525
f 1466/1562 1433/1527 1432/1526
f 1466/1562 1432/1526 1465/1561
f 1467/1563 1433/1527 1466/1562
f 1467/1563 1434/1528 1433/1527
f 1468/1564 1435/1529 1434/1528
f 1468/1564 1434/1528 1467/1563
f 1469/1565 1435/1529 1468/1564
f 1469/1565 1436/1530 1435/1529
f 1470/1566 1437/1531 1436/1530
f 1470/1566 1436/1530 1469/1565
f 1471/1567 1438/1532 1437/1531
f 1471/1567 1437/1531 1470/1566
f 1472/1568 1439/1533 1438/1532
f 1472/1568 1438/1532 1471/1567
f 1473/1569 1440/1534 1439/1533
f 1473/1569 1439/1533 1472/1568
f 1474/1570 1441/1535 1440/1534
f 1474/1570 1440/1534 1473/1569
f 1475/1571 1442/1536 1441/1535
f 1475/1571 1441/1535 1474/1570
f 1476/1572 1443/1537 1442/1536
f 1476/1572 1442/1536 1475/1571
f 1477/1573 1444/1538 1443/1537
f 1477/1573 1443/1537 1476/1572
f 1478/1574 1445/1539 1444/1538
f 1478/1574 1444/1538 1477/1573
f 1479/1575 1446/1540 1445/1539
f 1479/1575 1445/1539 1478/1574
f 1480/1576 1447/1541 1446/1540
f 1480/1576 1446/1540 1479/1575
f 1481/1577 1448/1542 1447/1541
f 1481/1577 1447/1541 1480/1576
f 1482/1578 1449/1543 1448/1542
f 1482/1578 1448/1542 1481/1577
f 1483/1579 1450/1544 1449/1543
f 1483/1579 1449/1543 1482/1578
f 1485/1580 1452/1545 1450/1544
f 1485/1580 1450/1544 1483/1579
f 1484/1581 1451/1546 1452/1545
f 1484/1581 1452/1545 1485/1580
f 1488/1582 1455/1547 1454/1551
f 1487/1583 1454/1548 1453/1550
f 1487/1583 1453/1550 1486/1584
f 1488/1582 1454/1551 1487/1583
f 1489/1585 1456/1552 1455/1547
f 1489/1585 1455/1547 1488/1582
f 1490/1586 1457/1553 1456/1552
f 1490/1586 1456/1552 1489/1585
f 1491/1587 1458/1554 1457/1553
f 1491/1587 1457/1553 1490/1586
f 1492/1588 1459/1555 1458/1554
f 1492/1588 1458/1554 1491/1587
f 1493/1589 1460/1556 1459/1555
f 1493/1589 1459/1555 1492/1588
f 1494/1590 1461/1557 1460/1556
f 1494/1590 1460/1556 1493/1589
f 1495/1591 1462/1558 1461/1557
f 1495/1591 1461/1557 1494/1590
f 1496/1592 1463/1559 1462/1558
f 1496/1592 1462/1558 1495/1591
f 1497/1593 1464/1560 1463/1559
f 1497/1593 1463/1559 1496/1592
f 1498/1594 1465/1561 1464/1560
f 1498/1594 1464/1560 1497/1593
f 1499/1595 1466/1562 1465/1561
f 1499/1595 1465/1561 1498/1594
f 1500/1596 1467/1563 1466/1562
f 1500/1596 1466/1562 1499/1595
f 1501/1597 1468/1564 1467/1563
f 1501/1597 1467/1563 1500/1596
f 1502/1598 1469/1565 1468/1564
f 1502/1598 1468/1564 1501/1597
f 1503/1599 1469/1565 1502/1598
f 1503/1599 1470/1566 1469/1565
f 1504/1600 1471/1567 1470/1566
f 1504/1600 1470/1566 1503/1599
f 1505/1601 1471/1567 1504/1600
f 1505/1601 1472/1568 1471/1567
f 1506/1602 1473/1569 1472/1568
f 1506/1602 1472/1568 1505/1601
f 1507/1603 1474/1570 1473/1569
f 1507/1603 1473/1569 1506/1602
f 1508/1604 1475/1571 1474/1570
f 1508/1604 1474/1570 1507/1603
f 1509/1605 1475/1571 1508/1604
f 1509/1605 1476/1572 1475/1571
f 1510/1606 1476/1572 1509/1605
f 1510/1606 1477/1573 1476/1572
f 1511/1607 1477/1573 1510/1606
f 1511/1607 1478/1574 1477/1573
f 1512/1608 1478/1574 1511/1607
f 1512/1608 1479/1575 1478/1574
f 1513/1609 1479/1575 1512/1608
f 1513/1609 1480/1576 1479/1575
f 1514/1610 1480/1576 1513/1609
f 1514/1610 1481/1577 1480/1576
f 1515/1611 1482/1578 1481/1577
f 1515/1611 1481/1577 1514/1610
f 1516/1612 1482/1578 1515/1611
f 1516/1612 1483/1579 1482/1578
f 1518/1613 1483/1579 1516/1612
f 1518/1613 1485/1580 1483/1579
f 1517/1614 1484/1581 1485/1580
f 1517/1614 1485/1580 1518/1613
f 1521/1615 1488/1582 1487/1583
f 1521/1615 1487/1583 1520/1616
f 1520/1616 1487/1583 1486/1584
f 1520/1616 1486/1584 1519/1617
f 1522/1618 1488/1582 1521/1615
f 1522/1618 1489/1585 1488/1582
f 1523/1619 1489/1585 1522/1618
f 1523/1619 1490/1586 1489/1585
f 1524/1620 1491/1587 1490/1586
f 1524/1620 1490/1586 1523/1619
f 1525/1621 1491/1587 1524/1620
f 1525/1621 1492/1588 1491/1587
f 1526/1622 1492/1588 1525/1621
f 1526/1622 1493/1589 1492/1588
f 1527/1623 1493/1589 1526/1622
f 1527/1623 1494/1590 1493/1589
f 1528/1624 1494/1590 1527/1623
f 1528/1624 1495/1591 1494/1590
f 1529/1625 1495/1591 1528/1624
f 1529/1625 1496/1592 1495/1591
f 1530/1626 1496/1592 1529/1625
f 1530/1626 1497/1593 1496/1592
f 1531/1627 1497/1593 1530/1626
f 1531/1627 1498/1594 1497/1593
f 1532/1628 1499/1595 1498/1594
f 1532/1628 1498/1594 1531/1627
f 1533/1629 1499/1595 1532/1628
f 1533/1629 1500/1596 1499/1595
f 1534/1630 1501/1597 1500/1596
f 1534/1630 1500/1596 1533/1629
f 1535/1631 1502/1598 1501/1597
f 1535/1631 1501/1597 1534/1630
f 1536/1632 1503/1599 1502/1598
f 1536/1632 1502/1598 1535/1631
f 1537/1633 1504/1600 1503/1599
f 1537/1633 1503/1599 1536/1632
f 1538/1634 1505/1601 1504/1600
f 1538/1634 1504/1600 1537/1633
f 1539/1635 1506/1602 1505/1601
f 1539/1635 1505/1601 1538/1634
f 1540/1636 1507/1603 1506/1602
f 1540/1636 1506/1602 1539/1635
f 1541/1637 1508/1604 1507/1603
f 1541/1637 1507/1603 1540/1636
f 1542/1638 1509/1605 1508/1604
f 1542/1638 1508/1604 1541/1637
f 1543/1639 1510/1606 1509/1605
f 1543/1639 1509/1605 1542/1638
f 1544/1640 1511/1607 1510/1606
f 1544/1640 1510/1606 1543/1639
f 1545/1641 1512/1608 1511/1607
f 1545/1641 1511/1607 1544/1640
f 1546/1642 1513/1609 1512/1608
f 1546/1642 1512/1608 1545/1641
f 1547/1643 1514/1610 1513/1609
f 1547/1643 1513/1609 1546/1642
f 1548/1644 1515/1611 1514/1610
f 1548/1644 1514/1610 1547/1643
f 1549/1645 1516/1612 1515/1611
f 1549/1645 1515/1611 1548/1644
f 1551/1646 1518/1613 1516/1612
f 1551/1646 1516/1612 1549/1645
f 1550/1647 1517/1614 1518/1613
f 1550/1647 1518/1613 1551/1646
f 1554/1648 1521/1615 1520/1616
f 1553/1649 1520/1616 1519/1617
f 1554/1648 1520/1616 1553/1649
f 1553/1649 1519/1617 1552/1650
f 1555/1651 1522/1618 1521/1615
f 1555/1651 1521/1615 1554/1648
f 1556/1652 1523/1619 1522/1618
f 1556/1652 1522/1618 1555/1651
f 1557/1653 1524/1620 1523/1619
f 1557/1653 1523/1619 1556/1652
f 1558/1654 1525/1621 1524/1620
f 1558/1654 1524/1620 1557/1653
f 1559/1655 1526/1622 1525/1621
f 1559/1655 1525/1621 1558/1654
f 1560/1656 1527/1623 1526/1622
f 1560/1656 1526/1622 1559/1655
f 1561/1657 1528/1624 1527/1623
f 1561/1657 1527/1623 1560/1656
f 1562/1658 1529/1625 1528/1624
f 1562/1658 1528/1624 1561/1657
f 1563/1659 1530/1626 1529/1625
f 1563/1659 1529/1625 1562/1658
f 1564/1660 1531/1627 1530/1626
f 1564/1660 1530/1626 1563/1659
f 1565/1661 1532/1628 1531/1627
f 1565/1661 1531/1627 1564/1660
f 1566/1662 1533/1629 1532/1628
f 1566/1662 1532/1628 1565/1661
f 1567/1663 1534/1630 1533/1629
f 1567/1663 1533/1629 1566/1662
f 1568/1664 1535/1631 1534/1630
f 1568/1664 1534/1630 1567/1663
f 1569/1665 1535/1631 1568/1664
f 1569/1665 1536/1632 1535/1631
f 1570/1666 1537/1633 1536/1632
f 1570/1666 1536/1632 1569/1665
f 1571/1667 1538/1634 1537/1633
f 1571/1667 1537/1633 1570/1666
f 1572/1668 1539/1635 1538/1634
f 1572/1668 1538/1634 1571/1667
f 1573/1669 1539/1635 1572/1668
f 1573/1669 1540/1636 1539/1635
f 1574/1670 1540/1636 1573/1669
f 1574/1670 1541/1637 1540/1636
f 1575/1671 1542/1638 1541/1637
f 1575/1671 1541/1637 1574/1670
f 1576/1672 1542/1638 1575/1671
f 1576/1672 1543/1639 1542/1638
f 1577/1673 1543/1639 1576/1672
f 1577/1673 1544/1640 1543/1639
f 1578/1674 1545/1641 1544/1640
f 1578/1674 1544/1640 1577/1673
f 1579/1675 1545/1641 1578/1674
f 1579/1675 1546/1642 1545/1641
f 1580/1676 1547/1643 1546/1642
f 1580/1676 1546/1642 1579/1675
f 1581/1677 1548/1644 1547/1643
f 1581/1677 1547/1643 1580/1676
f 1582/1678 1549/1645 1548/1644
f 1582/1678 1548/1644 1581/1677
f 1584/1679 1551/1646 1549/1645
f 1584/1679 1549/1645 1582/1678
f 1583/1680 1550/1647 1551/1646
f 1583/1680 1551/1646 1584/1679
f 1587/1681 1554/1648 1553/1649
f 1587/1681 1553/1649 1586/1682
f 1586/1682 1553/1649 1552/1650
f 1586/1682 1552/1650 1585/1683
f 1588/1684 1555/1651 1554/1648
f 1588/1684 1554/1648 1587/1681
f 1589/1685 1555/1651 1588/1684
f 1589/1685 1556/1652 1555/1651
f 1590/1686 1556/1652 1589/1685
f 1590/1686 1557/1653 1556/1652
f 1591/1687 1557/1653 1590/1686
f 1591/1687 1558/1654 1557/1653
f 1592/1688 1559/1655 1558/1654
f 1592/1688 1558/1654 1591/1687
f 1593/1689 1559/1655 1592/1688
f 1593/1689 1560/1656 1559/1655
f 1594/1690 1561/1657 1560/1656
f 1594/1690 1560/1656 1593/1689
f 1595/1691 1561/1657 1594/1690
f 1595/1691 1562/1658 1561/1657
f 1596/1692 1563/1659 1562/1658
f 1596/1692 1562/1658 1595/1691
f 1597/1693 1564/1660 1563/1659
f 1597/1693 1563/1659 1596/1692
f 1598/1694 1565/1661 1564/1660
f 1598/1694 1564/1660 1597/1693
f 1599/1695 1566/1662 1565/1661
f 1599/1695 1565/1661 1598/1694
f 1600/1696 1567/1663 1566/1662
f 1600/1696 1566/1662 1599/1695
f 1601/1697 1568/1664 1567/1663
f 1601/1697 1567/1663 1600/1696
f 1602/1698 1569/1665 1568/1664
f 1602/1698 1568/1664 1601/1697
f 1603/1699 1570/1666 1569/1665
f 1603/1699 1569/1665 1602/1698
f 1604/1700 1571/1667 1570/1666
f 1604/1700 1570/1666 1603/1699
f 1605/1701 1572/1668 1571/1667
f 1605/1701 1571/1667 1604/1700
f 1606/1702 1573/1669 1572/1668
f 1606/1702 1572/1668 1605/1701
f 1607/1703 1574/1670 1573/1669
f 1607/1703 1573/1669 1606/1702
f 1608/1704 1575/1671 1574/1670
f 1608/1704 1574/1670 1607/1703
f 1609/1705 1576/1672 1575/1671
f 1609/1705 1575/1671 1608/1704
f 1610/1706 1577/1673 1576/1672
f 1610/1706 1576/1672 1609/1705
f 1611/1707 1578/1674 1577/1673
f 1611/1707 1577/1673 1610/1706
f 1612/1708 1579/1675 1578/1674
f 1612/1708 1578/1674 1611/1707
f 1613/1709 1579/1675 1612/1708
f 1613/1709 1580/1676 1579/1675
f 1614/1710 1581/1677 1580/1676
f 1614/1710 1580/1676 1613/1709
f 1615/1711 1582/1678 1581/1677
f 1615/1711 1581/1677 1614/1710
f 1617/1712 1584/1679 1582/1678
f 1617/1712 1582/1678 1615/1711
f 1616/1713 1584/1679 1617/1712
f 1616/1713 1583/1680 1584/1679
f 1620/1714 1587/1681 1586/1682
f 1619/1715 1586/1682 1585/1683
f 1620/1714 1586/1682 1619/1715
f 1619/1715 1585/1683 1618/1716
f 1621/1717 1588/1684 1587/1681
f 1621/1717 1587/1681 1620/1714
f 1622/1718 1589/1685 1588/1684
f 1622/1718 1588/1684 1621/1717
f 1623/1719 1590/1686 1589/1685
f 1623/1719 1589/1685 1622/1718
f 1624/1720 1591/1687 1590/1686
f 1624/1720 1590/1686 1623/1719
f 1625/1721 1592/1688 1591/1687
f 1625/1721 1591/1687 1624/1720
f 1626/1722 1593/1689 1592/1688
f 1626/1722 1592/1688 1625/1721
f 1627/1723 1594/1690 1593/1689
f 1627/1723 1593/1689 1626/1722
f 1628/1724 1595/1691 1594/1690
f 1628/1724 1594/1690 1627/1723
f 1629/1725 1595/1691 1628/1724
f 1629/1725 1596/1692 1595/1691
f 1630/1726 1597/1693 1596/1692
f 1630/1726 1596/1692 1629/1725
f 1631/1727 1598/1694 1597/1693
f 1631/1727 1597/1693 1630/1726
f 1632/1728 1599/1695 1598/1694
f 1632/1728 1598/1694 1631/1727
f 1633/1729 1599/1695 1632/1728
f 1633/1729 1600/1696 1599/1695
f 1634/1730 1601/1697 1600/1696
f 1634/1730 1600/1696 1633/1729
f 1635/1731 1602/1698 1601/1697
f 1635/1731 1601/1697 1634/1730
f 1636/1732 1602/1698 1635/1731
f 1636/1732 1603/1699 1602/1698
f 1637/1733 1604/1700 1603/1699
f 1637/1733 1603/1699 1636/1732
f 1638/1734 1604/1700 1637/1733
f 1638/1734 1605/1701 1604/1700
f 1639/1735 1605/1701 1638/1734
f 1639/1735 1606/1702 1605/1701
f 1640/1736 1606/1702 1639/1735
f 1640/1736 1607/1703 1606/1702
f 1641/1737 1607/1703 1640/1736
f 1641/1737 1608/1704 1607/1703
f 1642/1738 1608/1704 1641/1737
f 1642/1738 1609/1705 1608/1704
f 1643/1739 1609/1705 1642/1738
f 1643/1739 1610/1706 1609/1705
f 1644/1740 1611/1707 1610/1706
f 1644/1740 1610/1706 1643/1739
f 1645/1741 1612/1708 1611/1707
f 1645/1741 1611/1707 1644/1740
f 1646/1742 1613/1709 1612/1708
f 1646/1742 1612/1708 1645/1741
f 1647/1743 1614/1710 1613/1709
f 1647/1743 1613/1709 1646/1742
f 1648/1744 1615/1711 1614/1710
f 1648/1744 1614/1710 1647/1743
f 1650/1745 1617/1712 1615/1711
f 1650/1745 1615/1711 1648/1744
f 1649/1746 1616/1713 1617/1712
f 1649/1746 1617/1712 1650/1745
f 1653/1747 1620/1714 1619/1715
f 1653/1747 1619/1715 1652/1748
f 1652/1748 1619/1715 1618/1716
f 1652/1748 1618/1716 1651/1749
f 1654/1750 1620/1714 1653/1747
f 1654/1750 1621/1717 1620/1714
f 1655/1751 1621/1717 1654/1750
f 1655/1751 1622/1718 1621/1717
f 1656/1752 1622/1718 1655/1751
f 1656/1752 1623/1719 1622/1718
f 1657/1753 1623/1719 1656/1752
f 1657/1753 1624/1720 1623/1719
f 1658/1754 1624/1720 1657/1753
f 1658/1754 1625/1721 1624/1720
f 1659/1755 1625/1721 1658/1754
f 1659/1755 1626/1722 1625/1721
f 1660/1756 1627/1723 1626/1722
f 1660/1756 1626/1722 1659/1755
f 1661/1757 1628/1724 1627/1723
f 1661/1757 1627/1723 1660/1756
f 1662/1758 1629/1725 1628/1724
f 1662/1758 1628/1724 1661/1757
f 1663/1759 1630/1726 1629/1725
f 1663/1759 1629/1725 1662/1758
f 1664/1760 1631/1727 1630/1726
f 1664/1760 1630/1726 1663/1759
f 1665/1761 1632/1728 1631/1727
f 1665/1761 1631/1727 1664/1760
f 1666/1762 1632/1728 1665/1761
f 1666/1762 1633/1729 1632/1728
f 1667/1763 1634/1730 1633/1729
f 1667/1763 1633/1729 1666/1762
f 1668/1764 1635/1731 1634/1730
f 1668/1764 1634/1730 1667/1763
f 1669/1765 1636/1732 1635/1731
f 1669/1765 1635/1731 1668/1764
f 1670/1766 1637/1733 1636/1732
f 1670/1766 1636/1732 1669/1765
f 1671/1767 1638/1734 1637/1733
f 1671/1767 1637/1733 1670/1766
f 1672/1768 1639/1735 1638/1734
f 1672/1768 1638/1734 1671/1767
f 1673/1769 1640/1736 1639/1735
f 1673/1769 1639/1735 1672/1768
f 1674/1770 1641/1737 1640/1736
f 1674/1770 1640/1736 1673/1769
f 1675/1771 1642/1738 1641/1737
f 1675/1771 1641/1737 1674/1770
f 1676/1772 1643/1739 1642/1738
f 1676/1772 1642/1738 1675/1771
f 1677/1773 1643/1739 1676/1772
f 1677/1773 1644/1740 1643/1739
f 1678/1774 1645/1741 1644/1740
f 1678/1774 1644/1740 1677/1773
f 1679/1775 1646/1742 1645/1741
f 1679/1775 1645/1741 1678/1774
f 1680/1776 1647/1743 1646/1742
f 1680/1776 1646/1742 1679/1775
f 1681/1777 1647/1743 1680/1776
f 1681/1777 1648/1744 1647/1743
f 1683/1778 1650/1745 1648/1744
f 1683/1778 1648/1744 1681/1777
f 1682/1779 1649/1746 1650/1745
f 1682/1779 1650/1745 1683/1778
f 1686/1780 1653/1747 1652/1748
f 1685/1781 1652/1748 1651/1749
f 1685/1781 1651/1749 1684/1782
f 1686/1780 1652/1748 1685/1781
f 1687/1783 1654/1750 1653/1747
f 1687/1783 1653/1747 1686/1780
f 1688/1784 1655/1751 1654/1750
f 1688/1784 1654/1750 1687/1783
f 1689/1785 1656/1752 1655/1751
f 1689/1785 1655/1751 1688/1784
f 1690/1786 1657/1753 1656/1752
f 1690/1786 1656/1752 1689/1785
f 1691/1787 1658/1754 1657/1753
f 1691/1787 1657/1753 1690/1786
f 1692/1788 1659/1755 1658/1754
f 1692/1788 1658/1754 1691/1787
f 1693/1789 1659/1755 1692/1788
f 1693/1789 1660/1756 1659/1755
f 1694/1790 1661/1757 1660/1756
f 1694/1790 1660/1756 1693/1789
f 1695/1791 1662/1758 1661/1757
f 1695/1791 1661/1757 1694/1790
f 1696/1792 1663/1759 1662/1758
f 1696/1792 1662/1758 1695/1791
f 1697/1793 1664/1760 1663/1759
f 1697/1793 1663/1759 1696/1792
f 1698/1794 1665/1761 1664/1760
f 1698/1794 1664/1760 1697/1793
f 1699/1795 1666/1762 1665/1761
f 1699/1795 1665/1761 1698/1794
f 1700/1796 1667/1763 1666/1762
f 1700/1796 1666/1762 1699/1795
f 1701/1797 1667/1763 1700/1796
f 1701/1797 1668/1764 1667/1763
f 1702/1798 1669/1765 1668/1764
f 1702/1798 1668/1764 1701/1797
f 1703/1799 1669/1765 1702/1798
f 1703/1799 1670/1766 1669/1765
f 1704/1800 1671/1767 1670/1766
f 1704/1800 1670/1766 1703/1799
f 1705/1801 1671/1767 1704/1800
f 1705/1801 1672/1768 1671/1767
f 1706/1802 1673/1769 1672/1768
f 1706/1802 1672/1768 1705/1801
f 1707/1803 1674/1770 1673/1769
f 1707/1803 1673/1769 1706/1802
f 1708/1804 1675/1771 1674/1770
f 1708/1804 1674/1770 1707/1803
f 1709/1805 1676/1772 1675/1771
f 1709/1805 1675/1771 1708/1804
f 1710/1806 1677/1773 1676/1772
f 1710/1806 1676/1772 1709/1805
f 1711/1807 1678/1774 1677/1773
f 1711/1807 1677/1773 1710/1806
f 1712/1808 1679/1775 1678/1774
f 1712/1808 1678/1774 1711/1807
f 1713/1809 1680/1776 1679/1775
f 1713/1809 1679/1775 1712/1808
f 1714/1810 1681/1777 1680/1776
f 1714/1810 1680/1776 1713/1809
f 1716/1811 1683/1778 1681/1777
f 1716/1811 1681/1777 1714/1810
f 1715/1812 1682/1779 1683/1778
f 1715/1812 1683/1778 1716/1811
f 1719/1813 1686/1780 1685/1781
f 1719/1813 1685/1781 1718/1814
f 1718/1814 1685/1781 1684/1782
f 1718/1814 1684/1782 1717/1815
f 1720/1816 1687/1783 1686/1780
f 1720/1816 1686/1780 1719/1813
f 1721/1817 1687/1783 1720/1816
f 1721/1817 1688/1784 1687/1783
f 1722/1818 1689/1785 1688/1784
f 1722/1818 1688/1784 1721/1817
f 1723/1819 1690/1786 1689/1785
f 1723/1819 1689/1785 1722/1818
f 1724/1820 1691/1787 1690/1786
f 1724/1820 1690/1786 1723/1819
f 1725/1821 1691/1787 1724/1820
f 1725/1821 1692/1788 1691/1787
f 1726/1822 1693/1789 1692/1788
f 1726/1822 1692/1788 1725/1821
f 1727/1823 1693/1789 1726/1822
f 1727/1823 1694/1790 1693/1789
f 1728/1824 1695/1791 1694/1790
f 1728/1824 1694/1790 1727/1823
f 1729/1825 1696/1792 1695/1791
f 1729/1825 1695/1791 1728/1824
f 1730/1826 1697/1793 1696/1792
f 1730/1826 1696/1792 1729/1825
f 1731/1827 1698/1794 1697/1793
f 1731/1827 1697/1793 1730/1826
f 1732/1828 1699/1795 1698/1794
f 1732/1828 1698/1794 1731/1827
f 1733/1829 1700/1796 1699/1795
f 1733/1829 1699/1795 1732/1828
f 1734/1830 1701/1797 1700/1796
f 1734/1830 1700/1796 1733/1829
f 1735/1831 1702/1798 1701/1797
f 1735/1831 1701/1797 1734/1830
f 1736/1832 1703/1799 1702/1798
f 1736/1832 1702/1798 1735/1831
f 1737/1833 1704/1800 1703/1799
f 1737/1833 1703/1799 1736/1832
f 1738/1834 1705/1801 1704/1800
f 1738/1834 1704/1800 1737/1833
f 1739/1835 1705/1801 1738/1834
f 1739/1835 1706/1802 1705/1801
f 1740/1836 1707/1803 1706/1802
f 1740/1836 1706/1802 1739/1835
f 1741/1837 1707/1803 1740/1836
f 1741/1837 1708/1804 1707/1803
f 1742/1838 1709/1805 1708/1804
f 1742/1838 1708/1804 1741/1837
f 1743/1839 1710/1806 1709/1805
f 1743/1839 1709/1805 1742/1838
f 1744/1840 1711/1807 1710/1806
f 1744/1840 1710/1806 1743/1839
f 1745/1841 1711/1807 1744/1840
f 1745/1841 1712/1808 1711/1807
f 1746/1842 1713/1809 1712/1808
f 1746/1842 1712/1808 1745/1841
f 1747/1843 1713/1809 1746/1842
f 1747/1843 1714/1810 1713/1809
f 1749/1844 1716/1811 1714/1810
f 1749/1844 1714/1810 1747/1843
f 1748/1845 1716/1811 1749/1844
f 1748/1845 1715/1812 1716/1811
f 1752/1846 1719/1813 1718/1814
f 1751/1847 1718/1814 1717/1815
f 1751/1847 1717/1815 1750/1848
f 1752/1846 1718/1814 1751/1847
f 1753/1849 1720/1816 1719/1813
f 1753/1849 1719/1813 1752/1846
f 1754/1850 1721/1817 1720/1816
f 1754/1850 1720/1816 1753/1849
f 1755/1851 1722/1818 1721/1817
f 1755/1851 1721/1817 1754/1850
f 1756/1852 1723/1819 1722/1818
f 1756/1852 1722/1818 1755/1851
f 1757/1853 1724/1820 1723/1819
f 1757/1853 1723/1819 1756/1852
f 1758/1854 1725/1821 1724/1820
f 1758/1854 1724/1820 1757/1853
f 1759/1855 1725/1821 1758/1854
f 1759/1855 1726/1822 1725/1821
f 1760/1856 1727/1823 1726/1822
f 1760/1856 1726/1822 1759/1855
f 1761/1857 1727/1823 1760/1856
f 1761/1857 1728/1824 1727/1823
f 1762/1858 1729/1825 1728/1824
f 1762/1858 1728/1824 1761/1857
f 1763/1859 1730/1826 1729/1825
f 1763/1859 1729/1825 1762/1858
f 1764/1860 1731/1827 1730/1826
f 1764/1860 1730/1826 1763/1859
f 1765/1861 1731/1827 1764/1860
f 1765/1861 1732/1828 1731/1827
f 1766/1862 1732/1828 1765/1861
f 1766/1862 1733/1829 1732/1828
f 1767/1863 1733/1829 1766/1862
f 1767/1863 1734/1830 1733/1829
f 1768/1864 1735/1831 1734/1830
f 1768/1864 1734/1830 1767/1863
f 1769/1865 1735/1831 1768/1864
f 1769/1865 1736/1832 1735/1831
f 1770/1866 1737/1833 1736/1832
f 1770/1866 1736/1832 1769/1865
f 1771/1867 1738/1834 1737/1833
f 1771/1867 1737/1833 1770/1866
f 1772/1868 1739/1835 1738/1834
f 1772/1868 1738/1834 1771/1867
f 1773/1869 1740/1836 1739/1835
f 1773/1869 1739/1835 1772/1868
f 1774/1870 1741/1837 1740/1836
f 1774/1870 1740/1836 1773/1869
f 1775/1871 1742/1838 1741/1837
f 1775/1871 1741/1837 1774/1870
f 1776/1872 1743/1839 1742/1838
f 1776/1872 1742/1838 1775/1871
f 1777/1873 1744/1840 1743/1839
f 1777/1873 1743/1839 1776/1872
f 1778/1874 1745/1841 1744/1840
f 1778/1874 1744/1840 1777/1873
f 1779/1875 1746/1842 1745/1841
f 1779/1875 1745/1841 1778/1874
f 1780/1876 1747/1843 1746/1842
f 1780/1876 1746/1842 1779/1875
f 1782/1877 1749/1844 1747/1843
f 1782/1877 1747/1843 1780/1876
f 1781/1878 1748/1845 1749/1844
f 1781/1878 1749/1844 1782/1877
f 1785/1879 1752/1846 1751/1847
f 1785/1879 1751/1847 1784/1880
f 1784/1880 1751/1847 1750/1848
f 1784/1880 1750/1848 1783/1881
f 1786/1882 1752/1846 1785/1879
f 1786/1882 1753/1849 1752/1846
f 1787/1883 1753/1849 1786/1882
f 1787/1883 1754/1850 1753/1849
f 1788/1884 1755/1851 1754/1850
f 1788/1884 1754/1850 1787/1883
f 1789/1885 1755/1851 1788/1884
f 1789/1885 1756/1852 1755/1851
f 1790/1886 1757/1853 1756/1852
f 1790/1886 1756/1852 1789/1885
f 1791/1887 1758/1854 1757/1853
f 1791/1887 1757/1853 1790/1886
f 1792/1888 1759/1855 1758/1854
f 1792/1888 1758/1854 1791/1887
f 1793/1889 1760/1856 1759/1855
f 1793/1889 1759/1855 1792/1888
f 1794/1890 1761/1857 1760/1856
f 1794/1890 1760/1856 1793/1889
f 1795/1891 1762/1858 1761/1857
f 1795/1891 1761/1857 1794/1890
f 1796/1892 1763/1859 1762/1858
f 1796/1892 1762/1858 1795/1891
f 1797/1893 1764/1860 1763/1859
f 1797/1893 1763/1859 1796/1892
f 1798/1894 1765/1861 1764/1860
f 1798/1894 1764/1860 1797/1893
f 1799/1895 1766/1862 1765/1861
f 1799/1895 1765/1861 1798/1894
f 1800/1896 1767/1863 1766/1862
f 1800/1896 1766/1862 1799/1895
f 1801/1897 1768/1864 1767/1863
f 1801/1897 1767/1863 1800/1896
f 1802/1898 1769/1865 1768/1864
f 1802/1898 1768/1864 1801/1897
f 1803/1899 1770/1866 1769/1865
f 1803/1899 1769/1865 1802/1898
f 1804/1900 1771/1867 1770/1866
f 1804/1900 1770/1866 1803/1899
f 1805/1901 1772/1868 1771/1867
f 1805/1901 1771/1867 1804/1900
f 1806/1902 1773/1869 1772/1868
f 1806/1902 1772/1868 1805/1901
f 1807/1903 1774/1870 1773/1869
f 1807/1903 1773/1869 1806/1902
f 1808/1904 1775/1871 1774/1870
f 1808/1904 1774/1870 1807/1903
f 1809/1905 1776/1872 1775/1871
f 1809/1905 1775/1871 1808/1904
f 1810/1906 1777/1873 1776/1872
f 1810/1906 1776/1872 1809/1905
f 1811/1907 1778/1874 1777/1873
f 1811/1907 1777/1873 1810/1906
f 1812/1908 1779/1875 1778/1874
f 1812/1908 1778/1874 1811/1907
f 1813/1909 1780/1876 1779/1875
f 1813/1909 1779/1875 1812/1908
f 1815/1910 1782/1877 1780/1876
f 1815/1910 1780/1876 1813/1909
f 1814/1911 1781/1878 1782/1877
f 1814/1911 1782/1877 1815/1910
f 1818/1912 1785/1879 1784/1880
f 1817/1913 1784/1880 1783/1881
f 1818/1912 1784/1880 1817/1913
f 1817/1913 1783/1881 1816/1914
f 1819/1915 1786/1882 1785/1879
f 1819/1915 1785/1879 1818/1912
f 1820/1916 1787/1883 1786/1882
f 1820/1916 1786/1882 1819/1915
f 1821/1917 1787/1883 1820/1916
f 1821/1917 1788/1884 1787/1883
f 1822/1918 1789/1885 1788/1884
f 1822/1918 1788/1884 1821/1917
f 1823/1919 1790/1886 1789/1885
f 1823/1919 1789/1885 1822/1918
f 1824/1920 1791/1887 1790/1886
f 1824/1920 1790/1886 1823/1919
f 1825/1921 1792/1888 1791/1887
f 1825/1921 1791/1887 1824/1920
f 1826/1922 1793/1889 1792/1888
f 1826/1922 1792/1888 1825/1921
f 1827/1923 1794/1890 1793/1889
f 1827/1923 1793/1889 1826/1922
f 1828/1924 1795/1891 1794/1890
f 1828/1924 1794/1890 1827/1923
f 1829/1925 1795/1891 1828/1924
f 1829/1925 1796/1892 1795/1891
f 1830/1926 1796/1892 1829/1925
f 1830/1926 1797/1893 1796/1892
f 1831/1927 1797/1893 1830/1926
f 1831/1927 1798/1894 1797/1893
f 1832/1928 1799/1895 1798/1894
f 1832/1928 1798/1894 1831/1927
f 1833/1929 1800/1896 1799/1895
f 1833/1929 1799/1895 1832/1928
f 1834/1930 1801/1897 1800/1896
f 1834/1930 1800/1896 1833/1929
f 1835/1931 1802/1898 1801/1897
f 1835/1931 1801/1897 1834/1930
f 1836/1932 1803/1899 1802/1898
f 1836/1932 1802/1898 1835/1931
f 1837/1933 1804/1900 1803/1899
f 1837/1933 1803/1899 1836/1932
f 1838/1934 1805/1901 1804/1900
f 1838/1934 1804/1900 1837/1933
f 1839/1935 1806/1902 1805/1901
f 1839/1935 1805/1901 1838/1934
f 1840/1936 1807/1903 1806/1902
f 1840/1936 1806/1902 1839/1935
f 1841/1937 1808/1904 1807/1903
f 1841/1937 1807/1903 1840/1936
f 1842/1938 1809/1905 1808/1904
f 1842/1938 1808/1904 1841/1937
f 1843/1939 1810/1906 1809/1905
f 1843/1939 1809/1905 1842/1938
f 1844/1940 1811/1907 1810/1906
f 1844/1940 1810/1906 1843/1939
f 1845/1941 1811/1907 1844/1940
f 1845/1941 1812/1908 1811/1907
f 1846/1942 1813/1909 1812/1908
f 1846/1942 1812/1908 1845/1941
f 1848/1943 1813/1909 1846/1942
f 1848/1943 1815/1910 1813/1909
f 1847/1944 1814/1911 1815/1910
f 1847/1944 1815/1910 1848/1943
f 1851/1945 1818/1912 1817/1913
f 1850/1946 1817/1913 1816/1914
f 1850/1946 1816/1914 1849/1947
f 1851/1945 1817/1913 1850/1946
f 1852/1948 1819/1915 1818/1912
f 1852/1948 1818/1912 1851/1945
f 1853/1949 1820/1916 1819/1915
f 1853/1949 1819/1915 1852/1948
f 1854/1950 1821/1917 1820/1916
f 1854/1950 1820/1916 1853/1949
f 1855/1951 1822/1918 1821/1917
f 1855/1951 1821/1917 1854/1950
f 1856/1952 1823/1919 1822/1918
f 1856/1952 1822/1918 1855/1951
f 1857/1953 1824/1920 1823/1919
f 1857/1953 1823/1919 1856/1952
f 1858/1954 1825/1921 1824/1920
f 1858/1954 1824/1920 1857/1953
f 1859/1955 1826/1922 1825/1921
f 1859/1955 1825/1921 1858/1954
f 1860/1956 1827/1923 1826/1922
f 1860/1956 1826/1922 1859/1955
f 1861/1957 1828/1924 1827/1923
f 1861/1957 1827/1923 1860/1956
f 1862/1958 1829/1925 1828/1924
f 1862/1958 1828/1924 1861/1957
f 1863/1959 1830/1926 1829/1925
f 1863/1959 1829/1925 1862/1958
f 1864/1960 1831/1927 1830/1926
f 1864/1960 1830/1926 1863/1959
f 1865/1961 1831/1927 1864/1960
f 1865/1961 1832/1928 1831/1927
f 1866/1962 1833/1929 1832/1928
f 1866/1962 1832/1928 1865/1961
f 1867/1963 1833/1929 1866/1962
f 1867/1963 1834/1930 1833/1929
f 1868/1964 1835/1931 1834/1930
f 1868/1964 1834/1930 1867/1963
f 1869/1965 1835/1931 1868/1964
f 1869/1965 1836/1932 1835/1931
f 1870/1966 1837/1933 1836/1932
f 1870/1966 1836/1932 1869/1965
f 1871/1967 1838/1934 1837/1933
f 1871/1967 1837/1933 1870/1966
f 1872/1968 1839/1935 1838/1934
f 1872/1968 1838/1934 1871/1967
f 1873/1969 1839/1935 1872/1968
f 1873/1969 1840/1936 1839/1935
f 1874/1970 1841/1937 1840/1936
f 1874/1970 1840/1936 1873/1969
f 1875/1971 1842/1938 1841/1937
f 1875/1971 1841/1937 1874/1970
f 1876/1972 1843/1939 1842/1938
f 1876/1972 1842/1938 1875/1971
f 1877/1973 1844/1940 1843/1939
f 1877/1973 1843/1939 1876/1972
f 1878/1974 1845/1941 1844/1940
f 1878/1974 1844/1940 1877/1973
f 1879/1975 1845/1941 1878/1974
f 1879/1975 1846/1942 1845/1941
f 1881/1976 1848/1943 1846/1942
f 1881/1976 1846/1942 1879/1975
f 1880/1977 1847/1944 1848/1943
f 1880/1977 1848/1943 1881/1976
f 1884/1978 1851/1945 1850/1946
f 1884/1978 1850/1946 1883/1979
f 1883/1979 1850/1946 1849/1947
f 1883/1979 1849/1947 1882/1980
f 1885/1981 1851/1945 1884/1978
f 1885/1981 1852/1948 1851/1945
f 1886/1982 1853/1949 1852/1948
f 1886/1982 1852/1948 1885/1981
f 1887/1983 1854/1950 1853/1949
f 1887/1983 1853/1949 1886/1982
f 1888/1984 1855/1951 1854/1950
f 1888/1984 1854/1950 1887/1983
f 1889/1985 1855/1951 1888/1984
f 1889/1985 1856/1952 1855/1951
f 1890/1986 1857/1953 1856/1952
f 1890/1986 1856/1952 1889/1985
f 1891/1987 1858/1954 1857/1953
f 1891/1987 1857/1953 1890/1986
f 1892/1988 1859/1955 1858/1954
f 1892/1988 1858/1954 1891/1987
f 1893/1989 1859/1955 1892/1988
f 1893/1989 1860/1956 1859/1955
f 1894/1990 1860/1956 1893/1989
f 1894/1990 1861/1957 1860/1956
f 1895/1991 1861/1957 1894/1990
f 1895/1991 1862/1958 1861/1957
f 1896/1992 1863/1959 1862/1958
f 1896/1992 1862/1958 1895/1991
f 1897/1993 1864/1960 1863/1959
f 1897/1993 1863/1959 1896/1992
f 1898/1994 1865/1961 1864/1960
f 1898/1994 1864/1960 1897/1993
f 1899/1995 1866/1962 1865/1961
f 1899/1995 1865/1961 1898/1994
f 1900/1996 1867/1963 1866/1962
f 1900/1996 1866/1962 1899/1995
f 1901/1997 1868/1964 1867/1963
f 1901/1997 1867/1963 1900/1996
f 1902/1998 1869/1965 1868/1964
f 1902/1998 1868/1964 1901/1997
f 1903/1999 1870/1966 1869/1965
f 1903/1999 1869/1965 1902/1998
f 1904/2000 1871/1967 1870/1966
f 1904/2000 1870/1966 1903/1999
f 1905/2001 1872/1968 1871/1967
f 1905/2001 1871/1967 1904/2000
f 1906/2002 1873/1969 1872/1968
f 1906/2002 1872/1968 1905/2001
f 1907/2003 1873/1969 1906/2002
f 1907/2003 1874/1970 1873/1969
f 1908/2004 1875/1971 1874/1970
f 1908/2004 1874/1970 1907/2003
f 1909/2005 1876/1972 1875/1971
f 1909/2005 1875/1971 1908/2004
f 1910/2006 1877/1973 1876/1972
f 1910/2006 1876/1972 1909/2005
f 1911/2007 1878/1974 1877/1973
f 1911/2007 1877/1973 1910/2006
f 1912/2008 1878/1974 1911/2007
f 1912/2008 1879/1975 1878/1974
f 1914/2009 1879/1975 1912/2008
f 1914/2009 1881/1976 1879/1975
f 1913/2010 1881/1976 1914/2009
f 1913/2010 1880/1977 1881/1976
f 1917/2011 1884/1978 1883/1979
f 1916/2012 1882/2013 1915/2014
f 1917/2011 1883/1979 1916/2015
f 1916/2015 1883/1979 1882/2013
f 1918/2016 1885/1981 1884/1978
f 1918/2016 1884/1978 1917/2011
f 1919/2017 1886/1982 1885/1981
f 1919/2017 1885/1981 1918/2016
f 1920/2018 1887/1983 1886/1982
f 1920/2018 1886/1982 1919/2017
f 1921/2019 1888/1984 1887/1983
f 1921/2019 1887/1983 1920/2018
f 1922/2020 1889/1985 1888/1984
f 1922/2020 1888/1984 1921/2019
f 1923/2021 1890/1986 1889/1985
f 1923/2021 1889/1985 1922/2020
f 1924/2022 1891/1987 1890/1986
f 1924/2022 1890/1986 1923/2021
f 1925/2023 1892/1988 1891/1987
f 1925/2023 1891/1987 1924/2022
f 1926/2024 1893/1989 1892/1988
f 1926/2024 1892/1988 1925/2023
f 1927/2025 1894/1990 1893/1989
f 1927/2025 1893/1989 1926/2024
f 1928/2026 1895/1991 1894/1990
f 1928/2026 1894/1990 1927/2025
f 1929/2027 1895/1991 1928/2026
f 1929/2027 1896/1992 1895/1991
f 1930/2028 1897/1993 1896/1992
f 1930/2028 1896/1992 1929/2027
f 1931/2029 1898/1994 1897/1993
f 1931/2029 1897/1993 1930/2028
f 1932/2030 1899/1995 1898/1994
f 1932/2030 1898/1994 1931/2029
f 1933/2031 1899/1995 1932/2030
f 1933/2031 1900/1996 1899/1995
f 1934/2032 1901/1997 1900/1996
f 1934/2032 1900/1996 1933/2031
f 1935/2033 1902/1998 1901/1997
f 1935/2033 1901/1997 1934/2032
f 1936/2034 1902/1998 1935/2033
f 1936/2034 1903/1999 1902/1998
f 1937/2035 1904/2000 1903/1999
f 1937/2035 1903/1999 1936/2034
f 1938/2036 1905/2001 1904/2000
f 1938/2036 1904/2000 1937/2035
f 1939/2037 1906/2002 1905/2001
f 1939/2037 1905/2001 1938/2036
f 1940/2038 1907/2003 1906/2002
f 1940/2038 1906/2002 1939/2037
f 1941/2039 1908/2004 1907/2003
f 1941/2039 1907/2003 1940/2038
f 1942/2040 1909/2005 1908/2004
f 1942/2040 1908/2004 1941/2039
f 1943/2041 1910/2006 1909/2005
f 1943/2041 1909/2005 1942/2040
f 1944/2042 1911/2007 1910/2006
f 1944/2042 1910/2006 1943/2041
f 1945/2043 1912/2008 1911/2007
f 1945/2043 1911/2007 1944/2042
f 1947/2044 1914/2009 1912/2008
f 1947/2044 1912/2008 1945/2043
f 1946/2045 1913/2010 1914/2009
f 1946/2045 1914/2009 1947/2044
f 1950/2046 1917/2011 1916/2015
f 1950/2046 1916/2015 1949/2047
f 1949/2047 1916/2015 1915/2014
f 1949/2047 1915/2014 1948/2048
f 1951/2049 1918/2016 1917/2011
f 1951/2049 1917/2011 1950/2046
f 1952/2050 1919/2017 1918/2016
f 1952/2050 1918/2016 1951/2049
f 1953/2051 1919/2017 1952/2050
f 1953/2051 1920/2018 1919/2017
f 1954/2052 1921/2019 1920/2018
f 1954/2052 1920/2018 1953/2051
f 1955/2053 1922/2020 1921/2019
f 1955/2053 1921/2019 1954/2052
f 1956/2054 1923/2021 1922/2020
f 1956/2054 1922/2020 1955/2053
f 1957/2055 1923/2021 1956/2054
f 1957/2055 1924/2022 1923/2021
f 1958/2056 1925/2023 1924/2022
f 1958/2056 1924/2022 1957/2055
f 1959/2057 1926/2024 1925/2023
f 1959/2057 1925/2023 1958/2056
f 1960/2058 1927/2025 1926/2024
f 1960/2058 1926/2024 1959/2057
f 1961/2059 1928/2026 1927/2025
f 1961/2059 1927/2025 1960/2058
f 1962/2060 1929/2027 1928/2026
f 1962/2060 1928/2026 1961/2059
f 1963/2061 1930/2028 1929/2027
f 1963/2061 1929/2027 1962/2060
f 1964/2062 1931/2029 1930/2028
f 1964/2062 1930/2028 1963/2061
f 1965/2063 1932/2030 1931/2029
f 1965/2063 1931/2029 1964/2062
f 1966/2064 1933/2031 1932/2030
f 1966/2064 1932/2030 1965/2063
f 1967/2065 1933/2031 1966/2064
f 1967/2065 1934/2032 1933/2031
f 1968/2066 1935/2033 1934/2032
f 1968/2066 1934/2032 1967/2065
f 1969/2067 1936/2034 1935/2033
f 1969/2067 1935/2033 1968/2066
f 1970/2068 1937/2035 1936/2034
f 1970/2068 1936/2034 1969/2067
f 1971/2069 1938/2036 1937/2035
f 1971/2069 1937/2035 1970/2068
f 1972/2070 1939/2037 1938/2036
f 1972/2070 1938/2036 1971/2069
f 1973/2071 1940/2038 1939/2037
f 1973/2071 1939/2037 1972/2070
f 1974/2072 1941/2039 1940/2038
f 1974/2072 1940/2038 1973/2071
f 1975/2073 1941/2039 1974/2072
f 1975/2073 1942/2040 1941/2039
f 1976/2074 1943/2041 1942/2040
f 1976/2074 1942/2040 1975/2073
f 1977/2075 1943/2041 1976/2074
f 1977/2075 1944/2042 1943/2041
f 1978/2076 1945/2043 1944/2042
f 1978/2076 1944/2042 1977/2075
f 1980/2077 1945/2043 1978/2076
f 1980/2077 1947/2044 1945/2043
f 1979/2078 1946/2045 1947/2044
f 1979/2078 1947/2044 1980/2077
f 1983/2079 1950/2046 1949/2047
f 1982/2080 1948/2081 1981/2082
f 1983/2079 1949/2047 1982/2083
f 1982/2083 1949/2047 1948/2081
f 1984/2084 1951/2049 1950/2046
f 1984/2084 1950/2046 1983/2079
f 1985/2085 1952/2050 1951/2049
f 1985/2085 1951/2049 1984/2084
f 1986/2086 1953/2051 1952/2050
f 1986/2086 1952/2050 1985/2085
f 1987/2087 1954/2052 1953/2051
f 1987/2087 1953/2051 1986/2086
f 1988/2088 1955/2053 1954/2052
f 1988/2088 1954/2052 1987/2087
f 1989/2089 1956/2054 1955/2053
f 1989/2089 1955/2053 1988/2088
f 1990/2090 1957/2055 1956/2054
f 1990/2090 1956/2054 1989/2089
f 1991/2091 1957/2055 1990/2090
f 1991/2091 1958/2056 1957/2055
f 1992/2092 1959/2057 1958/2056
f 1992/2092 1958/2056 1991/2091
f 1993/2093 1959/2057 1992/2092
f 1993/2093 1960/2058 1959/2057
f 1994/2094 1961/2059 1960/2058
f 1994/2094 1960/2058 1993/2093
f 1995/2095 1962/2060 1961/2059
f 1995/2095 1961/2059 1994/2094
f 1996/2096 1963/2061 1962/2060
f 1996/2096 1962/2060 1995/2095
f 1997/2097 1964/2062 1963/2061
f 1997/2097 1963/2061 1996/2096
f 1998/2098 1965/2063 1964/2062
f 1998/2098 1964/2062 1997/2097
f 1999/2099 1965/2063 1998/2098
f 1999/2099 1966/2064 1965/2063
f 2000/2100 1966/2064 1999/2099
f 2000/2100 1967/2065 1966/2064
f 2001/2101 1967/2065 2000/2100
f 2001/2101 1968/2066 1967/2065
f 2002/2102 1969/2067 1968/2066
f 2002/2102 1968/2066 2001/2101
f 2003/2103 1969/2067 2002/2102
f 2003/2103 1970/2068 1969/2067
f 2004/2104 1971/2069 1970/2068
f 2004/2104 1970/2068 2003/2103
f 2005/2105 1971/2069 2004/2104
f 2005/2105 1972/2070 1971/2069
f 2006/2106 1973/2071 1972/2070
f 2006/2106 1972/2070 2005/2105
f 2007/2107 1974/2072 1973/2071
f 2007/2107 1973/2071 2006/2106
f 2008/2108 1975/2073 1974/2072
f 2008/2108 1974/2072 2007/2107
f 2009/2109 1976/2074 1975/2073
f 2009/2109 1975/2073 2008/2108
f 2010/2110 1977/2075 1976/2074
f 2010/2110 1976/2074 2009/2109
f 2011/2111 1978/2076 1977/2075
f 2011/2111 1977/2075 2010/2110
f 2013/2112 1980/2077 1978/2076
f 2013/2112 1978/2076 2011/2111
f 2012/2113 1979/2078 1980/2077
f 2012/2113 1980/2077 2013/2112
f 2016/2114 1983/2079 1982/2083
f 2016/2114 1982/2083 2015/2115
f 2015/2115 1982/2083 1981/2082
f 2015/2115 1981/2082 2014/2116
f 2017/2117 1983/2079 2016/2114
f 2017/2117 1984/2084 1983/2079
f 2018/2118 1985/2085 1984/2084
f 2018/2118 1984/2084 2017/2117
f 2019/2119 1986/2086 1985/2085
f 2019/2119 1985/2085 2018/2118
f 2020/2120 1987/2087 1986/2086
f 2020/2120 1986/2086 2019/2119
f 2021/2121 1987/2087 2020/2120
f 2021/2121 1988/2088 1987/2087
f 2022/2122 1989/2089 1988/2088
f 2022/2122 1988/2088 2021/2121
f 2023/2123 1990/2090 1989/2089
f 2023/2123 1989/2089 2022/2122
f 2024/2124 1991/2091 1990/2090
f 2024/2124 1990/2090 2023/2123
f 2025/2125 1992/2092 1991/2091
f 2025/2125 1991/2091 2024/2124
f 2026/2126 1993/2093 1992/2092
f 2026/2126 1992/2092 2025/2125
f 2027/2127 1993/2093 2026/2126
f 2027/2127 1994/2094 1993/2093
f 2028/2128 1995/2095 1994/2094
f 2028/2128 1994/2094 2027/2127
f 2029/2129 1996/2096 1995/2095
f 2029/2129 1995/2095 2028/2128
f 2030/2130 1997/2097 1996/2096
f 2030/2130 1996/2096 2029/2129
f 2031/2131 1998/2098 1997/2097
f 2031/2131 1997/2097 2030/2130
f 2032/2132 1999/2099 1998/2098
f 2032/2132 1998/2098 2031/2131
f 2033/2133 2000/2100 1999/2099
f 2033/2133 1999/2099 2032/2132
f 2034/2134 2001/2101 2000/2100
f 2034/2134 2000/2100 2033/2133
f 2035/2135 2002/2102 2001/2101
f 2035/2135 2001/2101 2034/2134
f 2036/2136 2003/2103 2002/2102
f 2036/2136 2002/2102 2035/2135
f 2037/2137 2004/2104 2003/2103
f 2037/2137 2003/2103 2036/2136
f 2038/2138 2004/2104 2037/2137
f 2038/2138 2005/2105 2004/2104
f 2039/2139 2005/2105 2038/2138
f 2039/2139 2006/2106 2005/2105
f 2040/2140 2006/2106 2039/2139
f 2040/2140 2007/2107 2006/2106
f 2041/2141 2007/2107 2040/2140
f 2041/2141 2008/2108 2007/2107
f 2042/2142 2008/2108 2041/2141
f 2042/2142 2009/2109 2008/2108
f 2043/2143 2009/2109 2042/2142
f 2043/2143 2010/2110 2009/2109
f 2044/2144 2011/2111 2010/2110
f 2044/2144 2010/2110 2043/2143
f 2046/2145 2011/2111 2044/2144
f 2046/2145 2013/2112 2011/2111
f 2045/2146 2013/2112 2046/2145
f 2045/2146 2012/2113 2013/2112
f 2049/2147 2016/2114 2015/2115
f 2048/2148 2015/2115 2014/2116
f 2048/2148 2014/2116 2047/2149
f 2049/2147 2015/2115 2048/2148
f 2050/2150 2017/2117 2016/2114
f 2050/2150 2016/2114 2049/2147
f 2051/2151 2018/2118 2017/2117
f 2051/2151 2017/2117 2050/2150
f 2052/2152 2019/2119 2018/2118
f 2052/2152 2018/2118 2051/2151
f 2053/2153 2020/2120 2019/2119
f 2053/2153 2019/2119 2052/2152
f 2054/2154 2021/2121 2020/2120
f 2054/2154 2020/2120 2053/2153
f 2055/2155 2022/2122 2021/2121
f 2055/2155 2021/2121 2054/2154
f 2056/2156 2022/2122 2055/2155
f 2056/2156 2023/2123 2022/2122
f 2057/2157 2024/2124 2023/2123
f 2057/2157 2023/2123 2056/2156
f 2058/2158 2025/2125 2024/2124
f 2058/2158 2024/2124 2057/2157
f 2059/2159 2025/2125 2058/2158
f 2059/2159 2026/2126 2025/2125
f 2060/2160 2027/2127 2026/2126
f 2060/2160 2026/2126 2059/2159
f 2061/2161 2028/2128 2027/2127
f 2061/2161 2027/2127 2060/2160
f 2062/2162 2029/2129 2028/2128
f 2062/2162 2028/2128 2061/2161
f 2063/2163 2030/2130 2029/2129
f 2063/2163 2029/2129 2062/2162
f 2064/2164 2031/2131 2030/2130
f 2064/2164 2030/2130 2063/2163
f 2065/2165 2032/2132 2031/2131
f 2065/2165 2031/2131 2064/2164
f 2066/2166 2033/2133 2032/2132
f 2066/2166 2032/2132 2065/2165
f 2067/2167 2034/2134 2033/2133
f 2067/2167 2033/2133 2066/2166
f 2068/2168 2035/2135 2034/2134
f 2068/2168 2034/2134 2067/2167
f 2069/2169 2036/2136 2035/2135
f 2069/2169 2035/2135 2068/2168
f 2070/2170 2037/2137 2036/2136
f 2070/2170 2036/2136 2069/2169
f 2071/2171 2038/2138 2037/2137
f 2071/2171 2037/2137 2070/2170
f 2072/2172 2039/2139 2038/2138
f 2072/2172 2038/2138 2071/2171
f 2073/2173 2040/2140 2039/2139
f 2073/2173 2039/2139 2072/2172
f 2074/2174 2041/2141 2040/2140
f 2074/2174 2040/2140 2073/2173
f 2075/2175 2042/2142 2041/2141
f 2075/2175 2041/2141 2074/2174
f 2076/2176 2043/2143 2042/2142
f 2076/2176 2042/2142 2075/2175
f 2077/2177 2044/2144 2043/2143
f 2077/2177 2043/2143 2076/2176
f 2079/2178 2046/2145 2044/2144
f 2079/2178 2044/2144 2077/2177
f 2078/2179 2045/2146 2046/2145
f 2078/2179 2046/2145 2079/2178
f 2082/2180 2049/2147 2048/2148
f 2082/2180 2048/2148 2081/2181
f 2081/2181 2048/2148 2047/2149
f 2081/2181 2047/2149 2080/2182
f 2083/2183 2050/2150 2049/2147
f 2083/2183 2049/2147 2082/2180
f 2084/2184 2051/2151 2050/2150
f 2084/2184 2050/2150 2083/2183
f 2085/2185 2052/2152 2051/2151
f 2085/2185 2051/2151 2084/2184
f 2086/2186 2053/2153 2052/2152
f 2086/2186 2052/2152 2085/2185
f 2087/2187 2053/2153 2086/2186
f 2087/2187 2054/2154 2053/2153
f 2088/2188 2055/2155 2054/2154
f 2088/2188 2054/2154 2087/2187
f 2089/2189 2056/2156 2055/2155
f 2089/2189 2055/2155 2088/2188
f 2090/2190 2057/2157 2056/2156
f 2090/2190 2056/2156 2089/2189
f 2091/2191 2058/2158 2057/2157
f 2091/2191 2057/2157 2090/2190
f 2092/2192 2059/2159 2058/2158
f 2092/2192 2058/2158 2091/2191
f 2093/2193 2060/2160 2059/2159
f 2093/2193 2059/2159 2092/2192
f 2094/2194 2061/2161 2060/2160
f 2094/2194 2060/2160 2093/2193
f 2095/2195 2062/2162 2061/2161
f 2095/2195 2061/2161 2094/2194
f 2096/2196 2063/2163 2062/2162
f 2096/2196 2062/2162 2095/2195
f 2097/2197 2064/2164 2063/2163
f 2097/2197 2063/2163 2096/2196
f 2098/2198 2065/2165 2064/2164
f 2098/2198 2064/2164 2097/2197
f 2099/2199 2066/2166 2065/2165
f 2099/2199 2065/2165 2098/2198
f 2100/2200 2067/2167 2066/2166
f 2100/2200 2066/2166 2099/2199
f 2101/2201 2067/2167 2100/2200
f 2101/2201 2068/2168 2067/2167
f 2102/2202 2068/2168 2101/2201
f 2102/2202 2069/2169 2068/2168
f 2103/2203 2069/2169 2102/2202
f 2103/2203 2070/2170 2069/2169
f 2104/2204 2071/2171 2070/2170
f 2104/2204 2070/2170 2103/2203
f 2105/2205 2071/2171 2104/2204
f 2105/2205 2072/2172 2071/2171
f 2106/2206 2073/2173 2072/2172
f 2106/2206 2072/2172 2105/2205
f 2107/2207 2073/2173 2106/2206
f 2107/2207 2074/2174 2073/2173
f 2108/2208 2075/2175 2074/2174
f 2108/2208 2074/2174 2107/2207
f 2109/2209 2075/2175 2108/2208
f 2109/2209 2076/2176 2075/2175
f 2110/2210 2076/2176 2109/2209
f 2110/2210 2077/2177 2076/2176
f 2112/2211 2077/2177 2110/2210
f 2112/2211 2079/2178 2077/2177
f 2111/2212 2078/2179 2079/2178
f 2111/2212 2079/2178 2112/2211
f 2118/2213 2082/2180 2081/2181
f 2116/2214 2081/2181 2080/2182
f 2116/2214 2080/2182 2114/2215
f 2118/2213 2081/2181 2116/2214
f 2120/2216 2083/2183 2082/2180
f 2120/2216 2082/2180 2118/2213
f 2122/2217 2084/2184 2083/2183
f 2122/2217 2083/2183 2120/2216
f 2124/2218 2085/2185 2084/2184
f 2124/2218 2084/2184 2122/2217
f 2126/2219 2085/2185 2124/2218
f 2126/2219 2086/2186 2085/2185
f 2128/2220 2087/2187 2086/2186
f 2128/2220 2086/2186 2126/2219
f 2130/2221 2087/2187 2128/2220
f 2130/2221 2088/2188 2087/2187
f 2132/2222 2089/2189 2088/2188
f 2132/2222 2088/2188 2130/2221
f 2134/2223 2090/2190 2089/2189
f 2134/2223 2089/2189 2132/2222
f 2136/2224 2091/2191 2090/2190
f 2136/2224 2090/2190 2134/2223
f 2138/2225 2091/2191 2136/2224
f 2138/2225 2092/2192 2091/2191
f 2140/2226 2093/2193 2092/2192
f 2140/2226 2092/2192 2138/2225
f 2142/2227 2094/2194 2093/2193
f 2142/2227 2093/2193 2140/2226
f 2144/2228 2095/2195 2094/2194
f 2144/2228 2094/2194 2142/2227
f 2146/2229 2095/2195 2144/2228
f 2146/2229 2096/2196 2095/2195
f 2148/2230 2097/2197 2096/2196
f 2148/2230 2096/2196 2146/2229
f 2150/2231 2098/2198 2097/2197
f 2150/2231 2097/2197 2148/2230
f 2152/2232 2099/2199 2098/2198
f 2152/2232 2098/2198 2150/2231
f 2154/2233 2100/2200 2099/2199
f 2154/2233 2099/2199 2152/2232
f 2156/2234 2101/2201 2100/2200
f 2156/2234 2100/2200 2154/2233
f 2158/2235 2102/2202 2101/2201
f 2158/2235 2101/2201 2156/2234
f 2160/2236 2103/2203 2102/2202
f 2160/2236 2102/2202 2158/2235
f 2162/2237 2104/2204 2103/2203
f 2162/2237 2103/2203 2160/2236
f 2164/2238 2105/2205 2104/2204
f 2164/2238 2104/2204 2162/2237
f 2166/2239 2106/2206 2105/2205
f 2166/2239 2105/2205 2164/2238
f 2168/2240 2107/2207 2106/2206
f 2168/2240 2106/2206 2166/2239
f 2170/2241 2108/2208 2107/2207
f 2170/2241 2107/2207 2168/2240
f 2172/2242 2109/2209 2108/2208
f 2172/2242 2108/2208 2170/2241
f 2174/2243 2110/2210 2109/2209
f 2174/2243 2109/2209 2172/2242
f 2177/2244 2112/2211 2110/2210
f 2177/2244 2110/2210 2174/2243
f 2176/2245 2111/2212 2112/2211
f 2176/2245 2112/2211 2177/2244
f 2117/2246 2118/2213 2116/2214
f 2117/2246 2116/2214 2115/2247
f 2115/2247 2116/2214 2114/2215
f 2115/2247 2114/2215 2113/2248
f 2119/2249 2118/2213 2117/2246
f 2119/2249 2120/2216 2118/2213
f 2121/2250 2120/2216 2119/2249
f 2121/2250 2122/2217 2120/2216
f 2123/2251 2122/2217 2121/2250
f 2123/2251 2124/2218 2122/2217
f 2125/2252 2126/2219 2124/2218
f 2125/2252 2124/2218 2123/2251
f 2127/2253 2128/2220 2126/2219
f 2127/2253 2126/2219 2125/2252
f 2129/2254 2130/2221 2128/2220
f 2129/2254 2128/2220 2127/2253
f 2131/2255 2132/2222 2130/2221
f 2131/2255 2130/2221 2129/2254
f 2133/2256 2134/2223 2132/2222
f 2133/2256 2132/2222 2131/2255
f 2135/2257 2136/2224 2134/2223
f 2135/2257 2134/2223 2133/2256
f 2137/2258 2138/2225 2136/2224
f 2137/2258 2136/2224 2135/2257
f 2139/2259 2140/2226 2138/2225
f 2139/2259 2138/2225 2137/2258
f 2141/2260 2142/2227 2140/2226
f 2141/2260 2140/2226 2139/2259
f 2143/2261 2144/2228 2142/2227
f 2143/2261 2142/2227 2141/2260
f 2145/2262 2146/2229 2144/2228
f 2145/2262 2144/2228 2143/2261
f 2147/2263 2148/2230 2146/2229
f 2147/2263 2146/2229 2145/2262
f 2149/2264 2148/2230 2147/2263
f 2149/2264 2150/2231 2148/2230
f 2151/2265 2150/2231 2149/2264
f 2151/2265 2152/2232 2150/2231
f 2153/2266 2152/2232 2151/2265
f 2153/2266 2154/2233 2152/2232
f 2155/2267 2154/2233 2153/2266
f 2155/2267 2156/2234 2154/2233
f 2157/2268 2156/2234 2155/2267
f 2157/2268 2158/2235 2156/2234
f 2159/2269 2158/2235 2157/2268
f 2159/2269 2160/2236 2158/2235
f 2161/2270 2160/2236 2159/2269
f 2161/2270 2162/2237 2160/2236
f 2163/2271 2162/2237 2161/2270
f 2163/2271 2164/2238 2162/2237
f 2165/2272 2164/2238 2163/2271
f 2165/2272 2166/2239 2164/2238
f 2167/2273 2166/2239 2165/2272
f 2167/2273 2168/2240 2166/2239
f 2169/2274 2168/2240 2167/2273
f 2169/2274 2170/2241 2168/2240
f 2171/2275 2170/2241 2169/2274
f 2171/2275 2172/2242 2170/2241
f 2173/2276 2174/2243 2172/2242
f 2173/2276 2172/2242 2171/2275
f 2175/2277 2177/2244 2174/2243
f 2175/2277 2174/2243 2173/2276
f 2178/2278 2176/2245 2177/2244
f 2178/2278 2177/2244 2175/2277
f 2213/2279 2180/2280 2179/2281
f 2213/2279 2179/2281 2212/2282
f 2214/2283 2180/2280 2213/2279
f 2216/2284 2183/2285 2182/2286
f 2218/2287 2184/2288 2217/2289
f 2218/2287 2185/2290 2184/2288
f 2219/2291 2185/2290 2218/2287
f 2220/2292 2187/2293 2186/2294
f 2222/2295 2188/2296 2221/2297
f 2222/2295 2189/2298 2188/2296
f 2224/2299 2190/2300 2223/2301
f 2224/2299 2191/2302 2190/2300
f 2225/2303 2191/2302 2224/2299
f 2226/2304 2193/2305 2192/2306
f 2227/2307 2193/2305 2226/2304
f 2228/2308 2195/2309 2194/2310
f 2230/2311 2196/2312 2229/2313
f 2230/2311 2197/2314 2196/2312
f 2232/2315 2198/2316 2231/2317
f 2232/2315 2199/2318 2198/2316
f 2234/2319 2200/2320 2233/2321
f 2234/2319 2201/2322 2200/2320
f 2236/2323 2202/2324 2235/2325
f 2236/2323 2203/2326 2202/2324
f 2237/2327 2203/2326 2236/2323
f 2238/2328 2205/2329 2204/2330
f 2239/2331 2205/2329 2238/2328
f 2240/2332 2207/2333 2206/2334
f 2241/2335 2207/2333 2240/2332
f 2242/2336 2209/2337 2208/2338
f 2244/2339 2209/2337 2242/2336
f 2243/2340 2210/2341 2211/2342
f 2247/2343 2213/2344 2246/2345
f 2247/2343 2214/2283 2213/2344
f 2249/2346 2215/2347 2248/2348
f 2249/2346 2216/2349 2215/2347
f 2251/2350 2217/2351 2250/2352
f 2251/2350 2218/2287 2217/2351
f 2253/2353 2219/2354 2252/2355
f 2253/2353 2220/2356 2219/2354
f 2255/2357 2221/2358 2254/2359
f 2255/2357 2222/2295 2221/2358
f 2257/2360 2223/2361 2256/2362
f 2257/2360 2224/2299 2223/2361
f 2259/2363 2225/2364 2258/2365
f 2259/2363 2226/2366 2225/2364
f 2261/2367 2227/2368 2260/2369
f 2261/2367 2228/2370 2227/2368
f 2262/2371 2228/2370 2261/2367
f 2263/2372 2230/2311 2229/2313
f 2264/2373 2230/2311 2263/2372
f 2265/2374 2232/2315 2231/2317
f 2266/2375 2232/2315 2265/2374
f 2267/2376 2234/2319 2233/2321
f 2268/2377 2234/2319 2267/2376
f 2269/2378 2236/2323 2235/2325
f 2270/2379 2236/2323 2269/2378
f 2271/2380 2238/2381 2237/2382
f 2272/2383 2238/2381 2271/2380
f 2273/2384 2240/2385 2239/2386
f 2274/2387 2240/2385 2273/2384
f 2275/2388 2242/2389 2241/2390
f 2277/2391 2242/2389 2275/2388
f 2276/2392 2243/2393 2244/2394
f 2216/2284 2182/2286 2215/2347
f 2215/2347 2182/2286 2181/2395
f 2215/2347 2181/2395 2214/2396
f 2214/2396 2181/2395 2180/2280
f 2217/2397 2183/2285 2216/2284
f 2217/2289 2184/2288 2183/2285
f 2220/2292 2186/2294 2219/2354
f 2219/2291 2186/2294 2185/2290
f 2221/2398 2187/2293 2220/2292
f 2221/2297 2188/2296 2187/2293
f 2223/2399 2189/2298 2222/2295
f 2223/2399 2190/2300 2189/2298
f 2226/2304 2192/2306 2225/2364
f 2225/2364 2192/2306 2191/2302
f 2228/2308 2194/2310 2227/2368
f 2227/2307 2194/2310 2193/2305
f 2229/2400 2195/2309 2228/2308
f 2229/2313 2196/2312 2195/2309
f 2231/2401 2197/2314 2230/2311
f 2231/2401 2198/2316 2197/2314
f 2233/2402 2199/2318 2232/2315
f 2233/2321 2200/2320 2199/2318
f 2235/2403 2201/2322 2234/2319
f 2235/2403 2202/2324 2201/2322
f 2238/2328 2204/2330 2237/2382
f 2237/2382 2204/2330 2203/2326
f 2240/2332 2206/2334 2239/2386
f 2239/2331 2206/2334 2205/2329
f 2242/2389 2208/2338 2241/2390
f 2241/2390 2208/2338 2207/2333
f 2243/2393 2211/2342 2244/2394
f 2244/2394 2211/2342 2209/2337
f 2246/2404 2212/2405 2245/2406
f 2246/2345 2213/2344 2212/2405
f 2248/2348 2215/2347 2214/2396
f 2248/2348 2214/2396 2247/2343
f 2250/2407 2216/2349 2249/2346
f 2250/2407 2217/2351 2216/2349
f 2252/2355 2219/2354 2218/2287
f 2252/2355 2218/2287 2251/2350
f 2254/2408 2220/2356 2253/2353
f 2254/2359 2221/2358 2220/2356
f 2256/2362 2223/2361 2222/2295
f 2256/2362 2222/2295 2255/2357
f 2258/2409 2224/2299 2257/2360
f 2258/2409 2225/2364 2224/2299
f 2260/2369 2227/2368 2226/2304
f 2260/2369 2226/2304 2259/2363
f 2263/2372 2229/2313 2262/2410
f 2262/2410 2229/2313 2228/2370
f 2265/2374 2231/2317 2264/2411
f 2264/2411 2231/2317 2230/2311
f 2267/2376 2233/2321 2266/2412
f 2266/2375 2233/2321 2232/2315
f 2269/2378 2235/2325 2268/2413
f 2268/2377 2235/2325 2234/2319
f 2271/2380 2237/2382 2270/2414
f 2270/2414 2237/2382 2236/2323
f 2273/2384 2239/2386 2272/2415
f 2272/2383 2239/2386 2238/2381
f 2275/2388 2241/2390 2274/2416
f 2274/2387 2241/2390 2240/2385
f 2276/2392 2244/2394 2277/2417
f 2277/2417 2244/2394 2242/2389
f 2280/2418 2247/2343 2246/2345
f 2279/2419 2245/2420 2278/2421
f 2280/2418 2246/2345 2279/2422
f 2279/2422 2246/2345 2245/2420
f 2281/2423 2248/2348 2247/2343
f 2281/2423 2247/2343 2280/2418
f 2282/2424 2249/2346 2248/2348
f 2282/2424 2248/2348 2281/2423
f 2283/2425 2250/2407 2249/2346
f 2283/2425 2249/2346 2282/2424
f 2284/2426 2251/2350 2250/2352
f 2284/2426 2250/2352 2283/2425
f 2285/2427 2252/2355 2251/2350
f 2285/2427 2251/2350 2284/2426
f 2286/2428 2253/2353 2252/2355
f 2286/2428 2252/2355 2285/2427
f 2287/2429 2254/2408 2253/2353
f 2287/2429 2253/2353 2286/2428
f 2288/2430 2255/2357 2254/2359
f 2288/2430 2254/2359 2287/2429
f 2289/2431 2256/2362 2255/2357
f 2289/2431 2255/2357 2288/2430
f 2290/2432 2257/2360 2256/2362
f 2290/2432 2256/2362 2289/2431
f 2291/2433 2258/2409 2257/2360
f 2291/2433 2257/2360 2290/2432
f 2292/2434 2258/2409 2291/2433
f 2292/2434 2259/2363 2258/2409
f 2293/2435 2260/2369 2259/2363
f 2293/2435 2259/2363 2292/2434
f 2294/2436 2260/2369 2293/2435
f 2294/2436 2261/2367 2260/2369
f 2295/2437 2261/2367 2294/2436
f 2295/2437 2262/2371 2261/2367
f 2296/2438 2262/2371 2295/2437
f 2296/2438 2263/2372 2262/2371
f 2297/2439 2264/2373 2263/2372
f 2297/2439 2263/2372 2296/2438
f 2298/2440 2264/2373 2297/2439
f 2298/2440 2265/2374 2264/2373
f 2299/2441 2266/2375 2265/2374
f 2299/2441 2265/2374 2298/2440
f 2300/2442 2266/2375 2299/2441
f 2300/2442 2267/2376 2266/2375
f 2301/2443 2268/2377 2267/2376
f 2301/2443 2267/2376 2300/2442
f 2302/2444 2268/2377 2301/2443
f 2302/2444 2269/2378 2268/2377
f 2303/2445 2269/2378 2302/2444
f 2303/2445 2270/2379 2269/2378
f 2304/2446 2270/2379 2303/2445
f 2304/2446 2271/2380 2270/2379
f 2305/2447 2272/2383 2271/2380
f 2305/2447 2271/2380 2304/2446
f 2306/2448 2272/2383 2305/2447
f 2306/2448 2273/2384 2272/2383
f 2307/2449 2274/2387 2273/2384
f 2307/2449 2273/2384 2306/2448
f 2308/2450 2275/2388 2274/2416
f 2308/2450 2274/2416 2307/2449
f 2310/2451 2277/2391 2275/2388
f 2310/2451 2275/2388 2308/2450
f 2309/2452 2276/2392 2277/2417
f 2309/2452 2277/2417 2310/2451
f 2313/2453 2280/2418 2279/2422
f 2313/2453 2279/2422 2312/2454
f 2312/2454 2279/2422 2278/2421
f 2312/2454 2278/2421 2311/2455
f 2314/2456 2280/2418 2313/2453
f 2314/2456 2281/2423 2280/2418
f 2315/2457 2282/2424 2281/2423
f 2315/2457 2281/2423 2314/2456
f 2316/2458 2282/2424 2315/2457
f 2316/2458 2283/2425 2282/2424
f 2317/2459 2284/2426 2283/2425
f 2317/2459 2283/2425 2316/2458
f 2318/2460 2284/2426 2317/2459
f 2318/2460 2285/2427 2284/2426
f 2319/2461 2286/2428 2285/2427
f 2319/2461 2285/2427 2318/2460
f 2320/2462 2287/2429 2286/2428
f 2320/2462 2286/2428 2319/2461
f 2321/2463 2288/2430 2287/2429
f 2321/2463 2287/2429 2320/2462
f 2322/2464 2288/2430 2321/2463
f 2322/2464 2289/2431 2288/2430
f 2323/2465 2290/2432 2289/2431
f 2323/2465 2289/2431 2322/2464
f 2324/2466 2291/2433 2290/2432
f 2324/2466 2290/2432 2323/2465
f 2325/2467 2292/2434 2291/2433
f 2325/2467 2291/2433 2324/2466
f 2326/2468 2293/2435 2292/2434
f 2326/2468 2292/2434 2325/2467
f 2327/2469 2294/2436 2293/2435
f 2327/2469 2293/2435 2326/2468
f 2328/2470 2295/2437 2294/2436
f 2328/2470 2294/2436 2327/2469
f 2329/2471 2296/2438 2295/2437
f 2329/2471 2295/2437 2328/2470
f 2330/2472 2297/2439 2296/2438
f 2330/2472 2296/2438 2329/2471
f 2331/2473 2298/2440 2297/2439
f 2331/2473 2297/2439 2330/2472
f 2332/2474 2299/2441 2298/2440
f 2332/2474 2298/2440 2331/2473
f 2333/2475 2300/2442 2299/2441
f 2333/2475 2299/2441 2332/2474
f 2334/2476 2301/2443 2300/2442
f 2334/2476 2300/2442 2333/2475
f 2335/2477 2302/2444 2301/2443
f 2335/2477 2301/2443 2334/2476
f 2336/2478 2303/2445 2302/2444
f 2336/2478 2302/2444 2335/2477
f 2337/2479 2304/2446 2303/2445
f 2337/2479 2303/2445 2336/2478
f 2338/2480 2305/2447 2304/2446
f 2338/2480 2304/2446 2337/2479
f 2339/2481 2306/2448 2305/2447
f 2339/2481 2305/2447 2338/2480
f 2340/2482 2307/2449 2306/2448
f 2340/2482 2306/2448 2339/2481
f 2341/2483 2308/2450 2307/2449
f 2341/2483 2307/2449 2340/2482
f 2343/2484 2308/2450 2341/2483
f 2343/2484 2310/2451 2308/2450
f 2342/2485 2310/2451 2343/2484
f 2342/2485 2309/2452 2310/2451
f 2346/2486 2313/2453 2312/2454
f 2345/2487 2311/2488 2344/2489
f 2346/2486 2312/2454 2345/2490
f 2345/2490 2312/2454 2311/2488
f 2347/2491 2314/2456 2313/2453
f 2347/2491 2313/2453 2346/2486
f 2348/2492 2315/2457 2314/2456
f 2348/2492 2314/2456 2347/2491
f 2349/2493 2316/2458 2315/2457
f 2349/2493 2315/2457 2348/2492
f 2350/2494 2317/2459 2316/2458
f 2350/2494 2316/2458 2349/2493
f 2351/2495 2318/2460 2317/2459
f 2351/2495 2317/2459 2350/2494
f 2352/2496 2319/2461 2318/2460
f 2352/2496 2318/2460 2351/2495
f 2353/2497 2320/2462 2319/2461
f 2353/2497 2319/2461 2352/2496
f 2354/2498 2321/2463 2320/2462
f 2354/2498 2320/2462 2353/2497
f 2355/2499 2321/2463 2354/2498
f 2355/2499 2322/2464 2321/2463
f 2356/2500 2322/2464 2355/2499
f 2356/2500 2323/2465 2322/2464
f 2357/2501 2324/2466 2323/2465
f 2357/2501 2323/2465 2356/2500
f 2358/2502 2324/2466 2357/2501
f 2358/2502 2325/2467 2324/2466
f 2359/2503 2325/2467 2358/2502
f 2359/2503 2326/2468 2325/2467
f 2360/2504 2326/2468 2359/2503
f 2360/2504 2327/2469 2326/2468
f 2361/2505 2327/2469 2360/2504
f 2361/2505 2328/2470 2327/2469
f 2362/2506 2328/2470 2361/2505
f 2362/2506 2329/2471 2328/2470
f 2363/2507 2329/2471 2362/2506
f 2363/2507 2330/2472 2329/2471
f 2364/2508 2330/2472 2363/2507
f 2364/2508 2331/2473 2330/2472
f 2365/2509 2332/2474 2331/2473
f 2365/2509 2331/2473 2364/2508
f 2366/2510 2332/2474 2365/2509
f 2366/2510 2333/2475 2332/2474
f 2367/2511 2333/2475 2366/2510
f 2367/2511 2334/2476 2333/2475
f 2368/2512 2334/2476 2367/2511
f 2368/2512 2335/2477 2334/2476
f 2369/2513 2336/2478 2335/2477
f 2369/2513 2335/2477 2368/2512
f 2370/2514 2336/2478 2369/2513
f 2370/2514 2337/2479 2336/2478
f 2371/2515 2338/2480 2337/2479
f 2371/2515 2337/2479 2370/2514
f 2372/2516 2339/2481 2338/2480
f 2372/2516 2338/2480 2371/2515
f 2373/2517 2340/2482 2339/2481
f 2373/2517 2339/2481 2372/2516
f 2374/2518 2341/2483 2340/2482
f 2374/2518 2340/2482 2373/2517
f 2376/2519 2343/2484 2341/2483
f 2376/2519 2341/2483 2374/2518
f 2375/2520 2342/2485 2343/2484
f 2375/2520 2343/2484 2376/2519
f 2379/2521 2346/2486 2345/2490
f 2379/2521 2345/2490 2378/2522
f 2378/2522 2345/2490 2344/2489
f 2378/2522 2344/2489 2377/2523
f 2380/2524 2347/2491 2346/2486
f 2380/2524 2346/2486 2379/2521
f 2381/2525 2348/2492 2347/2491
f 2381/2525 2347/2491 2380/2524
f 2382/2526 2349/2493 2348/2492
f 2382/2526 2348/2492 2381/2525
f 2383/2527 2350/2494 2349/2493
f 2383/2527 2349/2493 2382/2526
f 2384/2528 2351/2495 2350/2494
f 2384/2528 2350/2494 2383/2527
f 2385/2529 2352/2496 2351/2495
f 2385/2529 2351/2495 2384/2528
f 2386/2530 2353/2497 2352/2496
f 2386/2530 2352/2496 2385/2529
f 2387/2531 2354/2498 2353/2497
f 2387/2531 2353/2497 2386/2530
f 2388/2532 2355/2499 2354/2498
f 2388/2532 2354/2498 2387/2531
f 2389/2533 2356/2500 2355/2499
f 2389/2533 2355/2499 2388/2532
f 2390/2534 2357/2501 2356/2500
f 2390/2534 2356/2500 2389/2533
f 2391/2535 2358/2502 2357/2501
f 2391/2535 2357/2501 2390/2534
f 2392/2536 2359/2503 2358/2502
f 2392/2536 2358/2502 2391/2535
f 2393/2537 2360/2504 2359/2503
f 2393/2537 2359/2503 2392/2536
f 2394/2538 2361/2505 2360/2504
f 2394/2538 2360/2504 2393/2537
f 2395/2539 2362/2506 2361/2505
f 2395/2539 2361/2505 2394/2538
f 2396/2540 2363/2507 2362/2506
f 2396/2540 2362/2506 2395/2539
f 2397/2541 2364/2508 2363/2507
f 2397/2541 2363/2507 2396/2540
f 2398/2542 2365/2509 2364/2508
f 2398/2542 2364/2508 2397/2541
f 2399/2543 2366/2510 2365/2509
f 2399/2543 2365/2509 2398/2542
f 2400/2544 2367/2511 2366/2510
f 2400/2544 2366/2510 2399/2543
f 2401/2545 2368/2512 2367/2511
f 2401/2545 2367/2511 2400/2544
f 2402/2546 2369/2513 2368/2512
f 2402/2546 2368/2512 2401/2545
f 2403/2547 2370/2514 2369/2513
f 2403/2547 2369/2513 2402/2546
f 2404/2548 2371/2515 2370/2514
f 2404/2548 2370/2514 2403/2547
f 2405/2549 2372/2516 2371/2515
f 2405/2549 2371/2515 2404/2548
f 2406/2550 2372/2516 2405/2549
f 2406/2550 2373/2517 2372/2516
f 2407/2551 2373/2517 2406/2550
f 2407/2551 2374/2518 2373/2517
f 2409/2552 2374/2518 2407/2551
f 2409/2552 2376/2519 2374/2518
f 2408/2553 2375/2520 2376/2519
f 2408/2553 2376/2519 2409/2552
f 2412/2554 2379/2521 2378/2522
f 2411/2555 2378/2522 2377/2523
f 2411/2555 2377/2523 2410/2556
f 2412/2554 2378/2522 2411/2555
f 2413/2557 2380/2524 2379/2521
f 2413/2557 2379/2521 2412/2554
f 2414/2558 2381/2525 2380/2524
f 2414/2558 2380/2524 2413/2557
f 2415/2559 2382/2526 2381/2525
f 2415/2559 2381/2525 2414/2558
f 2416/2560 2383/2527 2382/2526
f 2416/2560 2382/2526 2415/2559
f 2417/2561 2384/2528 2383/2527
f 2417/2561 2383/2527 2416/2560
f 2418/2562 2384/2528 2417/2561
f 2418/2562 2385/2529 2384/2528
f 2419/2563 2385/2529 2418/2562
f 2419/2563 2386/2530 2385/2529
f 2420/2564 2386/2530 2419/2563
f 2420/2564 2387/2531 2386/2530
f 2421/2565 2388/2532 2387/2531
f 2421/2565 2387/2531 2420/2564
f 2422/2566 2388/2532 2421/2565
f 2422/2566 2389/2533 2388/2532
f 2423/2567 2389/2533 2422/2566
f 2423/2567 2390/2534 2389/2533
f 2424/2568 2390/2534 2423/2567
f 2424/2568 2391/2535 2390/2534
f 2425/2569 2392/2536 2391/2535
f 2425/2569 2391/2535 2424/2568
f 2426/2570 2392/2536 2425/2569
f 2426/2570 2393/2537 2392/2536
f 2427/2571 2394/2538 2393/2537
f 2427/2571 2393/2537 2426/2570
f 2428/2572 2394/2538 2427/2571
f 2428/2572 2395/2539 2394/2538
f 2429/2573 2396/2540 2395/2539
f 2429/2573 2395/2539 2428/2572
f 2430/2574 2396/2540 2429/2573
f 2430/2574 2397/2541 2396/2540
f 2431/2575 2397/2541 2430/2574
f 2431/2575 2398/2542 2397/2541
f 2432/2576 2398/2542 2431/2575
f 2432/2576 2399/2543 2398/2542
f 2433/2577 2400/2544 2399/2543
f 2433/2577 2399/2543 2432/2576
f 2434/2578 2401/2545 2400/2544
f 2434/2578 2400/2544 2433/2577
f 2435/2579 2402/2546 2401/2545
f 2435/2579 2401/2545 2434/2578
f 2436/2580 2403/2547 2402/2546
f 2436/2580 2402/2546 2435/2579
f 2437/2581 2404/2548 2403/2547
f 2437/2581 2403/2547 2436/2580
f 2438/2582 2405/2549 2404/2548
f 2438/2582 2404/2548 2437/2581
f 2439/2583 2406/2550 2405/2549
f 2439/2583 2405/2549 2438/2582
f 2440/2584 2407/2551 2406/2550
f 2440/2584 2406/2550 2439/2583
f 2442/2585 2409/2552 2407/2551
f 2442/2585 2407/2551 2440/2584
f 2441/2586 2408/2553 2409/2552
f 2441/2586 2409/2552 2442/2585
f 2445/2587 2412/2554 2411/2555
f 2445/2587 2411/2555 2444/2588
f 2444/2588 2411/2555 2410/2556
f 2444/2588 2410/2556 2443/2589
f 2446/2590 2412/2554 2445/2587
f 2446/2590 2413/2557 2412/2554
f 2447/2591 2414/2558 2413/2557
f 2447/2591 2413/2557 2446/2590
f 2448/2592 2415/2559 2414/2558
f 2448/2592 2414/2558 2447/2591
f 2449/2593 2416/2560 2415/2559
f 2449/2593 2415/2559 2448/2592
f 2450/2594 2417/2561 2416/2560
f 2450/2594 2416/2560 2449/2593
f 2451/2595 2418/2562 2417/2561
f 2451/2595 2417/2561 2450/2594
f 2452/2596 2419/2563 2418/2562
f 2452/2596 2418/2562 2451/2595
f 2453/2597 2420/2564 2419/2563
f 2453/2597 2419/2563 2452/2596
f 2454/2598 2421/2565 2420/2564
f 2454/2598 2420/2564 2453/2597
f 2455/2599 2422/2566 2421/2565
f 2455/2599 2421/2565 2454/2598
f 2456/2600 2423/2567 2422/2566
f 2456/2600 2422/2566 2455/2599
f 2457/2601 2424/2568 2423/2567
f 2457/2601 2423/2567 2456/2600
f 2458/2602 2425/2569 2424/2568
f 2458/2602 2424/2568 2457/2601
f 2459/2603 2426/2570 2425/2569
f 2459/2603 2425/2569 2458/2602
f 2460/2604 2427/2571 2426/2570
f 2460/2604 2426/2570 2459/2603
f 2461/2605 2428/2572 2427/2571
f 2461/2605 2427/2571 2460/2604
f 2462/2606 2429/2573 2428/2572
f 2462/2606 2428/2572 2461/2605
f 2463/2607 2430/2574 2429/2573
f 2463/2607 2429/2573 2462/2606
f 2464/2608 2431/2575 2430/2574
f 2464/2608 2430/2574 2463/2607
f 2465/2609 2432/2576 2431/2575
f 2465/2609 2431/2575 2464/2608
f 2466/2610 2432/2576 2465/2609
f 2466/2610 2433/2577 2432/2576
f 2467/2611 2434/2578 2433/2577
f 2467/2611 2433/2577 2466/2610
f 2468/2612 2435/2579 2434/2578
f 2468/2612 2434/2578 2467/2611
f 2469/2613 2436/2580 2435/2579
f 2469/2613 2435/2579 2468/2612
f 2470/2614 2436/2580 2469/2613
f 2470/2614 2437/2581 2436/2580
f 2471/2615 2437/2581 2470/2614
f 2471/2615 2438/2582 2437/2581
f 2472/2616 2438/2582 2471/2615
f 2472/2616 2439/2583 2438/2582
f 2473/2617 2439/2583 2472/2616
f 2473/2617 2440/2584 2439/2583
f 2475/2618 2440/2584 2473/2617
f 2475/2618 2442/2585 2440/2584
f 2474/2619 2442/2585 2475/2618
f 2474/2619 2441/2586 2442/2585
f 2478/2620 2445/2587 2444/2588
f 2477/2621 2444/2588 2443/2589
f 2477/2621 2443/2589 2476/2622
f 2478/2620 2444/2588 2477/2621
f 2479/2623 2446/2590 2445/2587
f 2479/2623 2445/2587 2478/2620
f 2480/2624 2447/2591 2446/2590
f 2480/2624 2446/2590 2479/2623
f 2481/2625 2447/2591 2480/2624
f 2481/2625 2448/2592 2447/2591
f 2482/2626 2448/2592 2481/2625
f 2482/2626 2449/2593 2448/2592
f 2483/2627 2449/2593 2482/2626
f 2483/2627 2450/2594 2449/2593
f 2484/2628 2451/2595 2450/2594
f 2484/2628 2450/2594 2483/2627
f 2485/2629 2451/2595 2484/2628
f 2485/2629 2452/2596 2451/2595
f 2486/2630 2452/2596 2485/2629
f 2486/2630 2453/2597 2452/2596
f 2487/2631 2453/2597 2486/2630
f 2487/2631 2454/2598 2453/2597
f 2488/2632 2454/2598 2487/2631
f 2488/2632 2455/2599 2454/2598
f 2489/2633 2455/2599 2488/2632
f 2489/2633 2456/2600 2455/2599
f 2490/2634 2456/2600 2489/2633
f 2490/2634 2457/2601 2456/2600
f 2491/2635 2457/2601 2490/2634
f 2491/2635 2458/2602 2457/2601
f 2492/2636 2458/2602 2491/2635
f 2492/2636 2459/2603 2458/2602
f 2493/2637 2460/2604 2459/2603
f 2493/2637 2459/2603 2492/2636
f 2494/2638 2460/2604 2493/2637
f 2494/2638 2461/2605 2460/2604
f 2495/2639 2461/2605 2494/2638
f 2495/2639 2462/2606 2461/2605
f 2496/2640 2462/2606 2495/2639
f 2496/2640 2463/2607 2462/2606
f 2497/2641 2464/2608 2463/2607
f 2497/2641 2463/2607 2496/2640
f 2498/2642 2465/2609 2464/2608
f 2498/2642 2464/2608 2497/2641
f 2499/2643 2466/2610 2465/2609
f 2499/2643 2465/2609 2498/2642
f 2500/2644 2467/2611 2466/2610
f 2500/2644 2466/2610 2499/2643
f 2501/2645 2468/2612 2467/2611
f 2501/2645 2467/2611 2500/2644
f 2502/2646 2469/2613 2468/2612
f 2502/2646 2468/2612 2501/2645
f 2503/2647 2470/2614 2469/2613
f 2503/2647 2469/2613 2502/2646
f 2504/2648 2471/2615 2470/2614
f 2504/2648 2470/2614 2503/2647
f 2505/2649 2472/2616 2471/2615
f 2505/2649 2471/2615 2504/2648
f 2506/2650 2473/2617 2472/2616
f 2506/2650 2472/2616 2505/2649
f 2508/2651 2475/2618 2473/2617
f 2508/2651 2473/2617 2506/2650
f 2507/2652 2474/2619 2475/2618
f 2507/2652 2475/2618 2508/2651
f 2511/2653 2478/2620 2477/2621
f 2511/2653 2477/2621 2510/2654
f 2510/2654 2477/2621 2476/2622
f 2510/2654 2476/2622 2509/2655
f 2512/2656 2479/2623 2478/2620
f 2512/2656 2478/2620 2511/2653
f 2513/2657 2480/2624 2479/2623
f 2513/2657 2479/2623 2512/2656
f 2514/2658 2481/2625 2480/2624
f 2514/2658 2480/2624 2513/2657
f 2515/2659 2482/2626 2481/2625
f 2515/2659 2481/2625 2514/2658
f 2516/2660 2483/2627 2482/2626
f 2516/2660 2482/2626 2515/2659
f 2517/2661 2484/2628 2483/2627
f 2517/2661 2483/2627 2516/2660
f 2518/2662 2485/2629 2484/2628
f 2518/2662 2484/2628 2517/2661
f 2519/2663 2486/2630 2485/2629
f 2519/2663 2485/2629 2518/2662
f 2520/2664 2487/2631 2486/2630
f 2520/2664 2486/2630 2519/2663
f 2521/2665 2488/2632 2487/2631
f 2521/2665 2487/2631 2520/2664
f 2522/2666 2489/2633 2488/2632
f 2522/2666 2488/2632 2521/2665
f 2523/2667 2490/2634 2489/2633
f 2523/2667 2489/2633 2522/2666
f 2524/2668 2491/2635 2490/2634
f 2524/2668 2490/2634 2523/2667
f 2525/2669 2492/2636 2491/2635
f 2525/2669 2491/2635 2524/2668
f 2526/2670 2493/2637 2492/2636
f 2526/2670 2492/2636 2525/2669
f 2527/2671 2494/2638 2493/2637
f 2527/2671 2493/2637 2526/2670
f 2528/2672 2495/2639 2494/2638
f 2528/2672 2494/2638 2527/2671
f 2529/2673 2496/2640 2495/2639
f 2529/2673 2495/2639 2528/2672
f 2530/2674 2496/2640 2529/2673
f 2530/2674 2497/2641 2496/2640
f 2531/2675 2498/2642 2497/2641
f 2531/2675 2497/2641 2530/2674
f 2532/2676 2499/2643 2498/2642
f 2532/2676 2498/2642 2531/2675
f 2533/2677 2500/2644 2499/2643
f 2533/2677 2499/2643 2532/2676
f 2534/2678 2500/2644 2533/2677
f 2534/2678 2501/2645 2500/2644
f 2535/2679 2502/2646 2501/2645
f 2535/2679 2501/2645 2534/2678
f 2536/2680 2502/2646 2535/2679
f 2536/2680 2503/2647 2502/2646
f 2537/2681 2504/2648 2503/2647
f 2537/2681 2503/2647 2536/2680
f 2538/2682 2504/2648 2537/2681
f 2538/2682 2505/2649 2504/2648
f 2539/2683 2506/2650 2505/2649
f 2539/2683 2505/2649 2538/2682
f 2541/2684 2506/2650 2539/2683
f 2541/2684 2508/2651 2506/2650
f 2540/2685 2507/2652 2508/2651
f 2540/2685 2508/2651 2541/2684
f 2544/2686 2511/2653 2510/2654
f 2543/2687 2509/2688 2542/2689
f 2544/2686 2510/2654 2543/2690
f 2543/2690 2510/2654 2509/2688
f 2545/2691 2511/2653 2544/2686
f 2545/2691 2512/2656 2511/2653
f 2546/2692 2512/2656 2545/2691
f 2546/2692 2513/2657 2512/2656
f 2547/2693 2514/2658 2513/2657
f 2547/2693 2513/2657 2546/2692
f 2548/2694 2514/2658 2547/2693
f 2548/2694 2515/2659 2514/2658
f 2549/2695 2516/2660 2515/2659
f 2549/2695 2515/2659 2548/2694
f 2550/2696 2516/2660 2549/2695
f 2550/2696 2517/2661 2516/2660
f 2551/2697 2518/2662 2517/2661
f 2551/2697 2517/2661 2550/2696
f 2552/2698 2518/2662 2551/2697
f 2552/2698 2519/2663 2518/2662
f 2553/2699 2520/2664 2519/2663
f 2553/2699 2519/2663 2552/2698
f 2554/2700 2520/2664 2553/2699
f 2554/2700 2521/2665 2520/2664
f 2555/2701 2522/2666 2521/2665
f 2555/2701 2521/2665 2554/2700
f 2556/2702 2522/2666 2555/2701
f 2556/2702 2523/2667 2522/2666
f 2557/2703 2524/2668 2523/2667
f 2557/2703 2523/2667 2556/2702
f 2558/2704 2524/2668 2557/2703
f 2558/2704 2525/2669 2524/2668
f 2559/2705 2526/2670 2525/2669
f 2559/2705 2525/2669 2558/2704
f 2560/2706 2527/2671 2526/2670
f 2560/2706 2526/2670 2559/2705
f 2561/2707 2528/2672 2527/2671
f 2561/2707 2527/2671 2560/2706
f 2562/2708 2529/2673 2528/2672
f 2562/2708 2528/2672 2561/2707
f 2563/2709 2530/2674 2529/2673
f 2563/2709 2529/2673 2562/2708
f 2564/2710 2531/2675 2530/2674
f 2564/2710 2530/2674 2563/2709
f 2565/2711 2532/2676 2531/2675
f 2565/2711 2531/2675 2564/2710
f 2566/2712 2533/2677 2532/2676
f 2566/2712 2532/2676 2565/2711
f 2567/2713 2534/2678 2533/2677
f 2567/2713 2533/2677 2566/2712
f 2568/2714 2535/2679 2534/2678
f 2568/2714 2534/2678 2567/2713
f 2569/2715 2536/2680 2535/2679
f 2569/2715 2535/2679 2568/2714
f 2570/2716 2537/2681 2536/2680
f 2570/2716 2536/2680 2569/2715
f 2571/2717 2538/2682 2537/2681
f 2571/2717 2537/2681 2570/2716
f 2572/2718 2539/2683 2538/2682
f 2572/2718 2538/2682 2571/2717
f 2574/2719 2541/2684 2539/2683
f 2574/2719 2539/2683 2572/2718
f 2573/2720 2540/2685 2541/2684
f 2573/2720 2541/2684 2574/2719
f 2577/2721 2544/2686 2543/2690
f 2576/2722 2543/2687 2542/2689
f 2576/2722 2542/2689 2575/2723
f 2577/2721 2543/2690 2576/2722
f 2578/2724 2545/2691 2544/2686
f 2578/2724 2544/2686 2577/2721
f 2579/2725 2546/2692 2545/2691
f 2579/2725 2545/2691 2578/2724
f 2580/2726 2547/2693 2546/2692
f 2580/2726 2546/2692 2579/2725
f 2581/2727 2548/2694 2547/2693
f 2581/2727 2547/2693 2580/2726
f 2582/2728 2549/2695 2548/2694
f 2582/2728 2548/2694 2581/2727
f 2583/2729 2550/2696 2549/2695
f 2583/2729 2549/2695 2582/2728
f 2584/2730 2551/2697 2550/2696
f 2584/2730 2550/2696 2583/2729
f 2585/2731 2552/2698 2551/2697
f 2585/2731 2551/2697 2584/2730
f 2586/2732 2553/2699 2552/2698
f 2586/2732 2552/2698 2585/2731
f 2587/2733 2554/2700 2553/2699
f 2587/2733 2553/2699 2586/2732
f 2588/2734 2555/2701 2554/2700
f 2588/2734 2554/2700 2587/2733
f 2589/2735 2556/2702 2555/2701
f 2589/2735 2555/2701 2588/2734
f 2590/2736 2557/2703 2556/2702
f 2590/2736 2556/2702 2589/2735
f 2591/2737 2558/2704 2557/2703
f 2591/2737 2557/2703 2590/2736
f 2592/2738 2558/2704 2591/2737
f 2592/2738 2559/2705 2558/2704
f 2593/2739 2560/2706 2559/2705
f 2593/2739 2559/2705 2592/2738
f 2594/2740 2560/2706 2593/2739
f 2594/2740 2561/2707 2560/2706
f 2595/2741 2562/2708 2561/2707
f 2595/2741 2561/2707 2594/2740
f 2596/2742 2563/2709 2562/2708
f 2596/2742 2562/2708 2595/2741
f 2597/2743 2564/2710 2563/2709
f 2597/2743 2563/2709 2596/2742
f 2598/2744 2564/2710 2597/2743
f 2598/2744 2565/2711 2564/2710
f 2599/2745 2565/2711 2598/2744
f 2599/2745 2566/2712 2565/2711
f 2600/2746 2566/2712 2599/2745
f 2600/2746 2567/2713 2566/2712
f 2601/2747 2567/2713 2600/2746
f 2601/2747 2568/2714 2567/2713
f 2602/2748 2568/2714 2601/2747
f 2602/2748 2569/2715 2568/2714
f 2603/2749 2569/2715 2602/2748
f 2603/2749 2570/2716 2569/2715
f 2604/2750 2571/2717 2570/2716
f 2604/2750 2570/2716 2603/2749
f 2605/2751 2571/2717 2604/2750
f 2605/2751 2572/2718 2571/2717
f 2607/2752 2572/2718 2605/2751
f 2607/2752 2574/2719 2572/2718
f 2606/2753 2573/2720 2574/2719
f 2606/2753 2574/2719 2607/2752
f 2610/2754 2577/2721 2576/2722
f 2610/2754 2576/2722 2609/2755
f 2609/2755 2576/2722 2575/2723
f 2609/2755 2575/2723 2608/2756
f 2611/2757 2577/2721 2610/2754
f 2611/2757 2578/2724 2577/2721
f 2612/2758 2578/2724 2611/2757
f 2612/2758 2579/2725 2578/2724
f 2613/2759 2580/2726 2579/2725
f 2613/2759 2579/2725 2612/2758
f 2614/2760 2580/2726 2613/2759
f 2614/2760 2581/2727 2580/2726
f 2615/2761 2581/2727 2614/2760
f 2615/2761 2582/2728 2581/2727
f 2616/2762 2582/2728 2615/2761
f 2616/2762 2583/2729 2582/2728
f 2617/2763 2583/2729 2616/2762
f 2617/2763 2584/2730 2583/2729
f 2618/2764 2584/2730 2617/2763
f 2618/2764 2585/2731 2584/2730
f 2619/2765 2585/2731 2618/2764
f 2619/2765 2586/2732 2585/2731
f 2620/2766 2586/2732 2619/2765
f 2620/2766 2587/2733 2586/2732
f 2621/2767 2588/2734 2587/2733
f 2621/2767 2587/2733 2620/2766
f 2622/2768 2588/2734 2621/2767
f 2622/2768 2589/2735 2588/2734
f 2623/2769 2590/2736 2589/2735
f 2623/2769 2589/2735 2622/2768
f 2624/2770 2591/2737 2590/2736
f 2624/2770 2590/2736 2623/2769
f 2625/2771 2592/2738 2591/2737
f 2625/2771 2591/2737 2624/2770
f 2626/2772 2593/2739 2592/2738
f 2626/2772 2592/2738 2625/2771
f 2627/2773 2594/2740 2593/2739
f 2627/2773 2593/2739 2626/2772
f 2628/2774 2595/2741 2594/2740
f 2628/2774 2594/2740 2627/2773
f 2629/2775 2596/2742 2595/2741
f 2629/2775 2595/2741 2628/2774
f 2630/2776 2597/2743 2596/2742
f 2630/2776 2596/2742 2629/2775
f 2631/2777 2598/2744 2597/2743
f 2631/2777 2597/2743 2630/2776
f 2632/2778 2599/2745 2598/2744
f 2632/2778 2598/2744 2631/2777
f 2633/2779 2600/2746 2599/2745
f 2633/2779 2599/2745 2632/2778
f 2634/2780 2601/2747 2600/2746
f 2634/2780 2600/2746 2633/2779
f 2635/2781 2602/2748 2601/2747
f 2635/2781 2601/2747 2634/2780
f 2636/2782 2603/2749 2602/2748
f 2636/2782 2602/2748 2635/2781
f 2637/2783 2604/2750 2603/2749
f 2637/2783 2603/2749 2636/2782
f 2638/2784 2605/2751 2604/2750
f 2638/2784 2604/2750 2637/2783
f 2640/2785 2607/2752 2605/2751
f 2640/2785 2605/2751 2638/2784
f 2639/2786 2606/2753 2607/2752
f 2639/2786 2607/2752 2640/2785
f 2643/2787 2610/2754 2609/2755
f 2642/2788 2609/2755 2608/2756
f 2643/2787 2609/2755 2642/2788
f 2642/2788 2608/2756 2641/2789
f 2644/2790 2611/2757 2610/2754
f 2644/2790 2610/2754 2643/2787
f 2645/2791 2612/2758 2611/2757
f 2645/2791 2611/2757 2644/2790
f 2646/2792 2613/2759 2612/2758
f 2646/2792 2612/2758 2645/2791
f 2647/2793 2614/2760 2613/2759
f 2647/2793 2613/2759 2646/2792
f 2648/2794 2615/2761 2614/2760
f 2648/2794 2614/2760 2647/2793
f 2649/2795 2616/2762 2615/2761
f 2649/2795 2615/2761 2648/2794
f 2650/2796 2617/2763 2616/2762
f 2650/2796 2616/2762 2649/2795
f 2651/2797 2618/2764 2617/2763
f 2651/2797 2617/2763 2650/2796
f 2652/2798 2619/2765 2618/2764
f 2652/2798 2618/2764 2651/2797
f 2653/2799 2620/2766 2619/2765
f 2653/2799 2619/2765 2652/2798
f 2654/2800 2621/2767 2620/2766
f 2654/2800 2620/2766 2653/2799
f 2655/2801 2622/2768 2621/2767
f 2655/2801 2621/2767 2654/2800
f 2656/2802 2623/2769 2622/2768
f 2656/2802 2622/2768 2655/2801
f 2657/2803 2624/2770 2623/2769
f 2657/2803 2623/2769 2656/2802
f 2658/2804 2624/2770 2657/2803
f 2658/2804 2625/2771 2624/2770
f 2659/2805 2626/2772 2625/2771
f 2659/2805 2625/2771 2658/2804
f 2660/2806 2627/2773 2626/2772
f 2660/2806 2626/2772 2659/2805
f 2661/2807 2628/2774 2627/2773
f 2661/2807 2627/2773 2660/2806
f 2662/2808 2628/2774 2661/2807
f 2662/2808 2629/2775 2628/2774
f 2663/2809 2629/2775 2662/2808
f 2663/2809 2630/2776 2629/2775
f 2664/2810 2631/2777 2630/2776
f 2664/2810 2630/2776 2663/2809
f 2665/2811 2631/2777 2664/2810
f 2665/2811 2632/2778 2631/2777
f 2666/2812 2632/2778 2665/2811
f 2666/2812 2633/2779 2632/2778
f 2667/2813 2634/2780 2633/2779
f 2667/2813 2633/2779 2666/2812
f 2668/2814 2634/2780 2667/2813
f 2668/2814 2635/2781 2634/2780
f 2669/2815 2636/2782 2635/2781
f 2669/2815 2635/2781 2668/2814
f 2670/2816 2637/2783 2636/2782
f 2670/2816 2636/2782 2669/2815
f 2671/2817 2638/2784 2637/2783
f 2671/2817 2637/2783 2670/2816
f 2673/2818 2640/2785 2638/2784
f 2673/2818 2638/2784 2671/2817
f 2672/2819 2639/2786 2640/2785
f 2672/2819 2640/2785 2673/2818
f 2676/2820 2643/2787 2642/2788
f 2676/2820 2642/2788 2675/2821
f 2675/2821 2642/2788 2641/2789
f 2675/2821 2641/2789 2674/2822
f 2677/2823 2644/2790 2643/2787
f 2677/2823 2643/2787 2676/2820
f 2678/2824 2644/2790 2677/2823
f 2678/2824 2645/2791 2644/2790
f 2679/2825 2645/2791 2678/2824
f 2679/2825 2646/2792 2645/2791
f 2680/2826 2646/2792 2679/2825
f 2680/2826 2647/2793 2646/2792
f 2681/2827 2648/2794 2647/2793
f 2681/2827 2647/2793 2680/2826
f 2682/2828 2648/2794 2681/2827
f 2682/2828 2649/2795 2648/2794
f 2683/2829 2650/2796 2649/2795
f 2683/2829 2649/2795 2682/2828
f 2684/2830 2650/2796 2683/2829
f 2684/2830 2651/2797 2650/2796
f 2685/2831 2652/2798 2651/2797
f 2685/2831 2651/2797 2684/2830
f 2686/2832 2653/2799 2652/2798
f 2686/2832 2652/2798 2685/2831
f 2687/2833 2654/2800 2653/2799
f 2687/2833 2653/2799 2686/2832
f 2688/2834 2655/2801 2654/2800
f 2688/2834 2654/2800 2687/2833
f 2689/2835 2656/2802 2655/2801
f 2689/2835 2655/2801 2688/2834
f 2690/2836 2657/2803 2656/2802
f 2690/2836 2656/2802 2689/2835
f 2691/2837 2658/2804 2657/2803
f 2691/2837 2657/2803 2690/2836
f 2692/2838 2659/2805 2658/2804
f 2692/2838 2658/2804 2691/2837
f 2693/2839 2660/2806 2659/2805
f 2693/2839 2659/2805 2692/2838
f 2694/2840 2661/2807 2660/2806
f 2694/2840 2660/2806 2693/2839
f 2695/2841 2662/2808 2661/2807
f 2695/2841 2661/2807 2694/2840
f 2696/2842 2663/2809 2662/2808
f 2696/2842 2662/2808 2695/2841
f 2697/2843 2664/2810 2663/2809
f 2697/2843 2663/2809 2696/2842
f 2698/2844 2665/2811 2664/2810
f 2698/2844 2664/2810 2697/2843
f 2699/2845 2666/2812 2665/2811
f 2699/2845 2665/2811 2698/2844
f 2700/2846 2667/2813 2666/2812
f 2700/2846 2666/2812 2699/2845
f 2701/2847 2668/2814 2667/2813
f 2701/2847 2667/2813 2700/2846
f 2702/2848 2668/2814 2701/2847
f 2702/2848 2669/2815 2668/2814
f 2703/2849 2670/2816 2669/2815
f 2703/2849 2669/2815 2702/2848
f 2704/2850 2671/2817 2670/2816
f 2704/2850 2670/2816 2703/2849
f 2706/2851 2673/2818 2671/2817
f 2706/2851 2671/2817 2704/2850
f 2705/2852 2673/2818 2706/2851
f 2705/2852 2672/2819 2673/2818
f 2709/2853 2676/2820 2675/2821
f 2708/2854 2675/2821 2674/2822
f 2709/2853 2675/2821 2708/2854
f 2708/2854 2674/2822 2707/2855
f 2710/2856 2677/2823 2676/2820
f 2710/2856 2676/2820 2709/2853
f 2711/2857 2678/2824 2677/2823
f 2711/2857 2677/2823 2710/2856
f 2712/2858 2679/2825 2678/2824
f 2712/2858 2678/2824 2711/2857
f 2713/2859 2680/2826 2679/2825
f 2713/2859 2679/2825 2712/2858
f 2714/2860 2681/2827 2680/2826
f 2714/2860 2680/2826 2713/2859
f 2715/2861 2682/2828 2681/2827
f 2715/2861 2681/2827 2714/2860
f 2716/2862 2683/2829 2682/2828
f 2716/2862 2682/2828 2715/2861
f 2717/2863 2684/2830 2683/2829
f 2717/2863 2683/2829 2716/2862
f 2718/2864 2684/2830 2717/2863
f 2718/2864 2685/2831 2684/2830
f 2719/2865 2686/2832 2685/2831
f 2719/2865 2685/2831 2718/2864
f 2720/2866 2687/2833 2686/2832
f 2720/2866 2686/2832 2719/2865
f 2721/2867 2688/2834 2687/2833
f 2721/2867 2687/2833 2720/2866
f 2722/2868 2688/2834 2721/2867
f 2722/2868 2689/2835 2688/2834
f 2723/2869 2690/2836 2689/2835
f 2723/2869 2689/2835 2722/2868
f 2724/2870 2691/2837 2690/2836
f 2724/2870 2690/2836 2723/2869
f 2725/2871 2691/2837 2724/2870
f 2725/2871 2692/2838 2691/2837
f 2726/2872 2693/2839 2692/2838
f 2726/2872 2692/2838 2725/2871
f 2727/2873 2693/2839 2726/2872
f 2727/2873 2694/2840 2693/2839
f 2728/2874 2694/2840 2727/2873
f 2728/2874 2695/2841 2694/2840
f 2729/2875 2695/2841 2728/2874
f 2729/2875 2696/2842 2695/2841
f 2730/2876 2696/2842 2729/2875
f 2730/2876 2697/2843 2696/2842
f 2731/2877 2697/2843 2730/2876
f 2731/2877 2698/2844 2697/2843
f 2732/2878 2698/2844 2731/2877
f 2732/2878 2699/2845 2698/2844
f 2733/2879 2700/2846 2699/2845
f 2733/2879 2699/2845 2732/2878
f 2734/2880 2701/2847 2700/2846
f 2734/2880 2700/2846 2733/2879
f 2735/2881 2702/2848 2701/2847
f 2735/2881 2701/2847 2734/2880
f 2736/2882 2703/2849 2702/2848
f 2736/2882 2702/2848 2735/2881
f 2737/2883 2704/2850 2703/2849
f 2737/2883 2703/2849 2736/2882
f 2739/2884 2706/2851 2704/2850
f 2739/2884 2704/2850 2737/2883
f 2738/2885 2705/2852 2706/2851
f 2738/2885 2706/2851 2739/2884
f 2742/2886 2709/2853 2708/2854
f 2742/2886 2708/2854 2741/2887
f 2741/2887 2708/2854 2707/2855
f 2741/2887 2707/2855 2740/2888
f 2743/2889 2709/2853 2742/2886
f 2743/2889 2710/2856 2709/2853
f 2744/2890 2710/2856 2743/2889
f 2744/2890 2711/2857 2710/2856
f 2745/2891 2711/2857 2744/2890
f 2745/2891 2712/2858 2711/2857
f 2746/2892 2712/2858 2745/2891
f 2746/2892 2713/2859 2712/2858
f 2747/2893 2713/2859 2746/2892
f 2747/2893 2714/2860 2713/2859
f 2748/2894 2714/2860 2747/2893
f 2748/2894 2715/2861 2714/2860
f 2749/2895 2716/2862 2715/2861
f 2749/2895 2715/2861 2748/2894
f 2750/2896 2717/2863 2716/2862
f 2750/2896 2716/2862 2749/2895
f 2751/2897 2718/2864 2717/2863
f 2751/2897 2717/2863 2750/2896
f 2752/2898 2719/2865 2718/2864
f 2752/2898 2718/2864 2751/2897
f 2753/2899 2720/2866 2719/2865
f 2753/2899 2719/2865 2752/2898
f 2754/2900 2721/2867 2720/2866
f 2754/2900 2720/2866 2753/2899
f 2755/2901 2721/2867 2754/2900
f 2755/2901 2722/2868 2721/2867
f 2756/2902 2723/2869 2722/2868
f 2756/2902 2722/2868 2755/2901
f 2757/2903 2724/2870 2723/2869
f 2757/2903 2723/2869 2756/2902
f 2758/2904 2725/2871 2724/2870
f 2758/2904 2724/2870 2757/2903
f 2759/2905 2726/2872 2725/2871
f 2759/2905 2725/2871 2758/2904
f 2760/2906 2727/2873 2726/2872
f 2760/2906 2726/2872 2759/2905
f 2761/2907 2728/2874 2727/2873
f 2761/2907 2727/2873 2760/2906
f 2762/2908 2729/2875 2728/2874
f 2762/2908 2728/2874 2761/2907
f 2763/2909 2730/2876 2729/2875
f 2763/2909 2729/2875 2762/2908
f 2764/2910 2731/2877 2730/2876
f 2764/2910 2730/2876 2763/2909
f 2765/2911 2732/2878 2731/2877
f 2765/2911 2731/2877 2764/2910
f 2766/2912 2732/2878 2765/2911
f 2766/2912 2733/2879 2732/2878
f 2767/2913 2734/2880 2733/2879
f 2767/2913 2733/2879 2766/2912
f 2768/2914 2735/2881 2734/2880
f 2768/2914 2734/2880 2767/2913
f 2769/2915 2736/2882 2735/2881
f 2769/2915 2735/2881 2768/2914
f 2770/2916 2736/2882 2769/2915
f 2770/2916 2737/2883 2736/2882
f 2772/2917 2739/2884 2737/2883
f 2772/2917 2737/2883 2770/2916
f 2771/2918 2738/2885 2739/2884
f 2771/2918 2739/2884 2772/2917
f 2775/2919 2742/2886 2741/2887
f 2774/2920 2741/2887 2740/2888
f 2774/2920 2740/2888 2773/2921
f 2775/2919 2741/2887 2774/2920
f 2776/2922 2743/2889 2742/2886
f 2776/2922 2742/2886 2775/2919
f 2777/2923 2744/2890 2743/2889
f 2777/2923 2743/2889 2776/2922
f 2778/2924 2745/2891 2744/2890
f 2778/2924 2744/2890 2777/2923
f 2779/2925 2746/2892 2745/2891
f 2779/2925 2745/2891 2778/2924
f 2780/2926 2747/2893 2746/2892
f 2780/2926 2746/2892 2779/2925
f 2781/2927 2748/2894 2747/2893
f 2781/2927 2747/2893 2780/2926
f 2782/2928 2748/2894 2781/2927
f 2782/2928 2749/2895 2748/2894
f 2783/2929 2750/2896 2749/2895
f 2783/2929 2749/2895 2782/2928
f 2784/2930 2751/2897 2750/2896
f 2784/2930 2750/2896 2783/2929
f 2785/2931 2752/2898 2751/2897
f 2785/2931 2751/2897 2784/2930
f 2786/2932 2753/2899 2752/2898
f 2786/2932 2752/2898 2785/2931
f 2787/2933 2754/2900 2753/2899
f 2787/2933 2753/2899 2786/2932
f 2788/2934 2755/2901 2754/2900
f 2788/2934 2754/2900 2787/2933
f 2789/2935 2756/2902 2755/2901
f 2789/2935 2755/2901 2788/2934
f 2790/2936 2756/2902 2789/2935
f 2790/2936 2757/2903 2756/2902
f 2791/2937 2758/2904 2757/2903
f 2791/2937 2757/2903 2790/2936
f 2792/2938 2758/2904 2791/2937
f 2792/2938 2759/2905 2758/2904
f 2793/2939 2760/2906 2759/2905
f 2793/2939 2759/2905 2792/2938
f 2794/2940 2760/2906 2793/2939
f 2794/2940 2761/2907 2760/2906
f 2795/2941 2762/2908 2761/2907
f 2795/2941 2761/2907 2794/2940
f 2796/2942 2763/2909 2762/2908
f 2796/2942 2762/2908 2795/2941
f 2797/2943 2764/2910 2763/2909
f 2797/2943 2763/2909 2796/2942
f 2798/2944 2765/2911 2764/2910
f 2798/2944 2764/2910 2797/2943
f 2799/2945 2766/2912 2765/2911
f 2799/2945 2765/2911 2798/2944
f 2800/2946 2767/2913 2766/2912
f 2800/2946 2766/2912 2799/2945
f 2801/2947 2768/2914 2767/2913
f 2801/2947 2767/2913 2800/2946
f 2802/2948 2769/2915 2768/2914
f 2802/2948 2768/2914 2801/2947
f 2803/2949 2770/2916 2769/2915
f 2803/2949 2769/2915 2802/2948
f 2805/2950 2772/2917 2770/2916
f 2805/2950 2770/2916 2803/2949
f 2804/2951 2771/2918 2772/2917
f 2804/2951 2772/2917 2805/2950
f 2808/2952 2775/2919 2774/2920
f 2808/2952 2774/2920 2807/2953
f 2807/2953 2774/2920 2773/2921
f 2807/2953 2773/2921 2806/2954
f 2809/2955 2776/2922 2775/2919
f 2809/2955 2775/2919 2808/2952
f 2810/2956 2776/2922 2809/2955
f 2810/2956 2777/2923 2776/2922
f 2811/2957 2778/2924 2777/2923
f 2811/2957 2777/2923 2810/2956
f 2812/2958 2779/2925 2778/2924
f 2812/2958 2778/2924 2811/2957
f 2813/2959 2780/2926 2779/2925
f 2813/2959 2779/2925 2812/2958
f 2814/2960 2780/2926 2813/2959
f 2814/2960 2781/2927 2780/2926
f 2815/2961 2782/2928 2781/2927
f 2815/2961 2781/2927 2814/2960
f 2816/2962 2782/2928 2815/2961
f 2816/2962 2783/2929 2782/2928
f 2817/2963 2784/2930 2783/2929
f 2817/2963 2783/2929 2816/2962
f 2818/2964 2785/2931 2784/2930
f 2818/2964 2784/2930 2817/2963
f 2819/2965 2786/2932 2785/2931
f 2819/2965 2785/2931 2818/2964
f 2820/2966 2787/2933 2786/2932
f 2820/2966 2786/2932 2819/2965
f 2821/2967 2788/2934 2787/2933
f 2821/2967 2787/2933 2820/2966
f 2822/2968 2789/2935 2788/2934
f 2822/2968 2788/2934 2821/2967
f 2823/2969 2790/2936 2789/2935
f 2823/2969 2789/2935 2822/2968
f 2824/2970 2791/2937 2790/2936
f 2824/2970 2790/2936 2823/2969
f 2825/2971 2792/2938 2791/2937
f 2825/2971 2791/2937 2824/2970
f 2826/2972 2793/2939 2792/2938
f 2826/2972 2792/2938 2825/2971
f 2827/2973 2794/2940 2793/2939
f 2827/2973 2793/2939 2826/2972
f 2828/2974 2794/2940 2827/2973
f 2828/2974 2795/2941 2794/2940
f 2829/2975 2796/2942 2795/2941
f 2829/2975 2795/2941 2828/2974
f 2830/2976 2796/2942 2829/2975
f 2830/2976 2797/2943 2796/2942
f 2831/2977 2798/2944 2797/2943
f 2831/2977 2797/2943 2830/2976
f 2832/2978 2799/2945 2798/2944
f 2832/2978 2798/2944 2831/2977
f 2833/2979 2800/2946 2799/2945
f 2833/2979 2799/2945 2832/2978
f 2834/2980 2800/2946 2833/2979
f 2834/2980 2801/2947 2800/2946
f 2835/2981 2802/2948 2801/2947
f 2835/2981 2801/2947 2834/2980
f 2836/2982 2802/2948 2835/2981
f 2836/2982 2803/2949 2802/2948
f 2838/2983 2805/2950 2803/2949
f 2838/2983 2803/2949 2836/2982
f 2837/2984 2805/2950 2838/2983
f 2837/2984 2804/2951 2805/2950
f 2841/2985 2808/2952 2807/2953
f 2840/2986 2807/2953 2806/2954
f 2840/2986 2806/2954 2839/2987
f 2841/2985 2807/2953 2840/2986
f 2842/2988 2809/2955 2808/2952
f 2842/2988 2808/2952 2841/2985
f 2843/2989 2810/2956 2809/2955
f 2843/2989 2809/2955 2842/2988
f 2844/2990 2811/2957 2810/2956
f 2844/2990 2810/2956 2843/2989
f 2845/2991 2812/2958 2811/2957
f 2845/2991 2811/2957 2844/2990
f 2846/2992 2813/2959 2812/2958
f 2846/2992 2812/2958 2845/2991
f 2847/2993 2814/2960 2813/2959
f 2847/2993 2813/2959 2846/2992
f 2848/2994 2814/2960 2847/2993
f 2848/2994 2815/2961 2814/2960
f 2849/2995 2816/2962 2815/2961
f 2849/2995 2815/2961 2848/2994
f 2850/2996 2816/2962 2849/2995
f 2850/2996 2817/2963 2816/2962
f 2851/2997 2818/2964 2817/2963
f 2851/2997 2817/2963 2850/2996
f 2852/2998 2819/2965 2818/2964
f 2852/2998 2818/2964 2851/2997
f 2853/2999 2820/2966 2819/2965
f 2853/2999 2819/2965 2852/2998
f 2854/3000 2820/2966 2853/2999
f 2854/3000 2821/2967 2820/2966
f 2855/3001 2821/2967 2854/3000
f 2855/3001 2822/2968 2821/2967
f 2856/3002 2822/2968 2855/3001
f 2856/3002 2823/2969 2822/2968
f 2857/3003 2824/2970 2823/2969
f 2857/3003 2823/2969 2856/3002
f 2858/3004 2824/2970 2857/3003
f 2858/3004 2825/2971 2824/2970
f 2859/3005 2826/2972 2825/2971
f 2859/3005 2825/2971 2858/3004
f 2860/3006 2827/2973 2826/2972
f 2860/3006 2826/2972 2859/3005
f 2861/3007 2828/2974 2827/2973
f 2861/3007 2827/2973 2860/3006
f 2862/3008 2829/2975 2828/2974
f 2862/3008 2828/2974 2861/3007
f 2863/3009 2830/2976 2829/2975
f 2863/3009 2829/2975 2862/3008
f 2864/3010 2831/2977 2830/2976
f 2864/3010 2830/2976 2863/3009
f 2865/3011 2832/2978 2831/2977
f 2865/3011 2831/2977 2864/3010
f 2866/3012 2833/2979 2832/2978
f 2866/3012 2832/2978 2865/3011
f 2867/3013 2834/2980 2833/2979
f 2867/3013 2833/2979 2866/3012
f 2868/3014 2835/2981 2834/2980
f 2868/3014 2834/2980 2867/3013
f 2869/3015 2836/2982 2835/2981
f 2869/3015 2835/2981 2868/3014
f 2871/3016 2838/2983 2836/2982
f 2871/3016 2836/2982 2869/3015
f 2870/3017 2837/2984 2838/2983
f 2870/3017 2838/2983 2871/3016
f 2874/3018 2841/2985 2840/2986
f 2874/3018 2840/2986 2873/3019
f 2873/3019 2840/2986 2839/2987
f 2873/3019 2839/2987 2872/3020
f 2875/3021 2841/2985 2874/3018
f 2875/3021 2842/2988 2841/2985
f 2876/3022 2842/2988 2875/3021
f 2876/3022 2843/2989 2842/2988
f 2877/3023 2844/2990 2843/2989
f 2877/3023 2843/2989 2876/3022
f 2878/3024 2844/2990 2877/3023
f 2878/3024 2845/2991 2844/2990
f 2879/3025 2846/2992 2845/2991
f 2879/3025 2845/2991 2878/3024
f 2880/3026 2847/2993 2846/2992
f 2880/3026 2846/2992 2879/3025
f 2881/3027 2848/2994 2847/2993
f 2881/3027 2847/2993 2880/3026
f 2882/3028 2849/2995 2848/2994
f 2882/3028 2848/2994 2881/3027
f 2883/3029 2850/2996 2849/2995
f 2883/3029 2849/2995 2882/3028
f 2884/3030 2851/2997 2850/2996
f 2884/3030 2850/2996 2883/3029
f 2885/3031 2852/2998 2851/2997
f 2885/3031 2851/2997 2884/3030
f 2886/3032 2853/2999 2852/2998
f 2886/3032 2852/2998 2885/3031
f 2887/3033 2854/3000 2853/2999
f 2887/3033 2853/2999 2886/3032
f 2888/3034 2855/3001 2854/3000
f 2888/3034 2854/3000 2887/3033
f 2889/3035 2856/3002 2855/3001
f 2889/3035 2855/3001 2888/3034
f 2890/3036 2857/3003 2856/3002
f 2890/3036 2856/3002 2889/3035
f 2891/3037 2858/3004 2857/3003
f 2891/3037 2857/3003 2890/3036
f 2892/3038 2859/3005 2858/3004
f 2892/3038 2858/3004 2891/3037
f 2893/3039 2860/3006 2859/3005
f 2893/3039 2859/3005 2892/3038
f 2894/3040 2861/3007 2860/3006
f 2894/3040 2860/3006 2893/3039
f 2895/3041 2862/3008 2861/3007
f 2895/3041 2861/3007 2894/3040
f 2896/3042 2863/3009 2862/3008
f 2896/3042 2862/3008 2895/3041
f 2897/3043 2864/3010 2863/3009
f 2897/3043 2863/3009 2896/3042
f 2898/3044 2865/3011 2864/3010
f 2898/3044 2864/3010 2897/3043
f 2899/3045 2866/3012 2865/3011
f 2899/3045 2865/3011 2898/3044
f 2900/3046 2867/3013 2866/3012
f 2900/3046 2866/3012 2899/3045
f 2901/3047 2868/3014 2867/3013
f 2901/3047 2867/3013 2900/3046
f 2902/3048 2869/3015 2868/3014
f 2902/3048 2868/3014 2901/3047
f 2904/3049 2871/3016 2869/3015
f 2904/3049 2869/3015 2902/3048
f 2903/3050 2870/3017 2871/3016
f 2903/3050 2871/3016 2904/3049
f 2907/3051 2874/3018 2873/3019
f 2906/3052 2873/3019 2872/3020
f 2907/3051 2873/3019 2906/3052
f 2906/3052 2872/3020 2905/3053
f 2908/3054 2875/3021 2874/3018
f 2908/3054 2874/3018 2907/3051
f 2909/3055 2876/3022 2875/3021
f 2909/3055 2875/3021 2908/3054
f 2910/3056 2876/3022 2909/3055
f 2910/3056 2877/3023 2876/3022
f 2911/3057 2878/3024 2877/3023
f 2911/3057 2877/3023 2910/3056
f 2912/3058 2879/3025 2878/3024
f 2912/3058 2878/3024 2911/3057
f 2913/3059 2880/3026 2879/3025
f 2913/3059 2879/3025 2912/3058
f 2914/3060 2881/3027 2880/3026
f 2914/3060 2880/3026 2913/3059
f 2915/3061 2882/3028 2881/3027
f 2915/3061 2881/3027 2914/3060
f 2916/3062 2883/3029 2882/3028
f 2916/3062 2882/3028 2915/3061
f 2917/3063 2884/3030 2883/3029
f 2917/3063 2883/3029 2916/3062
f 2918/3064 2884/3030 2917/3063
f 2918/3064 2885/3031 2884/3030
f 2919/3065 2885/3031 2918/3064
f 2919/3065 2886/3032 2885/3031
f 2920/3066 2886/3032 2919/3065
f 2920/3066 2887/3033 2886/3032
f 2921/3067 2888/3034 2887/3033
f 2921/3067 2887/3033 2920/3066
f 2922/3068 2889/3035 2888/3034
f 2922/3068 2888/3034 2921/3067
f 2923/3069 2890/3036 2889/3035
f 2923/3069 2889/3035 2922/3068
f 2924/3070 2891/3037 2890/3036
f 2924/3070 2890/3036 2923/3069
f 2925/3071 2892/3038 2891/3037
f 2925/3071 2891/3037 2924/3070
f 2926/3072 2893/3039 2892/3038
f 2926/3072 2892/3038 2925/3071
f 2927/3073 2894/3040 2893/3039
f 2927/3073 2893/3039 2926/3072
f 2928/3074 2895/3041 2894/3040
f 2928/3074 2894/3040 2927/3073
f 2929/3075 2896/3042 2895/3041
f 2929/3075 2895/3041 2928/3074
f 2930/3076 2897/3043 2896/3042
f 2930/3076 2896/3042 2929/3075
f 2931/3077 2898/3044 2897/3043
f 2931/3077 2897/3043 2930/3076
f 2932/3078 2899/3045 2898/3044
f 2932/3078 2898/3044 2931/3077
f 2933/3079 2900/3046 2899/3045
f 2933/3079 2899/3045 2932/3078
f 2934/3080 2900/3046 2933/3079
f 2934/3080 2901/3047 2900/3046
f 2935/3081 2902/3048 2901/3047
f 2935/3081 2901/3047 2934/3080
f 2937/3082 2902/3048 2935/3081
f 2937/3082 2904/3049 2902/3048
f 2936/3083 2903/3050 2904/3049
f 2936/3083 2904/3049 2937/3082
f 2940/3084 2907/3051 2906/3052
f 2939/3085 2906/3052 2905/3053
f 2939/3085 2905/3053 2938/3086
f 2940/3084 2906/3052 2939/3085
f 2941/3087 2908/3054 2907/3051
f 2941/3087 2907/3051 2940/3084
f 2942/3088 2909/3055 2908/3054
f 2942/3088 2908/3054 2941/3087
f 2943/3089 2910/3056 2909/3055
f 2943/3089 2909/3055 2942/3088
f 2944/3090 2911/3057 2910/3056
f 2944/3090 2910/3056 2943/3089
f 2945/3091 2912/3058 2911/3057
f 2945/3091 2911/3057 2944/3090
f 2946/3092 2913/3059 2912/3058
f 2946/3092 2912/3058 2945/3091
f 2947/3093 2914/3060 2913/3059
f 2947/3093 2913/3059 2946/3092
f 2948/3094 2915/3061 2914/3060
f 2948/3094 2914/3060 2947/3093
f 2949/3095 2916/3062 2915/3061
f 2949/3095 2915/3061 2948/3094
f 2950/3096 2917/3063 2916/3062
f 2950/3096 2916/3062 2949/3095
f 2951/3097 2918/3064 2917/3063
f 2951/3097 2917/3063 2950/3096
f 2952/3098 2919/3065 2918/3064
f 2952/3098 2918/3064 2951/3097
f 2953/3099 2920/3066 2919/3065
f 2953/3099 2919/3065 2952/3098
f 2954/3100 2920/3066 2953/3099
f 2954/3100 2921/3067 2920/3066
f 2955/3101 2922/3068 2921/3067
f 2955/3101 2921/3067 2954/3100
f 2956/3102 2922/3068 2955/3101
f 2956/3102 2923/3069 2922/3068
f 2957/3103 2924/3070 2923/3069
f 2957/3103 2923/3069 2956/3102
f 2958/3104 2924/3070 2957/3103
f 2958/3104 2925/3071 2924/3070
f 2959/3105 2926/3072 2925/3071
f 2959/3105 2925/3071 2958/3104
f 2960/3106 2927/3073 2926/3072
f 2960/3106 2926/3072 2959/3105
f 2961/3107 2928/3074 2927/3073
f 2961/3107 2927/3073 2960/3106
f 2962/3108 2928/3074 2961/3107
f 2962/3108 2929/3075 2928/3074
f 2963/3109 2930/3076 2929/3075
f 2963/3109 2929/3075 2962/3108
f 2964/3110 2931/3077 2930/3076
f 2964/3110 2930/3076 2963/3109
f 2965/3111 2932/3078 2931/3077
f 2965/3111 2931/3077 2964/3110
f 2966/3112 2933/3079 2932/3078
f 2966/3112 2932/3078 2965/3111
f 2967/3113 2934/3080 2933/3079
f 2967/3113 2933/3079 2966/3112
f 2968/3114 2934/3080 2967/3113
f 2968/3114 2935/3081 2934/3080
f 2970/3115 2937/3082 2935/3081
f 2970/3115 2935/3081 2968/3114
f 2969/3116 2936/3083 2937/3082
f 2969/3116 2937/3082 2970/3115
f 2973/3117 2940/3084 2939/3085
f 2973/3117 2939/3085 2972/3118
f 2972/3118 2939/3085 2938/3086
f 2972/3118 2938/3086 2971/3119
f 2974/3120 2940/3084 2973/3117
f 2974/3120 2941/3087 2940/3084
f 2975/3121 2942/3088 2941/3087
f 2975/3121 2941/3087 2974/3120
f 2976/3122 2943/3089 2942/3088
f 2976/3122 2942/3088 2975/3121
f 2977/3123 2944/3090 2943/3089
f 2977/3123 2943/3089 2976/3122
f 2978/3124 2944/3090 2977/3123
f 2978/3124 2945/3091 2944/3090
f 2979/3125 2946/3092 2945/3091
f 2979/3125 2945/3091 2978/3124
f 2980/3126 2947/3093 2946/3092
f 2980/3126 2946/3092 2979/3125
f 2981/3127 2948/3094 2947/3093
f 2981/3127 2947/3093 2980/3126
f 2982/3128 2948/3094 2981/3127
f 2982/3128 2949/3095 2948/3094
f 2983/3129 2949/3095 2982/3128
f 2983/3129 2950/3096 2949/3095
f 2984/3130 2950/3096 2983/3129
f 2984/3130 2951/3097 2950/3096
f 2985/3131 2952/3098 2951/3097
f 2985/3131 2951/3097 2984/3130
f 2986/3132 2953/3099 2952/3098
f 2986/3132 2952/3098 2985/3131
f 2987/3133 2954/3100 2953/3099
f 2987/3133 2953/3099 2986/3132
f 2988/3134 2955/3101 2954/3100
f 2988/3134 2954/3100 2987/3133
f 2989/3135 2956/3102 2955/3101
f 2989/3135 2955/3101 2988/3134
f 2990/3136 2957/3103 2956/3102
f 2990/3136 2956/3102 2989/3135
f 2991/3137 2958/3104 2957/3103
f 2991/3137 2957/3103 2990/3136
f 2992/3138 2959/3105 2958/3104
f 2992/3138 2958/3104 2991/3137
f 2993/3139 2960/3106 2959/3105
f 2993/3139 2959/3105 2992/3138
f 2994/3140 2961/3107 2960/3106
f 2994/3140 2960/3106 2993/3139
f 2995/3141 2962/3108 2961/3107
f 2995/3141 2961/3107 2994/3140
f 2996/3142 2962/3108 2995/3141
f 2996/3142 2963/3109 2962/3108
f 2997/3143 2964/3110 2963/3109
f 2997/3143 2963/3109 2996/3142
f 2998/3144 2965/3111 2964/3110
f 2998/3144 2964/3110 2997/3143
f 2999/3145 2966/3112 2965/3111
f 2999/3145 2965/3111 2998/3144
f 3000/3146 2967/3113 2966/3112
f 3000/3146 2966/3112 2999/3145
f 3001/3147 2967/3113 3000/3146
f 3001/3147 2968/3114 2967/3113
f 3003/3148 2968/3114 3001/3147
f 3003/3148 2970/3115 2968/3114
f 3002/3149 2970/3115 3003/3148
f 3002/3149 2969/3116 2970/3115
f 3006/3150 2973/3117 2972/3118
f 3005/3151 2971/3152 3004/3153
f 3006/3150 2972/3118 3005/3154
f 3005/3154 2972/3118 2971/3152
f 3007/3155 2974/3120 2973/3117
f 3007/3155 2973/3117 3006/3150
f 3008/3156 2975/3121 2974/3120
f 3008/3156 2974/3120 3007/3155
f 3009/3157 2976/3122 2975/3121
f 3009/3157 2975/3121 3008/3156
f 3010/3158 2977/3123 2976/3122
f 3010/3158 2976/3122 3009/3157
f 3011/3159 2978/3124 2977/3123
f 3011/3159 2977/3123 3010/3158
f 3012/3160 2979/3125 2978/3124
f 3012/3160 2978/3124 3011/3159
f 3013/3161 2980/3126 2979/3125
f 3013/3161 2979/3125 3012/3160
f 3014/3162 2981/3127 2980/3126
f 3014/3162 2980/3126 3013/3161
f 3015/3163 2982/3128 2981/3127
f 3015/3163 2981/3127 3014/3162
f 3016/3164 2983/3129 2982/3128
f 3016/3164 2982/3128 3015/3163
f 3017/3165 2984/3130 2983/3129
f 3017/3165 2983/3129 3016/3164
f 3018/3166 2984/3130 3017/3165
f 3018/3166 2985/3131 2984/3130
f 3019/3167 2986/3132 2985/3131
f 3019/3167 2985/3131 3018/3166
f 3020/3168 2987/3133 2986/3132
f 3020/3168 2986/3132 3019/3167
f 3021/3169 2988/3134 2987/3133
f 3021/3169 2987/3133 3020/3168
f 3022/3170 2988/3134 3021/3169
f 3022/3170 2989/3135 2988/3134
f 3023/3171 2990/3136 2989/3135
f 3023/3171 2989/3135 3022/3170
f 3024/3172 2991/3137 2990/3136
f 3024/3172 2990/3136 3023/3171
f 3025/3173 2991/3137 3024/3172
f 3025/3173 2992/3138 2991/3137
f 3026/3174 2993/3139 2992/3138
f 3026/3174 2992/3138 3025/3173
f 3027/3175 2994/3140 2993/3139
f 3027/3175 2993/3139 3026/3174
f 3028/3176 2995/3141 2994/3140
f 3028/3176 2994/3140 3027/3175
f 3029/3177 2996/3142 2995/3141
f 3029/3177 2995/3141 3028/3176
f 3030/3178 2997/3143 2996/3142
f 3030/3178 2996/3142 3029/3177
f 3031/3179 2998/3144 2997/3143
f 3031/3179 2997/3143 3030/3178
f 3032/3180 2999/3145 2998/3144
f 3032/3180 2998/3144 3031/3179
f 3033/3181 3000/3146 2999/3145
f 3033/3181 2999/3145 3032/3180
f 3034/3182 3001/3147 3000/3146
f 3034/3182 3000/3146 3033/3181
f 3036/3183 3003/3148 3001/3147
f 3036/3183 3001/3147 3034/3182
f 3035/3184 3002/3149 3003/3148
f 3035/3184 3003/3148 3036/3183
f 3039/3185 3006/3150 3005/3154
f 3039/3185 3005/3154 3038/3186
f 3038/3186 3005/3154 3004/3153
f 3038/3186 3004/3153 3037/3187
f 3040/3188 3007/3155 3006/3150
f 3040/3188 3006/3150 3039/3185
f 3041/3189 3008/3156 3007/3155
f 3041/3189 3007/3155 3040/3188
f 3042/3190 3008/3156 3041/3189
f 3042/3190 3009/3157 3008/3156
f 3043/3191 3010/3158 3009/3157
f 3043/3191 3009/3157 3042/3190
f 3044/3192 3011/3159 3010/3158
f 3044/3192 3010/3158 3043/3191
f 3045/3193 3012/3160 3011/3159
f 3045/3193 3011/3159 3044/3192
f 3046/3194 3012/3160 3045/3193
f 3046/3194 3013/3161 3012/3160
f 3047/3195 3014/3162 3013/3161
f 3047/3195 3013/3161 3046/3194
f 3048/3196 3015/3163 3014/3162
f 3048/3196 3014/3162 3047/3195
f 3049/3197 3016/3164 3015/3163
f 3049/3197 3015/3163 3048/3196
f 3050/3198 3017/3165 3016/3164
f 3050/3198 3016/3164 3049/3197
f 3051/3199 3018/3166 3017/3165
f 3051/3199 3017/3165 3050/3198
f 3052/3200 3019/3167 3018/3166
f 3052/3200 3018/3166 3051/3199
f 3053/3201 3020/3168 3019/3167
f 3053/3201 3019/3167 3052/3200
f 3054/3202 3021/3169 3020/3168
f 3054/3202 3020/3168 3053/3201
f 3055/3203 3022/3170 3021/3169
f 3055/3203 3021/3169 3054/3202
f 3056/3204 3022/3170 3055/3203
f 3056/3204 3023/3171 3022/3170
f 3057/3205 3024/3172 3023/3171
f 3057/3205 3023/3171 3056/3204
f 3058/3206 3025/3173 3024/3172
f 3058/3206 3024/3172 3057/3205
f 3059/3207 3026/3174 3025/3173
f 3059/3207 3025/3173 3058/3206
f 3060/3208 3027/3175 3026/3174
f 3060/3208 3026/3174 3059/3207
f 3061/3209 3028/3176 3027/3175
f 3061/3209 3027/3175 3060/3208
f 3062/3210 3029/3177 3028/3176
f 3062/3210 3028/3176 3061/3209
f 3063/3211 3030/3178 3029/3177
f 3063/3211 3029/3177 3062/3210
f 3064/3212 3030/3178 3063/3211
f 3064/3212 3031/3179 3030/3178
f 3065/3213 3032/3180 3031/3179
f 3065/3213 3031/3179 3064/3212
f 3066/3214 3032/3180 3065/3213
f 3066/3214 3033/3181 3032/3180
f 3067/3215 3034/3182 3033/3181
f 3067/3215 3033/3181 3066/3214
f 3069/3216 3034/3182 3067/3215
f 3069/3216 3036/3183 3034/3182
f 3068/3217 3035/3184 3036/3183
f 3068/3217 3036/3183 3069/3216
f 3072/3218 3039/3185 3038/3186
f 3071/3219 3037/3220 3070/3221
f 3072/3218 3038/3186 3071/3222
f 3071/3222 3038/3186 3037/3220
f 3073/3223 3040/3188 3039/3185
f 3073/3223 3039/3185 3072/3218
f 3074/3224 3041/3189 3040/3188
f 3074/3224 3040/3188 3073/3223
f 3075/3225 3042/3190 3041/3189
f 3075/3225 3041/3189 3074/3224
f 3076/3226 3043/3191 3042/3190
f 3076/3226 3042/3190 3075/3225
f 3077/3227 3044/3192 3043/3191
f 3077/3227 3043/3191 3076/3226
f 3078/3228 3045/3193 3044/3192
f 3078/3228 3044/3192 3077/3227
f 3079/3229 3046/3194 3045/3193
f 3079/3229 3045/3193 3078/3228
f 3080/3230 3046/3194 3079/3229
f 3080/3230 3047/3195 3046/3194
f 3081/3231 3048/3196 3047/3195
f 3081/3231 3047/3195 3080/3230
f 3082/3232 3048/3196 3081/3231
f 3082/3232 3049/3197 3048/3196
f 3083/3233 3050/3198 3049/3197
f 3083/3233 3049/3197 3082/3232
f 3084/3234 3051/3199 3050/3198
f 3084/3234 3050/3198 3083/3233
f 3085/3235 3052/3200 3051/3199
f 3085/3235 3051/3199 3084/3234
f 3086/3236 3053/3201 3052/3200
f 3086/3236 3052/3200 3085/3235
f 3087/3237 3054/3202 3053/3201
f 3087/3237 3053/3201 3086/3236
f 3088/3238 3054/3202 3087/3237
f 3088/3238 3055/3203 3054/3202
f 3089/3239 3055/3203 3088/3238
f 3089/3239 3056/3204 3055/3203
f 3090/3240 3056/3204 3089/3239
f 3090/3240 3057/3205 3056/3204
f 3091/3241 3058/3206 3057/3205
f 3091/3241 3057/3205 3090/3240
f 3092/3242 3058/3206 3091/3241
f 3092/3242 3059/3207 3058/3206
f 3093/3243 3060/3208 3059/3207
f 3093/3243 3059/3207 3092/3242
f 3094/3244 3060/3208 3093/3243
f 3094/3244 3061/3209 3060/3208
f 3095/3245 3062/3210 3061/3209
f 3095/3245 3061/3209 3094/3244
f 3096/3246 3063/3211 3062/3210
f 3096/3246 3062/3210 3095/3245
f 3097/3247 3064/3212 3063/3211
f 3097/3247 3063/3211 3096/3246
f 3098/3248 3065/3213 3064/3212
f 3098/3248 3064/3212 3097/3247
f 3099/3249 3066/3214 3065/3213
f 3099/3249 3065/3213 3098/3248
f 3100/3250 3067/3215 3066/3214
f 3100/3250 3066/3214 3099/3249
f 3102/3251 3069/3216 3067/3215
f 3102/3251 3067/3215 3100/3250
f 3101/3252 3068/3217 3069/3216
f 3101/3252 3069/3216 3102/3251
f 3105/3253 3072/3218 3071/3222
f 3105/3253 3071/3222 3104/3254
f 3104/3254 3071/3222 3070/3221
f 3104/3254 3070/3221 3103/3255
f 3106/3256 3072/3218 3105/3253
f 3106/3256 3073/3223 3072/3218
f 3107/3257 3074/3224 3073/3223
f 3107/3257 3073/3223 3106/3256
f 3108/3258 3075/3225 3074/3224
f 3108/3258 3074/3224 3107/3257
f 3109/3259 3076/3226 3075/3225
f 3109/3259 3075/3225 3108/3258
f 3110/3260 3076/3226 3109/3259
f 3110/3260 3077/3227 3076/3226
f 3111/3261 3078/3228 3077/3227
f 3111/3261 3077/3227 3110/3260
f 3112/3262 3079/3229 3078/3228
f 3112/3262 3078/3228 3111/3261
f 3113/3263 3080/3230 3079/3229
f 3113/3263 3079/3229 3112/3262
f 3114/3264 3081/3231 3080/3230
f 3114/3264 3080/3230 3113/3263
f 3115/3265 3082/3232 3081/3231
f 3115/3265 3081/3231 3114/3264
f 3116/3266 3082/3232 3115/3265
f 3116/3266 3083/3233 3082/3232
f 3117/3267 3084/3234 3083/3233
f 3117/3267 3083/3233 3116/3266
f 3118/3268 3085/3235 3084/3234
f 3118/3268 3084/3234 3117/3267
f 3119/3269 3086/3236 3085/3235
f 3119/3269 3085/3235 3118/3268
f 3120/3270 3087/3237 3086/3236
f 3120/3270 3086/3236 3119/3269
f 3121/3271 3088/3238 3087/3237
f 3121/3271 3087/3237 3120/3270
f 3122/3272 3089/3239 3088/3238
f 3122/3272 3088/3238 3121/3271
f 3123/3273 3090/3240 3089/3239
f 3123/3273 3089/3239 3122/3272
f 3124/3274 3091/3241 3090/3240
f 3124/3274 3090/3240 3123/3273
f 3125/3275 3092/3242 3091/3241
f 3125/3275 3091/3241 3124/3274
f 3126/3276 3093/3243 3092/3242
f 3126/3276 3092/3242 3125/3275
f 3127/3277 3093/3243 3126/3276
f 3127/3277 3094/3244 3093/3243
f 3128/3278 3094/3244 3127/3277
f 3128/3278 3095/3245 3094/3244
f 3129/3279 3095/3245 3128/3278
f 3129/3279 3096/3246 3095/3245
f 3130/3280 3096/3246 3129/3279
f 3130/3280 3097/3247 3096/3246
f 3131/3281 3097/3247 3130/3280
f 3131/3281 3098/3248 3097/3247
f 3132/3282 3098/3248 3131/3281
f 3132/3282 3099/3249 3098/3248
f 3133/3283 3100/3250 3099/3249
f 3133/3283 3099/3249 3132/3282
f 3135/3284 3100/3250 3133/3283
f 3135/3284 3102/3251 3100/3250
f 3134/3285 3102/3251 3135/3284
f 3134/3285 3101/3252 3102/3251
f 3138/3286 3105/3253 3104/3254
f 3137/3287 3104/3254 3103/3255
f 3137/3287 3103/3255 3136/3288
f 3138/3286 3104/3254 3137/3287
f 3139/3289 3106/3256 3105/3253
f 3139/3289 3105/3253 3138/3286
f 3140/3290 3107/3257 3106/3256
f 3140/3290 3106/3256 3139/3289
f 3141/3291 3108/3258 3107/3257
f 3141/3291 3107/3257 3140/3290
f 3142/3292 3109/3259 3108/3258
f 3142/3292 3108/3258 3141/3291
f 3143/3293 3110/3260 3109/3259
f 3143/3293 3109/3259 3142/3292
f 3144/3294 3111/3261 3110/3260
f 3144/3294 3110/3260 3143/3293
f 3145/3295 3111/3261 3144/3294
f 3145/3295 3112/3262 3111/3261
f 3146/3296 3113/3263 3112/3262
f 3146/3296 3112/3262 3145/3295
f 3147/3297 3114/3264 3113/3263
f 3147/3297 3113/3263 3146/3296
f 3148/3298 3114/3264 3147/3297
f 3148/3298 3115/3265 3114/3264
f 3149/3299 3116/3266 3115/3265
f 3149/3299 3115/3265 3148/3298
f 3150/3300 3117/3267 3116/3266
f 3150/3300 3116/3266 3149/3299
f 3151/3301 3118/3268 3117/3267
f 3151/3301 3117/3267 3150/3300
f 3152/3302 3119/3269 3118/3268
f 3152/3302 3118/3268 3151/3301
f 3153/3303 3120/3270 3119/3269
f 3153/3303 3119/3269 3152/3302
f 3154/3304 3121/3271 3120/3270
f 3154/3304 3120/3270 3153/3303
f 3155/3305 3122/3272 3121/3271
f 3155/3305 3121/3271 3154/3304
f 3156/3306 3123/3273 3122/3272
f 3156/3306 3122/3272 3155/3305
f 3157/3307 3124/3274 3123/3273
f 3157/3307 3123/3273 3156/3306
f 3158/3308 3125/3275 3124/3274
f 3158/3308 3124/3274 3157/3307
f 3159/3309 3126/3276 3125/3275
f 3159/3309 3125/3275 3158/3308
f 3160/3310 3127/3277 3126/3276
f 3160/3310 3126/3276 3159/3309
f 3161/3311 3128/3278 3127/3277
f 3161/3311 3127/3277 3160/3310
f 3162/3312 3129/3279 3128/3278
f 3162/3312 3128/3278 3161/3311
f 3163/3313 3130/3280 3129/3279
f 3163/3313 3129/3279 3162/3312
f 3164/3314 3131/3281 3130/3280
f 3164/3314 3130/3280 3163/3313
f 3165/3315 3132/3282 3131/3281
f 3165/3315 3131/3281 3164/3314
f 3166/3316 3133/3283 3132/3282
f 3166/3316 3132/3282 3165/3315
f 3168/3317 3135/3284 3133/3283
f 3168/3317 3133/3283 3166/3316
f 3167/3318 3134/3285 3135/3284
f 3167/3318 3135/3284 3168/3317
f 3171/3319 3138/3286 3137/3287
f 3171/3319 3137/3287 3170/3320
f 3170/3320 3137/3287 3136/3288
f 3170/3320 3136/3288 3169/3321
f 3172/3322 3139/3289 3138/3286
f 3172/3322 3138/3286 3171/3319
f 3173/3323 3140/3290 3139/3289
f 3173/3323 3139/3289 3172/3322
f 3174/3324 3141/3291 3140/3290
f 3174/3324 3140/3290 3173/3323
f 3175/3325 3142/3292 3141/3291
f 3175/3325 3141/3291 3174/3324
f 3176/3326 3142/3292 3175/3325
f 3176/3326 3143/3293 3142/3292
f 3177/3327 3144/3294 3143/3293
f 3177/3327 3143/3293 3176/3326
f 3178/3328 3145/3295 3144/3294
f 3178/3328 3144/3294 3177/3327
f 3179/3329 3146/3296 3145/3295
f 3179/3329 3145/3295 3178/3328
f 3180/3330 3147/3297 3146/3296
f 3180/3330 3146/3296 3179/3329
f 3181/3331 3148/3298 3147/3297
f 3181/3331 3147/3297 3180/3330
f 3182/3332 3149/3299 3148/3298
f 3182/3332 3148/3298 3181/3331
f 3183/3333 3150/3300 3149/3299
f 3183/3333 3149/3299 3182/3332
f 3184/3334 3151/3301 3150/3300
f 3184/3334 3150/3300 3183/3333
f 3185/3335 3152/3302 3151/3301
f 3185/3335 3151/3301 3184/3334
f 3186/3336 3153/3303 3152/3302
f 3186/3336 3152/3302 3185/3335
f 3187/3337 3154/3304 3153/3303
f 3187/3337 3153/3303 3186/3336
f 3188/3338 3155/3305 3154/3304
f 3188/3338 3154/3304 3187/3337
f 3189/3339 3156/3306 3155/3305
f 3189/3339 3155/3305 3188/3338
f 3190/3340 3156/3306 3189/3339
f 3190/3340 3157/3307 3156/3306
f 3191/3341 3157/3307 3190/3340
f 3191/3341 3158/3308 3157/3307
f 3192/3342 3158/3308 3191/3341
f 3192/3342 3159/3309 3158/3308
f 3193/3343 3160/3310 3159/3309
f 3193/3343 3159/3309 3192/3342
f 3194/3344 3160/3310 3193/3343
f 3194/3344 3161/3311 3160/3310
f 3195/3345 3162/3312 3161/3311
f 3195/3345 3161/3311 3194/3344
f 3196/3346 3162/3312 3195/3345
f 3196/3346 3163/3313 3162/3312
f 3197/3347 3164/3314 3163/3313
f 3197/3347 3163/3313 3196/3346
f 3198/3348 3164/3314 3197/3347
f 3198/3348 3165/3315 3164/3314
f 3199/3349 3165/3315 3198/3348
f 3199/3349 3166/3316 3165/3315
f 3201/3350 3166/3316 3199/3349
f 3201/3350 3168/3317 3166/3316
f 3200/3351 3167/3318 3168/3317
f 3200/3351 3168/3317 3201/3350
f 3207/3352 3171/3319 3170/3320
f 3205/3353 3170/3320 3169/3321
f 3205/3353 3169/3321 3203/3354
f 3207/3352 3170/3320 3205/3353
f 3209/3355 3172/3322 3171/3319
f 3209/3355 3171/3319 3207/3352
f 3211/3356 3173/3323 3172/3322
f 3211/3356 3172/3322 3209/3355
f 3213/3357 3174/3324 3173/3323
f 3213/3357 3173/3323 3211/3356
f 3215/3358 3174/3324 3213/3357
f 3215/3358 3175/3325 3174/3324
f 3217/3359 3176/3326 3175/3325
f 3217/3359 3175/3325 3215/3358
f 3219/3360 3176/3326 3217/3359
f 3219/3360 3177/3327 3176/3326
f 3221/3361 3178/3328 3177/3327
f 3221/3361 3177/3327 3219/3360
f 3223/3362 3179/3329 3178/3328
f 3223/3362 3178/3328 3221/3361
f 3225/3363 3180/3330 3179/3329
f 3225/3363 3179/3329 3223/3362
f 3227/3364 3180/3330 3225/3363
f 3227/3364 3181/3331 3180/3330
f 3229/3365 3182/3332 3181/3331
f 3229/3365 3181/3331 3227/3364
f 3231/3366 3183/3333 3182/3332
f 3231/3366 3182/3332 3229/3365
f 3233/3367 3184/3334 3183/3333
f 3233/3367 3183/3333 3231/3366
f 3235/3368 3184/3334 3233/3367
f 3235/3368 3185/3335 3184/3334
f 3237/3369 3186/3336 3185/3335
f 3237/3369 3185/3335 3235/3368
f 3239/3370 3187/3337 3186/3336
f 3239/3370 3186/3336 3237/3369
f 3241/3371 3188/3338 3187/3337
f 3241/3371 3187/3337 3239/3370
f 3243/3372 3189/3339 3188/3338
f 3243/3372 3188/3338 3241/3371
f 3245/3373 3190/3340 3189/3339
f 3245/3373 3189/3339 3243/3372
f 3247/3374 3191/3341 3190/3340
f 3247/3374 3190/3340 3245/3373
f 3249/3375 3192/3342 3191/3341
f 3249/3375 3191/3341 3247/3374
f 3251/3376 3193/3343 3192/3342
f 3251/3376 3192/3342 3249/3375
f 3253/3377 3194/3344 3193/3343
f 3253/3377 3193/3343 3251/3376
f 3255/3378 3195/3345 3194/3344
f 3255/3378 3194/3344 3253/3377
f 3257/3379 3196/3346 3195/3345
f 3257/3379 3195/3345 3255/3378
f 3259/3380 3197/3347 3196/3346
f 3259/3380 3196/3346 3257/3379
f 3261/3381 3198/3348 3197/3347
f 3261/3381 3197/3347 3259/3380
f 3263/3382 3199/3349 3198/3348
f 3263/3382 3198/3348 3261/3381
f 3266/3383 3201/3350 3199/3349
f 3266/3383 3199/3349 3263/3382
f 3265/3384 3200/3351 3201/3350
f 3265/3384 3201/3350 3266/3383
f 3206/3385 3207/3352 3205/3353
f 3206/3385 3205/3353 3204/3386
f 3204/3386 3205/3353 3203/3354
f 3204/3386 3203/3354 3202/3387
f 3208/3388 3207/3352 3206/3385
f 3208/3388 3209/3355 3207/3352
f 3210/3389 3209/3355 3208/3388
f 3210/3389 3211/3356 3209/3355
f 3212/3390 3211/3356 3210/3389
f 3212/3390 3213/3357 3211/3356
f 3214/3391 3215/3358 3213/3357
f 3214/3391 3213/3357 3212/3390
f 3216/3392 3217/3359 3215/3358
f 3216/3392 3215/3358 3214/3391
f 3218/3393 3219/3360 3217/3359
f 3218/3393 3217/3359 3216/3392
f 3220/3394 3221/3361 3219/3360
f 3220/3394 3219/3360 3218/3393
f 3222/3395 3223/3362 3221/3361
f 3222/3395 3221/3361 3220/3394
f 3224/3396 3225/3363 3223/3362
f 3224/3396 3223/3362 3222/3395
f 3226/3397 3227/3364 3225/3363
f 3226/3397 3225/3363 3224/3396
f 3228/3398 3229/3365 3227/3364
f 3228/3398 3227/3364 3226/3397
f 3230/3399 3231/3366 3229/3365
f 3230/3399 3229/3365 3228/3398
f 3232/3400 3233/3367 3231/3366
f 3232/3400 3231/3366 3230/3399
f 3234/3401 3235/3368 3233/3367
f 3234/3401 3233/3367 3232/3400
f 3236/3402 3237/3369 3235/3368
f 3236/3402 3235/3368 3234/3401
f 3238/3403 3237/3369 3236/3402
f 3238/3403 3239/3370 3237/3369
f 3240/3404 3239/3370 3238/3403
f 3240/3404 3241/3371 3239/3370
f 3242/3405 3241/3371 3240/3404
f 3242/3405 3243/3372 3241/3371
f 3244/3406 3243/3372 3242/3405
f 3244/3406 3245/3373 3243/3372
f 3246/3407 3245/3373 3244/3406
f 3246/3407 3247/3374 3245/3373
f 3248/3408 3247/3374 3246/3407
f 3248/3408 3249/3375 3247/3374
f 3250/3409 3249/3375 3248/3408
f 3250/3409 3251/3376 3249/3375
f 3252/3410 3251/3376 3250/3409
f 3252/3410 3253/3377 3251/3376
f 3254/3411 3253/3377 3252/3410
f 3254/3411 3255/3378 3253/3377
f 3256/3412 3255/3378 3254/3411
f 3256/3412 3257/3379 3255/3378
f 3258/3413 3257/3379 3256/3412
f 3258/3413 3259/3380 3257/3379
f 3260/3414 3259/3380 3258/3413
f 3260/3414 3261/3381 3259/3380
f 3262/3415 3263/3382 3261/3381
f 3262/3415 3261/3381 3260/3414
f 3264/3416 3266/3383 3263/3382
f 3264/3416 3263/3382 3262/3415
f 3267/3417 3265/3384 3266/3383
f 3267/3417 3266/3383 3264/3416
f 3302/3418 3269/3419 3268/3420
f 3302/3418 3268/3420 3301/3421
f 3303/3422 3269/3419 3302/3418
f 3305/3423 3272/3424 3271/3425
f 3307/3426 3273/3427 3306/3428
f 3307/3426 3274/3429 3273/3427
f 3308/3430 3274/3429 3307/3426
f 3309/3431 3276/3432 3275/3433
f 3311/3434 3277/3435 3310/3436
f 3311/3434 3278/3437 3277/3435
f 3313/3438 3279/3439 3312/3440
f 3313/3438 3280/3441 3279/3439
f 3314/3442 3280/3441 3313/3438
f 3315/3443 3282/3444 3281/3445
f 3316/3446 3282/3444 3315/3443
f 3317/3447 3284/3448 3283/3449
f 3319/3450 3285/3451 3318/3452
f 3319/3450 3286/3453 3285/3451
f 3321/3454 3287/3455 3320/3456
f 3321/3454 3288/3457 3287/3455
f 3323/3458 3289/3459 3322/3460
f 3323/3458 3290/3461 3289/3459
f 3325/3462 3291/3463 3324/3464
f 3325/3462 3292/3465 3291/3463
f 3326/3466 3292/3465 3325/3462
f 3327/3467 3294/3468 3293/3469
f 3328/3470 3294/3468 3327/3467
f 3329/3471 3296/3472 3295/3473
f 3330/3474 3296/3472 3329/3471
f 3331/3475 3298/3476 3297/3477
f 3333/3478 3298/3476 3331/3475
f 3332/3479 3299/3480 3300/3481
f 3336/3482 3302/3483 3335/3484
f 3336/3482 3303/3422 3302/3483
f 3338/3485 3304/3486 3337/3487
f 3338/3485 3305/3488 3304/3486
f 3340/3489 3306/3490 3339/3491
f 3340/3489 3307/3426 3306/3490
f 3342/3492 3308/3493 3341/3494
f 3342/3492 3309/3495 3308/3493
f 3344/3496 3310/3497 3343/3498
f 3344/3496 3311/3434 3310/3497
f 3346/3499 3312/3500 3345/3501
f 3346/3499 3313/3438 3312/3500
f 3348/3502 3314/3503 3347/3504
f 3348/3502 3315/3505 3314/3503
f 3350/3506 3316/3507 3349/3508
f 3350/3506 3317/3509 3316/3507
f 3351/3510 3317/3509 3350/3506
f 3352/3511 3319/3450 3318/3452
f 3353/3512 3319/3450 3352/3511
f 3354/3513 3321/3454 3320/3456
f 3355/3514 3321/3454 3354/3513
f 3356/3515 3323/3458 3322/3460
f 3357/3516 3323/3458 3356/3515
f 3358/3517 3325/3462 3324/3464
f 3359/3518 3325/3462 3358/3517
f 3360/3519 3327/3520 3326/3521
f 3361/3522 3327/3520 3360/3519
f 3362/3523 3329/3524 3328/3525
f 3363/3526 3329/3524 3362/3523
f 3364/3527 3331/3528 3330/3529
f 3366/3530 3331/3528 3364/3527
f 3365/3531 3332/3532 3333/3533
f 3305/3488 3271/3425 3304/3486
f 3304/3486 3271/3425 3270/3534
f 3304/3486 3270/3534 3303/3535
f 3303/3535 3270/3534 3269/3419
f 3306/3536 3272/3424 3305/3423
f 3306/3536 3273/3427 3272/3424
f 3309/3495 3275/3433 3308/3493
f 3308/3493 3275/3433 3274/3429
f 3310/3537 3276/3432 3309/3431
f 3310/3537 3277/3435 3276/3432
f 3312/3538 3278/3437 3311/3434
f 3312/3440 3279/3439 3278/3437
f 3315/3443 3281/3445 3314/3503
f 3314/3442 3281/3445 3280/3441
f 3317/3447 3283/3449 3316/3507
f 3316/3507 3283/3449 3282/3444
f 3318/3539 3284/3448 3317/3447
f 3318/3539 3285/3451 3284/3448
f 3320/3540 3286/3453 3319/3450
f 3320/3456 3287/3455 3286/3453
f 3322/3541 3288/3457 3321/3454
f 3322/3541 3289/3459 3288/3457
f 3324/3542 3290/3461 3323/3458
f 3324/3464 3291/3463 3290/3461
f 3327/3467 3293/3469 3326/3521
f 3326/3466 3293/3469 3292/3465
f 3329/3471 3295/3473 3328/3525
f 3328/3525 3295/3473 3294/3468
f 3331/3475 3297/3477 3330/3529
f 3330/3474 3297/3477 3296/3472
f 3332/3479 3300/3481 3333/3533
f 3333/3478 3300/3481 3298/3476
f 3335/3543 3301/3544 3334/3545
f 3335/3484 3302/3483 3301/3544
f 3337/3487 3304/3486 3303/3535
f 3337/3487 3303/3535 3336/3482
f 3339/3546 3305/3488 3338/3485
f 3339/3546 3306/3490 3305/3488
f 3341/3494 3308/3493 3307/3426
f 3341/3494 3307/3426 3340/3489
f 3343/3547 3309/3495 3342/3492
f 3343/3547 3310/3497 3309/3495
f 3345/3501 3312/3500 3311/3434
f 3345/3501 3311/3434 3344/3496
f 3347/3548 3313/3438 3346/3499
f 3347/3504 3314/3503 3313/3438
f 3349/3508 3316/3507 3315/3443
f 3349/3508 3315/3443 3348/3502
f 3352/3511 3318/3452 3351/3549
f 3351/3510 3318/3452 3317/3509
f 3354/3513 3320/3456 3353/3550
f 3353/3550 3320/3456 3319/3450
f 3356/3515 3322/3460 3355/3551
f 3355/3514 3322/3460 3321/3454
f 3358/3517 3324/3464 3357/3552
f 3357/3516 3324/3464 3323/3458
f 3360/3519 3326/3521 3359/3553
f 3359/3553 3326/3521 3325/3462
f 3362/3523 3328/3525 3361/3554
f 3361/3554 3328/3525 3327/3520
f 3364/3527 3330/3529 3363/3555
f 3363/3526 3330/3529 3329/3524
f 3365/3531 3333/3533 3366/3556
f 3366/3556 3333/3533 3331/3528
f 3369/3557 3336/3482 3335/3484
f 3368/3558 3334/3559 3367/3560
f 3369/3557 3335/3484 3368/3561
f 3368/3561 3335/3484 3334/3559
f 3370/3562 3337/3487 3336/3482
f 3370/3562 3336/3482 3369/3557
f 3371/3563 3338/3485 3337/3487
f 3371/3563 3337/3487 3370/3562
f 3372/3564 3339/3546 3338/3485
f 3372/3564 3338/3485 3371/3563
f 3373/3565 3340/3489 3339/3491
f 3373/3565 3339/3491 3372/3564
f 3374/3566 3341/3494 3340/3489
f 3374/3566 3340/3489 3373/3565
f 3375/3567 3342/3492 3341/3494
f 3375/3567 3341/3494 3374/3566
f 3376/3568 3343/3547 3342/3492
f 3376/3568 3342/3492 3375/3567
f 3377/3569 3344/3496 3343/3498
f 3377/3569 3343/3498 3376/3568
f 3378/3570 3345/3501 3344/3496
f 3378/3570 3344/3496 3377/3569
f 3379/3571 3346/3499 3345/3501
f 3379/3571 3345/3501 3378/3570
f 3380/3572 3347/3548 3346/3499
f 3380/3572 3346/3499 3379/3571
f 3381/3573 3347/3548 3380/3572
f 3381/3573 3348/3502 3347/3548
f 3382/3574 3349/3508 3348/3502
f 3382/3574 3348/3502 3381/3573
f 3383/3575 3349/3508 3382/3574
f 3383/3575 3350/3506 3349/3508
f 3384/3576 3350/3506 3383/3575
f 3384/3576 3351/3510 3350/3506
f 3385/3577 3351/3510 3384/3576
f 3385/3577 3352/3511 3351/3510
f 3386/3578 3353/3512 3352/3511
f 3386/3578 3352/3511 3385/3577
f 3387/3579 3353/3512 3386/3578
f 3387/3579 3354/3513 3353/3512
f 3388/3580 3355/3514 3354/3513
f 3388/3580 3354/3513 3387/3579
f 3389/3581 3355/3514 3388/3580
f 3389/3581 3356/3515 3355/3514
f 3390/3582 3357/3516 3356/3515
f 3390/3582 3356/3515 3389/3581
f 3391/3583 3357/3516 3390/3582
f 3391/3583 3358/3517 3357/3516
f 3392/3584 3358/3517 3391/3583
f 3392/3584 3359/3518 3358/3517
f 3393/3585 3359/3518 3392/3584
f 3393/3585 3360/3519 3359/3518
f 3394/3586 3361/3522 3360/3519
f 3394/3586 3360/3519 3393/3585
f 3395/3587 3361/3522 3394/3586
f 3395/3587 3362/3523 3361/3522
f 3396/3588 3363/3526 3362/3523
f 3396/3588 3362/3523 3395/3587
f 3397/3589 3364/3527 3363/3555
f 3397/3589 3363/3555 3396/3588
f 3399/3590 3366/3530 3364/3527
f 3399/3590 3364/3527 3397/3589
f 3398/3591 3365/3531 3366/3556
f 3398/3591 3366/3556 3399/3590
f 3402/3592 3369/3557 3368/3561
f 3402/3592 3368/3561 3401/3593
f 3401/3593 3368/3561 3367/3560
f 3401/3593 3367/3560 3400/3594
f 3403/3595 3369/3557 3402/3592
f 3403/3595 3370/3562 3369/3557
f 3404/3596 3371/3563 3370/3562
f 3404/3596 3370/3562 3403/3595
f 3405/3597 3371/3563 3404/3596
f 3405/3597 3372/3564 3371/3563
f 3406/3598 3373/3565 3372/3564
f 3406/3598 3372/3564 3405/3597
f 3407/3599 3373/3565 3406/3598
f 3407/3599 3374/3566 3373/3565
f 3408/3600 3375/3567 3374/3566
f 3408/3600 3374/3566 3407/3599
f 3409/3601 3376/3568 3375/3567
f 3409/3601 3375/3567 3408/3600
f 3410/3602 3377/3569 3376/3568
f 3410/3602 3376/3568 3409/3601
f 3411/3603 3377/3569 3410/3602
f 3411/3603 3378/3570 3377/3569
f 3412/3604 3379/3571 3378/3570
f 3412/3604 3378/3570 3411/3603
f 3413/3605 3380/3572 3379/3571
f 3413/3605 3379/3571 3412/3604
f 3414/3606 3381/3573 3380/3572
f 3414/3606 3380/3572 3413/3605
f 3415/3607 3382/3574 3381/3573
f 3415/3607 3381/3573 3414/3606
f 3416/3608 3383/3575 3382/3574
f 3416/3608 3382/3574 3415/3607
f 3417/3609 3384/3576 3383/3575
f 3417/3609 3383/3575 3416/3608
f 3418/3610 3385/3577 3384/3576
f 3418/3610 3384/3576 3417/3609
f 3419/3611 3386/3578 3385/3577
f 3419/3611 3385/3577 3418/3610
f 3420/3612 3387/3579 3386/3578
f 3420/3612 3386/3578 3419/3611
f 3421/3613 3388/3580 3387/3579
f 3421/3613 3387/3579 3420/3612
f 3422/3614 3389/3581 3388/3580
f 3422/3614 3388/3580 3421/3613
f 3423/3615 3390/3582 3389/3581
f 3423/3615 3389/3581 3422/3614
f 3424/3616 3391/3583 3390/3582
f 3424/3616 3390/3582 3423/3615
f 3425/3617 3392/3584 3391/3583
f 3425/3617 3391/3583 3424/3616
f 3426/3618 3393/3585 3392/3584
f 3426/3618 3392/3584 3425/3617
f 3427/3619 3394/3586 3393/3585
f 3427/3619 3393/3585 3426/3618
f 3428/3620 3395/3587 3394/3586
f 3428/3620 3394/3586 3427/3619
f 3429/3621 3396/3588 3395/3587
f 3429/3621 3395/3587 3428/3620
f 3430/3622 3397/3589 3396/3588
f 3430/3622 3396/3588 3429/3621
f 3432/3623 3397/3589 3430/3622
f 3432/3623 3399/3590 3397/3589
f 3431/3624 3399/3590 3432/3623
f 3431/3624 3398/3591 3399/3590
f 3435/3625 3402/3592 3401/3593
f 3434/3626 3400/3627 3433/3628
f 3435/3625 3401/3593 3434/3629
f 3434/3626 3401/3593 3400/3627
f 3436/3630 3403/3595 3402/3592
f 3436/3630 3402/3592 3435/3625
f 3437/3631 3404/3596 3403/3595
f 3437/3631 3403/3595 3436/3630
f 3438/3632 3405/3597 3404/3596
f 3438/3632 3404/3596 3437/3631
f 3439/3633 3406/3598 3405/3597
f 3439/3633 3405/3597 3438/3632
f 3440/3634 3407/3599 3406/3598
f 3440/3634 3406/3598 3439/3633
f 3441/3635 3408/3600 3407/3599
f 3441/3635 3407/3599 3440/3634
f 3442/3636 3409/3601 3408/3600
f 3442/3636 3408/3600 3441/3635
f 3443/3637 3410/3602 3409/3601
f 3443/3637 3409/3601 3442/3636
f 3444/3638 3410/3602 3443/3637
f 3444/3638 3411/3603 3410/3602
f 3445/3639 3411/3603 3444/3638
f 3445/3639 3412/3604 3411/3603
f 3446/3640 3413/3605 3412/3604
f 3446/3640 3412/3604 3445/3639
f 3447/3641 3413/3605 3446/3640
f 3447/3641 3414/3606 3413/3605
f 3448/3642 3414/3606 3447/3641
f 3448/3642 3415/3607 3414/3606
f 3449/3643 3415/3607 3448/3642
f 3449/3643 3416/3608 3415/3607
f 3450/3644 3416/3608 3449/3643
f 3450/3644 3417/3609 3416/3608
f 3451/3645 3417/3609 3450/3644
f 3451/3645 3418/3610 3417/3609
f 3452/3646 3418/3610 3451/3645
f 3452/3646 3419/3611 3418/3610
f 3453/3647 3419/3611 3452/3646
f 3453/3647 3420/3612 3419/3611
f 3454/3648 3421/3613 3420/3612
f 3454/3648 3420/3612 3453/3647
f 3455/3649 3421/3613 3454/3648
f 3455/3649 3422/3614 3421/3613
f 3456/3650 3422/3614 3455/3649
f 3456/3650 3423/3615 3422/3614
f 3457/3651 3423/3615 3456/3650
f 3457/3651 3424/3616 3423/3615
f 3458/3652 3425/3617 3424/3616
f 3458/3652 3424/3616 3457/3651
f 3459/3653 3425/3617 3458/3652
f 3459/3653 3426/3618 3425/3617
f 3460/3654 3427/3619 3426/3618
f 3460/3654 3426/3618 3459/3653
f 3461/3655 3428/3620 3427/3619
f 3461/3655 3427/3619 3460/3654
f 3462/3656 3429/3621 3428/3620
f 3462/3656 3428/3620 3461/3655
f 3463/3657 3430/3622 3429/3621
f 3463/3657 3429/3621 3462/3656
f 3465/3658 3432/3623 3430/3622
f 3465/3658 3430/3622 3463/3657
f 3464/3659 3431/3624 3432/3623
f 3464/3659 3432/3623 3465/3658
f 3468/3660 3435/3625 3434/3629
f 3468/3660 3434/3629 3467/3661
f 3467/3661 3434/3629 3433/3628
f 3467/3661 3433/3628 3466/3662
f 3469/3663 3436/3630 3435/3625
f 3469/3663 3435/3625 3468/3660
f 3470/3664 3437/3631 3436/3630
f 3470/3664 3436/3630 3469/3663
f 3471/3665 3438/3632 3437/3631
f 3471/3665 3437/3631 3470/3664
f 3472/3666 3439/3633 3438/3632
f 3472/3666 3438/3632 3471/3665
f 3473/3667 3440/3634 3439/3633
f 3473/3667 3439/3633 3472/3666
f 3474/3668 3441/3635 3440/3634
f 3474/3668 3440/3634 3473/3667
f 3475/3669 3442/3636 3441/3635
f 3475/3669 3441/3635 3474/3668
f 3476/3670 3443/3637 3442/3636
f 3476/3670 3442/3636 3475/3669
f 3477/3671 3444/3638 3443/3637
f 3477/3671 3443/3637 3476/3670
f 3478/3672 3445/3639 3444/3638
f 3478/3672 3444/3638 3477/3671
f 3479/3673 3446/3640 3445/3639
f 3479/3673 3445/3639 3478/3672
f 3480/3674 3447/3641 3446/3640
f 3480/3674 3446/3640 3479/3673
f 3481/3675 3448/3642 3447/3641
f 3481/3675 3447/3641 3480/3674
f 3482/3676 3449/3643 3448/3642
f 3482/3676 3448/3642 3481/3675
f 3483/3677 3450/3644 3449/3643
f 3483/3677 3449/3643 3482/3676
f 3484/3678 3451/3645 3450/3644
f 3484/3678 3450/3644 3483/3677
f 3485/3679 3452/3646 3451/3645
f 3485/3679 3451/3645 3484/3678
f 3486/3680 3453/3647 3452/3646
f 3486/3680 3452/3646 3485/3679
f 3487/3681 3454/3648 3453/3647
f 3487/3681 3453/3647 3486/3680
f 3488/3682 3455/3649 3454/3648
f 3488/3682 3454/3648 3487/3681
f 3489/3683 3456/3650 3455/3649
f 3489/3683 3455/3649 3488/3682
f 3490/3684 3457/3651 3456/3650
f 3490/3684 3456/3650 3489/3683
f 3491/3685 3458/3652 3457/3651
f 3491/3685 3457/3651 3490/3684
f 3492/3686 3459/3653 3458/3652
f 3492/3686 3458/3652 3491/3685
f 3493/3687 3460/3654 3459/3653
f 3493/3687 3459/3653 3492/3686
f 3494/3688 3461/3655 3460/3654
f 3494/3688 3460/3654 3493/3687
f 3495/3689 3461/3655 3494/3688
f 3495/3689 3462/3656 3461/3655
f 3496/3690 3462/3656 3495/3689
f 3496/3690 3463/3657 3462/3656
f 3498/3691 3463/3657 3496/3690
f 3498/3691 3465/3658 3463/3657
f 3497/3692 3464/3659 3465/3658
f 3497/3692 3465/3658 3498/3691
f 3501/3693 3468/3660 3467/3661
f 3500/3694 3467/3661 3466/3662
f 3500/3694 3466/3662 3499/3695
f 3501/3693 3467/3661 3500/3694
f 3502/3696 3469/3663 3468/3660
f 3502/3696 3468/3660 3501/3693
f 3503/3697 3470/3664 3469/3663
f 3503/3697 3469/3663 3502/3696
f 3504/3698 3471/3665 3470/3664
f 3504/3698 3470/3664 3503/3697
f 3505/3699 3472/3666 3471/3665
f 3505/3699 3471/3665 3504/3698
f 3506/3700 3473/3667 3472/3666
f 3506/3700 3472/3666 3505/3699
f 3507/3701 3473/3667 3506/3700
f 3507/3701 3474/3668 3473/3667
f 3508/3702 3474/3668 3507/3701
f 3508/3702 3475/3669 3474/3668
f 3509/3703 3475/3669 3508/3702
f 3509/3703 3476/3670 3475/3669
f 3510/3704 3477/3671 3476/3670
f 3510/3704 3476/3670 3509/3703
f 3511/3705 3477/3671 3510/3704
f 3511/3705 3478/3672 3477/3671
f 3512/3706 3478/3672 3511/3705
f 3512/3706 3479/3673 3478/3672
f 3513/3707 3479/3673 3512/3706
f 3513/3707 3480/3674 3479/3673
f 3514/3708 3481/3675 3480/3674
f 3514/3708 3480/3674 3513/3707
f 3515/3709 3481/3675 3514/3708
f 3515/3709 3482/3676 3481/3675
f 3516/3710 3483/3677 3482/3676
f 3516/3710 3482/3676 3515/3709
f 3517/3711 3483/3677 3516/3710
f 3517/3711 3484/3678 3483/3677
f 3518/3712 3485/3679 3484/3678
f 3518/3712 3484/3678 3517/3711
f 3519/3713 3485/3679 3518/3712
f 3519/3713 3486/3680 3485/3679
f 3520/3714 3486/3680 3519/3713
f 3520/3714 3487/3681 3486/3680
f 3521/3715 3487/3681 3520/3714
f 3521/3715 3488/3682 3487/3681
f 3522/3716 3489/3683 3488/3682
f 3522/3716 3488/3682 3521/3715
f 3523/3717 3490/3684 3489/3683
f 3523/3717 3489/3683 3522/3716
f 3524/3718 3491/3685 3490/3684
f 3524/3718 3490/3684 3523/3717
f 3525/3719 3492/3686 3491/3685
f 3525/3719 3491/3685 3524/3718
f 3526/3720 3493/3687 3492/3686
f 3526/3720 3492/3686 3525/3719
f 3527/3721 3494/3688 3493/3687
f 3527/3721 3493/3687 3526/3720
f 3528/3722 3495/3689 3494/3688
f 3528/3722 3494/3688 3527/3721
f 3529/3723 3496/3690 3495/3689
f 3529/3723 3495/3689 3528/3722
f 3531/3724 3498/3691 3496/3690
f 3531/3724 3496/3690 3529/3723
f 3530/3725 3497/3692 3498/3691
f 3530/3725 3498/3691 3531/3724
f 3534/3726 3501/3693 3500/3694
f 3534/3726 3500/3694 3533/3727
f 3533/3727 3500/3694 3499/3695
f 3533/3727 3499/3695 3532/3728
f 3535/3729 3501/3693 3534/3726
f 3535/3729 3502/3696 3501/3693
f 3536/3730 3503/3697 3502/3696
f 3536/3730 3502/3696 3535/3729
f 3537/3731 3504/3698 3503/3697
f 3537/3731 3503/3697 3536/3730
f 3538/3732 3505/3699 3504/3698
f 3538/3732 3504/3698 3537/3731
f 3539/3733 3506/3700 3505/3699
f 3539/3733 3505/3699 3538/3732
f 3540/3734 3507/3701 3506/3700
f 3540/3734 3506/3700 3539/3733
f 3541/3735 3508/3702 3507/3701
f 3541/3735 3507/3701 3540/3734
f 3542/3736 3509/3703 3508/3702
f 3542/3736 3508/3702 3541/3735
f 3543/3737 3510/3704 3509/3703
f 3543/3737 3509/3703 3542/3736
f 3544/3738 3511/3705 3510/3704
f 3544/3738 3510/3704 3543/3737
f 3545/3739 3512/3706 3511/3705
f 3545/3739 3511/3705 3544/3738
f 3546/3740 3513/3707 3512/3706
f 3546/3740 3512/3706 3545/3739
f 3547/3741 3514/3708 3513/3707
f 3547/3741 3513/3707 3546/3740
f 3548/3742 3515/3709 3514/3708
f 3548/3742 3514/3708 3547/3741
f 3549/3743 3516/3710 3515/3709
f 3549/3743 3515/3709 3548/3742
f 3550/3744 3517/3711 3516/3710
f 3550/3744 3516/3710 3549/3743
f 3551/3745 3518/3712 3517/3711
f 3551/3745 3517/3711 3550/3744
f 3552/3746 3519/3713 3518/3712
f 3552/3746 3518/3712 3551/3745
f 3553/3747 3520/3714 3519/3713
f 3553/3747 3519/3713 3552/3746
f 3554/3748 3521/3715 3520/3714
f 3554/3748 3520/3714 3553/3747
f 3555/3749 3521/3715 3554/3748
f 3555/3749 3522/3716 3521/3715
f 3556/3750 3523/3717 3522/3716
f 3556/3750 3522/3716 3555/3749
f 3557/3751 3524/3718 3523/3717
f 3557/3751 3523/3717 3556/3750
f 3558/3752 3525/3719 3524/3718
f 3558/3752 3524/3718 3557/3751
f 3559/3753 3525/3719 3558/3752
f 3559/3753 3526/3720 3525/3719
f 3560/3754 3526/3720 3559/3753
f 3560/3754 3527/3721 3526/3720
f 3561/3755 3527/3721 3560/3754
f 3561/3755 3528/3722 3527/3721
f 3562/3756 3528/3722 3561/3755
f 3562/3756 3529/3723 3528/3722
f 3564/3757 3529/3723 3562/3756
f 3564/3757 3531/3724 3529/3723
f 3563/3758 3531/3724 3564/3757
f 3563/3758 3530/3725 3531/3724
f 3567/3759 3534/3726 3533/3727
f 3566/3760 3533/3727 3532/3728
f 3566/3760 3532/3728 3565/3761
f 3567/3759 3533/3727 3566/3760
f 3568/3762 3535/3729 3534/3726
f 3568/3762 3534/3726 3567/3759
f 3569/3763 3536/3730 3535/3729
f 3569/3763 3535/3729 3568/3762
f 3570/3764 3536/3730 3569/3763
f 3570/3764 3537/3731 3536/3730
f 3571/3765 3537/3731 3570/3764
f 3571/3765 3538/3732 3537/3731
f 3572/3766 3538/3732 3571/3765
f 3572/3766 3539/3733 3538/3732
f 3573/3767 3540/3734 3539/3733
f 3573/3767 3539/3733 3572/3766
f 3574/3768 3540/3734 3573/3767
f 3574/3768 3541/3735 3540/3734
f 3575/3769 3541/3735 3574/3768
f 3575/3769 3542/3736 3541/3735
f 3576/3770 3542/3736 3575/3769
f 3576/3770 3543/3737 3542/3736
f 3577/3771 3543/3737 3576/3770
f 3577/3771 3544/3738 3543/3737
f 3578/3772 3544/3738 3577/3771
f 3578/3772 3545/3739 3544/3738
f 3579/3773 3545/3739 3578/3772
f 3579/3773 3546/3740 3545/3739
f 3580/3774 3546/3740 3579/3773
f 3580/3774 3547/3741 3546/3740
f 3581/3775 3547/3741 3580/3774
f 3581/3775 3548/3742 3547/3741
f 3582/3776 3549/3743 3548/3742
f 3582/3776 3548/3742 3581/3775
f 3583/3777 3549/3743 3582/3776
f 3583/3777 3550/3744 3549/3743
f 3584/3778 3550/3744 3583/3777
f 3584/3778 3551/3745 3550/3744
f 3585/3779 3551/3745 3584/3778
f 3585/3779 3552/3746 3551/3745
f 3586/3780 3553/3747 3552/3746
f 3586/3780 3552/3746 3585/3779
f 3587/3781 3554/3748 3553/3747
f 3587/3781 3553/3747 3586/3780
f 3588/3782 3555/3749 3554/3748
f 3588/3782 3554/3748 3587/3781
f 3589/3783 3556/3750 3555/3749
f 3589/3783 3555/3749 3588/3782
f 3590/3784 3557/3751 3556/3750
f 3590/3784 3556/3750 3589/3783
f 3591/3785 3558/3752 3557/3751
f 3591/3785 3557/3751 3590/3784
f 3592/3786 3559/3753 3558/3752
f 3592/3786 3558/3752 3591/3785
f 3593/3787 3560/3754 3559/3753
f 3593/3787 3559/3753 3592/3786
f 3594/3788 3561/3755 3560/3754
f 3594/3788 3560/3754 3593/3787
f 3595/3789 3562/3756 3561/3755
f 3595/3789 3561/3755 3594/3788
f 3597/3790 3564/3757 3562/3756
f 3597/3790 3562/3756 3595/3789
f 3596/3791 3563/3758 3564/3757
f 3596/3791 3564/3757 3597/3790
f 3600/3792 3567/3759 3566/3760
f 3600/3792 3566/3760 3599/3793
f 3599/3793 3566/3760 3565/3761
f 3599/3793 3565/3761 3598/3794
f 3601/3795 3568/3762 3567/3759
f 3601/3795 3567/3759 3600/3792
f 3602/3796 3569/3763 3568/3762
f 3602/3796 3568/3762 3601/3795
f 3603/3797 3570/3764 3569/3763
f 3603/3797 3569/3763 3602/3796
f 3604/3798 3571/3765 3570/3764
f 3604/3798 3570/3764 3603/3797
f 3605/3799 3572/3766 3571/3765
f 3605/3799 3571/3765 3604/3798
f 3606/3800 3573/3767 3572/3766
f 3606/3800 3572/3766 3605/3799
f 3607/3801 3574/3768 3573/3767
f 3607/3801 3573/3767 3606/3800
f 3608/3802 3575/3769 3574/3768
f 3608/3802 3574/3768 3607/3801
f 3609/3803 3576/3770 3575/3769
f 3609/3803 3575/3769 3608/3802
f 3610/3804 3577/3771 3576/3770
f 3610/3804 3576/3770 3609/3803
f 3611/3805 3578/3772 3577/3771
f 3611/3805 3577/3771 3610/3804
f 3612/3806 3579/3773 3578/3772
f 3612/3806 3578/3772 3611/3805
f 3613/3807 3580/3774 3579/3773
f 3613/3807 3579/3773 3612/3806
f 3614/3808 3581/3775 3580/3774
f 3614/3808 3580/3774 3613/3807
f 3615/3809 3582/3776 3581/3775
f 3615/3809 3581/3775 3614/3808
f 3616/3810 3583/3777 3582/3776
f 3616/3810 3582/3776 3615/3809
f 3617/3811 3584/3778 3583/3777
f 3617/3811 3583/3777 3616/3810
f 3618/3812 3585/3779 3584/3778
f 3618/3812 3584/3778 3617/3811
f 3619/3813 3585/3779 3618/3812
f 3619/3813 3586/3780 3585/3779
f 3620/3814 3587/3781 3586/3780
f 3620/3814 3586/3780 3619/3813
f 3621/3815 3588/3782 3587/3781
f 3621/3815 3587/3781 3620/3814
f 3622/3816 3589/3783 3588/3782
f 3622/3816 3588/3782 3621/3815
f 3623/3817 3589/3783 3622/3816
f 3623/3817 3590/3784 3589/3783
f 3624/3818 3591/3785 3590/3784
f 3624/3818 3590/3784 3623/3817
f 3625/3819 3591/3785 3624/3818
f 3625/3819 3592/3786 3591/3785
f 3626/3820 3593/3787 3592/3786
f 3626/3820 3592/3786 3625/3819
f 3627/3821 3593/3787 3626/3820
f 3627/3821 3594/3788 3593/3787
f 3628/3822 3595/3789 3594/3788
f 3628/3822 3594/3788 3627/3821
f 3630/3823 3595/3789 3628/3822
f 3630/3823 3597/3790 3595/3789
f 3629/3824 3596/3791 3597/3790
f 3629/3824 3597/3790 3630/3823
f 3633/3825 3600/3792 3599/3793
f 3632/3826 3598/3827 3631/3828
f 3633/3825 3599/3793 3632/3829
f 3632/3829 3599/3793 3598/3827
f 3634/3830 3600/3792 3633/3825
f 3634/3830 3601/3795 3600/3792
f 3635/3831 3601/3795 3634/3830
f 3635/3831 3602/3796 3601/3795
f 3636/3832 3603/3797 3602/3796
f 3636/3832 3602/3796 3635/3831
f 3637/3833 3603/3797 3636/3832
f 3637/3833 3604/3798 3603/3797
f 3638/3834 3605/3799 3604/3798
f 3638/3834 3604/3798 3637/3833
f 3639/3835 3605/3799 3638/3834
f 3639/3835 3606/3800 3605/3799
f 3640/3836 3607/3801 3606/3800
f 3640/3836 3606/3800 3639/3835
f 3641/3837 3607/3801 3640/3836
f 3641/3837 3608/3802 3607/3801
f 3642/3838 3609/3803 3608/3802
f 3642/3838 3608/3802 3641/3837
f 3643/3839 3609/3803 3642/3838
f 3643/3839 3610/3804 3609/3803
f 3644/3840 3611/3805 3610/3804
f 3644/3840 3610/3804 3643/3839
f 3645/3841 3611/3805 3644/3840
f 3645/3841 3612/3806 3611/3805
f 3646/3842 3613/3807 3612/3806
f 3646/3842 3612/3806 3645/3841
f 3647/3843 3613/3807 3646/3842
f 3647/3843 3614/3808 3613/3807
f 3648/3844 3615/3809 3614/3808
f 3648/3844 3614/3808 3647/3843
f 3649/3845 3616/3810 3615/3809
f 3649/3845 3615/3809 3648/3844
f 3650/3846 3617/3811 3616/3810
f 3650/3846 3616/3810 3649/3845
f 3651/3847 3618/3812 3617/3811
f 3651/3847 3617/3811 3650/3846
f 3652/3848 3619/3813 3618/3812
f 3652/3848 3618/3812 3651/3847
f 3653/3849 3620/3814 3619/3813
f 3653/3849 3619/3813 3652/3848
f 3654/3850 3621/3815 3620/3814
f 3654/3850 3620/3814 3653/3849
f 3655/3851 3622/3816 3621/3815
f 3655/3851 3621/3815 3654/3850
f 3656/3852 3623/3817 3622/3816
f 3656/3852 3622/3816 3655/3851
f 3657/3853 3624/3818 3623/3817
f 3657/3853 3623/3817 3656/3852
f 3658/3854 3625/3819 3624/3818
f 3658/3854 3624/3818 3657/3853
f 3659/3855 3626/3820 3625/3819
f 3659/3855 3625/3819 3658/3854
f 3660/3856 3627/3821 3626/3820
f 3660/3856 3626/3820 3659/3855
f 3661/3857 3628/3822 3627/3821
f 3661/3857 3627/3821 3660/3856
f 3663/3858 3630/3823 3628/3822
f 3663/3858 3628/3822 3661/3857
f 3662/3859 3629/3824 3630/3823
f 3662/3859 3630/3823 3663/3858
f 3666/3860 3633/3825 3632/3829
f 3665/3861 3632/3826 3631/3828
f 3665/3861 3631/3828 3664/3862
f 3666/3860 3632/3829 3665/3861
f 3667/3863 3634/3830 3633/3825
f 3667/3863 3633/3825 3666/3860
f 3668/3864 3635/3831 3634/3830
f 3668/3864 3634/3830 3667/3863
f 3669/3865 3636/3832 3635/3831
f 3669/3865 3635/3831 3668/3864
f 3670/3866 3637/3833 3636/3832
f 3670/3866 3636/3832 3669/3865
f 3671/3867 3638/3834 3637/3833
f 3671/3867 3637/3833 3670/3866
f 3672/3868 3639/3835 3638/3834
f 3672/3868 3638/3834 3671/3867
f 3673/3869 3640/3836 3639/3835
f 3673/3869 3639/3835 3672/3868
f 3674/3870 3641/3837 3640/3836
f 3674/3870 3640/3836 3673/3869
f 3675/3871 3642/3838 3641/3837
f 3675/3871 3641/3837 3674/3870
f 3676/3872 3643/3839 3642/3838
f 3676/3872 3642/3838 3675/3871
f 3677/3873 3644/3840 3643/3839
f 3677/3873 3643/3839 3676/3872
f 3678/3874 3645/3841 3644/3840
f 3678/3874 3644/3840 3677/3873
f 3679/3875 3646/3842 3645/3841
f 3679/3875 3645/3841 3678/3874
f 3680/3876 3647/3843 3646/3842
f 3680/3876 3646/3842 3679/3875
f 3681/3877 3647/3843 3680/3876
f 3681/3877 3648/3844 3647/3843
f 3682/3878 3649/3845 3648/3844
f 3682/3878 3648/3844 3681/3877
f 3683/3879 3649/3845 3682/3878
f 3683/3879 3650/3846 3649/3845
f 3684/3880 3651/3847 3650/3846
f 3684/3880 3650/3846 3683/3879
f 3685/3881 3652/3848 3651/3847
f 3685/3881 3651/3847 3684/3880
f 3686/3882 3653/3849 3652/3848
f 3686/3882 3652/3848 3685/3881
f 3687/3883 3653/3849 3686/3882
f 3687/3883 3654/3850 3653/3849
f 3688/3884 3654/3850 3687/3883
f 3688/3884 3655/3851 3654/3850
f 3689/3885 3655/3851 3688/3884
f 3689/3885 3656/3852 3655/3851
f 3690/3886 3656/3852 3689/3885
f 3690/3886 3657/3853 3656/3852
f 3691/3887 3657/3853 3690/3886
f 3691/3887 3658/3854 3657/3853
f 3692/3888 3658/3854 3691/3887
f 3692/3888 3659/3855 3658/3854
f 3693/3889 3660/3856 3659/3855
f 3693/3889 3659/3855 3692/3888
f 3694/3890 3660/3856 3693/3889
f 3694/3890 3661/3857 3660/3856
f 3696/3891 3661/3857 3694/3890
f 3696/3891 3663/3858 3661/3857
f 3695/3892 3662/3859 3663/3858
f 3695/3892 3663/3858 3696/3891
f 3699/3893 3666/3860 3665/3861
f 3699/3893 3665/3861 3698/3894
f 3698/3894 3665/3861 3664/3862
f 3698/3894 3664/3862 3697/3895
f 3700/3896 3666/3860 3699/3893
f 3700/3896 3667/3863 3666/3860
f 3701/3897 3667/3863 3700/3896
f 3701/3897 3668/3864 3667/3863
f 3702/3898 3669/3865 3668/3864
f 3702/3898 3668/3864 3701/3897
f 3703/3899 3669/3865 3702/3898
f 3703/3899 3670/3866 3669/3865
f 3704/3900 3670/3866 3703/3899
f 3704/3900 3671/3867 3670/3866
f 3705/3901 3671/3867 3704/3900
f 3705/3901 3672/3868 3671/3867
f 3706/3902 3672/3868 3705/3901
f 3706/3902 3673/3869 3672/3868
f 3707/3903 3673/3869 3706/3902
f 3707/3903 3674/3870 3673/3869
f 3708/3904 3674/3870 3707/3903
f 3708/3904 3675/3871 3674/3870
f 3709/3905 3675/3871 3708/3904
f 3709/3905 3676/3872 3675/3871
f 3710/3906 3677/3873 3676/3872
f 3710/3906 3676/3872 3709/3905
f 3711/3907 3677/3873 3710/3906
f 3711/3907 3678/3874 3677/3873
f 3712/3908 3679/3875 3678/3874
f 3712/3908 3678/3874 3711/3907
f 3713/3909 3680/3876 3679/3875
f 3713/3909 3679/3875 3712/3908
f 3714/3910 3681/3877 3680/3876
f 3714/3910 3680/3876 3713/3909
f 3715/3911 3682/3878 3681/3877
f 3715/3911 3681/3877 3714/3910
f 3716/3912 3683/3879 3682/3878
f 3716/3912 3682/3878 3715/3911
f 3717/3913 3684/3880 3683/3879
f 3717/3913 3683/3879 3716/3912
f 3718/3914 3685/3881 3684/3880
f 3718/3914 3684/3880 3717/3913
f 3719/3915 3686/3882 3685/3881
f 3719/3915 3685/3881 3718/3914
f 3720/3916 3687/3883 3686/3882
f 3720/3916 3686/3882 3719/3915
f 3721/3917 3688/3884 3687/3883
f 3721/3917 3687/3883 3720/3916
f 3722/3918 3689/3885 3688/3884
f 3722/3918 3688/3884 3721/3917
f 3723/3919 3690/3886 3689/3885
f 3723/3919 3689/3885 3722/3918
f 3724/3920 3691/3887 3690/3886
f 3724/3920 3690/3886 3723/3919
f 3725/3921 3692/3888 3691/3887
f 3725/3921 3691/3887 3724/3920
f 3726/3922 3693/3889 3692/3888
f 3726/3922 3692/3888 3725/3921
f 3727/3923 3694/3890 3693/3889
f 3727/3923 3693/3889 3726/3922
f 3729/3924 3696/3891 3694/3890
f 3729/3924 3694/3890 3727/3923
f 3728/3925 3695/3892 3696/3891
f 3728/3925 3696/3891 3729/3924
f 3732/3926 3699/3893 3698/3894
f 3731/3927 3698/3894 3697/3895
f 3732/3926 3698/3894 3731/3927
f 3731/3927 3697/3895 3730/3928
f 3733/3929 3700/3896 3699/3893
f 3733/3929 3699/3893 3732/3926
f 3734/3930 3701/3897 3700/3896
f 3734/3930 3700/3896 3733/3929
f 3735/3931 3702/3898 3701/3897
f 3735/3931 3701/3897 3734/3930
f 3736/3932 3703/3899 3702/3898
f 3736/3932 3702/3898 3735/3931
f 3737/3933 3704/3900 3703/3899
f 3737/3933 3703/3899 3736/3932
f 3738/3934 3705/3901 3704/3900
f 3738/3934 3704/3900 3737/3933
f 3739/3935 3706/3902 3705/3901
f 3739/3935 3705/3901 3738/3934
f 3740/3936 3707/3903 3706/3902
f 3740/3936 3706/3902 3739/3935
f 3741/3937 3708/3904 3707/3903
f 3741/3937 3707/3903 3740/3936
f 3742/3938 3709/3905 3708/3904
f 3742/3938 3708/3904 3741/3937
f 3743/3939 3710/3906 3709/3905
f 3743/3939 3709/3905 3742/3938
f 3744/3940 3711/3907 3710/3906
f 3744/3940 3710/3906 3743/3939
f 3745/3941 3712/3908 3711/3907
f 3745/3941 3711/3907 3744/3940
f 3746/3942 3713/3909 3712/3908
f 3746/3942 3712/3908 3745/3941
f 3747/3943 3713/3909 3746/3942
f 3747/3943 3714/3910 3713/3909
f 3748/3944 3715/3911 3714/3910
f 3748/3944 3714/3910 3747/3943
f 3749/3945 3716/3912 3715/3911
f 3749/3945 3715/3911 3748/3944
f 3750/3946 3717/3913 3716/3912
f 3750/3946 3716/3912 3749/3945
f 3751/3947 3717/3913 3750/3946
f 3751/3947 3718/3914 3717/3913
f 3752/3948 3718/3914 3751/3947
f 3752/3948 3719/3915 3718/3914
f 3753/3949 3720/3916 3719/3915
f 3753/3949 3719/3915 3752/3948
f 3754/3950 3720/3916 3753/3949
f 3754/3950 3721/3917 3720/3916
f 3755/3951 3721/3917 3754/3950
f 3755/3951 3722/3918 3721/3917
f 3756/3952 3723/3919 3722/3918
f 3756/3952 3722/3918 3755/3951
f 3757/3953 3723/3919 3756/3952
f 3757/3953 3724/3920 3723/3919
f 3758/3954 3725/3921 3724/3920
f 3758/3954 3724/3920 3757/3953
f 3759/3955 3726/3922 3725/3921
f 3759/3955 3725/3921 3758/3954
f 3760/3956 3727/3923 3726/3922
f 3760/3956 3726/3922 3759/3955
f 3762/3957 3729/3924 3727/3923
f 3762/3957 3727/3923 3760/3956
f 3761/3958 3728/3925 3729/3924
f 3761/3958 3729/3924 3762/3957
f 3765/3959 3732/3926 3731/3927
f 3765/3959 3731/3927 3764/3960
f 3764/3960 3731/3927 3730/3928
f 3764/3960 3730/3928 3763/3961
f 3766/3962 3733/3929 3732/3926
f 3766/3962 3732/3926 3765/3959
f 3767/3963 3733/3929 3766/3962
f 3767/3963 3734/3930 3733/3929
f 3768/3964 3734/3930 3767/3963
f 3768/3964 3735/3931 3734/3930
f 3769/3965 3735/3931 3768/3964
f 3769/3965 3736/3932 3735/3931
f 3770/3966 3737/3933 3736/3932
f 3770/3966 3736/3932 3769/3965
f 3771/3967 3737/3933 3770/3966
f 3771/3967 3738/3934 3737/3933
f 3772/3968 3739/3935 3738/3934
f 3772/3968 3738/3934 3771/3967
f 3773/3969 3739/3935 3772/3968
f 3773/3969 3740/3936 3739/3935
f 3774/3970 3741/3937 3740/3936
f 3774/3970 3740/3936 3773/3969
f 3775/3971 3742/3938 3741/3937
f 3775/3971 3741/3937 3774/3970
f 3776/3972 3743/3939 3742/3938
f 3776/3972 3742/3938 3775/3971
f 3777/3973 3744/3940 3743/3939
f 3777/3973 3743/3939 3776/3972
f 3778/3974 3745/3941 3744/3940
f 3778/3974 3744/3940 3777/3973
f 3779/3975 3746/3942 3745/3941
f 3779/3975 3745/3941 3778/3974
f 3780/3976 3747/3943 3746/3942
f 3780/3976 3746/3942 3779/3975
f 3781/3977 3748/3944 3747/3943
f 3781/3977 3747/3943 3780/3976
f 3782/3978 3749/3945 3748/3944
f 3782/3978 3748/3944 3781/3977
f 3783/3979 3750/3946 3749/3945
f 3783/3979 3749/3945 3782/3978
f 3784/3980 3751/3947 3750/3946
f 3784/3980 3750/3946 3783/3979
f 3785/3981 3752/3948 3751/3947
f 3785/3981 3751/3947 3784/3980
f 3786/3982 3753/3949 3752/3948
f 3786/3982 3752/3948 3785/3981
f 3787/3983 3754/3950 3753/3949
f 3787/3983 3753/3949 3786/3982
f 3788/3984 3755/3951 3754/3950
f 3788/3984 3754/3950 3787/3983
f 3789/3985 3756/3952 3755/3951
f 3789/3985 3755/3951 3788/3984
f 3790/3986 3757/3953 3756/3952
f 3790/3986 3756/3952 3789/3985
f 3791/3987 3757/3953 3790/3986
f 3791/3987 3758/3954 3757/3953
f 3792/3988 3759/3955 3758/3954
f 3792/3988 3758/3954 3791/3987
f 3793/3989 3760/3956 3759/3955
f 3793/3989 3759/3955 3792/3988
f 3795/3990 3762/3957 3760/3956
f 3795/3990 3760/3956 3793/3989
f 3794/3991 3762/3957 3795/3990
f 3794/3991 3761/3958 3762/3957
f 3798/3992 3765/3959 3764/3960
f 3797/3993 3764/3960 3763/3961
f 3798/3992 3764/3960 3797/3993
f 3797/3993 3763/3961 3796/3994
f 3799/3995 3766/3962 3765/3959
f 3799/3995 3765/3959 3798/3992
f 3800/3996 3767/3963 3766/3962
f 3800/3996 3766/3962 3799/3995
f 3801/3997 3768/3964 3767/3963
f 3801/3997 3767/3963 3800/3996
f 3802/3998 3769/3965 3768/3964
f 3802/3998 3768/3964 3801/3997
f 3803/3999 3770/3966 3769/3965
f 3803/3999 3769/3965 3802/3998
f 3804/4000 3771/3967 3770/3966
f 3804/4000 3770/3966 3803/3999
f 3805/4001 3772/3968 3771/3967
f 3805/4001 3771/3967 3804/4000
f 3806/4002 3773/3969 3772/3968
f 3806/4002 3772/3968 3805/4001
f 3807/4003 3773/3969 3806/4002
f 3807/4003 3774/3970 3773/3969
f 3808/4004 3775/3971 3774/3970
f 3808/4004 3774/3970 3807/4003
f 3809/4005 3776/3972 3775/3971
f 3809/4005 3775/3971 3808/4004
f 3810/4006 3777/3973 3776/3972
f 3810/4006 3776/3972 3809/4005
f 3811/4007 3777/3973 3810/4006
f 3811/4007 3778/3974 3777/3973
f 3812/4008 3779/3975 3778/3974
f 3812/4008 3778/3974 3811/4007
f 3813/4009 3780/3976 3779/3975
f 3813/4009 3779/3975 3812/4008
f 3814/4010 3780/3976 3813/4009
f 3814/4010 3781/3977 3780/3976
f 3815/4011 3782/3978 3781/3977
f 3815/4011 3781/3977 3814/4010
f 3816/4012 3782/3978 3815/4011
f 3816/4012 3783/3979 3782/3978
f 3817/4013 3783/3979 3816/4012
f 3817/4013 3784/3980 3783/3979
f 3818/4014 3784/3980 3817/4013
f 3818/4014 3785/3981 3784/3980
f 3819/4015 3785/3981 3818/4014
f 3819/4015 3786/3982 3785/3981
f 3820/4016 3786/3982 3819/4015
f 3820/4016 3787/3983 3786/3982
f 3821/4017 3787/3983 3820/4016
f 3821/4017 3788/3984 3787/3983
f 3822/4018 3789/3985 3788/3984
f 3822/4018 3788/3984 3821/4017
f 3823/4019 3790/3986 3789/3985
f 3823/4019 3789/3985 3822/4018
f 3824/4020 3791/3987 3790/3986
f 3824/4020 3790/3986 3823/4019
f 3825/4021 3792/3988 3791/3987
f 3825/4021 3791/3987 3824/4020
f 3826/4022 3793/3989 3792/3988
f 3826/4022 3792/3988 3825/4021
f 3828/4023 3795/3990 3793/3989
f 3828/4023 3793/3989 3826/4022
f 3827/4024 3794/3991 3795/3990
f 3827/4024 3795/3990 3828/4023
f 3831/4025 3798/3992 3797/3993
f 3831/4025 3797/3993 3830/4026
f 3830/4026 3797/3993 3796/3994
f 3830/4026 3796/3994 3829/4027
f 3832/4028 3798/3992 3831/4025
f 3832/4028 3799/3995 3798/3992
f 3833/4029 3799/3995 3832/4028
f 3833/4029 3800/3996 3799/3995
f 3834/4030 3800/3996 3833/4029
f 3834/4030 3801/3997 3800/3996
f 3835/4031 3801/3997 3834/4030
f 3835/4031 3802/3998 3801/3997
f 3836/4032 3802/3998 3835/4031
f 3836/4032 3803/3999 3802/3998
f 3837/4033 3803/3999 3836/4032
f 3837/4033 3804/4000 3803/3999
f 3838/4034 3805/4001 3804/4000
f 3838/4034 3804/4000 3837/4033
f 3839/4035 3806/4002 3805/4001
f 3839/4035 3805/4001 3838/4034
f 3840/4036 3807/4003 3806/4002
f 3840/4036 3806/4002 3839/4035
f 3841/4037 3808/4004 3807/4003
f 3841/4037 3807/4003 3840/4036
f 3842/4038 3809/4005 3808/4004
f 3842/4038 3808/4004 3841/4037
f 3843/4039 3810/4006 3809/4005
f 3843/4039 3809/4005 3842/4038
f 3844/4040 3810/4006 3843/4039
f 3844/4040 3811/4007 3810/4006
f 3845/4041 3812/4008 3811/4007
f 3845/4041 3811/4007 3844/4040
f 3846/4042 3813/4009 3812/4008
f 3846/4042 3812/4008 3845/4041
f 3847/4043 3814/4010 3813/4009
f 3847/4043 3813/4009 3846/4042
f 3848/4044 3815/4011 3814/4010
f 3848/4044 3814/4010 3847/4043
f 3849/4045 3816/4012 3815/4011
f 3849/4045 3815/4011 3848/4044
f 3850/4046 3817/4013 3816/4012
f 3850/4046 3816/4012 3849/4045
f 3851/4047 3818/4014 3817/4013
f 3851/4047 3817/4013 3850/4046
f 3852/4048 3819/4015 3818/4014
f 3852/4048 3818/4014 3851/4047
f 3853/4049 3820/4016 3819/4015
f 3853/4049 3819/4015 3852/4048
f 3854/4050 3821/4017 3820/4016
f 3854/4050 3820/4016 3853/4049
f 3855/4051 3821/4017 3854/4050
f 3855/4051 3822/4018 3821/4017
f 3856/4052 3823/4019 3822/4018
f 3856/4052 3822/4018 3855/4051
f 3857/4053 3824/4020 3823/4019
f 3857/4053 3823/4019 3856/4052
f 3858/4054 3825/4021 3824/4020
f 3858/4054 3824/4020 3857/4053
f 3859/4055 3825/4021 3858/4054
f 3859/4055 3826/4022 3825/4021
f 3861/4056 3828/4023 3826/4022
f 3861/4056 3826/4022 3859/4055
f 3860/4057 3827/4024 3828/4023
f 3860/4057 3828/4023 3861/4056
f 3864/4058 3831/4025 3830/4026
f 3863/4059 3830/4026 3829/4027
f 3863/4059 3829/4027 3862/4060
f 3864/4058 3830/4026 3863/4059
f 3865/4061 3832/4028 3831/4025
f 3865/4061 3831/4025 3864/4058
f 3866/4062 3833/4029 3832/4028
f 3866/4062 3832/4028 3865/4061
f 3867/4063 3834/4030 3833/4029
f 3867/4063 3833/4029 3866/4062
f 3868/4064 3835/4031 3834/4030
f 3868/4064 3834/4030 3867/4063
f 3869/4065 3836/4032 3835/4031
f 3869/4065 3835/4031 3868/4064
f 3870/4066 3837/4033 3836/4032
f 3870/4066 3836/4032 3869/4065
f 3871/4067 3837/4033 3870/4066
f 3871/4067 3838/4034 3837/4033
f 3872/4068 3839/4035 3838/4034
f 3872/4068 3838/4034 3871/4067
f 3873/4069 3840/4036 3839/4035
f 3873/4069 3839/4035 3872/4068
f 3874/4070 3841/4037 3840/4036
f 3874/4070 3840/4036 3873/4069
f 3875/4071 3842/4038 3841/4037
f 3875/4071 3841/4037 3874/4070
f 3876/4072 3843/4039 3842/4038
f 3876/4072 3842/4038 3875/4071
f 3877/4073 3844/4040 3843/4039
f 3877/4073 3843/4039 3876/4072
f 3878/4074 3845/4041 3844/4040
f 3878/4074 3844/4040 3877/4073
f 3879/4075 3845/4041 3878/4074
f 3879/4075 3846/4042 3845/4041
f 3880/4076 3847/4043 3846/4042
f 3880/4076 3846/4042 3879/4075
f 3881/4077 3847/4043 3880/4076
f 3881/4077 3848/4044 3847/4043
f 3882/4078 3849/4045 3848/4044
f 3882/4078 3848/4044 3881/4077
f 3883/4079 3849/4045 3882/4078
f 3883/4079 3850/4046 3849/4045
f 3884/4080 3851/4047 3850/4046
f 3884/4080 3850/4046 3883/4079
f 3885/4081 3852/4048 3851/4047
f 3885/4081 3851/4047 3884/4080
f 3886/4082 3853/4049 3852/4048
f 3886/4082 3852/4048 3885/4081
f 3887/4083 3854/4050 3853/4049
f 3887/4083 3853/4049 3886/4082
f 3888/4084 3855/4051 3854/4050
f 3888/4084 3854/4050 3887/4083
f 3889/4085 3856/4052 3855/4051
f 3889/4085 3855/4051 3888/4084
f 3890/4086 3857/4053 3856/4052
f 3890/4086 3856/4052 3889/4085
f 3891/4087 3858/4054 3857/4053
f 3891/4087 3857/4053 3890/4086
f 3892/4088 3859/4055 3858/4054
f 3892/4088 3858/4054 3891/4087
f 3894/4089 3861/4056 3859/4055
f 3894/4089 3859/4055 3892/4088
f 3893/4090 3860/4057 3861/4056
f 3893/4090 3861/4056 3894/4089
f 3897/4091 3864/4058 3863/4059
f 3897/4091 3863/4059 3896/4092
f 3896/4092 3863/4059 3862/4060
f 3896/4092 3862/4060 3895/4093
f 3898/4094 3865/4061 3864/4058
f 3898/4094 3864/4058 3897/4091
f 3899/4095 3865/4061 3898/4094
f 3899/4095 3866/4062 3865/4061
f 3900/4096 3867/4063 3866/4062
f 3900/4096 3866/4062 3899/4095
f 3901/4097 3868/4064 3867/4063
f 3901/4097 3867/4063 3900/4096
f 3902/4098 3869/4065 3868/4064
f 3902/4098 3868/4064 3901/4097
f 3903/4099 3869/4065 3902/4098
f 3903/4099 3870/4066 3869/4065
f 3904/4100 3871/4067 3870/4066
f 3904/4100 3870/4066 3903/4099
f 3905/4101 3871/4067 3904/4100
f 3905/4101 3872/4068 3871/4067
f 3906/4102 3873/4069 3872/4068
f 3906/4102 3872/4068 3905/4101
f 3907/4103 3874/4070 3873/4069
f 3907/4103 3873/4069 3906/4102
f 3908/4104 3875/4071 3874/4070
f 3908/4104 3874/4070 3907/4103
f 3909/4105 3876/4072 3875/4071
f 3909/4105 3875/4071 3908/4104
f 3910/4106 3877/4073 3876/4072
f 3910/4106 3876/4072 3909/4105
f 3911/4107 3878/4074 3877/4073
f 3911/4107 3877/4073 3910/4106
f 3912/4108 3879/4075 3878/4074
f 3912/4108 3878/4074 3911/4107
f 3913/4109 3880/4076 3879/4075
f 3913/4109 3879/4075 3912/4108
f 3914/4110 3881/4077 3880/4076
f 3914/4110 3880/4076 3913/4109
f 3915/4111 3882/4078 3881/4077
f 3915/4111 3881/4077 3914/4110
f 3916/4112 3883/4079 3882/4078
f 3916/4112 3882/4078 3915/4111
f 3917/4113 3883/4079 3916/4112
f 3917/4113 3884/4080 3883/4079
f 3918/4114 3885/4081 3884/4080
f 3918/4114 3884/4080 3917/4113
f 3919/4115 3885/4081 3918/4114
f 3919/4115 3886/4082 3885/4081
f 3920/4116 3887/4083 3886/4082
f 3920/4116 3886/4082 3919/4115
f 3921/4117 3888/4084 3887/4083
f 3921/4117 3887/4083 3920/4116
f 3922/4118 3889/4085 3888/4084
f 3922/4118 3888/4084 3921/4117
f 3923/4119 3889/4085 3922/4118
f 3923/4119 3890/4086 3889/4085
f 3924/4120 3891/4087 3890/4086
f 3924/4120 3890/4086 3923/4119
f 3925/4121 3891/4087 3924/4120
f 3925/4121 3892/4088 3891/4087
f 3927/4122 3894/4089 3892/4088
f 3927/4122 3892/4088 3925/4121
f 3926/4123 3894/4089 3927/4122
f 3926/4123 3893/4090 3894/4089
f 3930/4124 3897/4091 3896/4092
f 3929/4125 3896/4092 3895/4093
f 3929/4125 3895/4093 3928/4126
f 3930/4124 3896/4092 3929/4125
f 3931/4127 3898/4094 3897/4091
f 3931/4127 3897/4091 3930/4124
f 3932/4128 3899/4095 3898/4094
f 3932/4128 3898/4094 3931/4127
f 3933/4129 3900/4096 3899/4095
f 3933/4129 3899/4095 3932/4128
f 3934/4130 3901/4097 3900/4096
f 3934/4130 3900/4096 3933/4129
f 3935/4131 3902/4098 3901/4097
f 3935/4131 3901/4097 3934/4130
f 3936/4132 3903/4099 3902/4098
f 3936/4132 3902/4098 3935/4131
f 3937/4133 3903/4099 3936/4132
f 3937/4133 3904/4100 3903/4099
f 3938/4134 3905/4101 3904/4100
f 3938/4134 3904/4100 3937/4133
f 3939/4135 3905/4101 3938/4134
f 3939/4135 3906/4102 3905/4101
f 3940/4136 3907/4103 3906/4102
f 3940/4136 3906/4102 3939/4135
f 3941/4137 3908/4104 3907/4103
f 3941/4137 3907/4103 3940/4136
f 3942/4138 3909/4105 3908/4104
f 3942/4138 3908/4104 3941/4137
f 3943/4139 3909/4105 3942/4138
f 3943/4139 3910/4106 3909/4105
f 3944/4140 3910/4106 3943/4139
f 3944/4140 3911/4107 3910/4106
f 3945/4141 3911/4107 3944/4140
f 3945/4141 3912/4108 3911/4107
f 3946/4142 3913/4109 3912/4108
f 3946/4142 3912/4108 3945/4141
f 3947/4143 3913/4109 3946/4142
f 3947/4143 3914/4110 3913/4109
f 3948/4144 3915/4111 3914/4110
f 3948/4144 3914/4110 3947/4143
f 3949/4145 3916/4112 3915/4111
f 3949/4145 3915/4111 3948/4144
f 3950/4146 3917/4113 3916/4112
f 3950/4146 3916/4112 3949/4145
f 3951/4147 3918/4114 3917/4113
f 3951/4147 3917/4113 3950/4146
f 3952/4148 3919/4115 3918/4114
f 3952/4148 3918/4114 3951/4147
f 3953/4149 3920/4116 3919/4115
f 3953/4149 3919/4115 3952/4148
f 3954/4150 3921/4117 3920/4116
f 3954/4150 3920/4116 3953/4149
f 3955/4151 3922/4118 3921/4117
f 3955/4151 3921/4117 3954/4150
f 3956/4152 3923/4119 3922/4118
f 3956/4152 3922/4118 3955/4151
f 3957/4153 3924/4120 3923/4119
f 3957/4153 3923/4119 3956/4152
f 3958/4154 3925/4121 3924/4120
f 3958/4154 3924/4120 3957/4153
f 3960/4155 3927/4122 3925/4121
f 3960/4155 3925/4121 3958/4154
f 3959/4156 3926/4123 3927/4122
f 3959/4156 3927/4122 3960/4155
f 3963/4157 3930/4124 3929/4125
f 3963/4157 3929/4125 3962/4158
f 3962/4158 3929/4125 3928/4126
f 3962/4158 3928/4126 3961/4159
f 3964/4160 3930/4124 3963/4157
f 3964/4160 3931/4127 3930/4124
f 3965/4161 3931/4127 3964/4160
f 3965/4161 3932/4128 3931/4127
f 3966/4162 3933/4129 3932/4128
f 3966/4162 3932/4128 3965/4161
f 3967/4163 3933/4129 3966/4162
f 3967/4163 3934/4130 3933/4129
f 3968/4164 3935/4131 3934/4130
f 3968/4164 3934/4130 3967/4163
f 3969/4165 3936/4132 3935/4131
f 3969/4165 3935/4131 3968/4164
f 3970/4166 3937/4133 3936/4132
f 3970/4166 3936/4132 3969/4165
f 3971/4167 3938/4134 3937/4133
f 3971/4167 3937/4133 3970/4166
f 3972/4168 3939/4135 3938/4134
f 3972/4168 3938/4134 3971/4167
f 3973/4169 3940/4136 3939/4135
f 3973/4169 3939/4135 3972/4168
f 3974/4170 3941/4137 3940/4136
f 3974/4170 3940/4136 3973/4169
f 3975/4171 3942/4138 3941/4137
f 3975/4171 3941/4137 3974/4170
f 3976/4172 3943/4139 3942/4138
f 3976/4172 3942/4138 3975/4171
f 3977/4173 3944/4140 3943/4139
f 3977/4173 3943/4139 3976/4172
f 3978/4174 3945/4141 3944/4140
f 3978/4174 3944/4140 3977/4173
f 3979/4175 3946/4142 3945/4141
f 3979/4175 3945/4141 3978/4174
f 3980/4176 3947/4143 3946/4142
f 3980/4176 3946/4142 3979/4175
f 3981/4177 3948/4144 3947/4143
f 3981/4177 3947/4143 3980/4176
f 3982/4178 3949/4145 3948/4144
f 3982/4178 3948/4144 3981/4177
f 3983/4179 3950/4146 3949/4145
f 3983/4179 3949/4145 3982/4178
f 3984/4180 3951/4147 3950/4146
f 3984/4180 3950/4146 3983/4179
f 3985/4181 3952/4148 3951/4147
f 3985/4181 3951/4147 3984/4180
f 3986/4182 3953/4149 3952/4148
f 3986/4182 3952/4148 3985/4181
f 3987/4183 3954/4150 3953/4149
f 3987/4183 3953/4149 3986/4182
f 3988/4184 3955/4151 3954/4150
f 3988/4184 3954/4150 3987/4183
f 3989/4185 3956/4152 3955/4151
f 3989/4185 3955/4151 3988/4184
f 3990/4186 3957/4153 3956/4152
f 3990/4186 3956/4152 3989/4185
f 3991/4187 3958/4154 3957/4153
f 3991/4187 3957/4153 3990/4186
f 3993/4188 3960/4155 3958/4154
f 3993/4188 3958/4154 3991/4187
f 3992/4189 3959/4156 3960/4155
f 3992/4189 3960/4155 3993/4188
f 3996/4190 3963/4157 3962/4158
f 3995/4191 3962/4158 3961/4159
f 3996/4190 3962/4158 3995/4191
f 3995/4191 3961/4159 3994/4192
f 3997/4193 3964/4160 3963/4157
f 3997/4193 3963/4157 3996/4190
f 3998/4194 3965/4161 3964/4160
f 3998/4194 3964/4160 3997/4193
f 3999/4195 3965/4161 3998/4194
f 3999/4195 3966/4162 3965/4161
f 4000/4196 3967/4163 3966/4162
f 4000/4196 3966/4162 3999/4195
f 4001/4197 3968/4164 3967/4163
f 4001/4197 3967/4163 4000/4196
f 4002/4198 3969/4165 3968/4164
f 4002/4198 3968/4164 4001/4197
f 4003/4199 3970/4166 3969/4165
f 4003/4199 3969/4165 4002/4198
f 4004/4200 3971/4167 3970/4166
f 4004/4200 3970/4166 4003/4199
f 4005/4201 3972/4168 3971/4167
f 4005/4201 3971/4167 4004/4200
f 4006/4202 3973/4169 3972/4168
f 4006/4202 3972/4168 4005/4201
f 4007/4203 3973/4169 4006/4202
f 4007/4203 3974/4170 3973/4169
f 4008/4204 3974/4170 4007/4203
f 4008/4204 3975/4171 3974/4170
f 4009/4205 3975/4171 4008/4204
f 4009/4205 3976/4172 3975/4171
f 4010/4206 3977/4173 3976/4172
f 4010/4206 3976/4172 4009/4205
f 4011/4207 3978/4174 3977/4173
f 4011/4207 3977/4173 4010/4206
f 4012/4208 3979/4175 3978/4174
f 4012/4208 3978/4174 4011/4207
f 4013/4209 3980/4176 3979/4175
f 4013/4209 3979/4175 4012/4208
f 4014/4210 3981/4177 3980/4176
f 4014/4210 3980/4176 4013/4209
f 4015/4211 3982/4178 3981/4177
f 4015/4211 3981/4177 4014/4210
f 4016/4212 3983/4179 3982/4178
f 4016/4212 3982/4178 4015/4211
f 4017/4213 3984/4180 3983/4179
f 4017/4213 3983/4179 4016/4212
f 4018/4214 3985/4181 3984/4180
f 4018/4214 3984/4180 4017/4213
f 4019/4215 3986/4182 3985/4181
f 4019/4215 3985/4181 4018/4214
f 4020/4216 3987/4183 3986/4182
f 4020/4216 3986/4182 4019/4215
f 4021/4217 3988/4184 3987/4183
f 4021/4217 3987/4183 4020/4216
f 4022/4218 3989/4185 3988/4184
f 4022/4218 3988/4184 4021/4217
f 4023/4219 3989/4185 4022/4218
f 4023/4219 3990/4186 3989/4185
f 4024/4220 3991/4187 3990/4186
f 4024/4220 3990/4186 4023/4219
f 4026/4221 3991/4187 4024/4220
f 4026/4221 3993/4188 3991/4187
f 4025/4222 3992/4189 3993/4188
f 4025/4222 3993/4188 4026/4221
f 4029/4223 3996/4190 3995/4191
f 4028/4224 3995/4191 3994/4192
f 4028/4224 3994/4192 4027/4225
f 4029/4223 3995/4191 4028/4224
f 4030/4226 3997/4193 3996/4190
f 4030/4226 3996/4190 4029/4223
f 4031/4227 3998/4194 3997/4193
f 4031/4227 3997/4193 4030/4226
f 4032/4228 3999/4195 3998/4194
f 4032/4228 3998/4194 4031/4227
f 4033/4229 4000/4196 3999/4195
f 4033/4229 3999/4195 4032/4228
f 4034/4230 4001/4197 4000/4196
f 4034/4230 4000/4196 4033/4229
f 4035/4231 4002/4198 4001/4197
f 4035/4231 4001/4197 4034/4230
f 4036/4232 4003/4199 4002/4198
f 4036/4232 4002/4198 4035/4231
f 4037/4233 4004/4200 4003/4199
f 4037/4233 4003/4199 4036/4232
f 4038/4234 4005/4201 4004/4200
f 4038/4234 4004/4200 4037/4233
f 4039/4235 4006/4202 4005/4201
f 4039/4235 4005/4201 4038/4234
f 4040/4236 4007/4203 4006/4202
f 4040/4236 4006/4202 4039/4235
f 4041/4237 4008/4204 4007/4203
f 4041/4237 4007/4203 4040/4236
f 4042/4238 4009/4205 4008/4204
f 4042/4238 4008/4204 4041/4237
f 4043/4239 4009/4205 4042/4238
f 4043/4239 4010/4206 4009/4205
f 4044/4240 4011/4207 4010/4206
f 4044/4240 4010/4206 4043/4239
f 4045/4241 4011/4207 4044/4240
f 4045/4241 4012/4208 4011/4207
f 4046/4242 4013/4209 4012/4208
f 4046/4242 4012/4208 4045/4241
f 4047/4243 4013/4209 4046/4242
f 4047/4243 4014/4210 4013/4209
f 4048/4244 4015/4211 4014/4210
f 4048/4244 4014/4210 4047/4243
f 4049/4245 4016/4212 4015/4211
f 4049/4245 4015/4211 4048/4244
f 4050/4246 4017/4213 4016/4212
f 4050/4246 4016/4212 4049/4245
f 4051/4247 4017/4213 4050/4246
f 4051/4247 4018/4214 4017/4213
f 4052/4248 4019/4215 4018/4214
f 4052/4248 4018/4214 4051/4247
f 4053/4249 4020/4216 4019/4215
f 4053/4249 4019/4215 4052/4248
f 4054/4250 4021/4217 4020/4216
f 4054/4250 4020/4216 4053/4249
f 4055/4251 4022/4218 4021/4217
f 4055/4251 4021/4217 4054/4250
f 4056/4252 4023/4219 4022/4218
f 4056/4252 4022/4218 4055/4251
f 4057/4253 4023/4219 4056/4252
f 4057/4253 4024/4220 4023/4219
f 4059/4254 4026/4221 4024/4220
f 4059/4254 4024/4220 4057/4253
f 4058/4255 4025/4222 4026/4221
f 4058/4255 4026/4221 4059/4254
f 4062/4256 4029/4223 4028/4224
f 4062/4256 4028/4224 4061/4257
f 4061/4257 4028/4224 4027/4225
f 4061/4257 4027/4225 4060/4258
f 4063/4259 4029/4223 4062/4256
f 4063/4259 4030/4226 4029/4223
f 4064/4260 4031/4227 4030/4226
f 4064/4260 4030/4226 4063/4259
f 4065/4261 4032/4228 4031/4227
f 4065/4261 4031/4227 4064/4260
f 4066/4262 4033/4229 4032/4228
f 4066/4262 4032/4228 4065/4261
f 4067/4263 4033/4229 4066/4262
f 4067/4263 4034/4230 4033/4229
f 4068/4264 4035/4231 4034/4230
f 4068/4264 4034/4230 4067/4263
f 4069/4265 4036/4232 4035/4231
f 4069/4265 4035/4231 4068/4264
f 4070/4266 4037/4233 4036/4232
f 4070/4266 4036/4232 4069/4265
f 4071/4267 4037/4233 4070/4266
f 4071/4267 4038/4234 4037/4233
f 4072/4268 4038/4234 4071/4267
f 4072/4268 4039/4235 4038/4234
f 4073/4269 4039/4235 4072/4268
f 4073/4269 4040/4236 4039/4235
f 4074/4270 4041/4237 4040/4236
f 4074/4270 4040/4236 4073/4269
f 4075/4271 4042/4238 4041/4237
f 4075/4271 4041/4237 4074/4270
f 4076/4272 4043/4239 4042/4238
f 4076/4272 4042/4238 4075/4271
f 4077/4273 4044/4240 4043/4239
f 4077/4273 4043/4239 4076/4272
f 4078/4274 4045/4241 4044/4240
f 4078/4274 4044/4240 4077/4273
f 4079/4275 4046/4242 4045/4241
f 4079/4275 4045/4241 4078/4274
f 4080/4276 4047/4243 4046/4242
f 4080/4276 4046/4242 4079/4275
f 4081/4277 4048/4244 4047/4243
f 4081/4277 4047/4243 4080/4276
f 4082/4278 4049/4245 4048/4244
f 4082/4278 4048/4244 4081/4277
f 4083/4279 4050/4246 4049/4245
f 4083/4279 4049/4245 4082/4278
f 4084/4280 4051/4247 4050/4246
f 4084/4280 4050/4246 4083/4279
f 4085/4281 4051/4247 4084/4280
f 4085/4281 4052/4248 4051/4247
f 4086/4282 4053/4249 4052/4248
f 4086/4282 4052/4248 4085/4281
f 4087/4283 4054/4250 4053/4249
f 4087/4283 4053/4249 4086/4282
f 4088/4284 4055/4251 4054/4250
f 4088/4284 4054/4250 4087/4283
f 4089/4285 4056/4252 4055/4251
f 4089/4285 4055/4251 4088/4284
f 4090/4286 4056/4252 4089/4285
f 4090/4286 4057/4253 4056/4252
f 4092/4287 4057/4253 4090/4286
f 4092/4287 4059/4254 4057/4253
f 4091/4288 4059/4254 4092/4287
f 4091/4288 4058/4255 4059/4254
f 4095/4289 4062/4256 4061/4257
f 4094/4290 4060/4291 4093/4292
f 4095/4289 4061/4257 4094/4293
f 4094/4290 4061/4257 4060/4291
f 4096/4294 4063/4259 4062/4256
f 4096/4294 4062/4256 4095/4289
f 4097/4295 4064/4260 4063/4259
f 4097/4295 4063/4259 4096/4294
f 4098/4296 4065/4261 4064/4260
f 4098/4296 4064/4260 4097/4295
f 4099/4297 4066/4262 4065/4261
f 4099/4297 4065/4261 4098/4296
f 4100/4298 4067/4263 4066/4262
f 4100/4298 4066/4262 4099/4297
f 4101/4299 4068/4264 4067/4263
f 4101/4299 4067/4263 4100/4298
f 4102/4300 4069/4265 4068/4264
f 4102/4300 4068/4264 4101/4299
f 4103/4301 4070/4266 4069/4265
f 4103/4301 4069/4265 4102/4300
f 4104/4302 4071/4267 4070/4266
f 4104/4302 4070/4266 4103/4301
f 4105/4303 4072/4268 4071/4267
f 4105/4303 4071/4267 4104/4302
f 4106/4304 4073/4269 4072/4268
f 4106/4304 4072/4268 4105/4303
f 4107/4305 4073/4269 4106/4304
f 4107/4305 4074/4270 4073/4269
f 4108/4306 4075/4271 4074/4270
f 4108/4306 4074/4270 4107/4305
f 4109/4307 4076/4272 4075/4271
f 4109/4307 4075/4271 4108/4306
f 4110/4308 4077/4273 4076/4272
f 4110/4308 4076/4272 4109/4307
f 4111/4309 4077/4273 4110/4308
f 4111/4309 4078/4274 4077/4273
f 4112/4310 4079/4275 4078/4274
f 4112/4310 4078/4274 4111/4309
f 4113/4311 4080/4276 4079/4275
f 4113/4311 4079/4275 4112/4310
f 4114/4312 4080/4276 4113/4311
f 4114/4312 4081/4277 4080/4276
f 4115/4313 4082/4278 4081/4277
f 4115/4313 4081/4277 4114/4312
f 4116/4314 4083/4279 4082/4278
f 4116/4314 4082/4278 4115/4313
f 4117/4315 4084/4280 4083/4279
f 4117/4315 4083/4279 4116/4314
f 4118/4316 4085/4281 4084/4280
f 4118/4316 4084/4280 4117/4315
f 4119/4317 4086/4282 4085/4281
f 4119/4317 4085/4281 4118/4316
f 4120/4318 4087/4283 4086/4282
f 4120/4318 4086/4282 4119/4317
f 4121/4319 4088/4284 4087/4283
f 4121/4319 4087/4283 4120/4318
f 4122/4320 4089/4285 4088/4284
f 4122/4320 4088/4284 4121/4319
f 4123/4321 4090/4286 4089/4285
f 4123/4321 4089/4285 4122/4320
f 4125/4322 4092/4287 4090/4286
f 4125/4322 4090/4286 4123/4321
f 4124/4323 4091/4288 4092/4287
f 4124/4323 4092/4287 4125/4322
f 4128/4324 4095/4289 4094/4293
f 4128/4324 4094/4293 4127/4325
f 4127/4325 4094/4293 4093/4292
f 4127/4325 4093/4292 4126/4326
f 4129/4327 4096/4294 4095/4289
f 4129/4327 4095/4289 4128/4324
f 4130/4328 4097/4295 4096/4294
f 4130/4328 4096/4294 4129/4327
f 4131/4329 4097/4295 4130/4328
f 4131/4329 4098/4296 4097/4295
f 4132/4330 4099/4297 4098/4296
f 4132/4330 4098/4296 4131/4329
f 4133/4331 4100/4298 4099/4297
f 4133/4331 4099/4297 4132/4330
f 4134/4332 4101/4299 4100/4298
f 4134/4332 4100/4298 4133/4331
f 4135/4333 4101/4299 4134/4332
f 4135/4333 4102/4300 4101/4299
f 4136/4334 4103/4301 4102/4300
f 4136/4334 4102/4300 4135/4333
f 4137/4335 4104/4302 4103/4301
f 4137/4335 4103/4301 4136/4334
f 4138/4336 4105/4303 4104/4302
f 4138/4336 4104/4302 4137/4335
f 4139/4337 4106/4304 4105/4303
f 4139/4337 4105/4303 4138/4336
f 4140/4338 4107/4305 4106/4304
f 4140/4338 4106/4304 4139/4337
f 4141/4339 4108/4306 4107/4305
f 4141/4339 4107/4305 4140/4338
f 4142/4340 4109/4307 4108/4306
f 4142/4340 4108/4306 4141/4339
f 4143/4341 4110/4308 4109/4307
f 4143/4341 4109/4307 4142/4340
f 4144/4342 4111/4309 4110/4308
f 4144/4342 4110/4308 4143/4341
f 4145/4343 4111/4309 4144/4342
f 4145/4343 4112/4310 4111/4309
f 4146/4344 4113/4311 4112/4310
f 4146/4344 4112/4310 4145/4343
f 4147/4345 4114/4312 4113/4311
f 4147/4345 4113/4311 4146/4344
f 4148/4346 4115/4313 4114/4312
f 4148/4346 4114/4312 4147/4345
f 4149/4347 4116/4314 4115/4313
f 4149/4347 4115/4313 4148/4346
f 4150/4348 4117/4315 4116/4314
f 4150/4348 4116/4314 4149/4347
f 4151/4349 4118/4316 4117/4315
f 4151/4349 4117/4315 4150/4348
f 4152/4350 4119/4317 4118/4316
f 4152/4350 4118/4316 4151/4349
f 4153/4351 4119/4317 4152/4350
f 4153/4351 4120/4318 4119/4317
f 4154/4352 4121/4319 4120/4318
f 4154/4352 4120/4318 4153/4351
f 4155/4353 4121/4319 4154/4352
f 4155/4353 4122/4320 4121/4319
f 4156/4354 4123/4321 4122/4320
f 4156/4354 4122/4320 4155/4353
f 4158/4355 4123/4321 4156/4354
f 4158/4355 4125/4322 4123/4321
f 4157/4356 4124/4323 4125/4322
f 4157/4356 4125/4322 4158/4355
f 4161/4357 4128/4324 4127/4325
f 4160/4358 4126/4359 4159/4360
f 4161/4357 4127/4325 4160/4361
f 4160/4361 4127/4325 4126/4359
f 4162/4362 4129/4327 4128/4324
f 4162/4362 4128/4324 4161/4357
f 4163/4363 4130/4328 4129/4327
f 4163/4363 4129/4327 4162/4362
f 4164/4364 4131/4329 4130/4328
f 4164/4364 4130/4328 4163/4363
f 4165/4365 4132/4330 4131/4329
f 4165/4365 4131/4329 4164/4364
f 4166/4366 4133/4331 4132/4330
f 4166/4366 4132/4330 4165/4365
f 4167/4367 4134/4332 4133/4331
f 4167/4367 4133/4331 4166/4366
f 4168/4368 4135/4333 4134/4332
f 4168/4368 4134/4332 4167/4367
f 4169/4369 4135/4333 4168/4368
f 4169/4369 4136/4334 4135/4333
f 4170/4370 4137/4335 4136/4334
f 4170/4370 4136/4334 4169/4369
f 4171/4371 4137/4335 4170/4370
f 4171/4371 4138/4336 4137/4335
f 4172/4372 4139/4337 4138/4336
f 4172/4372 4138/4336 4171/4371
f 4173/4373 4140/4338 4139/4337
f 4173/4373 4139/4337 4172/4372
f 4174/4374 4141/4339 4140/4338
f 4174/4374 4140/4338 4173/4373
f 4175/4375 4142/4340 4141/4339
f 4175/4375 4141/4339 4174/4374
f 4176/4376 4143/4341 4142/4340
f 4176/4376 4142/4340 4175/4375
f 4177/4377 4143/4341 4176/4376
f 4177/4377 4144/4342 4143/4341
f 4178/4378 4144/4342 4177/4377
f 4178/4378 4145/4343 4144/4342
f 4179/4379 4145/4343 4178/4378
f 4179/4379 4146/4344 4145/4343
f 4180/4380 4147/4345 4146/4344
f 4180/4380 4146/4344 4179/4379
f 4181/4381 4147/4345 4180/4380
f 4181/4381 4148/4346 4147/4345
f 4182/4382 4149/4347 4148/4346
f 4182/4382 4148/4346 4181/4381
f 4183/4383 4149/4347 4182/4382
f 4183/4383 4150/4348 4149/4347
f 4184/4384 4151/4349 4150/4348
f 4184/4384 4150/4348 4183/4383
f 4185/4385 4152/4350 4151/4349
f 4185/4385 4151/4349 4184/4384
f 4186/4386 4153/4351 4152/4350
f 4186/4386 4152/4350 4185/4385
f 4187/4387 4154/4352 4153/4351
f 4187/4387 4153/4351 4186/4386
f 4188/4388 4155/4353 4154/4352
f 4188/4388 4154/4352 4187/4387
f 4189/4389 4156/4354 4155/4353
f 4189/4389 4155/4353 4188/4388
f 4191/4390 4158/4355 4156/4354
f 4191/4390 4156/4354 4189/4389
f 4190/4391 4157/4356 4158/4355
f 4190/4391 4158/4355 4191/4390
f 4194/4392 4161/4357 4160/4361
f 4194/4392 4160/4361 4193/4393
f 4193/4393 4160/4361 4159/4360
f 4193/4393 4159/4360 4192/4394
f 4195/4395 4161/4357 4194/4392
f 4195/4395 4162/4362 4161/4357
f 4196/4396 4163/4363 4162/4362
f 4196/4396 4162/4362 4195/4395
f 4197/4397 4164/4364 4163/4363
f 4197/4397 4163/4363 4196/4396
f 4198/4398 4165/4365 4164/4364
f 4198/4398 4164/4364 4197/4397
f 4199/4399 4165/4365 4198/4398
f 4199/4399 4166/4366 4165/4365
f 4200/4400 4167/4367 4166/4366
f 4200/4400 4166/4366 4199/4399
f 4201/4401 4168/4368 4167/4367
f 4201/4401 4167/4367 4200/4400
f 4202/4402 4169/4369 4168/4368
f 4202/4402 4168/4368 4201/4401
f 4203/4403 4170/4370 4169/4369
f 4203/4403 4169/4369 4202/4402
f 4204/4404 4171/4371 4170/4370
f 4204/4404 4170/4370 4203/4403
f 4205/4405 4171/4371 4204/4404
f 4205/4405 4172/4372 4171/4371
f 4206/4406 4173/4373 4172/4372
f 4206/4406 4172/4372 4205/4405
f 4207/4407 4174/4374 4173/4373
f 4207/4407 4173/4373 4206/4406
f 4208/4408 4175/4375 4174/4374
f 4208/4408 4174/4374 4207/4407
f 4209/4409 4176/4376 4175/4375
f 4209/4409 4175/4375 4208/4408
f 4210/4410 4177/4377 4176/4376
f 4210/4410 4176/4376 4209/4409
f 4211/4411 4178/4378 4177/4377
f 4211/4411 4177/4377 4210/4410
f 4212/4412 4179/4379 4178/4378
f 4212/4412 4178/4378 4211/4411
f 4213/4413 4180/4380 4179/4379
f 4213/4413 4179/4379 4212/4412
f 4214/4414 4181/4381 4180/4380
f 4214/4414 4180/4380 4213/4413
f 4215/4415 4182/4382 4181/4381
f 4215/4415 4181/4381 4214/4414
f 4216/4416 4182/4382 4215/4415
f 4216/4416 4183/4383 4182/4382
f 4217/4417 4183/4383 4216/4416
f 4217/4417 4184/4384 4183/4383
f 4218/4418 4184/4384 4217/4417
f 4218/4418 4185/4385 4184/4384
f 4219/4419 4185/4385 4218/4418
f 4219/4419 4186/4386 4185/4385
f 4220/4420 4186/4386 4219/4419
f 4220/4420 4187/4387 4186/4386
f 4221/4421 4187/4387 4220/4420
f 4221/4421 4188/4388 4187/4387
f 4222/4422 4189/4389 4188/4388
f 4222/4422 4188/4388 4221/4421
f 4224/4423 4189/4389 4222/4422
f 4224/4423 4191/4390 4189/4389
f 4223/4424 4191/4390 4224/4423
f 4223/4424 4190/4391 4191/4390
f 4227/4425 4194/4392 4193/4393
f 4226/4426 4193/4393 4192/4394
f 4226/4426 4192/4394 4225/4427
f 4227/4425 4193/4393 4226/4426
f 4228/4428 4195/4395 4194/4392
f 4228/4428 4194/4392 4227/4425
f 4229/4429 4196/4396 4195/4395
f 4229/4429 4195/4395 4228/4428
f 4230/4430 4197/4397 4196/4396
f 4230/4430 4196/4396 4229/4429
f 4231/4431 4198/4398 4197/4397
f 4231/4431 4197/4397 4230/4430
f 4232/4432 4199/4399 4198/4398
f 4232/4432 4198/4398 4231/4431
f 4233/4433 4200/4400 4199/4399
f 4233/4433 4199/4399 4232/4432
f 4234/4434 4200/4400 4233/4433
f 4234/4434 4201/4401 4200/4400
f 4235/4435 4202/4402 4201/4401
f 4235/4435 4201/4401 4234/4434
f 4236/4436 4203/4403 4202/4402
f 4236/4436 4202/4402 4235/4435
f 4237/4437 4203/4403 4236/4436
f 4237/4437 4204/4404 4203/4403
f 4238/4438 4205/4405 4204/4404
f 4238/4438 4204/4404 4237/4437
f 4239/4439 4206/4406 4205/4405
f 4239/4439 4205/4405 4238/4438
f 4240/4440 4207/4407 4206/4406
f 4240/4440 4206/4406 4239/4439
f 4241/4441 4208/4408 4207/4407
f 4241/4441 4207/4407 4240/4440
f 4242/4442 4209/4409 4208/4408
f 4242/4442 4208/4408 4241/4441
f 4243/4443 4210/4410 4209/4409
f 4243/4443 4209/4409 4242/4442
f 4244/4444 4211/4411 4210/4410
f 4244/4444 4210/4410 4243/4443
f 4245/4445 4212/4412 4211/4411
f 4245/4445 4211/4411 4244/4444
f 4246/4446 4213/4413 4212/4412
f 4246/4446 4212/4412 4245/4445
f 4247/4447 4214/4414 4213/4413
f 4247/4447 4213/4413 4246/4446
f 4248/4448 4215/4415 4214/4414
f 4248/4448 4214/4414 4247/4447
f 4249/4449 4216/4416 4215/4415
f 4249/4449 4215/4415 4248/4448
f 4250/4450 4217/4417 4216/4416
f 4250/4450 4216/4416 4249/4449
f 4251/4451 4218/4418 4217/4417
f 4251/4451 4217/4417 4250/4450
f 4252/4452 4219/4419 4218/4418
f 4252/4452 4218/4418 4251/4451
f 4253/4453 4220/4420 4219/4419
f 4253/4453 4219/4419 4252/4452
f 4254/4454 4221/4421 4220/4420
f 4254/4454 4220/4420 4253/4453
f 4255/4455 4222/4422 4221/4421
f 4255/4455 4221/4421 4254/4454
f 4257/4456 4224/4423 4222/4422
f 4257/4456 4222/4422 4255/4455
f 4256/4457 4223/4424 4224/4423
f 4256/4457 4224/4423 4257/4456
f 4260/4458 4227/4425 4226/4426
f 4260/4458 4226/4426 4259/4459
f 4259/4459 4226/4426 4225/4427
f 4259/4459 4225/4427 4258/4460
f 4261/4461 4228/4428 4227/4425
f 4261/4461 4227/4425 4260/4458
f 4262/4462 4229/4429 4228/4428
f 4262/4462 4228/4428 4261/4461
f 4263/4463 4230/4430 4229/4429
f 4263/4463 4229/4429 4262/4462
f 4264/4464 4231/4431 4230/4430
f 4264/4464 4230/4430 4263/4463
f 4265/4465 4231/4431 4264/4464
f 4265/4465 4232/4432 4231/4431
f 4266/4466 4233/4433 4232/4432
f 4266/4466 4232/4432 4265/4465
f 4267/4467 4234/4434 4233/4433
f 4267/4467 4233/4433 4266/4466
f 4268/4468 4235/4435 4234/4434
f 4268/4468 4234/4434 4267/4467
f 4269/4469 4236/4436 4235/4435
f 4269/4469 4235/4435 4268/4468
f 4270/4470 4237/4437 4236/4436
f 4270/4470 4236/4436 4269/4469
f 4271/4471 4238/4438 4237/4437
f 4271/4471 4237/4437 4270/4470
f 4272/4472 4239/4439 4238/4438
f 4272/4472 4238/4438 4271/4471
f 4273/4473 4240/4440 4239/4439
f 4273/4473 4239/4439 4272/4472
f 4274/4474 4241/4441 4240/4440
f 4274/4474 4240/4440 4273/4473
f 4275/4475 4242/4442 4241/4441
f 4275/4475 4241/4441 4274/4474
f 4276/4476 4243/4443 4242/4442
f 4276/4476 4242/4442 4275/4475
f 4277/4477 4244/4444 4243/4443
f 4277/4477 4243/4443 4276/4476
f 4278/4478 4245/4445 4244/4444
f 4278/4478 4244/4444 4277/4477
f 4279/4479 4245/4445 4278/4478
f 4279/4479 4246/4446 4245/4445
f 4280/4480 4246/4446 4279/4479
f 4280/4480 4247/4447 4246/4446
f 4281/4481 4247/4447 4280/4480
f 4281/4481 4248/4448 4247/4447
f 4282/4482 4249/4449 4248/4448
f 4282/4482 4248/4448 4281/4481
f 4283/4483 4249/4449 4282/4482
f 4283/4483 4250/4450 4249/4449
f 4284/4484 4251/4451 4250/4450
f 4284/4484 4250/4450 4283/4483
f 4285/4485 4251/4451 4284/4484
f 4285/4485 4252/4452 4251/4451
f 4286/4486 4253/4453 4252/4452
f 4286/4486 4252/4452 4285/4485
f 4287/4487 4253/4453 4286/4486
f 4287/4487 4254/4454 4253/4453
f 4288/4488 4254/4454 4287/4487
f 4288/4488 4255/4455 4254/4454
f 4290/4489 4255/4455 4288/4488
f 4290/4489 4257/4456 4255/4455
f 4289/4490 4256/4457 4257/4456
f 4289/4490 4257/4456 4290/4489
f 4296/4491 4260/4458 4259/4459
f 4294/4492 4259/4459 4258/4460
f 4294/4492 4258/4460 4292/4493
f 4296/4491 4259/4459 4294/4492
f 4298/4494 4261/4461 4260/4458
f 4298/4494 4260/4458 4296/4491
f 4300/4495 4262/4462 4261/4461
f 4300/4495 4261/4461 4298/4494
f 4302/4496 4263/4463 4262/4462
f 4302/4496 4262/4462 4300/4495
f 4304/4497 4263/4463 4302/4496
f 4304/4497 4264/4464 4263/4463
f 4306/4498 4265/4465 4264/4464
f 4306/4498 4264/4464 4304/4497
f 4308/4499 4265/4465 4306/4498
f 4308/4499 4266/4466 4265/4465
f 4310/4500 4267/4467 4266/4466
f 4310/4500 4266/4466 4308/4499
f 4312/4501 4268/4468 4267/4467
f 4312/4501 4267/4467 4310/4500
f 4314/4502 4269/4469 4268/4468
f 4314/4502 4268/4468 4312/4501
f 4316/4503 4269/4469 4314/4502
f 4316/4503 4270/4470 4269/4469
f 4318/4504 4271/4471 4270/4470
f 4318/4504 4270/4470 4316/4503
f 4320/4505 4272/4472 4271/4471
f 4320/4505 4271/4471 4318/4504
f 4322/4506 4273/4473 4272/4472
f 4322/4506 4272/4472 4320/4505
f 4324/4507 4273/4473 4322/4506
f 4324/4507 4274/4474 4273/4473
f 4326/4508 4275/4475 4274/4474
f 4326/4508 4274/4474 4324/4507
f 4328/4509 4276/4476 4275/4475
f 4328/4509 4275/4475 4326/4508
f 4330/4510 4277/4477 4276/4476
f 4330/4510 4276/4476 4328/4509
f 4332/4511 4278/4478 4277/4477
f 4332/4511 4277/4477 4330/4510
f 4334/4512 4279/4479 4278/4478
f 4334/4512 4278/4478 4332/4511
f 4336/4513 4280/4480 4279/4479
f 4336/4513 4279/4479 4334/4512
f 4338/4514 4281/4481 4280/4480
f 4338/4514 4280/4480 4336/4513
f 4340/4515 4282/4482 4281/4481
f 4340/4515 4281/4481 4338/4514
f 4342/4516 4283/4483 4282/4482
f 4342/4516 4282/4482 4340/4515
f 4344/4517 4284/4484 4283/4483
f 4344/4517 4283/4483 4342/4516
f 4346/4518 4285/4485 4284/4484
f 4346/4518 4284/4484 4344/4517
f 4348/4519 4286/4486 4285/4485
f 4348/4519 4285/4485 4346/4518
f 4350/4520 4287/4487 4286/4486
f 4350/4520 4286/4486 4348/4519
f 4352/4521 4288/4488 4287/4487
f 4352/4521 4287/4487 4350/4520
f 4355/4522 4290/4489 4288/4488
f 4355/4522 4288/4488 4352/4521
f 4354/4523 4289/4490 4290/4489
f 4354/4523 4290/4489 4355/4522
f 4295/4524 4296/4491 4294/4492
f 4295/4524 4294/4492 4293/4525
f 4293/4525 4294/4492 4292/4493
f 4293/4525 4292/4493 4291/4526
f 4297/4527 4296/4491 4295/4524
f 4297/4527 4298/4494 4296/4491
f 4299/4528 4298/4494 4297/4527
f 4299/4528 4300/4495 4298/4494
f 4301/4529 4300/4495 4299/4528
f 4301/4529 4302/4496 4300/4495
f 4303/4530 4304/4497 4302/4496
f 4303/4530 4302/4496 4301/4529
f 4305/4531 4306/4498 4304/4497
f 4305/4531 4304/4497 4303/4530
f 4307/4532 4308/4499 4306/4498
f 4307/4532 4306/4498 4305/4531
f 4309/4533 4310/4500 4308/4499
f 4309/4533 4308/4499 4307/4532
f 4311/4534 4312/4501 4310/4500
f 4311/4534 4310/4500 4309/4533
f 4313/4535 4314/4502 4312/4501
f 4313/4535 4312/4501 4311/4534
f 4315/4536 4316/4503 4314/4502
f 4315/4536 4314/4502 4313/4535
f 4317/4537 4318/4504 4316/4503
f 4317/4537 4316/4503 4315/4536
f 4319/4538 4320/4505 4318/4504
f 4319/4538 4318/4504 4317/4537
f 4321/4539 4322/4506 4320/4505
f 4321/4539 4320/4505 4319/4538
f 4323/4540 4324/4507 4322/4506
f 4323/4540 4322/4506 4321/4539
f 4325/4541 4326/4508 4324/4507
f 4325/4541 4324/4507 4323/4540
f 4327/4542 4326/4508 4325/4541
f 4327/4542 4328/4509 4326/4508
f 4329/4543 4328/4509 4327/4542
f 4329/4543 4330/4510 4328/4509
f 4331/4544 4330/4510 4329/4543
f 4331/4544 4332/4511 4330/4510
f 4333/4545 4332/4511 4331/4544
f 4333/4545 4334/4512 4332/4511
f 4335/4546 4334/4512 4333/4545
f 4335/4546 4336/4513 4334/4512
f 4337/4547 4336/4513 4335/4546
f 4337/4547 4338/4514 4336/4513
f 4339/4548 4338/4514 4337/4547
f 4339/4548 4340/4515 4338/4514
f 4341/4549 4340/4515 4339/4548
f 4341/4549 4342/4516 4340/4515
f 4343/4550 4342/4516 4341/4549
f 4343/4550 4344/4517 4342/4516
f 4345/4551 4344/4517 4343/4550
f 4345/4551 4346/4518 4344/4517
f 4347/4552 4346/4518 4345/4551
f 4347/4552 4348/4519 4346/4518
f 4349/4553 4348/4519 4347/4552
f 4349/4553 4350/4520 4348/4519
f 4351/4554 4352/4521 4350/4520
f 4351/4554 4350/4520 4349/4553
f 4353/4555 4355/4522 4352/4521
f 4353/4555 4352/4521 4351/4554
f 4356/4556 4354/4523 4355/4522
f 4356/4556 4355/4522 4353/4555
f 4357/4557 4358/4558 4359/4559
f 4357/4557 4360/4560 4358/4558
f 4360/4560 4361/4561 4358/4558
f 4360/4560 4362/4562 4361/4561
f 4362/4562 4363/4563 4361/4561
f 4362/4562 4364/4564 4363/4563
f 4364/4564 4365/4565 4363/4563
f 4364/4564 4366/4566 4365/4565
f 4366/4566 4367/4567 4365/4565
f 4366/4566 4368/4568 4367/4567
f 4368/4568 4369/4569 4367/4567
f 4368/4568 4370/4570 4369/4569
f 4370/4570 4371/4571 4369/4569
f 4370/4570 4372/4572 4371/4571
f 4372/4572 4373/4573 4371/4571
f 4372/4572 4374/4574 4373/4573
f 4374/4574 4375/4575 4373/4573
f 4374/4574 4376/4576 4375/4575
f 4376/4576 4377/4577 4375/4575
f 4376/4576 4378/4578 4377/4577
f 4378/4578 4379/4579 4377/4577
f 4378/4578 4380/4580 4379/4579
f 4380/4580 4381/4581 4379/4579
f 4380/4580 4382/4582 4381/4581
f 4382/4582 4383/4583 4381/4581
f 4382/4582 4384/4584 4383/4583
f 4384/4584 4385/4585 4383/4583
f 4384/4584 4386/4586 4385/4585
f 4386/4586 4387/4587 4385/4585
f 4386/4586 4388/4588 4387/4587
f 4388/4588 4389/4589 4387/4587
f 4388/4588 4390/4590 4389/4589
f 4390/4590 4391/4591 4389/4589
f 4390/4590 4392/4592 4391/4591
f 4392/4592 4393/4593 4391/4591
f 4392/4592 4394/4594 4393/4593
f 4394/4594 4395/4595 4393/4593
f 4394/4594 4396/4596 4395/4595
f 4396/4596 4397/4597 4395/4595
f 4396/4596 4398/4598 4397/4597
f 4398/4598 4399/4599 4397/4597
f 4398/4598 4400/4600 4399/4599
f 4400/4600 4401/4601 4399/4599
f 4400/4600 4402/4602 4401/4601
f 4402/4602 4403/4603 4401/4601
f 4402/4602 4404/4604 4403/4603
f 4404/4604 4405/4605 4403/4603
f 4404/4604 4406/4606 4405/4605
f 4406/4606 4407/4607 4405/4605
f 4406/4606 4408/4608 4407/4607
f 4408/4608 4409/4609 4407/4607
f 4408/4608 4410/4610 4409/4609
f 4410/4610 4411/4611 4409/4609
f 4410/4610 4412/4612 4411/4611
f 4412/4612 4413/4613 4411/4611
f 4412/4612 4414/4614 4413/4613
f 4414/4614 4415/4615 4413/4613
f 4414/4614 4416/4616 4415/4615
f 4416/4616 4417/4617 4415/4615
f 4416/4616 4418/4618 4417/4617
f 4418/4618 4419/4619 4417/4617
f 4418/4618 4420/4620 4419/4619
f 4420/4620 4421/4621 4419/4619
f 4420/4620 4422/4622 4421/4621
f 4359/4623 4423/4624 4424/4625
f 4359/4623 4358/4558 4423/4624
f 4358/4558 4425/4626 4423/4624
f 4358/4558 4361/4561 4425/4626
f 4361/4561 4426/4627 4425/4626
f 4361/4561 4363/4563 4426/4627
f 4363/4563 4427/4628 4426/4627
f 4363/4563 4365/4565 4427/4628
f 4365/4565 4428/4629 4427/4628
f 4365/4565 4367/4567 4428/4629
f 4367/4567 4429/4630 4428/4629
f 4367/4567 4369/4569 4429/4630
f 4369/4569 4430/4631 4429/4630
f 4369/4569 4371/4571 4430/4631
f 4371/4571 4431/4632 4430/4631
f 4371/4571 4373/4573 4431/4632
f 4373/4573 4432/4633 4431/4632
f 4373/4573 4375/4575 4432/4633
f 4375/4575 4433/4634 4432/4633
f 4375/4575 4377/4577 4433/4634
f 4377/4577 4434/4635 4433/4634
f 4377/4577 4379/4579 4434/4635
f 4379/4579 4435/4636 4434/4635
f 4379/4579 4381/4581 4435/4636
f 4381/4581 4436/4637 4435/4636
f 4381/4581 4383/4583 4436/4637
f 4383/4583 4437/4638 4436/4637
f 4383/4583 4385/4585 4437/4638
f 4385/4585 4438/4639 4437/4638
f 4385/4585 4387/4587 4438/4639
f 4387/4587 4439/4640 4438/4639
f 4387/4587 4389/4589 4439/4640
f 4389/4589 4440/4641 4439/4640
f 4389/4589 4391/4591 4440/4641
f 4391/4591 4441/4642 4440/4641
f 4391/4591 4393/4593 4441/4642
f 4393/4593 4442/4643 4441/4642
f 4393/4593 4395/4595 4442/4643
f 4395/4595 4443/4644 4442/4643
f 4395/4595 4397/4597 4443/4644
f 4397/4597 4444/4645 4443/4644
f 4397/4597 4399/4599 4444/4645
f 4399/4599 4445/4646 4444/4645
f 4399/4599 4401/4601 4445/4646
f 4401/4601 4446/4647 4445/4646
f 4401/4601 4403/4603 4446/4647
f 4403/4603 4447/4648 4446/4647
f 4403/4603 4405/4605 4447/4648
f 4405/4605 4448/4649 4447/4648
f 4405/4605 4407/4607 4448/4649
f 4407/4607 4449/4650 4448/4649
f 4407/4607 4409/4609 4449/4650
f 4409/4609 4450/4651 4449/4650
f 4409/4609 4411/4611 4450/4651
f 4411/4611 4451/4652 4450/4651
f 4411/4611 4413/4613 4451/4652
f 4413/4613 4452/4653 4451/4652
f 4413/4613 4415/4615 4452/4653
f 4415/4615 4453/4654 4452/4653
f 4415/4615 4417/4617 4453/4654
f 4417/4617 4454/4655 4453/4654
f 4417/4617 4419/4619 4454/4655
f 4419/4619 4455/4656 4454/4655
f 4419/4619 4421/4621 4455/4656
f 4424/4657 4456/4658 4457/4659
f 4424/4625 4423/4624 4456/4658
f 4423/4624 4458/4660 4456/4658
f 4423/4624 4425/4626 4458/4660
f 4425/4626 4459/4661 4458/4660
f 4425/4626 4426/4627 4459/4661
f 4426/4627 4460/4662 4459/4661
f 4426/4627 4427/4628 4460/4662
f 4427/4628 4461/4663 4460/4662
f 4427/4628 4428/4629 4461/4663
f 4428/4629 4462/4664 4461/4663
f 4428/4629 4429/4630 4462/4664
f 4429/4630 4463/4665 4462/4664
f 4429/4630 4430/4631 4463/4665
f 4430/4631 4464/4666 4463/4665
f 4430/4631 4431/4632 4464/4666
f 4431/4632 4465/4667 4464/4666
f 4431/4632 4432/4633 4465/4667
f 4432/4633 4466/4668 4465/4667
f 4432/4633 4433/4634 4466/4668
f 4433/4634 4467/4669 4466/4668
f 4433/4634 4434/4635 4467/4669
f 4434/4635 4468/4670 4467/4669
f 4434/4635 4435/4636 4468/4670
f 4435/4636 4469/4671 4468/4670
f 4435/4636 4436/4637 4469/4671
f 4436/4637 4470/4672 4469/4671
f 4436/4637 4437/4638 4470/4672
f 4437/4638 4471/4673 4470/4672
f 4437/4638 4438/4639 4471/4673
f 4438/4639 4472/4674 4471/4673
f 4438/4639 4439/4640 4472/4674
f 4439/4640 4473/4675 4472/4674
f 4439/4640 4440/4641 4473/4675
f 4440/4641 4474/4676 4473/4675
f 4440/4641 4441/4642 4474/4676
f 4441/4642 4475/4677 4474/4676
f 4441/4642 4442/4643 4475/4677
f 4442/4643 4476/4678 4475/4677
f 4442/4643 4443/4644 4476/4678
f 4443/4644 4477/4679 4476/4678
f 4443/4644 4444/4645 4477/4679
f 4444/4645 4478/4680 4477/4679
f 4444/4645 4445/4646 4478/4680
f 4445/4646 4479/4681 4478/4680
f 4445/4646 4446/4647 4479/4681
f 4446/4647 4480/4682 4479/4681
f 4446/4647 4447/4648 4480/4682
f 4447/4648 4481/4683 4480/4682
f 4447/4648 4448/4649 4481/4683
f 4448/4649 4482/4684 4481/4683
f 4448/4649 4449/4650 4482/4684
f 4449/4650 4483/4685 4482/4684
f 4449/4650 4450/4651 4483/4685
f 4450/4651 4484/4686 4483/4685
f 4450/4651 4451/4652 4484/4686
f 4451/4652 4485/4687 4484/4686
f 4451/4652 4452/4653 4485/4687
f 4452/4653 4486/4688 4485/4687
f 4452/4653 4453/4654 4486/4688
f 4453/4654 4487/4689 4486/4688
f 4453/4654 4454/4655 4487/4689
f 4454/4655 4488/4690 4487/4689
f 4454/4655 4455/4656 4488/4690
f 4457/4691 4489/4692 4490/4693
f 4457/4659 4456/4658 4489/4692
f 4456/4658 4491/4694 4489/4692
f 4456/4658 4458/4660 4491/4694
f 4458/4660 4492/4695 4491/4694
f 4458/4660 4459/4661 4492/4695
f 4459/4661 4493/4696 4492/4695
f 4459/4661 4460/4662 4493/4696
f 4460/4662 4494/4697 4493/4696
f 4460/4662 4461/4663 4494/4697
f 4461/4663 4495/4698 4494/4697
f 4461/4663 4462/4664 4495/4698
f 4462/4664 4496/4699 4495/4698
f 4462/4664 4463/4665 4496/4699
f 4463/4665 4497/4700 4496/4699
f 4463/4665 4464/4666 4497/4700
f 4464/4666 4498/4701 4497/4700
f 4464/4666 4465/4667 4498/4701
f 4465/4667 4499/4702 4498/4701
f 4465/4667 4466/4668 4499/4702
f 4466/4668 4500/4703 4499/4702
f 4466/4668 4467/4669 4500/4703
f 4467/4669 4501/4704 4500/4703
f 4467/4669 4468/4670 4501/4704
f 4468/4670 4502/4705 4501/4704
f 4468/4670 4469/4671 4502/4705
f 4469/4671 4503/4706 4502/4705
f 4469/4671 4470/4672 4503/4706
f 4470/4672 4504/4707 4503/4706
f 4470/4672 4471/4673 4504/4707
f 4471/4673 4505/4708 4504/4707
f 4471/4673 4472/4674 4505/4708
f 4472/4674 4506/4709 4505/4708
f 4472/4674 4473/4675 4506/4709
f 4473/4675 4507/4710 4506/4709
f 4473/4675 4474/4676 4507/4710
f 4474/4676 4508/4711 4507/4710
f 4474/4676 4475/4677 4508/4711
f 4475/4677 4509/4712 4508/4711
f 4475/4677 4476/4678 4509/4712
f 4476/4678 4510/4713 4509/4712
f 4476/4678 4477/4679 4510/4713
f 4477/4679 4511/4714 4510/4713
f 4477/4679 4478/4680 4511/4714
f 4478/4680 4512/4715 4511/4714
f 4478/4680 4479/4681 4512/4715
f 4479/4681 4513/4716 4512/4715
f 4479/4681 4480/4682 4513/4716
f 4480/4682 4514/4717 4513/4716
f 4480/4682 4481/4683 4514/4717
f 4481/4683 4515/4718 4514/4717
f 4481/4683 4482/4684 4515/4718
f 4482/4684 4516/4719 4515/4718
f 4482/4684 4483/4685 4516/4719
f 4483/4685 4517/4720 4516/4719
f 4483/4685 4484/4686 4517/4720
f 4484/4686 4518/4721 4517/4720
f 4484/4686 4485/4687 4518/4721
f 4485/4687 4519/4722 4518/4721
f 4485/4687 4486/4688 4519/4722
f 4486/4688 4520/4723 4519/4722
f 4486/4688 4487/4689 4520/4723
f 4487/4689 4521/4724 4520/4723
f 4487/4689 4488/4690 4521/4724
f 4490/4725 4522/4726 4523/4727
f 4490/4725 4489/4692 4522/4726
f 4489/4692 4524/4728 4522/4726
f 4489/4692 4491/4694 4524/4728
f 4491/4694 4525/4729 4524/4728
f 4491/4694 4492/4695 4525/4729
f 4492/4695 4526/4730 4525/4729
f 4492/4695 4493/4696 4526/4730
f 4493/4696 4527/4731 4526/4730
f 4493/4696 4494/4697 4527/4731
f 4494/4697 4528/4732 4527/4731
f 4494/4697 4495/4698 4528/4732
f 4495/4698 4529/4733 4528/4732
f 4495/4698 4496/4699 4529/4733
f 4496/4699 4530/4734 4529/4733
f 4496/4699 4497/4700 4530/4734
f 4497/4700 4531/4735 4530/4734
f 4497/4700 4498/4701 4531/4735
f 4498/4701 4532/4736 4531/4735
f 4498/4701 4499/4702 4532/4736
f 4499/4702 4533/4737 4532/4736
f 4499/4702 4500/4703 4533/4737
f 4500/4703 4534/4738 4533/4737
f 4500/4703 4501/4704 4534/4738
f 4501/4704 4535/4739 4534/4738
f 4501/4704 4502/4705 4535/4739
f 4502/4705 4536/4740 4535/4739
f 4502/4705 4503/4706 4536/4740
f 4503/4706 4537/4741 4536/4740
f 4503/4706 4504/4707 4537/4741
f 4504/4707 4538/4742 4537/4741
f 4504/4707 4505/4708 4538/4742
f 4505/4708 4539/4743 4538/4742
f 4505/4708 4506/4709 4539/4743
f 4506/4709 4540/4744 4539/4743
f 4506/4709 4507/4710 4540/4744
f 4507/4710 4541/4745 4540/4744
f 4507/4710 4508/4711 4541/4745
f 4508/4711 4542/4746 4541/4745
f 4508/4711 4509/4712 4542/4746
f 4509/4712 4543/4747 4542/4746
f 4509/4712 4510/4713 4543/4747
f 4510/4713 4544/4748 4543/4747
f 4510/4713 4511/4714 4544/4748
f 4511/4714 4545/4749 4544/4748
f 4511/4714 4512/4715 4545/4749
f 4512/4715 4546/4750 4545/4749
f 4512/4715 4513/4716 4546/4750
f 4513/4716 4547/4751 4546/4750
f 4513/4716 4514/4717 4547/4751
f 4514/4717 4548/4752 4547/4751
f 4514/4717 4515/4718 4548/4752
f 4515/4718 4549/4753 4548/4752
f 4515/4718 4516/4719 4549/4753
f 4516/4719 4550/4754 4549/4753
f 4516/4719 4517/4720 4550/4754
f 4517/4720 4551/4755 4550/4754
f 4517/4720 4518/4721 4551/4755
f 4518/4721 4552/4756 4551/4755
f 4518/4721 4519/4722 4552/4756
f 4519/4722 4553/4757 4552/4756
f 4519/4722 4520/4723 4553/4757
f 4520/4723 4554/4758 4553/4757
f 4520/4723 4521/4724 4554/4758
f 4523/4759 4555/4760 4556/4761
f 4523/4727 4522/4726 4555/4760
f 4522/4726 4557/4762 4555/4760
f 4522/4726 4524/4728 4557/4762
f 4524/4728 4558/4763 4557/4762
f 4524/4728 4525/4729 4558/4763
f 4525/4729 4559/4764 4558/4763
f 4525/4729 4526/4730 4559/4764
f 4526/4730 4560/4765 4559/4764
f 4526/4730 4527/4731 4560/4765
f 4527/4731 4561/4766 4560/4765
f 4527/4731 4528/4732 4561/4766
f 4528/4732 4562/4767 4561/4766
f 4528/4732 4529/4733 4562/4767
f 4529/4733 4563/4768 4562/4767
f 4529/4733 4530/4734 4563/4768
f 4530/4734 4564/4769 4563/4768
f 4530/4734 4531/4735 4564/4769
f 4531/4735 4565/4770 4564/4769
f 4531/4735 4532/4736 4565/4770
f 4532/4736 4566/4771 4565/4770
f 4532/4736 4533/4737 4566/4771
f 4533/4737 4567/4772 4566/4771
f 4533/4737 4534/4738 4567/4772
f 4534/4738 4568/4773 4567/4772
f 4534/4738 4535/4739 4568/4773
f 4535/4739 4569/4774 4568/4773
f 4535/4739 4536/4740 4569/4774
f 4536/4740 4570/4775 4569/4774
f 4536/4740 4537/4741 4570/4775
f 4537/4741 4571/4776 4570/4775
f 4537/4741 4538/4742 4571/4776
f 4538/4742 4572/4777 4571/4776
f 4538/4742 4539/4743 4572/4777
f 4539/4743 4573/4778 4572/4777
f 4539/4743 4540/4744 4573/4778
f 4540/4744 4574/4779 4573/4778
f 4540/4744 4541/4745 4574/4779
f 4541/4745 4575/4780 4574/4779
f 4541/4745 4542/4746 4575/4780
f 4542/4746 4576/4781 4575/4780
f 4542/4746 4543/4747 4576/4781
f 4543/4747 4577/4782 4576/4781
f 4543/4747 4544/4748 4577/4782
f 4544/4748 4578/4783 4577/4782
f 4544/4748 4545/4749 4578/4783
f 4545/4749 4579/4784 4578/4783
f 4545/4749 4546/4750 4579/4784
f 4546/4750 4580/4785 4579/4784
f 4546/4750 4547/4751 4580/4785
f 4547/4751 4581/4786 4580/4785
f 4547/4751 4548/4752 4581/4786
f 4548/4752 4582/4787 4581/4786
f 4548/4752 4549/4753 4582/4787
f 4549/4753 4583/4788 4582/4787
f 4549/4753 4550/4754 4583/4788
f 4550/4754 4584/4789 4583/4788
f 4550/4754 4551/4755 4584/4789
f 4551/4755 4585/4790 4584/4789
f 4551/4755 4552/4756 4585/4790
f 4552/4756 4586/4791 4585/4790
f 4552/4756 4553/4757 4586/4791
f 4553/4757 4587/4792 4586/4791
f 4553/4757 4554/4758 4587/4792
f 4556/4793 4588/4794 4589/4795
f 4556/4761 4555/4760 4588/4794
f 4555/4760 4590/4796 4588/4794
f 4555/4760 4557/4762 4590/4796
f 4557/4762 4591/4797 4590/4796
f 4557/4762 4558/4763 4591/4797
f 4558/4763 4592/4798 4591/4797
f 4558/4763 4559/4764 4592/4798
f 4559/4764 4593/4799 4592/4798
f 4559/4764 4560/4765 4593/4799
f 4560/4765 4594/4800 4593/4799
f 4560/4765 4561/4766 4594/4800
f 4561/4766 4595/4801 4594/4800
f 4561/4766 4562/4767 4595/4801
f 4562/4767 4596/4802 4595/4801
f 4562/4767 4563/4768 4596/4802
f 4563/4768 4597/4803 4596/4802
f 4563/4768 4564/4769 4597/4803
f 4564/4769 4598/4804 4597/4803
f 4564/4769 4565/4770 4598/4804
f 4565/4770 4599/4805 4598/4804
f 4565/4770 4566/4771 4599/4805
f 4566/4771 4600/4806 4599/4805
f 4566/4771 4567/4772 4600/4806
f 4567/4772 4601/4807 4600/4806
f 4567/4772 4568/4773 4601/4807
f 4568/4773 4602/4808 4601/4807
f 4568/4773 4569/4774 4602/4808
f 4569/4774 4603/4809 4602/4808
f 4569/4774 4570/4775 4603/4809
f 4570/4775 4604/4810 4603/4809
f 4570/4775 4571/4776 4604/4810
f 4571/4776 4605/4811 4604/4810
f 4571/4776 4572/4777 4605/4811
f 4572/4777 4606/4812 4605/4811
f 4572/4777 4573/4778 4606/4812
f 4573/4778 4607/4813 4606/4812
f 4573/4778 4574/4779 4607/4813
f 4574/4779 4608/4814 4607/4813
f 4574/4779 4575/4780 4608/4814
f 4575/4780 4609/4815 4608/4814
f 4575/4780 4576/4781 4609/4815
f 4576/4781 4610/4816 4609/4815
f 4576/4781 4577/4782 4610/4816
f 4577/4782 4611/4817 4610/4816
f 4577/4782 4578/4783 4611/4817
f 4578/4783 4612/4818 4611/4817
f 4578/4783 4579/4784 4612/4818
f 4579/4784 4613/4819 4612/4818
f 4579/4784 4580/4785 4613/4819
f 4580/4785 4614/4820 4613/4819
f 4580/4785 4581/4786 4614/4820
f 4581/4786 4615/4821 4614/4820
f 4581/4786 4582/4787 4615/4821
f 4582/4787 4616/4822 4615/4821
f 4582/4787 4583/4788 4616/4822
f 4583/4788 4617/4823 4616/4822
f 4583/4788 4584/4789 4617/4823
f 4584/4789 4618/4824 4617/4823
f 4584/4789 4585/4790 4618/4824
f 4585/4790 4619/4825 4618/4824
f 4585/4790 4586/4791 4619/4825
f 4586/4791 4620/4826 4619/4825
f 4586/4791 4587/4792 4620/4826
f 4589/4827 4621/4828 4622/4829
f 4589/4827 4588/4794 4621/4828
f 4588/4794 4623/4830 4621/4828
f 4588/4794 4590/4796 4623/4830
f 4590/4796 4624/4831 4623/4830
f 4590/4796 4591/4797 4624/4831
f 4591/4797 4625/4832 4624/4831
f 4591/4797 4592/4798 4625/4832
f 4592/4798 4626/4833 4625/4832
f 4592/4798 4593/4799 4626/4833
f 4593/4799 4627/4834 4626/4833
f 4593/4799 4594/4800 4627/4834
f 4594/4800 4628/4835 4627/4834
f 4594/4800 4595/4801 4628/4835
f 4595/4801 4629/4836 4628/4835
f 4595/4801 4596/4802 4629/4836
f 4596/4802 4630/4837 4629/4836
f 4596/4802 4597/4803 4630/4837
f 4597/4803 4631/4838 4630/4837
f 4597/4803 4598/4804 4631/4838
f 4598/4804 4632/4839 4631/4838
f 4598/4804 4599/4805 4632/4839
f 4599/4805 4633/4840 4632/4839
f 4599/4805 4600/4806 4633/4840
f 4600/4806 4634/4841 4633/4840
f 4600/4806 4601/4807 4634/4841
f 4601/4807 4635/4842 4634/4841
f 4601/4807 4602/4808 4635/4842
f 4602/4808 4636/4843 4635/4842
f 4602/4808 4603/4809 4636/4843
f 4603/4809 4637/4844 4636/4843
f 4603/4809 4604/4810 4637/4844
f 4604/4810 4638/4845 4637/4844
f 4604/4810 4605/4811 4638/4845
f 4605/4811 4639/4846 4638/4845
f 4605/4811 4606/4812 4639/4846
f 4606/4812 4640/4847 4639/4846
f 4606/4812 4607/4813 4640/4847
f 4607/4813 4641/4848 4640/4847
f 4607/4813 4608/4814 4641/4848
f 4608/4814 4642/4849 4641/4848
f 4608/4814 4609/4815 4642/4849
f 4609/4815 4643/4850 4642/4849
f 4609/4815 4610/4816 4643/4850
f 4610/4816 4644/4851 4643/4850
f 4610/4816 4611/4817 4644/4851
f 4611/4817 4645/4852 4644/4851
f 4611/4817 4612/4818 4645/4852
f 4612/4818 4646/4853 4645/4852
f 4612/4818 4613/4819 4646/4853
f 4613/4819 4647/4854 4646/4853
f 4613/4819 4614/4820 4647/4854
f 4614/4820 4648/4855 4647/4854
f 4614/4820 4615/4821 4648/4855
f 4615/4821 4649/4856 4648/4855
f 4615/4821 4616/4822 4649/4856
f 4616/4822 4650/4857 4649/4856
f 4616/4822 4617/4823 4650/4857
f 4617/4823 4651/4858 4650/4857
f 4617/4823 4618/4824 4651/4858
f 4618/4824 4652/4859 4651/4858
f 4618/4824 4619/4825 4652/4859
f 4619/4825 4653/4860 4652/4859
f 4619/4825 4620/4826 4653/4860
f 4622/4861 4654/4862 4655/4863
f 4622/4861 4621/4828 4654/4862
f 4621/4828 4656/4864 4654/4862
f 4621/4828 4623/4830 4656/4864
f 4623/4830 4657/4865 4656/4864
f 4623/4830 4624/4831 4657/4865
f 4624/4831 4658/4866 4657/4865
f 4624/4831 4625/4832 4658/4866
f 4625/4832 4659/4867 4658/4866
f 4625/4832 4626/4833 4659/4867
f 4626/4833 4660/4868 4659/4867
f 4626/4833 4627/4834 4660/4868
f 4627/4834 4661/4869 4660/4868
f 4627/4834 4628/4835 4661/4869
f 4628/4835 4662/4870 4661/4869
f 4628/4835 4629/4836 4662/4870
f 4629/4836 4663/4871 4662/4870
f 4629/4836 4630/4837 4663/4871
f 4630/4837 4664/4872 4663/4871
f 4630/4837 4631/4838 4664/4872
f 4631/4838 4665/4873 4664/4872
f 4631/4838 4632/4839 4665/4873
f 4632/4839 4666/4874 4665/4873
f 4632/4839 4633/4840 4666/4874
f 4633/4840 4667/4875 4666/4874
f 4633/4840 4634/4841 4667/4875
f 4634/4841 4668/4876 4667/4875
f 4634/4841 4635/4842 4668/4876
f 4635/4842 4669/4877 4668/4876
f 4635/4842 4636/4843 4669/4877
f 4636/4843 4670/4878 4669/4877
f 4636/4843 4637/4844 4670/4878
f 4637/4844 4671/4879 4670/4878
f 4637/4844 4638/4845 4671/4879
f 4638/4845 4672/4880 4671/4879
f 4638/4845 4639/4846 4672/4880
f 4639/4846 4673/4881 4672/4880
f 4639/4846 4640/4847 4673/4881
f 4640/4847 4674/4882 4673/4881
f 4640/4847 4641/4848 4674/4882
f 4641/4848 4675/4883 4674/4882
f 4641/4848 4642/4849 4675/4883
f 4642/4849 4676/4884 4675/4883
f 4642/4849 4643/4850 4676/4884
f 4643/4850 4677/4885 4676/4884
f 4643/4850 4644/4851 4677/4885
f 4644/4851 4678/4886 4677/4885
f 4644/4851 4645/4852 4678/4886
f 4645/4852 4679/4887 4678/4886
f 4645/4852 4646/4853 4679/4887
f 4646/4853 4680/4888 4679/4887
f 4646/4853 4647/4854 4680/4888
f 4647/4854 4681/4889 4680/4888
f 4647/4854 4648/4855 4681/4889
f 4648/4855 4682/4890 4681/4889
f 4648/4855 4649/4856 4682/4890
f 4649/4856 4683/4891 4682/4890
f 4649/4856 4650/4857 4683/4891
f 4650/4857 4684/4892 4683/4891
f 4650/4857 4651/4858 4684/4892
f 4651/4858 4685/4893 4684/4892
f 4651/4858 4652/4859 4685/4893
f 4652/4859 4686/4894 4685/4893
f 4652/4859 4653/4860 4686/4894
f 4655/4895 4687/4896 4688/4897
f 4655/4895 4654/4862 4687/4896
f 4654/4862 4689/4898 4687/4896
f 4654/4862 4656/4864 4689/4898
f 4656/4864 4690/4899 4689/4898
f 4656/4864 4657/4865 4690/4899
f 4657/4865 4691/4900 4690/4899
f 4657/4865 4658/4866 4691/4900
f 4658/4866 4692/4901 4691/4900
f 4658/4866 4659/4867 4692/4901
f 4659/4867 4693/4902 4692/4901
f 4659/4867 4660/4868 4693/4902
f 4660/4868 4694/4903 4693/4902
f 4660/4868 4661/4869 4694/4903
f 4661/4869 4695/4904 4694/4903
f 4661/4869 4662/4870 4695/4904
f 4662/4870 4696/4905 4695/4904
f 4662/4870 4663/4871 4696/4905
f 4663/4871 4697/4906 4696/4905
f 4663/4871 4664/4872 4697/4906
f 4664/4872 4698/4907 4697/4906
f 4664/4872 4665/4873 4698/4907
f 4665/4873 4699/4908 4698/4907
f 4665/4873 4666/4874 4699/4908
f 4666/4874 4700/4909 4699/4908
f 4666/4874 4667/4875 4700/4909
f 4667/4875 4701/4910 4700/4909
f 4667/4875 4668/4876 4701/4910
f 4668/4876 4702/4911 4701/4910
f 4668/4876 4669/4877 4702/4911
f 4669/4877 4703/4912 4702/4911
f 4669/4877 4670/4878 4703/4912
f 4670/4878 4704/4913 4703/4912
f 4670/4878 4671/4879 4704/4913
f 4671/4879 4705/4914 4704/4913
f 4671/4879 4672/4880 4705/4914
f 4672/4880 4706/4915 4705/4914
f 4672/4880 4673/4881 4706/4915
f 4673/4881 4707/4916 4706/4915
f 4673/4881 4674/4882 4707/4916
f 4674/4882 4708/4917 4707/4916
f 4674/4882 4675/4883 4708/4917
f 4675/4883 4709/4918 4708/4917
f 4675/4883 4676/4884 4709/4918
f 4676/4884 4710/4919 4709/4918
f 4676/4884 4677/4885 4710/4919
f 4677/4885 4711/4920 4710/4919
f 4677/4885 4678/4886 4711/4920
f 4678/4886 4712/4921 4711/4920
f 4678/4886 4679/4887 4712/4921
f 4679/4887 4713/4922 4712/4921
f 4679/4887 4680/4888 4713/4922
f 4680/4888 4714/4923 4713/4922
f 4680/4888 4681/4889 4714/4923
f 4681/4889 4715/4924 4714/4923
f 4681/4889 4682/4890 4715/4924
f 4682/4890 4716/4925 4715/4924
f 4682/4890 4683/4891 4716/4925
f 4683/4891 4717/4926 4716/4925
f 4683/4891 4684/4892 4717/4926
f 4684/4892 4718/4927 4717/4926
f 4684/4892 4685/4893 4718/4927
f 4685/4893 4719/4928 4718/4927
f 4685/4893 4686/4894 4719/4928
f 4688/4929 4720/4930 4721/4931
f 4688/4897 4687/4896 4720/4930
f 4687/4896 4722/4932 4720/4930
f 4687/4896 4689/4898 4722/4932
f 4689/4898 4723/4933 4722/4932
f 4689/4898 4690/4899 4723/4933
f 4690/4899 4724/4934 4723/4933
f 4690/4899 4691/4900 4724/4934
f 4691/4900 4725/4935 4724/4934
f 4691/4900 4692/4901 4725/4935
f 4692/4901 4726/4936 4725/4935
f 4692/4901 4693/4902 4726/4936
f 4693/4902 4727/4937 4726/4936
f 4693/4902 4694/4903 4727/4937
f 4694/4903 4728/4938 4727/4937
f 4694/4903 4695/4904 4728/4938
f 4695/4904 4729/4939 4728/4938
f 4695/4904 4696/4905 4729/4939
f 4696/4905 4730/4940 4729/4939
f 4696/4905 4697/4906 4730/4940
f 4697/4906 4731/4941 4730/4940
f 4697/4906 4698/4907 4731/4941
f 4698/4907 4732/4942 4731/4941
f 4698/4907 4699/4908 4732/4942
f 4699/4908 4733/4943 4732/4942
f 4699/4908 4700/4909 4733/4943
f 4700/4909 4734/4944 4733/4943
f 4700/4909 4701/4910 4734/4944
f 4701/4910 4735/4945 4734/4944
f 4701/4910 4702/4911 4735/4945
f 4702/4911 4736/4946 4735/4945
f 4702/4911 4703/4912 4736/4946
f 4703/4912 4737/4947 4736/4946
f 4703/4912 4704/4913 4737/4947
f 4704/4913 4738/4948 4737/4947
f 4704/4913 4705/4914 4738/4948
f 4705/4914 4739/4949 4738/4948
f 4705/4914 4706/4915 4739/4949
f 4706/4915 4740/4950 4739/4949
f 4706/4915 4707/4916 4740/4950
f 4707/4916 4741/4951 4740/4950
f 4707/4916 4708/4917 4741/4951
f 4708/4917 4742/4952 4741/4951
f 4708/4917 4709/4918 4742/4952
f 4709/4918 4743/4953 4742/4952
f 4709/4918 4710/4919 4743/4953
f 4710/4919 4744/4954 4743/4953
f 4710/4919 4711/4920 4744/4954
f 4711/4920 4745/4955 4744/4954
f 4711/4920 4712/4921 4745/4955
f 4712/4921 4746/4956 4745/4955
f 4712/4921 4713/4922 4746/4956
f 4713/4922 4747/4957 4746/4956
f 4713/4922 4714/4923 4747/4957
f 4714/4923 4748/4958 4747/4957
f 4714/4923 4715/4924 4748/4958
f 4715/4924 4749/4959 4748/4958
f 4715/4924 4716/4925 4749/4959
f 4716/4925 4750/4960 4749/4959
f 4716/4925 4717/4926 4750/4960
f 4717/4926 4751/4961 4750/4960
f 4717/4926 4718/4927 4751/4961
f 4718/4927 4752/4962 4751/4961
f 4718/4927 4719/4928 4752/4962
f 4721/4963 4753/4964 4754/4965
f 4721/4963 4720/4930 4753/4964
f 4720/4930 4755/4966 4753/4964
f 4720/4930 4722/4932 4755/4966
f 4722/4932 4756/4967 4755/4966
f 4722/4932 4723/4933 4756/4967
f 4723/4933 4757/4968 4756/4967
f 4723/4933 4724/4934 4757/4968
f 4724/4934 4758/4969 4757/4968
f 4724/4934 4725/4935 4758/4969
f 4725/4935 4759/4970 4758/4969
f 4725/4935 4726/4936 4759/4970
f 4726/4936 4760/4971 4759/4970
f 4726/4936 4727/4937 4760/4971
f 4727/4937 4761/4972 4760/4971
f 4727/4937 4728/4938 4761/4972
f 4728/4938 4762/4973 4761/4972
f 4728/4938 4729/4939 4762/4973
f 4729/4939 4763/4974 4762/4973
f 4729/4939 4730/4940 4763/4974
f 4730/4940 4764/4975 4763/4974
f 4730/4940 4731/4941 4764/4975
f 4731/4941 4765/4976 4764/4975
f 4731/4941 4732/4942 4765/4976
f 4732/4942 4766/4977 4765/4976
f 4732/4942 4733/4943 4766/4977
f 4733/4943 4767/4978 4766/4977
f 4733/4943 4734/4944 4767/4978
f 4734/4944 4768/4979 4767/4978
f 4734/4944 4735/4945 4768/4979
f 4735/4945 4769/4980 4768/4979
f 4735/4945 4736/4946 4769/4980
f 4736/4946 4770/4981 4769/4980
f 4736/4946 4737/4947 4770/4981
f 4737/4947 4771/4982 4770/4981
f 4737/4947 4738/4948 4771/4982
f 4738/4948 4772/4983 4771/4982
f 4738/4948 4739/4949 4772/4983
f 4739/4949 4773/4984 4772/4983
f 4739/4949 4740/4950 4773/4984
f 4740/4950 4774/4985 4773/4984
f 4740/4950 4741/4951 4774/4985
f 4741/4951 4775/4986 4774/4985
f 4741/4951 4742/4952 4775/4986
f 4742/4952 4776/4987 4775/4986
f 4742/4952 4743/4953 4776/4987
f 4743/4953 4777/4988 4776/4987
f 4743/4953 4744/4954 4777/4988
f 4744/4954 4778/4989 4777/4988
f 4744/4954 4745/4955 4778/4989
f 4745/4955 4779/4990 4778/4989
f 4745/4955 4746/4956 4779/4990
f 4746/4956 4780/4991 4779/4990
f 4746/4956 4747/4957 4780/4991
f 4747/4957 4781/4992 4780/4991
f 4747/4957 4748/4958 4781/4992
f 4748/4958 4782/4993 4781/4992
f 4748/4958 4749/4959 4782/4993
f 4749/4959 4783/4994 4782/4993
f 4749/4959 4750/4960 4783/4994
f 4750/4960 4784/4995 4783/4994
f 4750/4960 4751/4961 4784/4995
f 4751/4961 4785/4996 4784/4995
f 4751/4961 4752/4962 4785/4996
f 4754/4997 4786/4998 4787/4999
f 4754/4965 4753/4964 4786/4998
f 4753/4964 4788/5000 4786/4998
f 4753/4964 4755/4966 4788/5000
f 4755/4966 4789/5001 4788/5000
f 4755/4966 4756/4967 4789/5001
f 4756/4967 4790/5002 4789/5001
f 4756/4967 4757/4968 4790/5002
f 4757/4968 4791/5003 4790/5002
f 4757/4968 4758/4969 4791/5003
f 4758/4969 4792/5004 4791/5003
f 4758/4969 4759/4970 4792/5004
f 4759/4970 4793/5005 4792/5004
f 4759/4970 4760/4971 4793/5005
f 4760/4971 4794/5006 4793/5005
f 4760/4971 4761/4972 4794/5006
f 4761/4972 4795/5007 4794/5006
f 4761/4972 4762/4973 4795/5007
f 4762/4973 4796/5008 4795/5007
f 4762/4973 4763/4974 4796/5008
f 4763/4974 4797/5009 4796/5008
f 4763/4974 4764/4975 4797/5009
f 4764/4975 4798/5010 4797/5009
f 4764/4975 4765/4976 4798/5010
f 4765/4976 4799/5011 4798/5010
f 4765/4976 4766/4977 4799/5011
f 4766/4977 4800/5012 4799/5011
f 4766/4977 4767/4978 4800/5012
f 4767/4978 4801/5013 4800/5012
f 4767/4978 4768/4979 4801/5013
f 4768/4979 4802/5014 4801/5013
f 4768/4979 4769/4980 4802/5014
f 4769/4980 4803/5015 4802/5014
f 4769/4980 4770/4981 4803/5015
f 4770/4981 4804/5016 4803/5015
f 4770/4981 4771/4982 4804/5016
f 4771/4982 4805/5017 4804/5016
f 4771/4982 4772/4983 4805/5017
f 4772/4983 4806/5018 4805/5017
f 4772/4983 4773/4984 4806/5018
f 4773/4984 4807/5019 4806/5018
f 4773/4984 4774/4985 4807/5019
f 4774/4985 4808/5020 4807/5019
f 4774/4985 4775/4986 4808/5020
f 4775/4986 4809/5021 4808/5020
f 4775/4986 4776/4987 4809/5021
f 4776/4987 4810/5022 4809/5021
f 4776/4987 4777/4988 4810/5022
f 4777/4988 4811/5023 4810/5022
f 4777/4988 4778/4989 4811/5023
f 4778/4989 4812/5024 4811/5023
f 4778/4989 4779/4990 4812/5024
f 4779/4990 4813/5025 4812/5024
f 4779/4990 4780/4991 4813/5025
f 4780/4991 4814/5026 4813/5025
f 4780/4991 4781/4992 4814/5026
f 4781/4992 4815/5027 4814/5026
f 4781/4992 4782/4993 4815/5027
f 4782/4993 4816/5028 4815/5027
f 4782/4993 4783/4994 4816/5028
f 4783/4994 4817/5029 4816/5028
f 4783/4994 4784/4995 4817/5029
f 4784/4995 4818/5030 4817/5029
f 4784/4995 4785/4996 4818/5030
f 4787/5031 4819/5032 4820/5033
f 4787/5031 4786/4998 4819/5032
f 4786/4998 4821/5034 4819/5032
f 4786/4998 4788/5000 4821/5034
f 4788/5000 4822/5035 4821/5034
f 4788/5000 4789/5001 4822/5035
f 4789/5001 4823/5036 4822/5035
f 4789/5001 4790/5002 4823/5036
f 4790/5002 4824/5037 4823/5036
f 4790/5002 4791/5003 4824/5037
f 4791/5003 4825/5038 4824/5037
f 4791/5003 4792/5004 4825/5038
f 4792/5004 4826/5039 4825/5038
f 4792/5004 4793/5005 4826/5039
f 4793/5005 4827/5040 4826/5039
f 4793/5005 4794/5006 4827/5040
f 4794/5006 4828/5041 4827/5040
f 4794/5006 4795/5007 4828/5041
f 4795/5007 4829/5042 4828/5041
f 4795/5007 4796/5008 4829/5042
f 4796/5008 4830/5043 4829/5042
f 4796/5008 4797/5009 4830/5043
f 4797/5009 4831/5044 4830/5043
f 4797/5009 4798/5010 4831/5044
f 4798/5010 4832/5045 4831/5044
f 4798/5010 4799/5011 4832/5045
f 4799/5011 4833/5046 4832/5045
f 4799/5011 4800/5012 4833/5046
f 4800/5012 4834/5047 4833/5046
f 4800/5012 4801/5013 4834/5047
f 4801/5013 4835/5048 4834/5047
f 4801/5013 4802/5014 4835/5048
f 4802/5014 4836/5049 4835/5048
f 4802/5014 4803/5015 4836/5049
f 4803/5015 4837/5050 4836/5049
f 4803/5015 4804/5016 4837/5050
f 4804/5016 4838/5051 4837/5050
f 4804/5016 4805/5017 4838/5051
f 4805/5017 4839/5052 4838/5051
f 4805/5017 4806/5018 4839/5052
f 4806/5018 4840/5053 4839/5052
f 4806/5018 4807/5019 4840/5053
f 4807/5019 4841/5054 4840/5053
f 4807/5019 4808/5020 4841/5054
f 4808/5020 4842/5055 4841/5054
f 4808/5020 4809/5021 4842/5055
f 4809/5021 4843/5056 4842/5055
f 4809/5021 4810/5022 4843/5056
f 4810/5022 4844/5057 4843/5056
f 4810/5022 4811/5023 4844/5057
f 4811/5023 4845/5058 4844/5057
f 4811/5023 4812/5024 4845/5058
f 4812/5024 4846/5059 4845/5058
f 4812/5024 4813/5025 4846/5059
f 4813/5025 4847/5060 4846/5059
f 4813/5025 4814/5026 4847/5060
f 4814/5026 4848/5061 4847/5060
f 4814/5026 4815/5027 4848/5061
f 4815/5027 4849/5062 4848/5061
f 4815/5027 4816/5028 4849/5062
f 4816/5028 4850/5063 4849/5062
f 4816/5028 4817/5029 4850/5063
f 4817/5029 4851/5064 4850/5063
f 4817/5029 4818/5030 4851/5064
f 4820/5065 4852/5066 4853/5067
f 4820/5065 4819/5032 4852/5066
f 4819/5032 4854/5068 4852/5066
f 4819/5032 4821/5034 4854/5068
f 4821/5034 4855/5069 4854/5068
f 4821/5034 4822/5035 4855/5069
f 4822/5035 4856/5070 4855/5069
f 4822/5035 4823/5036 4856/5070
f 4823/5036 4857/5071 4856/5070
f 4823/5036 4824/5037 4857/5071
f 4824/5037 4858/5072 4857/5071
f 4824/5037 4825/5038 4858/5072
f 4825/5038 4859/5073 4858/5072
f 4825/5038 4826/5039 4859/5073
f 4826/5039 4860/5074 4859/5073
f 4826/5039 4827/5040 4860/5074
f 4827/5040 4861/5075 4860/5074
f 4827/5040 4828/5041 4861/5075
f 4828/5041 4862/5076 4861/5075
f 4828/5041 4829/5042 4862/5076
f 4829/5042 4863/5077 4862/5076
f 4829/5042 4830/5043 4863/5077
f 4830/5043 4864/5078 4863/5077
f 4830/5043 4831/5044 4864/5078
f 4831/5044 4865/5079 4864/5078
f 4831/5044 4832/5045 4865/5079
f 4832/5045 4866/5080 4865/5079
f 4832/5045 4833/5046 4866/5080
f 4833/5046 4867/5081 4866/5080
f 4833/5046 4834/5047 4867/5081
f 4834/5047 4868/5082 4867/5081
f 4834/5047 4835/5048 4868/5082
f 4835/5048 4869/5083 4868/5082
f 4835/5048 4836/5049 4869/5083
f 4836/5049 4870/5084 4869/5083
f 4836/5049 4837/5050 4870/5084
f 4837/5050 4871/5085 4870/5084
f 4837/5050 4838/5051 4871/5085
f 4838/5051 4872/5086 4871/5085
f 4838/5051 4839/5052 4872/5086
f 4839/5052 4873/5087 4872/5086
f 4839/5052 4840/5053 4873/5087
f 4840/5053 4874/5088 4873/5087
f 4840/5053 4841/5054 4874/5088
f 4841/5054 4875/5089 4874/5088
f 4841/5054 4842/5055 4875/5089
f 4842/5055 4876/5090 4875/5089
f 4842/5055 4843/5056 4876/5090
f 4843/5056 4877/5091 4876/5090
f 4843/5056 4844/5057 4877/5091
f 4844/5057 4878/5092 4877/5091
f 4844/5057 4845/5058 4878/5092
f 4845/5058 4879/5093 4878/5092
f 4845/5058 4846/5059 4879/5093
f 4846/5059 4880/5094 4879/5093
f 4846/5059 4847/5060 4880/5094
f 4847/5060 4881/5095 4880/5094
f 4847/5060 4848/5061 4881/5095
f 4848/5061 4882/5096 4881/5095
f 4848/5061 4849/5062 4882/5096
f 4849/5062 4883/5097 4882/5096
f 4849/5062 4850/5063 4883/5097
f 4850/5063 4884/5098 4883/5097
f 4850/5063 4851/5064 4884/5098
f 4853/5099 4885/5100 4886/5101
f 4853/5067 4852/5066 4885/5100
f 4852/5066 4887/5102 4885/5100
f 4852/5066 4854/5068 4887/5102
f 4854/5068 4888/5103 4887/5102
f 4854/5068 4855/5069 4888/5103
f 4855/5069 4889/5104 4888/5103
f 4855/5069 4856/5070 4889/5104
f 4856/5070 4890/5105 4889/5104
f 4856/5070 4857/5071 4890/5105
f 4857/5071 4891/5106 4890/5105
f 4857/5071 4858/5072 4891/5106
f 4858/5072 4892/5107 4891/5106
f 4858/5072 4859/5073 4892/5107
f 4859/5073 4893/5108 4892/5107
f 4859/5073 4860/5074 4893/5108
f 4860/5074 4894/5109 4893/5108
f 4860/5074 4861/5075 4894/5109
f 4861/5075 4895/5110 4894/5109
f 4861/5075 4862/5076 4895/5110
f 4862/5076 4896/5111 4895/5110
f 4862/5076 4863/5077 4896/5111
f 4863/5077 4897/5112 4896/5111
f 4863/5077 4864/5078 4897/5112
f 4864/5078 4898/5113 4897/5112
f 4864/5078 4865/5079 4898/5113
f 4865/5079 4899/5114 4898/5113
f 4865/5079 4866/5080 4899/5114
f 4866/5080 4900/5115 4899/5114
f 4866/5080 4867/5081 4900/5115
f 4867/5081 4901/5116 4900/5115
f 4867/5081 4868/5082 4901/5116
f 4868/5082 4902/5117 4901/5116
f 4868/5082 4869/5083 4902/5117
f 4869/5083 4903/5118 4902/5117
f 4869/5083 4870/5084 4903/5118
f 4870/5084 4904/5119 4903/5118
f 4870/5084 4871/5085 4904/5119
f 4871/5085 4905/5120 4904/5119
f 4871/5085 4872/5086 4905/5120
f 4872/5086 4906/5121 4905/5120
f 4872/5086 4873/5087 4906/5121
f 4873/5087 4907/5122 4906/5121
f 4873/5087 4874/5088 4907/5122
f 4874/5088 4908/5123 4907/5122
f 4874/5088 4875/5089 4908/5123
f 4875/5089 4909/5124 4908/5123
f 4875/5089 4876/5090 4909/5124
f 4876/5090 4910/5125 4909/5124
f 4876/5090 4877/5091 4910/5125
f 4877/5091 4911/5126 4910/5125
f 4877/5091 4878/5092 4911/5126
f 4878/5092 4912/5127 4911/5126
f 4878/5092 4879/5093 4912/5127
f 4879/5093 4913/5128 4912/5127
f 4879/5093 4880/5094 4913/5128
f 4880/5094 4914/5129 4913/5128
f 4880/5094 4881/5095 4914/5129
f 4881/5095 4915/5130 4914/5129
f 4881/5095 4882/5096 4915/5130
f 4882/5096 4916/5131 4915/5130
f 4882/5096 4883/5097 4916/5131
f 4883/5097 4917/5132 4916/5131
f 4883/5097 4884/5098 4917/5132
f 4886/5133 4918/5134 4919/5135
f 4886/5133 4885/5100 4918/5134
f 4885/5100 4920/5136 4918/5134
f 4885/5100 4887/5102 4920/5136
f 4887/5102 4921/5137 4920/5136
f 4887/5102 4888/5103 4921/5137
f 4888/5103 4922/5138 4921/5137
f 4888/5103 4889/5104 4922/5138
f 4889/5104 4923/5139 4922/5138
f 4889/5104 4890/5105 4923/5139
f 4890/5105 4924/5140 4923/5139
f 4890/5105 4891/5106 4924/5140
f 4891/5106 4925/5141 4924/5140
f 4891/5106 4892/5107 4925/5141
f 4892/5107 4926/5142 4925/5141
f 4892/5107 4893/5108 4926/5142
f 4893/5108 4927/5143 4926/5142
f 4893/5108 4894/5109 4927/5143
f 4894/5109 4928/5144 4927/5143
f 4894/5109 4895/5110 4928/5144
f 4895/5110 4929/5145 4928/5144
f 4895/5110 4896/5111 4929/5145
f 4896/5111 4930/5146 4929/5145
f 4896/5111 4897/5112 4930/5146
f 4897/5112 4931/5147 4930/5146
f 4897/5112 4898/5113 4931/5147
f 4898/5113 4932/5148 4931/5147
f 4898/5113 4899/5114 4932/5148
f 4899/5114 4933/5149 4932/5148
f 4899/5114 4900/5115 4933/5149
f 4900/5115 4934/5150 4933/5149
f 4900/5115 4901/5116 4934/5150
f 4901/5116 4935/5151 4934/5150
f 4901/5116 4902/5117 4935/5151
f 4902/5117 4936/5152 4935/5151
f 4902/5117 4903/5118 4936/5152
f 4903/5118 4937/5153 4936/5152
f 4903/5118 4904/5119 4937/5153
f 4904/5119 4938/5154 4937/5153
f 4904/5119 4905/5120 4938/5154
f 4905/5120 4939/5155 4938/5154
f 4905/5120 4906/5121 4939/5155
f 4906/5121 4940/5156 4939/5155
f 4906/5121 4907/5122 4940/5156
f 4907/5122 4941/5157 4940/5156
f 4907/5122 4908/5123 4941/5157
f 4908/5123 4942/5158 4941/5157
f 4908/5123 4909/5124 4942/5158
f 4909/5124 4943/5159 4942/5158
f 4909/5124 4910/5125 4943/5159
f 4910/5125 4944/5160 4943/5159
f 4910/5125 4911/5126 4944/5160
f 4911/5126 4945/5161 4944/5160
f 4911/5126 4912/5127 4945/5161
f 4912/5127 4946/5162 4945/5161
f 4912/5127 4913/5128 4946/5162
f 4913/5128 4947/5163 4946/5162
f 4913/5128 4914/5129 4947/5163
f 4914/5129 4948/5164 4947/5163
f 4914/5129 4915/5130 4948/5164
f 4915/5130 4949/5165 4948/5164
f 4915/5130 4916/5131 4949/5165
f 4916/5131 4950/5166 4949/5165
f 4916/5131 4917/5132 4950/5166
f 4919/5167 4951/5168 4952/5169
f 4919/5135 4918/5134 4951/5168
f 4918/5134 4953/5170 4951/5168
f 4918/5134 4920/5136 4953/5170
f 4920/5136 4954/5171 4953/5170
f 4920/5136 4921/5137 4954/5171
f 4921/5137 4955/5172 4954/5171
f 4921/5137 4922/5138 4955/5172
f 4922/5138 4956/5173 4955/5172
f 4922/5138 4923/5139 4956/5173
f 4923/5139 4957/5174 4956/5173
f 4923/5139 4924/5140 4957/5174
f 4924/5140 4958/5175 4957/5174
f 4924/5140 4925/5141 4958/5175
f 4925/5141 4959/5176 4958/5175
f 4925/5141 4926/5142 4959/5176
f 4926/5142 4960/5177 4959/5176
f 4926/5142 4927/5143 4960/5177
f 4927/5143 4961/5178 4960/5177
f 4927/5143 4928/5144 4961/5178
f 4928/5144 4962/5179 4961/5178
f 4928/5144 4929/5145 4962/5179
f 4929/5145 4963/5180 4962/5179
f 4929/5145 4930/5146 4963/5180
f 4930/5146 4964/5181 4963/5180
f 4930/5146 4931/5147 4964/5181
f 4931/5147 4965/5182 4964/5181
f 4931/5147 4932/5148 4965/5182
f 4932/5148 4966/5183 4965/5182
f 4932/5148 4933/5149 4966/5183
f 4933/5149 4967/5184 4966/5183
f 4933/5149 4934/5150 4967/5184
f 4934/5150 4968/5185 4967/5184
f 4934/5150 4935/5151 4968/5185
f 4935/5151 4969/5186 4968/5185
f 4935/5151 4936/5152 4969/5186
f 4936/5152 4970/5187 4969/5186
f 4936/5152 4937/5153 4970/5187
f 4937/5153 4971/5188 4970/5187
f 4937/5153 4938/5154 4971/5188
f 4938/5154 4972/5189 4971/5188
f 4938/5154 4939/5155 4972/5189
f 4939/5155 4973/5190 4972/5189
f 4939/5155 4940/5156 4973/5190
f 4940/5156 4974/5191 4973/5190
f 4940/5156 4941/5157 4974/5191
f 4941/5157 4975/5192 4974/5191
f 4941/5157 4942/5158 4975/5192
f 4942/5158 4976/5193 4975/5192
f 4942/5158 4943/5159 4976/5193
f 4943/5159 4977/5194 4976/5193
f 4943/5159 4944/5160 4977/5194
f 4944/5160 4978/5195 4977/5194
f 4944/5160 4945/5161 4978/5195
f 4945/5161 4979/5196 4978/5195
f 4945/5161 4946/5162 4979/5196
f 4946/5162 4980/5197 4979/5196
f 4946/5162 4947/5163 4980/5197
f 4947/5163 4981/5198 4980/5197
f 4947/5163 4948/5164 4981/5198
f 4948/5164 4982/5199 4981/5198
f 4948/5164 4949/5165 4982/5199
f 4949/5165 4983/5200 4982/5199
f 4949/5165 4950/5166 4983/5200
f 4952/5201 4984/5202 4985/5203
f 4952/5201 4951/5168 4984/5202
f 4951/5168 4986/5204 4984/5202
f 4951/5168 4953/5170 4986/5204
f 4953/5170 4987/5205 4986/5204
f 4953/5170 4954/5171 4987/5205
f 4954/5171 4988/5206 4987/5205
f 4954/5171 4955/5172 4988/5206
f 4955/5172 4989/5207 4988/5206
f 4955/5172 4956/5173 4989/5207
f 4956/5173 4990/5208 4989/5207
f 4956/5173 4957/5174 4990/5208
f 4957/5174 4991/5209 4990/5208
f 4957/5174 4958/5175 4991/5209
f 4958/5175 4992/5210 4991/5209
f 4958/5175 4959/5176 4992/5210
f 4959/5176 4993/5211 4992/5210
f 4959/5176 4960/5177 4993/5211
f 4960/5177 4994/5212 4993/5211
f 4960/5177 4961/5178 4994/5212
f 4961/5178 4995/5213 4994/5212
f 4961/5178 4962/5179 4995/5213
f 4962/5179 4996/5214 4995/5213
f 4962/5179 4963/5180 4996/5214
f 4963/5180 4997/5215 4996/5214
f 4963/5180 4964/5181 4997/5215
f 4964/5181 4998/5216 4997/5215
f 4964/5181 4965/5182 4998/5216
f 4965/5182 4999/5217 4998/5216
f 4965/5182 4966/5183 4999/5217
f 4966/5183 5000/5218 4999/5217
f 4966/5183 4967/5184 5000/5218
f 4967/5184 5001/5219 5000/5218
f 4967/5184 4968/5185 5001/5219
f 4968/5185 5002/5220 5001/5219
f 4968/5185 4969/5186 5002/5220
f 4969/5186 5003/5221 5002/5220
f 4969/5186 4970/5187 5003/5221
f 4970/5187 5004/5222 5003/5221
f 4970/5187 4971/5188 5004/5222
f 4971/5188 5005/5223 5004/5222
f 4971/5188 4972/5189 5005/5223
f 4972/5189 5006/5224 5005/5223
f 4972/5189 4973/5190 5006/5224
f 4973/5190 5007/5225 5006/5224
f 4973/5190 4974/5191 5007/5225
f 4974/5191 5008/5226 5007/5225
f 4974/5191 4975/5192 5008/5226
f 4975/5192 5009/5227 5008/5226
f 4975/5192 4976/5193 5009/5227
f 4976/5193 5010/5228 5009/5227
f 4976/5193 4977/5194 5010/5228
f 4977/5194 5011/5229 5010/5228
f 4977/5194 4978/5195 5011/5229
f 4978/5195 5012/5230 5011/5229
f 4978/5195 4979/5196 5012/5230
f 4979/5196 5013/5231 5012/5230
f 4979/5196 4980/5197 5013/5231
f 4980/5197 5014/5232 5013/5231
f 4980/5197 4981/5198 5014/5232
f 4981/5198 5015/5233 5014/5232
f 4981/5198 4982/5199 5015/5233
f 4982/5199 5016/5234 5015/5233
f 4982/5199 4983/5200 5016/5234
f 4985/5235 5017/5236 5018/5237
f 4985/5203 4984/5202 5017/5236
f 4984/5202 5019/5238 5017/5236
f 4984/5202 4986/5204 5019/5238
f 4986/5204 5020/5239 5019/5238
f 4986/5204 4987/5205 5020/5239
f 4987/5205 5021/5240 5020/5239
f 4987/5205 4988/5206 5021/5240
f 4988/5206 5022/5241 5021/5240
f 4988/5206 4989/5207 5022/5241
f 4989/5207 5023/5242 5022/5241
f 4989/5207 4990/5208 5023/5242
f 4990/5208 5024/5243 5023/5242
f 4990/5208 4991/5209 5024/5243
f 4991/5209 5025/5244 5024/5243
f 4991/5209 4992/5210 5025/5244
f 4992/5210 5026/5245 5025/5244
f 4992/5210 4993/5211 5026/5245
f 4993/5211 5027/5246 5026/5245
f 4993/5211 4994/5212 5027/5246
f 4994/5212 5028/5247 5027/5246
f 4994/5212 4995/5213 5028/5247
f 4995/5213 5029/5248 5028/5247
f 4995/5213 4996/5214 5029/5248
f 4996/5214 5030/5249 5029/5248
f 4996/5214 4997/5215 5030/5249
f 4997/5215 5031/5250 5030/5249
f 4997/5215 4998/5216 5031/5250
f 4998/5216 5032/5251 5031/5250
f 4998/5216 4999/5217 5032/5251
f 4999/5217 5033/5252 5032/5251
f 4999/5217 5000/5218 5033/5252
f 5000/5218 5034/5253 5033/5252
f 5000/5218 5001/5219 5034/5253
f 5001/5219 5035/5254 5034/5253
f 5001/5219 5002/5220 5035/5254
f 5002/5220 5036/5255 5035/5254
f 5002/5220 5003/5221 5036/5255
f 5003/5221 5037/5256 5036/5255
f 5003/5221 5004/5222 5037/5256
f 5004/5222 5038/5257 5037/5256
f 5004/5222 5005/5223 5038/5257
f 5005/5223 5039/5258 5038/5257
f 5005/5223 5006/5224 5039/5258
f 5006/5224 5040/5259 5039/5258
f 5006/5224 5007/5225 5040/5259
f 5007/5225 5041/5260 5040/5259
f 5007/5225 5008/5226 5041/5260
f 5008/5226 5042/5261 5041/5260
f 5008/5226 5009/5227 5042/5261
f 5009/5227 5043/5262 5042/5261
f 5009/5227 5010/5228 5043/5262
f 5010/5228 5044/5263 5043/5262
f 5010/5228 5011/5229 5044/5263
f 5011/5229 5045/5264 5044/5263
f 5011/5229 5012/5230 5045/5264
f 5012/5230 5046/5265 5045/5264
f 5012/5230 5013/5231 5046/5265
f 5013/5231 5047/5266 5046/5265
f 5013/5231 5014/5232 5047/5266
f 5014/5232 5048/5267 5047/5266
f 5014/5232 5015/5233 5048/5267
f 5015/5233 5049/5268 5048/5267
f 5015/5233 5016/5234 5049/5268
f 5018/5269 5050/5270 5051/5271
f 5018/5269 5017/5236 5050/5270
f 5017/5236 5052/5272 5050/5270
f 5017/5236 5019/5238 5052/5272
f 5019/5238 5053/5273 5052/5272
f 5019/5238 5020/5239 5053/5273
f 5020/5239 5054/5274 5053/5273
f 5020/5239 5021/5240 5054/5274
f 5021/5240 5055/5275 5054/5274
f 5021/5240 5022/5241 5055/5275
f 5022/5241 5056/5276 5055/5275
f 5022/5241 5023/5242 5056/5276
f 5023/5242 5057/5277 5056/5276
f 5023/5242 5024/5243 5057/5277
f 5024/5243 5058/5278 5057/5277
f 5024/5243 5025/5244 5058/5278
f 5025/5244 5059/5279 5058/5278
f 5025/5244 5026/5245 5059/5279
f 5026/5245 5060/5280 5059/5279
f 5026/5245 5027/5246 5060/5280
f 5027/5246 5061/5281 5060/5280
f 5027/5246 5028/5247 5061/5281
f 5028/5247 5062/5282 5061/5281
f 5028/5247 5029/5248 5062/5282
f 5029/5248 5063/5283 5062/5282
f 5029/5248 5030/5249 5063/5283
f 5030/5249 5064/5284 5063/5283
f 5030/5249 5031/5250 5064/5284
f 5031/5250 5065/5285 5064/5284
f 5031/5250 5032/5251 5065/5285
f 5032/5251 5066/5286 5065/5285
f 5032/5251 5033/5252 5066/5286
f 5033/5252 5067/5287 5066/5286
f 5033/5252 5034/5253 5067/5287
f 5034/5253 5068/5288 5067/5287
f 5034/5253 5035/5254 5068/5288
f 5035/5254 5069/5289 5068/5288
f 5035/5254 5036/5255 5069/5289
f 5036/5255 5070/5290 5069/5289
f 5036/5255 5037/5256 5070/5290
f 5037/5256 5071/5291 5070/5290
f 5037/5256 5038/5257 5071/5291
f 5038/5257 5072/5292 5071/5291
f 5038/5257 5039/5258 5072/5292
f 5039/5258 5073/5293 5072/5292
f 5039/5258 5040/5259 5073/5293
f 5040/5259 5074/5294 5073/5293
f 5040/5259 5041/5260 5074/5294
f 5041/5260 5075/5295 5074/5294
f 5041/5260 5042/5261 5075/5295
f 5042/5261 5076/5296 5075/5295
f 5042/5261 5043/5262 5076/5296
f 5043/5262 5077/5297 5076/5296
f 5043/5262 5044/5263 5077/5297
f 5044/5263 5078/5298 5077/5297
f 5044/5263 5045/5264 5078/5298
f 5045/5264 5079/5299 5078/5298
f 5045/5264 5046/5265 5079/5299
f 5046/5265 5080/5300 5079/5299
f 5046/5265 5047/5266 5080/5300
f 5047/5266 5081/5301 5080/5300
f 5047/5266 5048/5267 5081/5301
f 5048/5267 5082/5302 5081/5301
f 5048/5267 5049/5268 5082/5302
f 5051/5303 5083/5304 5084/5305
f 5051/5271 5050/5270 5083/5304
f 5050/5270 5085/5306 5083/5304
f 5050/5270 5052/5272 5085/5306
f 5052/5272 5086/5307 5085/5306
f 5052/5272 5053/5273 5086/5307
f 5053/5273 5087/5308 5086/5307
f 5053/5273 5054/5274 5087/5308
f 5054/5274 5088/5309 5087/5308
f 5054/5274 5055/5275 5088/5309
f 5055/5275 5089/5310 5088/5309
f 5055/5275 5056/5276 5089/5310
f 5056/5276 5090/5311 5089/5310
f 5056/5276 5057/5277 5090/5311
f 5057/5277 5091/5312 5090/5311
f 5057/5277 5058/5278 5091/5312
f 5058/5278 5092/5313 5091/5312
f 5058/5278 5059/5279 5092/5313
f 5059/5279 5093/5314 5092/5313
f 5059/5279 5060/5280 5093/5314
f 5060/5280 5094/5315 5093/5314
f 5060/5280 5061/5281 5094/5315
f 5061/5281 5095/5316 5094/5315
f 5061/5281 5062/5282 5095/5316
f 5062/5282 5096/5317 5095/5316
f 5062/5282 5063/5283 5096/5317
f 5063/5283 5097/5318 5096/5317
f 5063/5283 5064/5284 5097/5318
f 5064/5284 5098/5319 5097/5318
f 5064/5284 5065/5285 5098/5319
f 5065/5285 5099/5320 5098/5319
f 5065/5285 5066/5286 5099/5320
f 5066/5286 5100/5321 5099/5320
f 5066/5286 5067/5287 5100/5321
f 5067/5287 5101/5322 5100/5321
f 5067/5287 5068/5288 5101/5322
f 5068/5288 5102/5323 5101/5322
f 5068/5288 5069/5289 5102/5323
f 5069/5289 5103/5324 5102/5323
f 5069/5289 5070/5290 5103/5324
f 5070/5290 5104/5325 5103/5324
f 5070/5290 5071/5291 5104/5325
f 5071/5291 5105/5326 5104/5325
f 5071/5291 5072/5292 5105/5326
f 5072/5292 5106/5327 5105/5326
f 5072/5292 5073/5293 5106/5327
f 5073/5293 5107/5328 5106/5327
f 5073/5293 5074/5294 5107/5328
f 5074/5294 5108/5329 5107/5328
f 5074/5294 5075/5295 5108/5329
f 5075/5295 5109/5330 5108/5329
f 5075/5295 5076/5296 5109/5330
f 5076/5296 5110/5331 5109/5330
f 5076/5296 5077/5297 5110/5331
f 5077/5297 5111/5332 5110/5331
f 5077/5297 5078/5298 5111/5332
f 5078/5298 5112/5333 5111/5332
f 5078/5298 5079/5299 5112/5333
f 5079/5299 5113/5334 5112/5333
f 5079/5299 5080/5300 5113/5334
f 5080/5300 5114/5335 5113/5334
f 5080/5300 5081/5301 5114/5335
f 5081/5301 5115/5336 5114/5335
f 5081/5301 5082/5302 5115/5336
f 5084/5337 5116/5338 5117/5339
f 5084/5337 5083/5304 5116/5338
f 5083/5304 5118/5340 5116/5338
f 5083/5304 5085/5306 5118/5340
f 5085/5306 5119/5341 5118/5340
f 5085/5306 5086/5307 5119/5341
f 5086/5307 5120/5342 5119/5341
f 5086/5307 5087/5308 5120/5342
f 5087/5308 5121/5343 5120/5342
f 5087/5308 5088/5309 5121/5343
f 5088/5309 5122/5344 5121/5343
f 5088/5309 5089/5310 5122/5344
f 5089/5310 5123/5345 5122/5344
f 5089/5310 5090/5311 5123/5345
f 5090/5311 5124/5346 5123/5345
f 5090/5311 5091/5312 5124/5346
f 5091/5312 5125/5347 5124/5346
f 5091/5312 5092/5313 5125/5347
f 5092/5313 5126/5348 5125/5347
f 5092/5313 5093/5314 5126/5348
f 5093/5314 5127/5349 5126/5348
f 5093/5314 5094/5315 5127/5349
f 5094/5315 5128/5350 5127/5349
f 5094/5315 5095/5316 5128/5350
f 5095/5316 5129/5351 5128/5350
f 5095/5316 5096/5317 5129/5351
f 5096/5317 5130/5352 5129/5351
f 5096/5317 5097/5318 5130/5352
f 5097/5318 5131/5353 5130/5352
f 5097/5318 5098/5319 5131/5353
f 5098/5319 5132/5354 5131/5353
f 5098/5319 5099/5320 5132/5354
f 5099/5320 5133/5355 5132/5354
f 5099/5320 5100/5321 5133/5355
f 5100/5321 5134/5356 5133/5355
f 5100/5321 5101/5322 5134/5356
f 5101/5322 5135/5357 5134/5356
f 5101/5322 5102/5323 5135/5357
f 5102/5323 5136/5358 5135/5357
f 5102/5323 5103/5324 5136/5358
f 5103/5324 5137/5359 5136/5358
f 5103/5324 5104/5325 5137/5359
f 5104/5325 5138/5360 5137/5359
f 5104/5325 5105/5326 5138/5360
f 5105/5326 5139/5361 5138/5360
f 5105/5326 5106/5327 5139/5361
f 5106/5327 5140/5362 5139/5361
f 5106/5327 5107/5328 5140/5362
f 5107/5328 5141/5363 5140/5362
f 5107/5328 5108/5329 5141/5363
f 5108/5329 5142/5364 5141/5363
f 5108/5329 5109/5330 5142/5364
f 5109/5330 5143/5365 5142/5364
f 5109/5330 5110/5331 5143/5365
f 5110/5331 5144/5366 5143/5365
f 5110/5331 5111/5332 5144/5366
f 5111/5332 5145/5367 5144/5366
f 5111/5332 5112/5333 5145/5367
f 5112/5333 5146/5368 5145/5367
f 5112/5333 5113/5334 5146/5368
f 5113/5334 5147/5369 5146/5368
f 5113/5334 5114/5335 5147/5369
f 5114/5335 5148/5370 5147/5369
f 5114/5335 5115/5336 5148/5370
f 5117/5371 5149/5372 5150/5373
f 5117/5339 5116/5338 5149/5372
f 5116/5338 5151/5374 5149/5372
f 5116/5338 5118/5340 5151/5374
f 5118/5340 5152/5375 5151/5374
f 5118/5340 5119/5341 5152/5375
f 5119/5341 5153/5376 5152/5375
f 5119/5341 5120/5342 5153/5376
f 5120/5342 5154/5377 5153/5376
f 5120/5342 5121/5343 5154/5377
f 5121/5343 5155/5378 5154/5377
f 5121/5343 5122/5344 5155/5378
f 5122/5344 5156/5379 5155/5378
f 5122/5344 5123/5345 5156/5379
f 5123/5345 5157/5380 5156/5379
f 5123/5345 5124/5346 5157/5380
f 5124/5346 5158/5381 5157/5380
f 5124/5346 5125/5347 5158/5381
f 5125/5347 5159/5382 5158/5381
f 5125/5347 5126/5348 5159/5382
f 5126/5348 5160/5383 5159/5382
f 5126/5348 5127/5349 5160/5383
f 5127/5349 5161/5384 5160/5383
f 5127/5349 5128/5350 5161/5384
f 5128/5350 5162/5385 5161/5384
f 5128/5350 5129/5351 5162/5385
f 5129/5351 5163/5386 5162/5385
f 5129/5351 5130/5352 5163/5386
f 5130/5352 5164/5387 5163/5386
f 5130/5352 5131/5353 5164/5387
f 5131/5353 5165/5388 5164/5387
f 5131/5353 5132/5354 5165/5388
f 5132/5354 5166/5389 5165/5388
f 5132/5354 5133/5355 5166/5389
f 5133/5355 5167/5390 5166/5389
f 5133/5355 5134/5356 5167/5390
f 5134/5356 5168/5391 5167/5390
f 5134/5356 5135/5357 5168/5391
f 5135/5357 5169/5392 5168/5391
f 5135/5357 5136/5358 5169/5392
f 5136/5358 5170/5393 5169/5392
f 5136/5358 5137/5359 5170/5393
f 5137/5359 5171/5394 5170/5393
f 5137/5359 5138/5360 5171/5394
f 5138/5360 5172/5395 5171/5394
f 5138/5360 5139/5361 5172/5395
f 5139/5361 5173/5396 5172/5395
f 5139/5361 5140/5362 5173/5396
f 5140/5362 5174/5397 5173/5396
f 5140/5362 5141/5363 5174/5397
f 5141/5363 5175/5398 5174/5397
f 5141/5363 5142/5364 5175/5398
f 5142/5364 5176/5399 5175/5398
f 5142/5364 5143/5365 5176/5399
f 5143/5365 5177/5400 5176/5399
f 5143/5365 5144/5366 5177/5400
f 5144/5366 5178/5401 5177/5400
f 5144/5366 5145/5367 5178/5401
f 5145/5367 5179/5402 5178/5401
f 5145/5367 5146/5368 5179/5402
f 5146/5368 5180/5403 5179/5402
f 5146/5368 5147/5369 5180/5403
f 5147/5369 5181/5404 5180/5403
f 5147/5369 5148/5370 5181/5404
f 5150/5405 5182/5406 5183/5407
f 5150/5405 5149/5372 5182/5406
f 5149/5372 5184/5408 5182/5406
f 5149/5372 5151/5374 5184/5408
f 5151/5374 5185/5409 5184/5408
f 5151/5374 5152/5375 5185/5409
f 5152/5375 5186/5410 5185/5409
f 5152/5375 5153/5376 5186/5410
f 5153/5376 5187/5411 5186/5410
f 5153/5376 5154/5377 5187/5411
f 5154/5377 5188/5412 5187/5411
f 5154/5377 5155/5378 5188/5412
f 5155/5378 5189/5413 5188/5412
f 5155/5378 5156/5379 5189/5413
f 5156/5379 5190/5414 5189/5413
f 5156/5379 5157/5380 5190/5414
f 5157/5380 5191/5415 5190/5414
f 5157/5380 5158/5381 5191/5415
f 5158/5381 5192/5416 5191/5415
f 5158/5381 5159/5382 5192/5416
f 5159/5382 5193/5417 5192/5416
f 5159/5382 5160/5383 5193/5417
f 5160/5383 5194/5418 5193/5417
f 5160/5383 5161/5384 5194/5418
f 5161/5384 5195/5419 5194/5418
f 5161/5384 5162/5385 5195/5419
f 5162/5385 5196/5420 5195/5419
f 5162/5385 5163/5386 5196/5420
f 5163/5386 5197/5421 5196/5420
f 5163/5386 5164/5387 5197/5421
f 5164/5387 5198/5422 5197/5421
f 5164/5387 5165/5388 5198/5422
f 5165/5388 5199/5423 5198/5422
f 5165/5388 5166/5389 5199/5423
f 5166/5389 5200/5424 5199/5423
f 5166/5389 5167/5390 5200/5424
f 5167/5390 5201/5425 5200/5424
f 5167/5390 5168/5391 5201/5425
f 5168/5391 5202/5426 5201/5425
f 5168/5391 5169/5392 5202/5426
f 5169/5392 5203/5427 5202/5426
f 5169/5392 5170/5393 5203/5427
f 5170/5393 5204/5428 5203/5427
f 5170/5393 5171/5394 5204/5428
f 5171/5394 5205/5429 5204/5428
f 5171/5394 5172/5395 5205/5429
f 5172/5395 5206/5430 5205/5429
f 5172/5395 5173/5396 5206/5430
f 5173/5396 5207/5431 5206/5430
f 5173/5396 5174/5397 5207/5431
f 5174/5397 5208/5432 5207/5431
f 5174/5397 5175/5398 5208/5432
f 5175/5398 5209/5433 5208/5432
f 5175/5398 5176/5399 5209/5433
f 5176/5399 5210/5434 5209/5433
f 5176/5399 5177/5400 5210/5434
f 5177/5400 5211/5435 5210/5434
f 5177/5400 5178/5401 5211/5435
f 5178/5401 5212/5436 5211/5435
f 5178/5401 5179/5402 5212/5436
f 5179/5402 5213/5437 5212/5436
f 5179/5402 5180/5403 5213/5437
f 5180/5403 5214/5438 5213/5437
f 5180/5403 5181/5404 5214/5438
f 5183/5439 5215/5440 5216/5441
f 5183/5407 5182/5406 5215/5440
f 5182/5406 5217/5442 5215/5440
f 5182/5406 5184/5408 5217/5442
f 5184/5408 5218/5443 5217/5442
f 5184/5408 5185/5409 5218/5443
f 5185/5409 5219/5444 5218/5443
f 5185/5409 5186/5410 5219/5444
f 5186/5410 5220/5445 5219/5444
f 5186/5410 5187/5411 5220/5445
f 5187/5411 5221/5446 5220/5445
f 5187/5411 5188/5412 5221/5446
f 5188/5412 5222/5447 5221/5446
f 5188/5412 5189/5413 5222/5447
f 5189/5413 5223/5448 5222/5447
f 5189/5413 5190/5414 5223/5448
f 5190/5414 5224/5449 5223/5448
f 5190/5414 5191/5415 5224/5449
f 5191/5415 5225/5450 5224/5449
f 5191/5415 5192/5416 5225/5450
f 5192/5416 5226/5451 5225/5450
f 5192/5416 5193/5417 5226/5451
f 5193/5417 5227/5452 5226/5451
f 5193/5417 5194/5418 5227/5452
f 5194/5418 5228/5453 5227/5452
f 5194/5418 5195/5419 5228/5453
f 5195/5419 5229/5454 5228/5453
f 5195/5419 5196/5420 5229/5454
f 5196/5420 5230/5455 5229/5454
f 5196/5420 5197/5421 5230/5455
f 5197/5421 5231/5456 5230/5455
f 5197/5421 5198/5422 5231/5456
f 5198/5422 5232/5457 5231/5456
f 5198/5422 5199/5423 5232/5457
f 5199/5423 5233/5458 5232/5457
f 5199/5423 5200/5424 5233/5458
f 5200/5424 5234/5459 5233/5458
f 5200/5424 5201/5425 5234/5459
f 5201/5425 5235/5460 5234/5459
f 5201/5425 5202/5426 5235/5460
f 5202/5426 5236/5461 5235/5460
f 5202/5426 5203/5427 5236/5461
f 5203/5427 5237/5462 5236/5461
f 5203/5427 5204/5428 5237/5462
f 5204/5428 5238/5463 5237/5462
f 5204/5428 5205/5429 5238/5463
f 5205/5429 5239/5464 5238/5463
f 5205/5429 5206/5430 5239/5464
f 5206/5430 5240/5465 5239/5464
f 5206/5430 5207/5431 5240/5465
f 5207/5431 5241/5466 5240/5465
f 5207/5431 5208/5432 5241/5466
f 5208/5432 5242/5467 5241/5466
f 5208/5432 5209/5433 5242/5467
f 5209/5433 5243/5468 5242/5467
f 5209/5433 5210/5434 5243/5468
f 5210/5434 5244/5469 5243/5468
f 5210/5434 5211/5435 5244/5469
f 5211/5435 5245/5470 5244/5469
f 5211/5435 5212/5436 5245/5470
f 5212/5436 5246/5471 5245/5470
f 5212/5436 5213/5437 5246/5471
f 5213/5437 5247/5472 5246/5471
f 5213/5437 5214/5438 5247/5472
f 5216/5473 5248/5474 5249/5475
f 5216/5473 5215/5440 5248/5474
f 5215/5440 5250/5476 5248/5474
f 5215/5440 5217/5442 5250/5476
f 5217/5442 5251/5477 5250/5476
f 5217/5442 5218/5443 5251/5477
f 5218/5443 5252/5478 5251/5477
f 5218/5443 5219/5444 5252/5478
f 5219/5444 5253/5479 5252/5478
f 5219/5444 5220/5445 5253/5479
f 5220/5445 5254/5480 5253/5479
f 5220/5445 5221/5446 5254/5480
f 5221/5446 5255/5481 5254/5480
f 5221/5446 5222/5447 5255/5481
f 5222/5447 5256/5482 5255/5481
f 5222/5447 5223/5448 5256/5482
f 5223/5448 5257/5483 5256/5482
f 5223/5448 5224/5449 5257/5483
f 5224/5449 5258/5484 5257/5483
f 5224/5449 5225/5450 5258/5484
f 5225/5450 5259/5485 5258/5484
f 5225/5450 5226/5451 5259/5485
f 5226/5451 5260/5486 5259/5485
f 5226/5451 5227/5452 5260/5486
f 5227/5452 5261/5487 5260/5486
f 5227/5452 5228/5453 5261/5487
f 5228/5453 5262/5488 5261/5487
f 5228/5453 5229/5454 5262/5488
f 5229/5454 5263/5489 5262/5488
f 5229/5454 5230/5455 5263/5489
f 5230/5455 5264/5490 5263/5489
f 5230/5455 5231/5456 5264/5490
f 5231/5456 5265/5491 5264/5490
f 5231/5456 5232/5457 5265/5491
f 5232/5457 5266/5492 5265/5491
f 5232/5457 5233/5458 5266/5492
f 5233/5458 5267/5493 5266/5492
f 5233/5458 5234/5459 5267/5493
f 5234/5459 5268/5494 5267/5493
f 5234/5459 5235/5460 5268/5494
f 5235/5460 5269/5495 5268/5494
f 5235/5460 5236/5461 5269/5495
f 5236/5461 5270/5496 5269/5495
f 5236/5461 5237/5462 5270/5496
f 5237/5462 5271/5497 5270/5496
f 5237/5462 5238/5463 5271/5497
f 5238/5463 5272/5498 5271/5497
f 5238/5463 5239/5464 5272/5498
f 5239/5464 5273/5499 5272/5498
f 5239/5464 5240/5465 5273/5499
f 5240/5465 5274/5500 5273/5499
f 5240/5465 5241/5466 5274/5500
f 5241/5466 5275/5501 5274/5500
f 5241/5466 5242/5467 5275/5501
f 5242/5467 5276/5502 5275/5501
f 5242/5467 5243/5468 5276/5502
f 5243/5468 5277/5503 5276/5502
f 5243/5468 5244/5469 5277/5503
f 5244/5469 5278/5504 5277/5503
f 5244/5469 5245/5470 5278/5504
f 5245/5470 5279/5505 5278/5504
f 5245/5470 5246/5471 5279/5505
f 5246/5471 5280/5506 5279/5505
f 5246/5471 5247/5472 5280/5506
f 5249/5507 5281/5508 5282/5509
f 5249/5507 5248/5474 5281/5508
f 5248/5474 5283/5510 5281/5508
f 5248/5474 5250/5476 5283/5510
f 5250/5476 5284/5511 5283/5510
f 5250/5476 5251/5477 5284/5511
f 5251/5477 5285/5512 5284/5511
f 5251/5477 5252/5478 5285/5512
f 5252/5478 5286/5513 5285/5512
f 5252/5478 5253/5479 5286/5513
f 5253/5479 5287/5514 5286/5513
f 5253/5479 5254/5480 5287/5514
f 5254/5480 5288/5515 5287/5514
f 5254/5480 5255/5481 5288/5515
f 5255/5481 5289/5516 5288/5515
f 5255/5481 5256/5482 5289/5516
f 5256/5482 5290/5517 5289/5516
f 5256/5482 5257/5483 5290/5517
f 5257/5483 5291/5518 5290/5517
f 5257/5483 5258/5484 5291/5518
f 5258/5484 5292/5519 5291/5518
f 5258/5484 5259/5485 5292/5519
f 5259/5485 5293/5520 5292/5519
f 5259/5485 5260/5486 5293/5520
f 5260/5486 5294/5521 5293/5520
f 5260/5486 5261/5487 5294/5521
f 5261/5487 5295/5522 5294/5521
f 5261/5487 5262/5488 5295/5522
f 5262/5488 5296/5523 5295/5522
f 5262/5488 5263/5489 5296/5523
f 5263/5489 5297/5524 5296/5523
f 5263/5489 5264/5490 5297/5524
f 5264/5490 5298/5525 5297/5524
f 5264/5490 5265/5491 5298/5525
f 5265/5491 5299/5526 5298/5525
f 5265/5491 5266/5492 5299/5526
f 5266/5492 5300/5527 5299/5526
f 5266/5492 5267/5493 5300/5527
f 5267/5493 5301/5528 5300/5527
f 5267/5493 5268/5494 5301/5528
f 5268/5494 5302/5529 5301/5528
f 5268/5494 5269/5495 5302/5529
f 5269/5495 5303/5530 5302/5529
f 5269/5495 5270/5496 5303/5530
f 5270/5496 5304/5531 5303/5530
f 5270/5496 5271/5497 5304/5531
f 5271/5497 5305/5532 5304/5531
f 5271/5497 5272/5498 5305/5532
f 5272/5498 5306/5533 5305/5532
f 5272/5498 5273/5499 5306/5533
f 5273/5499 5307/5534 5306/5533
f 5273/5499 5274/5500 5307/5534
f 5274/5500 5308/5535 5307/5534
f 5274/5500 5275/5501 5308/5535
f 5275/5501 5309/5536 5308/5535
f 5275/5501 5276/5502 5309/5536
f 5276/5502 5310/5537 5309/5536
f 5276/5502 5277/5503 5310/5537
f 5277/5503 5311/5538 5310/5537
f 5277/5503 5278/5504 5311/5538
f 5278/5504 5312/5539 5311/5538
f 5278/5504 5279/5505 5312/5539
f 5279/5505 5313/5540 5312/5539
f 5279/5505 5280/5506 5313/5540
f 5282/5541 5314/5542 5315/5543
f 5282/5509 5281/5508 5314/5542
f 5281/5508 5316/5544 5314/5542
f 5281/5508 5283/5510 5316/5544
f 5283/5510 5317/5545 5316/5544
f 5283/5510 5284/5511 5317/5545
f 5284/5511 5318/5546 5317/5545
f 5284/5511 5285/5512 5318/5546
f 5285/5512 5319/5547 5318/5546
f 5285/5512 5286/5513 5319/5547
f 5286/5513 5320/5548 5319/5547
f 5286/5513 5287/5514 5320/5548
f 5287/5514 5321/5549 5320/5548
f 5287/5514 5288/5515 5321/5549
f 5288/5515 5322/5550 5321/5549
f 5288/5515 5289/5516 5322/5550
f 5289/5516 5323/5551 5322/5550
f 5289/5516 5290/5517 5323/5551
f 5290/5517 5324/5552 5323/5551
f 5290/5517 5291/5518 5324/5552
f 5291/5518 5325/5553 5324/5552
f 5291/5518 5292/5519 5325/5553
f 5292/5519 5326/5554 5325/5553
f 5292/5519 5293/5520 5326/5554
f 5293/5520 5327/5555 5326/5554
f 5293/5520 5294/5521 5327/5555
f 5294/5521 5328/5556 5327/5555
f 5294/5521 5295/5522 5328/5556
f 5295/5522 5329/5557 5328/5556
f 5295/5522 5296/5523 5329/5557
f 5296/5523 5330/5558 5329/5557
f 5296/5523 5297/5524 5330/5558
f 5297/5524 5331/5559 5330/5558
f 5297/5524 5298/5525 5331/5559
f 5298/5525 5332/5560 5331/5559
f 5298/5525 5299/5526 5332/5560
f 5299/5526 5333/5561 5332/5560
f 5299/5526 5300/5527 5333/5561
f 5300/5527 5334/5562 5333/5561
f 5300/5527 5301/5528 5334/5562
f 5301/5528 5335/5563 5334/5562
f 5301/5528 5302/5529 5335/5563
f 5302/5529 5336/5564 5335/5563
f 5302/5529 5303/5530 5336/5564
f 5303/5530 5337/5565 5336/5564
f 5303/5530 5304/5531 5337/5565
f 5304/5531 5338/5566 5337/5565
f 5304/5531 5305/5532 5338/5566
f 5305/5532 5339/5567 5338/5566
f 5305/5532 5306/5533 5339/5567
f 5306/5533 5340/5568 5339/5567
f 5306/5533 5307/5534 5340/5568
f 5307/5534 5341/5569 5340/5568
f 5307/5534 5308/5535 5341/5569
f 5308/5535 5342/5570 5341/5569
f 5308/5535 5309/5536 5342/5570
f 5309/5536 5343/5571 5342/5570
f 5309/5536 5310/5537 5343/5571
f 5310/5537 5344/5572 5343/5571
f 5310/5537 5311/5538 5344/5572
f 5311/5538 5345/5573 5344/5572
f 5311/5538 5312/5539 5345/5573
f 5312/5539 5346/5574 5345/5573
f 5312/5539 5313/5540 5346/5574
f 5315/5575 5347/5576 5348/5577
f 5315/5543 5314/5542 5347/5576
f 5314/5542 5349/5578 5347/5576
f 5314/5542 5316/5544 5349/5578
f 5316/5544 5350/5579 5349/5578
f 5316/5544 5317/5545 5350/5579
f 5317/5545 5351/5580 5350/5579
f 5317/5545 5318/5546 5351/5580
f 5318/5546 5352/5581 5351/5580
f 5318/5546 5319/5547 5352/5581
f 5319/5547 5353/5582 5352/5581
f 5319/5547 5320/5548 5353/5582
f 5320/5548 5354/5583 5353/5582
f 5320/5548 5321/5549 5354/5583
f 5321/5549 5355/5584 5354/5583
f 5321/5549 5322/5550 5355/5584
f 5322/5550 5356/5585 5355/5584
f 5322/5550 5323/5551 5356/5585
f 5323/5551 5357/5586 5356/5585
f 5323/5551 5324/5552 5357/5586
f 5324/5552 5358/5587 5357/5586
f 5324/5552 5325/5553 5358/5587
f 5325/5553 5359/5588 5358/5587
f 5325/5553 5326/5554 5359/5588
f 5326/5554 5360/5589 5359/5588
f 5326/5554 5327/5555 5360/5589
f 5327/5555 5361/5590 5360/5589
f 5327/5555 5328/5556 5361/5590
f 5328/5556 5362/5591 5361/5590
f 5328/5556 5329/5557 5362/5591
f 5329/5557 5363/5592 5362/5591
f 5329/5557 5330/5558 5363/5592
f 5330/5558 5364/5593 5363/5592
f 5330/5558 5331/5559 5364/5593
f 5331/5559 5365/5594 5364/5593
f 5331/5559 5332/5560 5365/5594
f 5332/5560 5366/5595 5365/5594
f 5332/5560 5333/5561 5366/5595
f 5333/5561 5367/5596 5366/5595
f 5333/5561 5334/5562 5367/5596
f 5334/5562 5368/5597 5367/5596
f 5334/5562 5335/5563 5368/5597
f 5335/5563 5369/5598 5368/5597
f 5335/5563 5336/5564 5369/5598
f 5336/5564 5370/5599 5369/5598
f 5336/5564 5337/5565 5370/5599
f 5337/5565 5371/5600 5370/5599
f 5337/5565 5338/5566 5371/5600
f 5338/5566 5372/5601 5371/5600
f 5338/5566 5339/5567 5372/5601
f 5339/5567 5373/5602 5372/5601
f 5339/5567 5340/5568 5373/5602
f 5340/5568 5374/5603 5373/5602
f 5340/5568 5341/5569 5374/5603
f 5341/5569 5375/5604 5374/5603
f 5341/5569 5342/5570 5375/5604
f 5342/5570 5376/5605 5375/5604
f 5342/5570 5343/5571 5376/5605
f 5343/5571 5377/5606 5376/5605
f 5343/5571 5344/5572 5377/5606
f 5344/5572 5378/5607 5377/5606
f 5344/5572 5345/5573 5378/5607
f 5345/5573 5379/5608 5378/5607
f 5345/5573 5346/5574 5379/5608
f 5348/5609 5380/5610 5381/5611
f 5348/5609 5347/5576 5380/5610
f 5347/5576 5382/5612 5380/5610
f 5347/5576 5349/5578 5382/5612
f 5349/5578 5383/5613 5382/5612
f 5349/5578 5350/5579 5383/5613
f 5350/5579 5384/5614 5383/5613
f 5350/5579 5351/5580 5384/5614
f 5351/5580 5385/5615 5384/5614
f 5351/5580 5352/5581 5385/5615
f 5352/5581 5386/5616 5385/5615
f 5352/5581 5353/5582 5386/5616
f 5353/5582 5387/5617 5386/5616
f 5353/5582 5354/5583 5387/5617
f 5354/5583 5388/5618 5387/5617
f 5354/5583 5355/5584 5388/5618
f 5355/5584 5389/5619 5388/5618
f 5355/5584 5356/5585 5389/5619
f 5356/5585 5390/5620 5389/5619
f 5356/5585 5357/5586 5390/5620
f 5357/5586 5391/5621 5390/5620
f 5357/5586 5358/5587 5391/5621
f 5358/5587 5392/5622 5391/5621
f 5358/5587 5359/5588 5392/5622
f 5359/5588 5393/5623 5392/5622
f 5359/5588 5360/5589 5393/5623
f 5360/5589 5394/5624 5393/5623
f 5360/5589 5361/5590 5394/5624
f 5361/5590 5395/5625 5394/5624
f 5361/5590 5362/5591 5395/5625
f 5362/5591 5396/5626 5395/5625
f 5362/5591 5363/5592 5396/5626
f 5363/5592 5397/5627 5396/5626
f 5363/5592 5364/5593 5397/5627
f 5364/5593 5398/5628 5397/5627
f 5364/5593 5365/5594 5398/5628
f 5365/5594 5399/5629 5398/5628
f 5365/5594 5366/5595 5399/5629
f 5366/5595 5400/5630 5399/5629
f 5366/5595 5367/5596 5400/5630
f 5367/5596 5401/5631 5400/5630
f 5367/5596 5368/5597 5401/5631
f 5368/5597 5402/5632 5401/5631
f 5368/5597 5369/5598 5402/5632
f 5369/5598 5403/5633 5402/5632
f 5369/5598 5370/5599 5403/5633
f 5370/5599 5404/5634 5403/5633
f 5370/5599 5371/5600 5404/5634
f 5371/5600 5405/5635 5404/5634
f 5371/5600 5372/5601 5405/5635
f 5372/5601 5406/5636 5405/5635
f 5372/5601 5373/5602 5406/5636
f 5373/5602 5407/5637 5406/5636
f 5373/5602 5374/5603 5407/5637
f 5374/5603 5408/5638 5407/5637
f 5374/5603 5375/5604 5408/5638
f 5375/5604 5409/5639 5408/5638
f 5375/5604 5376/5605 5409/5639
f 5376/5605 5410/5640 5409/5639
f 5376/5605 5377/5606 5410/5640
f 5377/5606 5411/5641 5410/5640
f 5377/5606 5378/5607 5411/5641
f 5378/5607 5412/5642 5411/5641
f 5378/5607 5379/5608 5412/5642
f 5381/5643 5413/5644 5414/5645
f 5381/5643 5380/5610 5413/5644
f 5380/5610 5415/5646 5413/5644
f 5380/5610 5382/5612 5415/5646
f 5382/5612 5416/5647 5415/5646
f 5382/5612 5383/5613 5416/5647
f 5383/5613 5417/5648 5416/5647
f 5383/5613 5384/5614 5417/5648
f 5384/5614 5418/5649 5417/5648
f 5384/5614 5385/5615 5418/5649
f 5385/5615 5419/5650 5418/5649
f 5385/5615 5386/5616 5419/5650
f 5386/5616 5420/5651 5419/5650
f 5386/5616 5387/5617 5420/5651
f 5387/5617 5421/5652 5420/5651
f 5387/5617 5388/5618 5421/5652
f 5388/5618 5422/5653 5421/5652
f 5388/5618 5389/5619 5422/5653
f 5389/5619 5423/5654 5422/5653
f 5389/5619 5390/5620 5423/5654
f 5390/5620 5424/5655 5423/5654
f 5390/5620 5391/5621 5424/5655
f 5391/5621 5425/5656 5424/5655
f 5391/5621 5392/5622 5425/5656
f 5392/5622 5426/5657 5425/5656
f 5392/5622 5393/5623 5426/5657
f 5393/5623 5427/5658 5426/5657
f 5393/5623 5394/5624 5427/5658
f 5394/5624 5428/5659 5427/5658
f 5394/5624 5395/5625 5428/5659
f 5395/5625 5429/5660 5428/5659
f 5395/5625 5396/5626 5429/5660
f 5396/5626 5430/5661 5429/5660
f 5396/5626 5397/5627 5430/5661
f 5397/5627 5431/5662 5430/5661
f 5397/5627 5398/5628 5431/5662
f 5398/5628 5432/5663 5431/5662
f 5398/5628 5399/5629 5432/5663
f 5399/5629 5433/5664 5432/5663
f 5399/5629 5400/5630 5433/5664
f 5400/5630 5434/5665 5433/5664
f 5400/5630 5401/5631 5434/5665
f 5401/5631 5435/5666 5434/5665
f 5401/5631 5402/5632 5435/5666
f 5402/5632 5436/5667 5435/5666
f 5402/5632 5403/5633 5436/5667
f 5403/5633 5437/5668 5436/5667
f 5403/5633 5404/5634 5437/5668
f 5404/5634 5438/5669 5437/5668
f 5404/5634 5405/5635 5438/5669
f 5405/5635 5439/5670 5438/5669
f 5405/5635 5406/5636 5439/5670
f 5406/5636 5440/5671 5439/5670
f 5406/5636 5407/5637 5440/5671
f 5407/5637 5441/5672 5440/5671
f 5407/5637 5408/5638 5441/5672
f 5408/5638 5442/5673 5441/5672
f 5408/5638 5409/5639 5442/5673
f 5409/5639 5443/5674 5442/5673
f 5409/5639 5410/5640 5443/5674
f 5410/5640 5444/5675 5443/5674
f 5410/5640 5411/5641 5444/5675
f 5411/5641 5445/5676 5444/5675
f 5411/5641 5412/5642 5445/5676
f 5446/5677 5447/5678 5448/5679
f 5446/5677 5449/5680 5447/5678
f 5449/5680 5450/5681 5447/5678
f 5449/5680 5451/5682 5450/5681
f 5451/5682 5452/5683 5450/5681
f 5451/5682 5453/5684 5452/5683
f 5453/5684 5454/5685 5452/5683
f 5453/5684 5455/5686 5454/5685
f 5455/5686 5456/5687 5454/5685
f 5455/5686 5457/5688 5456/5687
f 5457/5688 5458/5689 5456/5687
f 5457/5688 5459/5690 5458/5689
f 5459/5690 5460/5691 5458/5689
f 5459/5690 5461/5692 5460/5691
f 5461/5692 5462/5693 5460/5691
f 5461/5692 5463/5694 5462/5693
f 5463/5694 5464/5695 5462/5693
f 5463/5694 5465/5696 5464/5695
f 5465/5696 5466/5697 5464/5695
f 5465/5696 5467/5698 5466/5697
f 5467/5698 5468/5699 5466/5697
f 5467/5698 5469/5700 5468/5699
f 5469/5700 5470/5701 5468/5699
f 5469/5700 5471/5702 5470/5701
f 5471/5702 5472/5703 5470/5701
f 5471/5702 5473/5704 5472/5703
f 5473/5704 5474/5705 5472/5703
f 5473/5704 5475/5706 5474/5705
f 5475/5706 5476/5707 5474/5705
f 5475/5706 5477/5708 5476/5707
f 5477/5708 5478/5709 5476/5707
f 5477/5708 5479/5710 5478/5709
f 5479/5710 5480/5711 5478/5709
f 5479/5710 5481/5712 5480/5711
f 5481/5712 5482/5713 5480/5711
f 5481/5712 5483/5714 5482/5713
f 5483/5714 5484/5715 5482/5713
f 5483/5714 5485/5716 5484/5715
f 5485/5716 5486/5717 5484/5715
f 5485/5716 5487/5718 5486/5717
f 5487/5718 5488/5719 5486/5717
f 5487/5718 5489/5720 5488/5719
f 5489/5720 5490/5721 5488/5719
f 5489/5720 5491/5722 5490/5721
f 5491/5722 5492/5723 5490/5721
f 5491/5722 5493/5724 5492/5723
f 5493/5724 5494/5725 5492/5723
f 5493/5724 5495/5726 5494/5725
f 5495/5726 5496/5727 5494/5725
f 5495/5726 5497/5728 5496/5727
f 5497/5728 5498/5729 5496/5727
f 5497/5728 5499/5730 5498/5729
f 5499/5730 5500/5731 5498/5729
f 5499/5730 5501/5732 5500/5731
f 5501/5732 5502/5733 5500/5731
f 5501/5732 5503/5734 5502/5733
f 5503/5734 5504/5735 5502/5733
f 5503/5734 5505/5736 5504/5735
f 5505/5736 5506/5737 5504/5735
f 5505/5736 5507/5738 5506/5737
f 5507/5738 5508/5739 5506/5737
f 5507/5738 5509/5740 5508/5739
f 5509/5740 5510/5741 5508/5739
f 5509/5740 5511/5742 5510/5741
f 5448/5743 5512/5744 5513/5745
f 5448/5679 5447/5678 5512/5744
f 5447/5678 5514/5746 5512/5744
f 5447/5678 5450/5681 5514/5746
f 5450/5681 5515/5747 5514/5746
f 5450/5681 5452/5683 5515/5747
f 5452/5683 5516/5748 5515/5747
f 5452/5683 5454/5685 5516/5748
f 5454/5685 5517/5749 5516/5748
f 5454/5685 5456/5687 5517/5749
f 5456/5687 5518/5750 5517/5749
f 5456/5687 5458/5689 5518/5750
f 5458/5689 5519/5751 5518/5750
f 5458/5689 5460/5691 5519/5751
f 5460/5691 5520/5752 5519/5751
f 5460/5691 5462/5693 5520/5752
f 5462/5693 5521/5753 5520/5752
f 5462/5693 5464/5695 5521/5753
f 5464/5695 5522/5754 5521/5753
f 5464/5695 5466/5697 5522/5754
f 5466/5697 5523/5755 5522/5754
f 5466/5697 5468/5699 5523/5755
f 5468/5699 5524/5756 5523/5755
f 5468/5699 5470/5701 5524/5756
f 5470/5701 5525/5757 5524/5756
f 5470/5701 5472/5703 5525/5757
f 5472/5703 5526/5758 5525/5757
f 5472/5703 5474/5705 5526/5758
f 5474/5705 5527/5759 5526/5758
f 5474/5705 5476/5707 5527/5759
f 5476/5707 5528/5760 5527/5759
f 5476/5707 5478/5709 5528/5760
f 5478/5709 5529/5761 5528/5760
f 5478/5709 5480/5711 5529/5761
f 5480/5711 5530/5762 5529/5761
f 5480/5711 5482/5713 5530/5762
f 5482/5713 5531/5763 5530/5762
f 5482/5713 5484/5715 5531/5763
f 5484/5715 5532/5764 5531/5763
f 5484/5715 5486/5717 5532/5764
f 5486/5717 5533/5765 5532/5764
f 5486/5717 5488/5719 5533/5765
f 5488/5719 5534/5766 5533/5765
f 5488/5719 5490/5721 5534/5766
f 5490/5721 5535/5767 5534/5766
f 5490/5721 5492/5723 5535/5767
f 5492/5723 5536/5768 5535/5767
f 5492/5723 5494/5725 5536/5768
f 5494/5725 5537/5769 5536/5768
f 5494/5725 5496/5727 5537/5769
f 5496/5727 5538/5770 5537/5769
f 5496/5727 5498/5729 5538/5770
f 5498/5729 5539/5771 5538/5770
f 5498/5729 5500/5731 5539/5771
f 5500/5731 5540/5772 5539/5771
f 5500/5731 5502/5733 5540/5772
f 5502/5733 5541/5773 5540/5772
f 5502/5733 5504/5735 5541/5773
f 5504/5735 5542/5774 5541/5773
f 5504/5735 5506/5737 5542/5774
f 5506/5737 5543/5775 5542/5774
f 5506/5737 5508/5739 5543/5775
f 5508/5739 5544/5776 5543/5775
f 5508/5739 5510/5741 5544/5776
f 5513/5777 5545/5778 5546/5779
f 5513/5777 5512/5744 5545/5778
f 5512/5744 5547/5780 5545/5778
f 5512/5744 5514/5746 5547/5780
f 5514/5746 5548/5781 5547/5780
f 5514/5746 5515/5747 5548/5781
f 5515/5747 5549/5782 5548/5781
f 5515/5747 5516/5748 5549/5782
f 5516/5748 5550/5783 5549/5782
f 5516/5748 5517/5749 5550/5783
f 5517/5749 5551/5784 5550/5783
f 5517/5749 5518/5750 5551/5784
f 5518/5750 5552/5785 5551/5784
f 5518/5750 5519/5751 5552/5785
f 5519/5751 5553/5786 5552/5785
f 5519/5751 5520/5752 5553/5786
f 5520/5752 5554/5787 5553/5786
f 5520/5752 5521/5753 5554/5787
f 5521/5753 5555/5788 5554/5787
f 5521/5753 5522/5754 5555/5788
f 5522/5754 5556/5789 5555/5788
f 5522/5754 5523/5755 5556/5789
f 5523/5755 5557/5790 5556/5789
f 5523/5755 5524/5756 5557/5790
f 5524/5756 5558/5791 5557/5790
f 5524/5756 5525/5757 5558/5791
f 5525/5757 5559/5792 5558/5791
f 5525/5757 5526/5758 5559/5792
f 5526/5758 5560/5793 5559/5792
f 5526/5758 5527/5759 5560/5793
f 5527/5759 5561/5794 5560/5793
f 5527/5759 5528/5760 5561/5794
f 5528/5760 5562/5795 5561/5794
f 5528/5760 5529/5761 5562/5795
f 5529/5761 5563/5796 5562/5795
f 5529/5761 5530/5762 5563/5796
f 5530/5762 5564/5797 5563/5796
f 5530/5762 5531/5763 5564/5797
f 5531/5763 5565/5798 5564/5797
f 5531/5763 5532/5764 5565/5798
f 5532/5764 5566/5799 5565/5798
f 5532/5764 5533/5765 5566/5799
f 5533/5765 5567/5800 5566/5799
f 5533/5765 5534/5766 5567/5800
f 5534/5766 5568/5801 5567/5800
f 5534/5766 5535/5767 5568/5801
f 5535/5767 5569/5802 5568/5801
f 5535/5767 5536/5768 5569/5802
f 5536/5768 5570/5803 5569/5802
f 5536/5768 5537/5769 5570/5803
f 5537/5769 5571/5804 5570/5803
f 5537/5769 5538/5770 5571/5804
f 5538/5770 5572/5805 5571/5804
f 5538/5770 5539/5771 5572/5805
f 5539/5771 5573/5806 5572/5805
f 5539/5771 5540/5772 5573/5806
f 5540/5772 5574/5807 5573/5806
f 5540/5772 5541/5773 5574/5807
f 5541/5773 5575/5808 5574/5807
f 5541/5773 5542/5774 5575/5808
f 5542/5774 5576/5809 5575/5808
f 5542/5774 5543/5775 5576/5809
f 5543/5775 5577/5810 5576/5809
f 5543/5775 5544/5776 5577/5810
f 5546/5811 5578/5812 5579/5813
f 5546/5811 5545/5778 5578/5812
f 5545/5778 5580/5814 5578/5812
f 5545/5778 5547/5780 5580/5814
f 5547/5780 5581/5815 5580/5814
f 5547/5780 5548/5781 5581/5815
f 5548/5781 5582/5816 5581/5815
f 5548/5781 5549/5782 5582/5816
f 5549/5782 5583/5817 5582/5816
f 5549/5782 5550/5783 5583/5817
f 5550/5783 5584/5818 5583/5817
f 5550/5783 5551/5784 5584/5818
f 5551/5784 5585/5819 5584/5818
f 5551/5784 5552/5785 5585/5819
f 5552/5785 5586/5820 5585/5819
f 5552/5785 5553/5786 5586/5820
f 5553/5786 5587/5821 5586/5820
f 5553/5786 5554/5787 5587/5821
f 5554/5787 5588/5822 5587/5821
f 5554/5787 5555/5788 5588/5822
f 5555/5788 5589/5823 5588/5822
f 5555/5788 5556/5789 5589/5823
f 5556/5789 5590/5824 5589/5823
f 5556/5789 5557/5790 5590/5824
f 5557/5790 5591/5825 5590/5824
f 5557/5790 5558/5791 5591/5825
f 5558/5791 5592/5826 5591/5825
f 5558/5791 5559/5792 5592/5826
f 5559/5792 5593/5827 5592/5826
f 5559/5792 5560/5793 5593/5827
f 5560/5793 5594/5828 5593/5827
f 5560/5793 5561/5794 5594/5828
f 5561/5794 5595/5829 5594/5828
f 5561/5794 5562/5795 5595/5829
f 5562/5795 5596/5830 5595/5829
f 5562/5795 5563/5796 5596/5830
f 5563/5796 5597/5831 5596/5830
f 5563/5796 5564/5797 5597/5831
f 5564/5797 5598/5832 5597/5831
f 5564/5797 5565/5798 5598/5832
f 5565/5798 5599/5833 5598/5832
f 5565/5798 5566/5799 5599/5833
f 5566/5799 5600/5834 5599/5833
f 5566/5799 5567/5800 5600/5834
f 5567/5800 5601/5835 5600/5834
f 5567/5800 5568/5801 5601/5835
f 5568/5801 5602/5836 5601/5835
f 5568/5801 5569/5802 5602/5836
f 5569/5802 5603/5837 5602/5836
f 5569/5802 5570/5803 5603/5837
f 5570/5803 5604/5838 5603/5837
f 5570/5803 5571/5804 5604/5838
f 5571/5804 5605/5839 5604/5838
f 5571/5804 5572/5805 5605/5839
f 5572/5805 5606/5840 5605/5839
f 5572/5805 5573/5806 5606/5840
f 5573/5806 5607/5841 5606/5840
f 5573/5806 5574/5807 5607/5841
f 5574/5807 5608/5842 5607/5841
f 5574/5807 5575/5808 5608/5842
f 5575/5808 5609/5843 5608/5842
f 5575/5808 5576/5809 5609/5843
f 5576/5809 5610/5844 5609/5843
f 5576/5809 5577/5810 5610/5844
f 5579/5845 5611/5846 5612/5847
f 5579/5813 5578/5812 5611/5846
f 5578/5812 5613/5848 5611/5846
f 5578/5812 5580/5814 5613/5848
f 5580/5814 5614/5849 5613/5848
f 5580/5814 5581/5815 5614/5849
f 5581/5815 5615/5850 5614/5849
f 5581/5815 5582/5816 5615/5850
f 5582/5816 5616/5851 5615/5850
f 5582/5816 5583/5817 5616/5851
f 5583/5817 5617/5852 5616/5851
f 5583/5817 5584/5818 5617/5852
f 5584/5818 5618/5853 5617/5852
f 5584/5818 5585/5819 5618/5853
f 5585/5819 5619/5854 5618/5853
f 5585/5819 5586/5820 5619/5854
f 5586/5820 5620/5855 5619/5854
f 5586/5820 5587/5821 5620/5855
f 5587/5821 5621/5856 5620/5855
f 5587/5821 5588/5822 5621/5856
f 5588/5822 5622/5857 5621/5856
f 5588/5822 5589/5823 5622/5857
f 5589/5823 5623/5858 5622/5857
f 5589/5823 5590/5824 5623/5858
f 5590/5824 5624/5859 5623/5858
f 5590/5824 5591/5825 5624/5859
f 5591/5825 5625/5860 5624/5859
f 5591/5825 5592/5826 5625/5860
f 5592/5826 5626/5861 5625/5860
f 5592/5826 5593/5827 5626/5861
f 5593/5827 5627/5862 5626/5861
f 5593/5827 5594/5828 5627/5862
f 5594/5828 5628/5863 5627/5862
f 5594/5828 5595/5829 5628/5863
f 5595/5829 5629/5864 5628/5863
f 5595/5829 5596/5830 5629/5864
f 5596/5830 5630/5865 5629/5864
f 5596/5830 5597/5831 5630/5865
f 5597/5831 5631/5866 5630/5865
f 5597/5831 5598/5832 5631/5866
f 5598/5832 5632/5867 5631/5866
f 5598/5832 5599/5833 5632/5867
f 5599/5833 5633/5868 5632/5867
f 5599/5833 5600/5834 5633/5868
f 5600/5834 5634/5869 5633/5868
f 5600/5834 5601/5835 5634/5869
f 5601/5835 5635/5870 5634/5869
f 5601/5835 5602/5836 5635/5870
f 5602/5836 5636/5871 5635/5870
f 5602/5836 5603/5837 5636/5871
f 5603/5837 5637/5872 5636/5871
f 5603/5837 5604/5838 5637/5872
f 5604/5838 5638/5873 5637/5872
f 5604/5838 5605/5839 5638/5873
f 5605/5839 5639/5874 5638/5873
f 5605/5839 5606/5840 5639/5874
f 5606/5840 5640/5875 5639/5874
f 5606/5840 5607/5841 5640/5875
f 5607/5841 5641/5876 5640/5875
f 5607/5841 5608/5842 5641/5876
f 5608/5842 5642/5877 5641/5876
f 5608/5842 5609/5843 5642/5877
f 5609/5843 5643/5878 5642/5877
f 5609/5843 5610/5844 5643/5878
f 5612/5879 5644/5880 5645/5881
f 5612/5847 5611/5846 5644/5880
f 5611/5846 5646/5882 5644/5880
f 5611/5846 5613/5848 5646/5882
f 5613/5848 5647/5883 5646/5882
f 5613/5848 5614/5849 5647/5883
f 5614/5849 5648/5884 5647/5883
f 5614/5849 5615/5850 5648/5884
f 5615/5850 5649/5885 5648/5884
f 5615/5850 5616/5851 5649/5885
f 5616/5851 5650/5886 5649/5885
f 5616/5851 5617/5852 5650/5886
f 5617/5852 5651/5887 5650/5886
f 5617/5852 5618/5853 5651/5887
f 5618/5853 5652/5888 5651/5887
f 5618/5853 5619/5854 5652/5888
f 5619/5854 5653/5889 5652/5888
f 5619/5854 5620/5855 5653/5889
f 5620/5855 5654/5890 5653/5889
f 5620/5855 5621/5856 5654/5890
f 5621/5856 5655/5891 5654/5890
f 5621/5856 5622/5857 5655/5891
f 5622/5857 5656/5892 5655/5891
f 5622/5857 5623/5858 5656/5892
f 5623/5858 5657/5893 5656/5892
f 5623/5858 5624/5859 5657/5893
f 5624/5859 5658/5894 5657/5893
f 5624/5859 5625/5860 5658/5894
f 5625/5860 5659/5895 5658/5894
f 5625/5860 5626/5861 5659/5895
f 5626/5861 5660/5896 5659/5895
f 5626/5861 5627/5862 5660/5896
f 5627/5862 5661/5897 5660/5896
f 5627/5862 5628/5863 5661/5897
f 5628/5863 5662/5898 5661/5897
f 5628/5863 5629/5864 5662/5898
f 5629/5864 5663/5899 5662/5898
f 5629/5864 5630/5865 5663/5899
f 5630/5865 5664/5900 5663/5899
f 5630/5865 5631/5866 5664/5900
f 5631/5866 5665/5901 5664/5900
f 5631/5866 5632/5867 5665/5901
f 5632/5867 5666/5902 5665/5901
f 5632/5867 5633/5868 5666/5902
f 5633/5868 5667/5903 5666/5902
f 5633/5868 5634/5869 5667/5903
f 5634/5869 5668/5904 5667/5903
f 5634/5869 5635/5870 5668/5904
f 5635/5870 5669/5905 5668/5904
f 5635/5870 5636/5871 5669/5905
f 5636/5871 5670/5906 5669/5905
f 5636/5871 5637/5872 5670/5906
f 5637/5872 5671/5907 5670/5906
f 5637/5872 5638/5873 5671/5907
f 5638/5873 5672/5908 5671/5907
f 5638/5873 5639/5874 5672/5908
f 5639/5874 5673/5909 5672/5908
f 5639/5874 5640/5875 5673/5909
f 5640/5875 5674/5910 5673/5909
f 5640/5875 5641/5876 5674/5910
f 5641/5876 5675/5911 5674/5910
f 5641/5876 5642/5877 5675/5911
f 5642/5877 5676/5912 5675/5911
f 5642/5877 5643/5878 5676/5912
f 5645/5913 5677/5914 5678/5915
f 5645/5881 5644/5880 5677/5914
f 5644/5880 5679/5916 5677/5914
f 5644/5880 5646/5882 5679/5916
f 5646/5882 5680/5917 5679/5916
f 5646/5882 5647/5883 5680/5917
f 5647/5883 5681/5918 5680/5917
f 5647/5883 5648/5884 5681/5918
f 5648/5884 5682/5919 5681/5918
f 5648/5884 5649/5885 5682/5919
f 5649/5885 5683/5920 5682/5919
f 5649/5885 5650/5886 5683/5920
f 5650/5886 5684/5921 5683/5920
f 5650/5886 5651/5887 5684/5921
f 5651/5887 5685/5922 5684/5921
f 5651/5887 5652/5888 5685/5922
f 5652/5888 5686/5923 5685/5922
f 5652/5888 5653/5889 5686/5923
f 5653/5889 5687/5924 5686/5923
f 5653/5889 5654/5890 5687/5924
f 5654/5890 5688/5925 5687/5924
f 5654/5890 5655/5891 5688/5925
f 5655/5891 5689/5926 5688/5925
f 5655/5891 5656/5892 5689/5926
f 5656/5892 5690/5927 5689/5926
f 5656/5892 5657/5893 5690/5927
f 5657/5893 5691/5928 5690/5927
f 5657/5893 5658/5894 5691/5928
f 5658/5894 5692/5929 5691/5928
f 5658/5894 5659/5895 5692/5929
f 5659/5895 5693/5930 5692/5929
f 5659/5895 5660/5896 5693/5930
f 5660/5896 5694/5931 5693/5930
f 5660/5896 5661/5897 5694/5931
f 5661/5897 5695/5932 5694/5931
f 5661/5897 5662/5898 5695/5932
f 5662/5898 5696/5933 5695/5932
f 5662/5898 5663/5899 5696/5933
f 5663/5899 5697/5934 5696/5933
f 5663/5899 5664/5900 5697/5934
f 5664/5900 5698/5935 5697/5934
f 5664/5900 5665/5901 5698/5935
f 5665/5901 5699/5936 5698/5935
f 5665/5901 5666/5902 5699/5936
f 5666/5902 5700/5937 5699/5936
f 5666/5902 5667/5903 5700/5937
f 5667/5903 5701/5938 5700/5937
f 5667/5903 5668/5904 5701/5938
f 5668/5904 5702/5939 5701/5938
f 5668/5904 5669/5905 5702/5939
f 5669/5905 5703/5940 5702/5939
f 5669/5905 5670/5906 5703/5940
f 5670/5906 5704/5941 5703/5940
f 5670/5906 5671/5907 5704/5941
f 5671/5907 5705/5942 5704/5941
f 5671/5907 5672/5908 5705/5942
f 5672/5908 5706/5943 5705/5942
f 5672/5908 5673/5909 5706/5943
f 5673/5909 5707/5944 5706/5943
f 5673/5909 5674/5910 5707/5944
f 5674/5910 5708/5945 5707/5944
f 5674/5910 5675/5911 5708/5945
f 5675/5911 5709/5946 5708/5945
f 5675/5911 5676/5912 5709/5946
f 5678/5947 5710/5948 5711/5949
f 5678/5915 5677/5914 5710/5948
f 5677/5914 5712/5950 5710/5948
f 5677/5914 5679/5916 5712/5950
f 5679/5916 5713/5951 5712/5950
f 5679/5916 5680/5917 5713/5951
f 5680/5917 5714/5952 5713/5951
f 5680/5917 5681/5918 5714/5952
f 5681/5918 5715/5953 5714/5952
f 5681/5918 5682/5919 5715/5953
f 5682/5919 5716/5954 5715/5953
f 5682/5919 5683/5920 5716/5954
f 5683/5920 5717/5955 5716/5954
f 5683/5920 5684/5921 5717/5955
f 5684/5921 5718/5956 5717/5955
f 5684/5921 5685/5922 5718/5956
f 5685/5922 5719/5957 5718/5956
f 5685/5922 5686/5923 5719/5957
f 5686/5923 5720/5958 5719/5957
f 5686/5923 5687/5924 5720/5958
f 5687/5924 5721/5959 5720/5958
f 5687/5924 5688/5925 5721/5959
f 5688/5925 5722/5960 5721/5959
f 5688/5925 5689/5926 5722/5960
f 5689/5926 5723/5961 5722/5960
f 5689/5926 5690/5927 5723/5961
f 5690/5927 5724/5962 5723/5961
f 5690/5927 5691/5928 5724/5962
f 5691/5928 5725/5963 5724/5962
f 5691/5928 5692/5929 5725/5963
f 5692/5929 5726/5964 5725/5963
f 5692/5929 5693/5930 5726/5964
f 5693/5930 5727/5965 5726/5964
f 5693/5930 5694/5931 5727/5965
f 5694/5931 5728/5966 5727/5965
f 5694/5931 5695/5932 5728/5966
f 5695/5932 5729/5967 5728/5966
f 5695/5932 5696/5933 5729/5967
f 5696/5933 5730/5968 5729/5967
f 5696/5933 5697/5934 5730/5968
f 5697/5934 5731/5969 5730/5968
f 5697/5934 5698/5935 5731/5969
f 5698/5935 5732/5970 5731/5969
f 5698/5935 5699/5936 5732/5970
f 5699/5936 5733/5971 5732/5970
f 5699/5936 5700/5937 5733/5971
f 5700/5937 5734/5972 5733/5971
f 5700/5937 5701/5938 5734/5972
f 5701/5938 5735/5973 5734/5972
f 5701/5938 5702/5939 5735/5973
f 5702/5939 5736/5974 5735/5973
f 5702/5939 5703/5940 5736/5974
f 5703/5940 5737/5975 5736/5974
f 5703/5940 5704/5941 5737/5975
f 5704/5941 5738/5976 5737/5975
f 5704/5941 5705/5942 5738/5976
f 5705/5942 5739/5977 5738/5976
f 5705/5942 5706/5943 5739/5977
f 5706/5943 5740/5978 5739/5977
f 5706/5943 5707/5944 5740/5978
f 5707/5944 5741/5979 5740/5978
f 5707/5944 5708/5945 5741/5979
f 5708/5945 5742/5980 5741/5979
f 5708/5945 5709/5946 5742/5980
f 5711/5981 5743/5982 5744/5983
f 5711/5949 5710/5948 5743/5982
f 5710/5948 5745/5984 5743/5982
f 5710/5948 5712/5950 5745/5984
f 5712/5950 5746/5985 5745/5984
f 5712/5950 5713/5951 5746/5985
f 5713/5951 5747/5986 5746/5985
f 5713/5951 5714/5952 5747/5986
f 5714/5952 5748/5987 5747/5986
f 5714/5952 5715/5953 5748/5987
f 5715/5953 5749/5988 5748/5987
f 5715/5953 5716/5954 5749/5988
f 5716/5954 5750/5989 5749/5988
f 5716/5954 5717/5955 5750/5989
f 5717/5955 5751/5990 5750/5989
f 5717/5955 5718/5956 5751/5990
f 5718/5956 5752/5991 5751/5990
f 5718/5956 5719/5957 5752/5991
f 5719/5957 5753/5992 5752/5991
f 5719/5957 5720/5958 5753/5992
f 5720/5958 5754/5993 5753/5992
f 5720/5958 5721/5959 5754/5993
f 5721/5959 5755/5994 5754/5993
f 5721/5959 5722/5960 5755/5994
f 5722/5960 5756/5995 5755/5994
f 5722/5960 5723/5961 5756/5995
f 5723/5961 5757/5996 5756/5995
f 5723/5961 5724/5962 5757/5996
f 5724/5962 5758/5997 5757/5996
f 5724/5962 5725/5963 5758/5997
f 5725/5963 5759/5998 5758/5997
f 5725/5963 5726/5964 5759/5998
f 5726/5964 5760/5999 5759/5998
f 5726/5964 5727/5965 5760/5999
f 5727/5965 5761/6000 5760/5999
f 5727/5965 5728/5966 5761/6000
f 5728/5966 5762/6001 5761/6000
f 5728/5966 5729/5967 5762/6001
f 5729/5967 5763/6002 5762/6001
f 5729/5967 5730/5968 5763/6002
f 5730/5968 5764/6003 5763/6002
f 5730/5968 5731/5969 5764/6003
f 5731/5969 5765/6004 5764/6003
f 5731/5969 5732/5970 5765/6004
f 5732/5970 5766/6005 5765/6004
f 5732/5970 5733/5971 5766/6005
f 5733/5971 5767/6006 5766/6005
f 5733/5971 5734/5972 5767/6006
f 5734/5972 5768/6007 5767/6006
f 5734/5972 5735/5973 5768/6007
f 5735/5973 5769/6008 5768/6007
f 5735/5973 5736/5974 5769/6008
f 5736/5974 5770/6009 5769/6008
f 5736/5974 5737/5975 5770/6009
f 5737/5975 5771/6010 5770/6009
f 5737/5975 5738/5976 5771/6010
f 5738/5976 5772/6011 5771/6010
f 5738/5976 5739/5977 5772/6011
f 5739/5977 5773/6012 5772/6011
f 5739/5977 5740/5978 5773/6012
f 5740/5978 5774/6013 5773/6012
f 5740/5978 5741/5979 5774/6013
f 5741/5979 5775/6014 5774/6013
f 5741/5979 5742/5980 5775/6014
f 5744/6015 5776/6016 5777/6017
f 5744/5983 5743/5982 5776/6016
f 5743/5982 5778/6018 5776/6016
f 5743/5982 5745/5984 5778/6018
f 5745/5984 5779/6019 5778/6018
f 5745/5984 5746/5985 5779/6019
f 5746/5985 5780/6020 5779/6019
f 5746/5985 5747/5986 5780/6020
f 5747/5986 5781/6021 5780/6020
f 5747/5986 5748/5987 5781/6021
f 5748/5987 5782/6022 5781/6021
f 5748/5987 5749/5988 5782/6022
f 5749/5988 5783/6023 5782/6022
f 5749/5988 5750/5989 5783/6023
f 5750/5989 5784/6024 5783/6023
f 5750/5989 5751/5990 5784/6024
f 5751/5990 5785/6025 5784/6024
f 5751/5990 5752/5991 5785/6025
f 5752/5991 5786/6026 5785/6025
f 5752/5991 5753/5992 5786/6026
f 5753/5992 5787/6027 5786/6026
f 5753/5992 5754/5993 5787/6027
f 5754/5993 5788/6028 5787/6027
f 5754/5993 5755/5994 5788/6028
f 5755/5994 5789/6029 5788/6028
f 5755/5994 5756/5995 5789/6029
f 5756/5995 5790/6030 5789/6029
f 5756/5995 5757/5996 5790/6030
f 5757/5996 5791/6031 5790/6030
f 5757/5996 5758/5997 5791/6031
f 5758/5997 5792/6032 5791/6031
f 5758/5997 5759/5998 5792/6032
f 5759/5998 5793/6033 5792/6032
f 5759/5998 5760/5999 5793/6033
f 5760/5999 5794/6034 5793/6033
f 5760/5999 5761/6000 5794/6034
f 5761/6000 5795/6035 5794/6034
f 5761/6000 5762/6001 5795/6035
f 5762/6001 5796/6036 5795/6035
f 5762/6001 5763/6002 5796/6036
f 5763/6002 5797/6037 5796/6036
f 5763/6002 5764/6003 5797/6037
f 5764/6003 5798/6038 5797/6037
f 5764/6003 5765/6004 5798/6038
f 5765/6004 5799/6039 5798/6038
f 5765/6004 5766/6005 5799/6039
f 5766/6005 5800/6040 5799/6039
f 5766/6005 5767/6006 5800/6040
f 5767/6006 5801/6041 5800/6040
f 5767/6006 5768/6007 5801/6041
f 5768/6007 5802/6042 5801/6041
f 5768/6007 5769/6008 5802/6042
f 5769/6008 5803/6043 5802/6042
f 5769/6008 5770/6009 5803/6043
f 5770/6009 5804/6044 5803/6043
f 5770/6009 5771/6010 5804/6044
f 5771/6010 5805/6045 5804/6044
f 5771/6010 5772/6011 5805/6045
f 5772/6011 5806/6046 5805/6045
f 5772/6011 5773/6012 5806/6046
f 5773/6012 5807/6047 5806/6046
f 5773/6012 5774/6013 5807/6047
f 5774/6013 5808/6048 5807/6047
f 5774/6013 5775/6014 5808/6048
f 5777/6049 5809/6050 5810/6051
f 5777/6049 5776/6016 5809/6050
f 5776/6016 5811/6052 5809/6050
f 5776/6016 5778/6018 5811/6052
f 5778/6018 5812/6053 5811/6052
f 5778/6018 5779/6019 5812/6053
f 5779/6019 5813/6054 5812/6053
f 5779/6019 5780/6020 5813/6054
f 5780/6020 5814/6055 5813/6054
f 5780/6020 5781/6021 5814/6055
f 5781/6021 5815/6056 5814/6055
f 5781/6021 5782/6022 5815/6056
f 5782/6022 5816/6057 5815/6056
f 5782/6022 5783/6023 5816/6057
f 5783/6023 5817/6058 5816/6057
f 5783/6023 5784/6024 5817/6058
f 5784/6024 5818/6059 5817/6058
f 5784/6024 5785/6025 5818/6059
f 5785/6025 5819/6060 5818/6059
f 5785/6025 5786/6026 5819/6060
f 5786/6026 5820/6061 5819/6060
f 5786/6026 5787/6027 5820/6061
f 5787/6027 5821/6062 5820/6061
f 5787/6027 5788/6028 5821/6062
f 5788/6028 5822/6063 5821/6062
f 5788/6028 5789/6029 5822/6063
f 5789/6029 5823/6064 5822/6063
f 5789/6029 5790/6030 5823/6064
f 5790/6030 5824/6065 5823/6064
f 5790/6030 5791/6031 5824/6065
f 5791/6031 5825/6066 5824/6065
f 5791/6031 5792/6032 5825/6066
f 5792/6032 5826/6067 5825/6066
f 5792/6032 5793/6033 5826/6067
f 5793/6033 5827/6068 5826/6067
f 5793/6033 5794/6034 5827/6068
f 5794/6034 5828/6069 5827/6068
f 5794/6034 5795/6035 5828/6069
f 5795/6035 5829/6070 5828/6069
f 5795/6035 5796/6036 5829/6070
f 5796/6036 5830/6071 5829/6070
f 5796/6036 5797/6037 5830/6071
f 5797/6037 5831/6072 5830/6071
f 5797/6037 5798/6038 5831/6072
f 5798/6038 5832/6073 5831/6072
f 5798/6038 5799/6039 5832/6073
f 5799/6039 5833/6074 5832/6073
f 5799/6039 5800/6040 5833/6074
f 5800/6040 5834/6075 5833/6074
f 5800/6040 5801/6041 5834/6075
f 5801/6041 5835/6076 5834/6075
f 5801/6041 5802/6042 5835/6076
f 5802/6042 5836/6077 5835/6076
f 5802/6042 5803/6043 5836/6077
f 5803/6043 5837/6078 5836/6077
f 5803/6043 5804/6044 5837/6078
f 5804/6044 5838/6079 5837/6078
f 5804/6044 5805/6045 5838/6079
f 5805/6045 5839/6080 5838/6079
f 5805/6045 5806/6046 5839/6080
f 5806/6046 5840/6081 5839/6080
f 5806/6046 5807/6047 5840/6081
f 5807/6047 5841/6082 5840/6081
f 5807/6047 5808/6048 5841/6082
f 5810/6083 5842/6084 5843/6085
f 5810/6051 5809/6050 5842/6084
f 5809/6050 5844/6086 5842/6084
f 5809/6050 5811/6052 5844/6086
f 5811/6052 5845/6087 5844/6086
f 5811/6052 5812/6053 5845/6087
f 5812/6053 5846/6088 5845/6087
f 5812/6053 5813/6054 5846/6088
f 5813/6054 5847/6089 5846/6088
f 5813/6054 5814/6055 5847/6089
f 5814/6055 5848/6090 5847/6089
f 5814/6055 5815/6056 5848/6090
f 5815/6056 5849/6091 5848/6090
f 5815/6056 5816/6057 5849/6091
f 5816/6057 5850/6092 5849/6091
f 5816/6057 5817/6058 5850/6092
f 5817/6058 5851/6093 5850/6092
f 5817/6058 5818/6059 5851/6093
f 5818/6059 5852/6094 5851/6093
f 5818/6059 5819/6060 5852/6094
f 5819/6060 5853/6095 5852/6094
f 5819/6060 5820/6061 5853/6095
f 5820/6061 5854/6096 5853/6095
f 5820/6061 5821/6062 5854/6096
f 5821/6062 5855/6097 5854/6096
f 5821/6062 5822/6063 5855/6097
f 5822/6063 5856/6098 5855/6097
f 5822/6063 5823/6064 5856/6098
f 5823/6064 5857/6099 5856/6098
f 5823/6064 5824/6065 5857/6099
f 5824/6065 5858/6100 5857/6099
f 5824/6065 5825/6066 5858/6100
f 5825/6066 5859/6101 5858/6100
f 5825/6066 5826/6067 5859/6101
f 5826/6067 5860/6102 5859/6101
f 5826/6067 5827/6068 5860/6102
f 5827/6068 5861/6103 5860/6102
f 5827/6068 5828/6069 5861/6103
f 5828/6069 5862/6104 5861/6103
f 5828/6069 5829/6070 5862/6104
f 5829/6070 5863/6105 5862/6104
f 5829/6070 5830/6071 5863/6105
f 5830/6071 5864/6106 5863/6105
f 5830/6071 5831/6072 5864/6106
f 5831/6072 5865/6107 5864/6106
f 5831/6072 5832/6073 5865/6107
f 5832/6073 5866/6108 5865/6107
f 5832/6073 5833/6074 5866/6108
f 5833/6074 5867/6109 5866/6108
f 5833/6074 5834/6075 5867/6109
f 5834/6075 5868/6110 5867/6109
f 5834/6075 5835/6076 5868/6110
f 5835/6076 5869/6111 5868/6110
f 5835/6076 5836/6077 5869/6111
f 5836/6077 5870/6112 5869/6111
f 5836/6077 5837/6078 5870/6112
f 5837/6078 5871/6113 5870/6112
f 5837/6078 5838/6079 5871/6113
f 5838/6079 5872/6114 5871/6113
f 5838/6079 5839/6080 5872/6114
f 5839/6080 5873/6115 5872/6114
f 5839/6080 5840/6081 5873/6115
f 5840/6081 5874/6116 5873/6115
f 5840/6081 5841/6082 5874/6116
f 5843/6117 5875/6118 5876/6119
f 5843/6085 5842/6084 5875/6118
f 5842/6084 5877/6120 5875/6118
f 5842/6084 5844/6086 5877/6120
f 5844/6086 5878/6121 5877/6120
f 5844/6086 5845/6087 5878/6121
f 5845/6087 5879/6122 5878/6121
f 5845/6087 5846/6088 5879/6122
f 5846/6088 5880/6123 5879/6122
f 5846/6088 5847/6089 5880/6123
f 5847/6089 5881/6124 5880/6123
f 5847/6089 5848/6090 5881/6124
f 5848/6090 5882/6125 5881/6124
f 5848/6090 5849/6091 5882/6125
f 5849/6091 5883/6126 5882/6125
f 5849/6091 5850/6092 5883/6126
f 5850/6092 5884/6127 5883/6126
f 5850/6092 5851/6093 5884/6127
f 5851/6093 5885/6128 5884/6127
f 5851/6093 5852/6094 5885/6128
f 5852/6094 5886/6129 5885/6128
f 5852/6094 5853/6095 5886/6129
f 5853/6095 5887/6130 5886/6129
f 5853/6095 5854/6096 5887/6130
f 5854/6096 5888/6131 5887/6130
f 5854/6096 5855/6097 5888/6131
f 5855/6097 5889/6132 5888/6131
f 5855/6097 5856/6098 5889/6132
f 5856/6098 5890/6133 5889/6132
f 5856/6098 5857/6099 5890/6133
f 5857/6099 5891/6134 5890/6133
f 5857/6099 5858/6100 5891/6134
f 5858/6100 5892/6135 5891/6134
f 5858/6100 5859/6101 5892/6135
f 5859/6101 5893/6136 5892/6135
f 5859/6101 5860/6102 5893/6136
f 5860/6102 5894/6137 5893/6136
f 5860/6102 5861/6103 5894/6137
f 5861/6103 5895/6138 5894/6137
f 5861/6103 5862/6104 5895/6138
f 5862/6104 5896/6139 5895/6138
f 5862/6104 5863/6105 5896/6139
f 5863/6105 5897/6140 5896/6139
f 5863/6105 5864/6106 5897/6140
f 5864/6106 5898/6141 5897/6140
f 5864/6106 5865/6107 5898/6141
f 5865/6107 5899/6142 5898/6141
f 5865/6107 5866/6108 5899/6142
f 5866/6108 5900/6143 5899/6142
f 5866/6108 5867/6109 5900/6143
f 5867/6109 5901/6144 5900/6143
f 5867/6109 5868/6110 5901/6144
f 5868/6110 5902/6145 5901/6144
f 5868/6110 5869/6111 5902/6145
f 5869/6111 5903/6146 5902/6145
f 5869/6111 5870/6112 5903/6146
f 5870/6112 5904/6147 5903/6146
f 5870/6112 5871/6113 5904/6147
f 5871/6113 5905/6148 5904/6147
f 5871/6113 5872/6114 5905/6148
f 5872/6114 5906/6149 5905/6148
f 5872/6114 5873/6115 5906/6149
f 5873/6115 5907/6150 5906/6149
f 5873/6115 5874/6116 5907/6150
f 5876/6151 5908/6152 5909/6153
f 5876/6119 5875/6118 5908/6152
f 5875/6118 5910/6154 5908/6152
f 5875/6118 5877/6120 5910/6154
f 5877/6120 5911/6155 5910/6154
f 5877/6120 5878/6121 5911/6155
f 5878/6121 5912/6156 5911/6155
f 5878/6121 5879/6122 5912/6156
f 5879/6122 5913/6157 5912/6156
f 5879/6122 5880/6123 5913/6157
f 5880/6123 5914/6158 5913/6157
f 5880/6123 5881/6124 5914/6158
f 5881/6124 5915/6159 5914/6158
f 5881/6124 5882/6125 5915/6159
f 5882/6125 5916/6160 5915/6159
f 5882/6125 5883/6126 5916/6160
f 5883/6126 5917/6161 5916/6160
f 5883/6126 5884/6127 5917/6161
f 5884/6127 5918/6162 5917/6161
f 5884/6127 5885/6128 5918/6162
f 5885/6128 5919/6163 5918/6162
f 5885/6128 5886/6129 5919/6163
f 5886/6129 5920/6164 5919/6163
f 5886/6129 5887/6130 5920/6164
f 5887/6130 5921/6165 5920/6164
f 5887/6130 5888/6131 5921/6165
f 5888/6131 5922/6166 5921/6165
f 5888/6131 5889/6132 5922/6166
f 5889/6132 5923/6167 5922/6166
f 5889/6132 5890/6133 5923/6167
f 5890/6133 5924/6168 5923/6167
f 5890/6133 5891/6134 5924/6168
f 5891/6134 5925/6169 5924/6168
f 5891/6134 5892/6135 5925/6169
f 5892/6135 5926/6170 5925/6169
f 5892/6135 5893/6136 5926/6170
f 5893/6136 5927/6171 5926/6170
f 5893/6136 5894/6137 5927/6171
f 5894/6137 5928/6172 5927/6171
f 5894/6137 5895/6138 5928/6172
f 5895/6138 5929/6173 5928/6172
f 5895/6138 5896/6139 5929/6173
f 5896/6139 5930/6174 5929/6173
f 5896/6139 5897/6140 5930/6174
f 5897/6140 5931/6175 5930/6174
f 5897/6140 5898/6141 5931/6175
f 5898/6141 5932/6176 5931/6175
f 5898/6141 5899/6142 5932/6176
f 5899/6142 5933/6177 5932/6176
f 5899/6142 5900/6143 5933/6177
f 5900/6143 5934/6178 5933/6177
f 5900/6143 5901/6144 5934/6178
f 5901/6144 5935/6179 5934/6178
f 5901/6144 5902/6145 5935/6179
f 5902/6145 5936/6180 5935/6179
f 5902/6145 5903/6146 5936/6180
f 5903/6146 5937/6181 5936/6180
f 5903/6146 5904/6147 5937/6181
f 5904/6147 5938/6182 5937/6181
f 5904/6147 5905/6148 5938/6182
f 5905/6148 5939/6183 5938/6182
f 5905/6148 5906/6149 5939/6183
f 5906/6149 5940/6184 5939/6183
f 5906/6149 5907/6150 5940/6184
f 5909/6185 5941/6186 5942/6187
f 5909/6153 5908/6152 5941/6186
f 5908/6152 5943/6188 5941/6186
f 5908/6152 5910/6154 5943/6188
f 5910/6154 5944/6189 5943/6188
f 5910/6154 5911/6155 5944/6189
f 5911/6155 5945/6190 5944/6189
f 5911/6155 5912/6156 5945/6190
f 5912/6156 5946/6191 5945/6190
f 5912/6156 5913/6157 5946/6191
f 5913/6157 5947/6192 5946/6191
f 5913/6157 5914/6158 5947/6192
f 5914/6158 5948/6193 5947/6192
f 5914/6158 5915/6159 5948/6193
f 5915/6159 5949/6194 5948/6193
f 5915/6159 5916/6160 5949/6194
f 5916/6160 5950/6195 5949/6194
f 5916/6160 5917/6161 5950/6195
f 5917/6161 5951/6196 5950/6195
f 5917/6161 5918/6162 5951/6196
f 5918/6162 5952/6197 5951/6196
f 5918/6162 5919/6163 5952/6197
f 5919/6163 5953/6198 5952/6197
f 5919/6163 5920/6164 5953/6198
f 5920/6164 5954/6199 5953/6198
f 5920/6164 5921/6165 5954/6199
f 5921/6165 5955/6200 5954/6199
f 5921/6165 5922/6166 5955/6200
f 5922/6166 5956/6201 5955/6200
f 5922/6166 5923/6167 5956/6201
f 5923/6167 5957/6202 5956/6201
f 5923/6167 5924/6168 5957/6202
f 5924/6168 5958/6203 5957/6202
f 5924/6168 5925/6169 5958/6203
f 5925/6169 5959/6204 5958/6203
f 5925/6169 5926/6170 5959/6204
f 5926/6170 5960/6205 5959/6204
f 5926/6170 5927/6171 5960/6205
f 5927/6171 5961/6206 5960/6205
f 5927/6171 5928/6172 5961/6206
f 5928/6172 5962/6207 5961/6206
f 5928/6172 5929/6173 5962/6207
f 5929/6173 5963/6208 5962/6207
f 5929/6173 5930/6174 5963/6208
f 5930/6174 5964/6209 5963/6208
f 5930/6174 5931/6175 5964/6209
f 5931/6175 5965/6210 5964/6209
f 5931/6175 5932/6176 5965/6210
f 5932/6176 5966/6211 5965/6210
f 5932/6176 5933/6177 5966/6211
f 5933/6177 5967/6212 5966/6211
f 5933/6177 5934/6178 5967/6212
f 5934/6178 5968/6213 5967/6212
f 5934/6178 5935/6179 5968/6213
f 5935/6179 5969/6214 5968/6213
f 5935/6179 5936/6180 5969/6214
f 5936/6180 5970/6215 5969/6214
f 5936/6180 5937/6181 5970/6215
f 5937/6181 5971/6216 5970/6215
f 5937/6181 5938/6182 5971/6216
f 5938/6182 5972/6217 5971/6216
f 5938/6182 5939/6183 5972/6217
f 5939/6183 5973/6218 5972/6217
f 5939/6183 5940/6184 5973/6218
f 5942/6219 5974/6220 5975/6221
f 5942/6187 5941/6186 5974/6220
f 5941/6186 5976/6222 5974/6220
f 5941/6186 5943/6188 5976/6222
f 5943/6188 5977/6223 5976/6222
f 5943/6188 5944/6189 5977/6223
f 5944/6189 5978/6224 5977/6223
f 5944/6189 5945/6190 5978/6224
f 5945/6190 5979/6225 5978/6224
f 5945/6190 5946/6191 5979/6225
f 5946/6191 5980/6226 5979/6225
f 5946/6191 5947/6192 5980/6226
f 5947/6192 5981/6227 5980/6226
f 5947/6192 5948/6193 5981/6227
f 5948/6193 5982/6228 5981/6227
f 5948/6193 5949/6194 5982/6228
f 5949/6194 5983/6229 5982/6228
f 5949/6194 5950/6195 5983/6229
f 5950/6195 5984/6230 5983/6229
f 5950/6195 5951/6196 5984/6230
f 5951/6196 5985/6231 5984/6230
f 5951/6196 5952/6197 5985/6231
f 5952/6197 5986/6232 5985/6231
f 5952/6197 5953/6198 5986/6232
f 5953/6198 5987/6233 5986/6232
f 5953/6198 5954/6199 5987/6233
f 5954/6199 5988/6234 5987/6233
f 5954/6199 5955/6200 5988/6234
f 5955/6200 5989/6235 5988/6234
f 5955/6200 5956/6201 5989/6235
f 5956/6201 5990/6236 5989/6235
f 5956/6201 5957/6202 5990/6236
f 5957/6202 5991/6237 5990/6236
f 5957/6202 5958/6203 5991/6237
f 5958/6203 5992/6238 5991/6237
f 5958/6203 5959/6204 5992/6238
f 5959/6204 5993/6239 5992/6238
f 5959/6204 5960/6205 5993/6239
f 5960/6205 5994/6240 5993/6239
f 5960/6205 5961/6206 5994/6240
f 5961/6206 5995/6241 5994/6240
f 5961/6206 5962/6207 5995/6241
f 5962/6207 5996/6242 5995/6241
f 5962/6207 5963/6208 5996/6242
f 5963/6208 5997/6243 5996/6242
f 5963/6208 5964/6209 5997/6243
f 5964/6209 5998/6244 5997/6243
f 5964/6209 5965/6210 5998/6244
f 5965/6210 5999/6245 5998/6244
f 5965/6210 5966/6211 5999/6245
f 5966/6211 6000/6246 5999/6245
f 5966/6211 5967/6212 6000/6246
f 5967/6212 6001/6247 6000/6246
f 5967/6212 5968/6213 6001/6247
f 5968/6213 6002/6248 6001/6247
f 5968/6213 5969/6214 6002/6248
f 5969/6214 6003/6249 6002/6248
f 5969/6214 5970/6215 6003/6249
f 5970/6215 6004/6250 6003/6249
f 5970/6215 5971/6216 6004/6250
f 5971/6216 6005/6251 6004/6250
f 5971/6216 5972/6217 6005/6251
f 5972/6217 6006/6252 6005/6251
f 5972/6217 5973/6218 6006/6252
f 5975/6253 6007/6254 6008/6255
f 5975/6253 5974/6220 6007/6254
f 5974/6220 6009/6256 6007/6254
f 5974/6220 5976/6222 6009/6256
f 5976/6222 6010/6257 6009/6256
f 5976/6222 5977/6223 6010/6257
f 5977/6223 6011/6258 6010/6257
f 5977/6223 5978/6224 6011/6258
f 5978/6224 6012/6259 6011/6258
f 5978/6224 5979/6225 6012/6259
f 5979/6225 6013/6260 6012/6259
f 5979/6225 5980/6226 6013/6260
f 5980/6226 6014/6261 6013/6260
f 5980/6226 5981/6227 6014/6261
f 5981/6227 6015/6262 6014/6261
f 5981/6227 5982/6228 6015/6262
f 5982/6228 6016/6263 6015/6262
f 5982/6228 5983/6229 6016/6263
f 5983/6229 6017/6264 6016/6263
f 5983/6229 5984/6230 6017/6264
f 5984/6230 6018/6265 6017/6264
f 5984/6230 5985/6231 6018/6265
f 5985/6231 6019/6266 6018/6265
f 5985/6231 5986/6232 6019/6266
f 5986/6232 6020/6267 6019/6266
f 5986/6232 5987/6233 6020/6267
f 5987/6233 6021/6268 6020/6267
f 5987/6233 5988/6234 6021/6268
f 5988/6234 6022/6269 6021/6268
f 5988/6234 5989/6235 6022/6269
f 5989/6235 6023/6270 6022/6269
f 5989/6235 5990/6236 6023/6270
f 5990/6236 6024/6271 6023/6270
f 5990/6236 5991/6237 6024/6271
f 5991/6237 6025/6272 6024/6271
f 5991/6237 5992/6238 6025/6272
f 5992/6238 6026/6273 6025/6272
f 5992/6238 5993/6239 6026/6273
f 5993/6239 6027/6274 6026/6273
f 5993/6239 5994/6240 6027/6274
f 5994/6240 6028/6275 6027/6274
f 5994/6240 5995/6241 6028/6275
f 5995/6241 6029/6276 6028/6275
f 5995/6241 5996/6242 6029/6276
f 5996/6242 6030/6277 6029/6276
f 5996/6242 5997/6243 6030/6277
f 5997/6243 6031/6278 6030/6277
f 5997/6243 5998/6244 6031/6278
f 5998/6244 6032/6279 6031/6278
f 5998/6244 5999/6245 6032/6279
f 5999/6245 6033/6280 6032/6279
f 5999/6245 6000/6246 6033/6280
f 6000/6246 6034/6281 6033/6280
f 6000/6246 6001/6247 6034/6281
f 6001/6247 6035/6282 6034/6281
f 6001/6247 6002/6248 6035/6282
f 6002/6248 6036/6283 6035/6282
f 6002/6248 6003/6249 6036/6283
f 6003/6249 6037/6284 6036/6283
f 6003/6249 6004/6250 6037/6284
f 6004/6250 6038/6285 6037/6284
f 6004/6250 6005/6251 6038/6285
f 6005/6251 6039/6286 6038/6285
f 6005/6251 6006/6252 6039/6286
f 6008/6287 6040/6288 6041/6289
f 6008/6255 6007/6254 6040/6288
f 6007/6254 6042/6290 6040/6288
f 6007/6254 6009/6256 6042/6290
f 6009/6256 6043/6291 6042/6290
f 6009/6256 6010/6257 6043/6291
f 6010/6257 6044/6292 6043/6291
f 6010/6257 6011/6258 6044/6292
f 6011/6258 6045/6293 6044/6292
f 6011/6258 6012/6259 6045/6293
f 6012/6259 6046/6294 6045/6293
f 6012/6259 6013/6260 6046/6294
f 6013/6260 6047/6295 6046/6294
f 6013/6260 6014/6261 6047/6295
f 6014/6261 6048/6296 6047/6295
f 6014/6261 6015/6262 6048/6296
f 6015/6262 6049/6297 6048/6296
f 6015/6262 6016/6263 6049/6297
f 6016/6263 6050/6298 6049/6297
f 6016/6263 6017/6264 6050/6298
f 6017/6264 6051/6299 6050/6298
f 6017/6264 6018/6265 6051/6299
f 6018/6265 6052/6300 6051/6299
f 6018/6265 6019/6266 6052/6300
f 6019/6266 6053/6301 6052/6300
f 6019/6266 6020/6267 6053/6301
f 6020/6267 6054/6302 6053/6301
f 6020/6267 6021/6268 6054/6302
f 6021/6268 6055/6303 6054/6302
f 6021/6268 6022/6269 6055/6303
f 6022/6269 6056/6304 6055/6303
f 6022/6269 6023/6270 6056/6304
f 6023/6270 6057/6305 6056/6304
f 6023/6270 6024/6271 6057/6305
f 6024/6271 6058/6306 6057/6305
f 6024/6271 6025/6272 6058/6306
f 6025/6272 6059/6307 6058/6306
f 6025/6272 6026/6273 6059/6307
f 6026/6273 6060/6308 6059/6307
f 6026/6273 6027/6274 6060/6308
f 6027/6274 6061/6309 6060/6308
f 6027/6274 6028/6275 6061/6309
f 6028/6275 6062/6310 6061/6309
f 6028/6275 6029/6276 6062/6310
f 6029/6276 6063/6311 6062/6310
f 6029/6276 6030/6277 6063/6311
f 6030/6277 6064/6312 6063/6311
f 6030/6277 6031/6278 6064/6312
f 6031/6278 6065/6313 6064/6312
f 6031/6278 6032/6279 6065/6313
f 6032/6279 6066/6314 6065/6313
f 6032/6279 6033/6280 6066/6314
f 6033/6280 6067/6315 6066/6314
f 6033/6280 6034/6281 6067/6315
f 6034/6281 6068/6316 6067/6315
f 6034/6281 6035/6282 6068/6316
f 6035/6282 6069/6317 6068/6316
f 6035/6282 6036/6283 6069/6317
f 6036/6283 6070/6318 6069/6317
f 6036/6283 6037/6284 6070/6318
f 6037/6284 6071/6319 6070/6318
f 6037/6284 6038/6285 6071/6319
f 6038/6285 6072/6320 6071/6319
f 6038/6285 6039/6286 6072/6320
f 6041/6321 6073/6322 6074/6323
f 6041/6321 6040/6288 6073/6322
f 6040/6288 6075/6324 6073/6322
f 6040/6288 6042/6290 6075/6324
f 6042/6290 6076/6325 6075/6324
f 6042/6290 6043/6291 6076/6325
f 6043/6291 6077/6326 6076/6325
f 6043/6291 6044/6292 6077/6326
f 6044/6292 6078/6327 6077/6326
f 6044/6292 6045/6293 6078/6327
f 6045/6293 6079/6328 6078/6327
f 6045/6293 6046/6294 6079/6328
f 6046/6294 6080/6329 6079/6328
f 6046/6294 6047/6295 6080/6329
f 6047/6295 6081/6330 6080/6329
f 6047/6295 6048/6296 6081/6330
f 6048/6296 6082/6331 6081/6330
f 6048/6296 6049/6297 6082/6331
f 6049/6297 6083/6332 6082/6331
f 6049/6297 6050/6298 6083/6332
f 6050/6298 6084/6333 6083/6332
f 6050/6298 6051/6299 6084/6333
f 6051/6299 6085/6334 6084/6333
f 6051/6299 6052/6300 6085/6334
f 6052/6300 6086/6335 6085/6334
f 6052/6300 6053/6301 6086/6335
f 6053/6301 6087/6336 6086/6335
f 6053/6301 6054/6302 6087/6336
f 6054/6302 6088/6337 6087/6336
f 6054/6302 6055/6303 6088/6337
f 6055/6303 6089/6338 6088/6337
f 6055/6303 6056/6304 6089/6338
f 6056/6304 6090/6339 6089/6338
f 6056/6304 6057/6305 6090/6339
f 6057/6305 6091/6340 6090/6339
f 6057/6305 6058/6306 6091/6340
f 6058/6306 6092/6341 6091/6340
f 6058/6306 6059/6307 6092/6341
f 6059/6307 6093/6342 6092/6341
f 6059/6307 6060/6308 6093/6342
f 6060/6308 6094/6343 6093/6342
f 6060/6308 6061/6309 6094/6343
f 6061/6309 6095/6344 6094/6343
f 6061/6309 6062/6310 6095/6344
f 6062/6310 6096/6345 6095/6344
f 6062/6310 6063/6311 6096/6345
f 6063/6311 6097/6346 6096/6345
f 6063/6311 6064/6312 6097/6346
f 6064/6312 6098/6347 6097/6346
f 6064/6312 6065/6313 6098/6347
f 6065/6313 6099/6348 6098/6347
f 6065/6313 6066/6314 6099/6348
f 6066/6314 6100/6349 6099/6348
f 6066/6314 6067/6315 6100/6349
f 6067/6315 6101/6350 6100/6349
f 6067/6315 6068/6316 6101/6350
f 6068/6316 6102/6351 6101/6350
f 6068/6316 6069/6317 6102/6351
f 6069/6317 6103/6352 6102/6351
f 6069/6317 6070/6318 6103/6352
f 6070/6318 6104/6353 6103/6352
f 6070/6318 6071/6319 6104/6353
f 6071/6319 6105/6354 6104/6353
f 6071/6319 6072/6320 6105/6354
f 6074/6355 6106/6356 6107/6357
f 6074/6323 6073/6322 6106/6356
f 6073/6322 6108/6358 6106/6356
f 6073/6322 6075/6324 6108/6358
f 6075/6324 6109/6359 6108/6358
f 6075/6324 6076/6325 6109/6359
f 6076/6325 6110/6360 6109/6359
f 6076/6325 6077/6326 6110/6360
f 6077/6326 6111/6361 6110/6360
f 6077/6326 6078/6327 6111/6361
f 6078/6327 6112/6362 6111/6361
f 6078/6327 6079/6328 6112/6362
f 6079/6328 6113/6363 6112/6362
f 6079/6328 6080/6329 6113/6363
f 6080/6329 6114/6364 6113/6363
f 6080/6329 6081/6330 6114/6364
f 6081/6330 6115/6365 6114/6364
f 6081/6330 6082/6331 6115/6365
f 6082/6331 6116/6366 6115/6365
f 6082/6331 6083/6332 6116/6366
f 6083/6332 6117/6367 6116/6366
f 6083/6332 6084/6333 6117/6367
f 6084/6333 6118/6368 6117/6367
f 6084/6333 6085/6334 6118/6368
f 6085/6334 6119/6369 6118/6368
f 6085/6334 6086/6335 6119/6369
f 6086/6335 6120/6370 6119/6369
f 6086/6335 6087/6336 6120/6370
f 6087/6336 6121/6371 6120/6370
f 6087/6336 6088/6337 6121/6371
f 6088/6337 6122/6372 6121/6371
f 6088/6337 6089/6338 6122/6372
f 6089/6338 6123/6373 6122/6372
f 6089/6338 6090/6339 6123/6373
f 6090/6339 6124/6374 6123/6373
f 6090/6339 6091/6340 6124/6374
f 6091/6340 6125/6375 6124/6374
f 6091/6340 6092/6341 6125/6375
f 6092/6341 6126/6376 6125/6375
f 6092/6341 6093/6342 6126/6376
f 6093/6342 6127/6377 6126/6376
f 6093/6342 6094/6343 6127/6377
f 6094/6343 6128/6378 6127/6377
f 6094/6343 6095/6344 6128/6378
f 6095/6344 6129/6379 6128/6378
f 6095/6344 6096/6345 6129/6379
f 6096/6345 6130/6380 6129/6379
f 6096/6345 6097/6346 6130/6380
f 6097/6346 6131/6381 6130/6380
f 6097/6346 6098/6347 6131/6381
f 6098/6347 6132/6382 6131/6381
f 6098/6347 6099/6348 6132/6382
f 6099/6348 6133/6383 6132/6382
f 6099/6348 6100/6349 6133/6383
f 6100/6349 6134/6384 6133/6383
f 6100/6349 6101/6350 6134/6384
f 6101/6350 6135/6385 6134/6384
f 6101/6350 6102/6351 6135/6385
f 6102/6351 6136/6386 6135/6385
f 6102/6351 6103/6352 6136/6386
f 6103/6352 6137/6387 6136/6386
f 6103/6352 6104/6353 6137/6387
f 6104/6353 6138/6388 6137/6387
f 6104/6353 6105/6354 6138/6388
f 6107/6389 6139/6390 6140/6391
f 6107/6389 6106/6356 6139/6390
f 6106/6356 6141/6392 6139/6390
f 6106/6356 6108/6358 6141/6392
f 6108/6358 6142/6393 6141/6392
f 6108/6358 6109/6359 6142/6393
f 6109/6359 6143/6394 6142/6393
f 6109/6359 6110/6360 6143/6394
f 6110/6360 6144/6395 6143/6394
f 6110/6360 6111/6361 6144/6395
f 6111/6361 6145/6396 6144/6395
f 6111/6361 6112/6362 6145/6396
f 6112/6362 6146/6397 6145/6396
f 6112/6362 6113/6363 6146/6397
f 6113/6363 6147/6398 6146/6397
f 6113/6363 6114/6364 6147/6398
f 6114/6364 6148/6399 6147/6398
f 6114/6364 6115/6365 6148/6399
f 6115/6365 6149/6400 6148/6399
f 6115/6365 6116/6366 6149/6400
f 6116/6366 6150/6401 6149/6400
f 6116/6366 6117/6367 6150/6401
f 6117/6367 6151/6402 6150/6401
f 6117/6367 6118/6368 6151/6402
f 6118/6368 6152/6403 6151/6402
f 6118/6368 6119/6369 6152/6403
f 6119/6369 6153/6404 6152/6403
f 6119/6369 6120/6370 6153/6404
f 6120/6370 6154/6405 6153/6404
f 6120/6370 6121/6371 6154/6405
f 6121/6371 6155/6406 6154/6405
f 6121/6371 6122/6372 6155/6406
f 6122/6372 6156/6407 6155/6406
f 6122/6372 6123/6373 6156/6407
f 6123/6373 6157/6408 6156/6407
f 6123/6373 6124/6374 6157/6408
f 6124/6374 6158/6409 6157/6408
f 6124/6374 6125/6375 6158/6409
f 6125/6375 6159/6410 6158/6409
f 6125/6375 6126/6376 6159/6410
f 6126/6376 6160/6411 6159/6410
f 6126/6376 6127/6377 6160/6411
f 6127/6377 6161/6412 6160/6411
f 6127/6377 6128/6378 6161/6412
f 6128/6378 6162/6413 6161/6412
f 6128/6378 6129/6379 6162/6413
f 6129/6379 6163/6414 6162/6413
f 6129/6379 6130/6380 6163/6414
f 6130/6380 6164/6415 6163/6414
f 6130/6380 6131/6381 6164/6415
f 6131/6381 6165/6416 6164/6415
f 6131/6381 6132/6382 6165/6416
f 6132/6382 6166/6417 6165/6416
f 6132/6382 6133/6383 6166/6417
f 6133/6383 6167/6418 6166/6417
f 6133/6383 6134/6384 6167/6418
f 6134/6384 6168/6419 6167/6418
f 6134/6384 6135/6385 6168/6419
f 6135/6385 6169/6420 6168/6419
f 6135/6385 6136/6386 6169/6420
f 6136/6386 6170/6421 6169/6420
f 6136/6386 6137/6387 6170/6421
f 6137/6387 6171/6422 6170/6421
f 6137/6387 6138/6388 6171/6422
f 6140/6423 6172/6424 6173/6425
f 6140/6391 6139/6390 6172/6424
f 6139/6390 6174/6426 6172/6424
f 6139/6390 6141/6392 6174/6426
f 6141/6392 6175/6427 6174/6426
f 6141/6392 6142/6393 6175/6427
f 6142/6393 6176/6428 6175/6427
f 6142/6393 6143/6394 6176/6428
f 6143/6394 6177/6429 6176/6428
f 6143/6394 6144/6395 6177/6429
f 6144/6395 6178/6430 6177/6429
f 6144/6395 6145/6396 6178/6430
f 6145/6396 6179/6431 6178/6430
f 6145/6396 6146/6397 6179/6431
f 6146/6397 6180/6432 6179/6431
f 6146/6397 6147/6398 6180/6432
f 6147/6398 6181/6433 6180/6432
f 6147/6398 6148/6399 6181/6433
f 6148/6399 6182/6434 6181/6433
f 6148/6399 6149/6400 6182/6434
f 6149/6400 6183/6435 6182/6434
f 6149/6400 6150/6401 6183/6435
f 6150/6401 6184/6436 6183/6435
f 6150/6401 6151/6402 6184/6436
f 6151/6402 6185/6437 6184/6436
f 6151/6402 6152/6403 6185/6437
f 6152/6403 6186/6438 6185/6437
f 6152/6403 6153/6404 6186/6438
f 6153/6404 6187/6439 6186/6438
f 6153/6404 6154/6405 6187/6439
f 6154/6405 6188/6440 6187/6439
f 6154/6405 6155/6406 6188/6440
f 6155/6406 6189/6441 6188/6440
f 6155/6406 6156/6407 6189/6441
f 6156/6407 6190/6442 6189/6441
f 6156/6407 6157/6408 6190/6442
f 6157/6408 6191/6443 6190/6442
f 6157/6408 6158/6409 6191/6443
f 6158/6409 6192/6444 6191/6443
f 6158/6409 6159/6410 6192/6444
f 6159/6410 6193/6445 6192/6444
f 6159/6410 6160/6411 6193/6445
f 6160/6411 6194/6446 6193/6445
f 6160/6411 6161/6412 6194/6446
f 6161/6412 6195/6447 6194/6446
f 6161/6412 6162/6413 6195/6447
f 6162/6413 6196/6448 6195/6447
f 6162/6413 6163/6414 6196/6448
f 6163/6414 6197/6449 6196/6448
f 6163/6414 6164/6415 6197/6449
f 6164/6415 6198/6450 6197/6449
f 6164/6415 6165/6416 6198/6450
f 6165/6416 6199/6451 6198/6450
f 6165/6416 6166/6417 6199/6451
f 6166/6417 6200/6452 6199/6451
f 6166/6417 6167/6418 6200/6452
f 6167/6418 6201/6453 6200/6452
f 6167/6418 6168/6419 6201/6453
f 6168/6419 6202/6454 6201/6453
f 6168/6419 6169/6420 6202/6454
f 6169/6420 6203/6455 6202/6454
f 6169/6420 6170/6421 6203/6455
f 6170/6421 6204/6456 6203/6455
f 6170/6421 6171/6422 6204/6456
f 6173/6457 6205/6458 6206/6459
f 6173/6457 6172/6424 6205/6458
f 6172/6424 6207/6460 6205/6458
f 6172/6424 6174/6426 6207/6460
f 6174/6426 6208/6461 6207/6460
f 6174/6426 6175/6427 6208/6461
f 6175/6427 6209/6462 6208/6461
f 6175/6427 6176/6428 6209/6462
f 6176/6428 6210/6463 6209/6462
f 6176/6428 6177/6429 6210/6463
f 6177/6429 6211/6464 6210/6463
f 6177/6429 6178/6430 6211/6464
f 6178/6430 6212/6465 6211/6464
f 6178/6430 6179/6431 6212/6465
f 6179/6431 6213/6466 6212/6465
f 6179/6431 6180/6432 6213/6466
f 6180/6432 6214/6467 6213/6466
f 6180/6432 6181/6433 6214/6467
f 6181/6433 6215/6468 6214/6467
f 6181/6433 6182/6434 6215/6468
f 6182/6434 6216/6469 6215/6468
f 6182/6434 6183/6435 6216/6469
f 6183/6435 6217/6470 6216/6469
f 6183/6435 6184/6436 6217/6470
f 6184/6436 6218/6471 6217/6470
f 6184/6436 6185/6437 6218/6471
f 6185/6437 6219/6472 6218/6471
f 6185/6437 6186/6438 6219/6472
f 6186/6438 6220/6473 6219/6472
f 6186/6438 6187/6439 6220/6473
f 6187/6439 6221/6474 6220/6473
f 6187/6439 6188/6440 6221/6474
f 6188/6440 6222/6475 6221/6474
f 6188/6440 6189/6441 6222/6475
f 6189/6441 6223/6476 6222/6475
f 6189/6441 6190/6442 6223/6476
f 6190/6442 6224/6477 6223/6476
f 6190/6442 6191/6443 6224/6477
f 6191/6443 6225/6478 6224/6477
f 6191/6443 6192/6444 6225/6478
f 6192/6444 6226/6479 6225/6478
f 6192/6444 6193/6445 6226/6479
f 6193/6445 6227/6480 6226/6479
f 6193/6445 6194/6446 6227/6480
f 6194/6446 6228/6481 6227/6480
f 6194/6446 6195/6447 6228/6481
f 6195/6447 6229/6482 6228/6481
f 6195/6447 6196/6448 6229/6482
f 6196/6448 6230/6483 6229/6482
f 6196/6448 6197/6449 6230/6483
f 6197/6449 6231/6484 6230/6483
f 6197/6449 6198/6450 6231/6484
f 6198/6450 6232/6485 6231/6484
f 6198/6450 6199/6451 6232/6485
f 6199/6451 6233/6486 6232/6485
f 6199/6451 6200/6452 6233/6486
f 6200/6452 6234/6487 6233/6486
f 6200/6452 6201/6453 6234/6487
f 6201/6453 6235/6488 6234/6487
f 6201/6453 6202/6454 6235/6488
f 6202/6454 6236/6489 6235/6488
f 6202/6454 6203/6455 6236/6489
f 6203/6455 6237/6490 6236/6489
f 6203/6455 6204/6456 6237/6490
f 6206/6491 6238/6492 6239/6493
f 6206/6459 6205/6458 6238/6492
f 6205/6458 6240/6494 6238/6492
f 6205/6458 6207/6460 6240/6494
f 6207/6460 6241/6495 6240/6494
f 6207/6460 6208/6461 6241/6495
f 6208/6461 6242/6496 6241/6495
f 6208/6461 6209/6462 6242/6496
f 6209/6462 6243/6497 6242/6496
f 6209/6462 6210/6463 6243/6497
f 6210/6463 6244/6498 6243/6497
f 6210/6463 6211/6464 6244/6498
f 6211/6464 6245/6499 6244/6498
f 6211/6464 6212/6465 6245/6499
f 6212/6465 6246/6500 6245/6499
f 6212/6465 6213/6466 6246/6500
f 6213/6466 6247/6501 6246/6500
f 6213/6466 6214/6467 6247/6501
f 6214/6467 6248/6502 6247/6501
f 6214/6467 6215/6468 6248/6502
f 6215/6468 6249/6503 6248/6502
f 6215/6468 6216/6469 6249/6503
f 6216/6469 6250/6504 6249/6503
f 6216/6469 6217/6470 6250/6504
f 6217/6470 6251/6505 6250/6504
f 6217/6470 6218/6471 6251/6505
f 6218/6471 6252/6506 6251/6505
f 6218/6471 6219/6472 6252/6506
f 6219/6472 6253/6507 6252/6506
f 6219/6472 6220/6473 6253/6507
f 6220/6473 6254/6508 6253/6507
f 6220/6473 6221/6474 6254/6508
f 6221/6474 6255/6509 6254/6508
f 6221/6474 6222/6475 6255/6509
f 6222/6475 6256/6510 6255/6509
f 6222/6475 6223/6476 6256/6510
f 6223/6476 6257/6511 6256/6510
f 6223/6476 6224/6477 6257/6511
f 6224/6477 6258/6512 6257/6511
f 6224/6477 6225/6478 6258/6512
f 6225/6478 6259/6513 6258/6512
f 6225/6478 6226/6479 6259/6513
f 6226/6479 6260/6514 6259/6513
f 6226/6479 6227/6480 6260/6514
f 6227/6480 6261/6515 6260/6514
f 6227/6480 6228/6481 6261/6515
f 6228/6481 6262/6516 6261/6515
f 6228/6481 6229/6482 6262/6516
f 6229/6482 6263/6517 6262/6516
f 6229/6482 6230/6483 6263/6517
f 6230/6483 6264/6518 6263/6517
f 6230/6483 6231/6484 6264/6518
f 6231/6484 6265/6519 6264/6518
f 6231/6484 6232/6485 6265/6519
f 6232/6485 6266/6520 6265/6519
f 6232/6485 6233/6486 6266/6520
f 6233/6486 6267/6521 6266/6520
f 6233/6486 6234/6487 6267/6521
f 6234/6487 6268/6522 6267/6521
f 6234/6487 6235/6488 6268/6522
f 6235/6488 6269/6523 6268/6522
f 6235/6488 6236/6489 6269/6523
f 6236/6489 6270/6524 6269/6523
f 6236/6489 6237/6490 6270/6524
f 6239/6525 6271/6526 6272/6527
f 6239/6525 6238/6492 6271/6526
f 6238/6492 6273/6528 6271/6526
f 6238/6492 6240/6494 6273/6528
f 6240/6494 6274/6529 6273/6528
f 6240/6494 6241/6495 6274/6529
f 6241/6495 6275/6530 6274/6529
f 6241/6495 6242/6496 6275/6530
f 6242/6496 6276/6531 6275/6530
f 6242/6496 6243/6497 6276/6531
f 6243/6497 6277/6532 6276/6531
f 6243/6497 6244/6498 6277/6532
f 6244/6498 6278/6533 6277/6532
f 6244/6498 6245/6499 6278/6533
f 6245/6499 6279/6534 6278/6533
f 6245/6499 6246/6500 6279/6534
f 6246/6500 6280/6535 6279/6534
f 6246/6500 6247/6501 6280/6535
f 6247/6501 6281/6536 6280/6535
f 6247/6501 6248/6502 6281/6536
f 6248/6502 6282/6537 6281/6536
f 6248/6502 6249/6503 6282/6537
f 6249/6503 6283/6538 6282/6537
f 6249/6503 6250/6504 6283/6538
f 6250/6504 6284/6539 6283/6538
f 6250/6504 6251/6505 6284/6539
f 6251/6505 6285/6540 6284/6539
f 6251/6505 6252/6506 6285/6540
f 6252/6506 6286/6541 6285/6540
f 6252/6506 6253/6507 6286/6541
f 6253/6507 6287/6542 6286/6541
f 6253/6507 6254/6508 6287/6542
f 6254/6508 6288/6543 6287/6542
f 6254/6508 6255/6509 6288/6543
f 6255/6509 6289/6544 6288/6543
f 6255/6509 6256/6510 6289/6544
f 6256/6510 6290/6545 6289/6544
f 6256/6510 6257/6511 6290/6545
f 6257/6511 6291/6546 6290/6545
f 6257/6511 6258/6512 6291/6546
f 6258/6512 6292/6547 6291/6546
f 6258/6512 6259/6513 6292/6547
f 6259/6513 6293/6548 6292/6547
f 6259/6513 6260/6514 6293/6548
f 6260/6514 6294/6549 6293/6548
f 6260/6514 6261/6515 6294/6549
f 6261/6515 6295/6550 6294/6549
f 6261/6515 6262/6516 6295/6550
f 6262/6516 6296/6551 6295/6550
f 6262/6516 6263/6517 6296/6551
f 6263/6517 6297/6552 6296/6551
f 6263/6517 6264/6518 6297/6552
f 6264/6518 6298/6553 6297/6552
f 6264/6518 6265/6519 6298/6553
f 6265/6519 6299/6554 6298/6553
f 6265/6519 6266/6520 6299/6554
f 6266/6520 6300/6555 6299/6554
f 6266/6520 6267/6521 6300/6555
f 6267/6521 6301/6556 6300/6555
f 6267/6521 6268/6522 6301/6556
f 6268/6522 6302/6557 6301/6556
f 6268/6522 6269/6523 6302/6557
f 6269/6523 6303/6558 6302/6557
f 6269/6523 6270/6524 6303/6558
f 6272/6559 6304/6560 6305/6561
f 6272/6559 6271/6526 6304/6560
f 6271/6526 6306/6562 6304/6560
f 6271/6526 6273/6528 6306/6562
f 6273/6528 6307/6563 6306/6562
f 6273/6528 6274/6529 6307/6563
f 6274/6529 6308/6564 6307/6563
f 6274/6529 6275/6530 6308/6564
f 6275/6530 6309/6565 6308/6564
f 6275/6530 6276/6531 6309/6565
f 6276/6531 6310/6566 6309/6565
f 6276/6531 6277/6532 6310/6566
f 6277/6532 6311/6567 6310/6566
f 6277/6532 6278/6533 6311/6567
f 6278/6533 6312/6568 6311/6567
f 6278/6533 6279/6534 6312/6568
f 6279/6534 6313/6569 6312/6568
f 6279/6534 6280/6535 6313/6569
f 6280/6535 6314/6570 6313/6569
f 6280/6535 6281/6536 6314/6570
f 6281/6536 6315/6571 6314/6570
f 6281/6536 6282/6537 6315/6571
f 6282/6537 6316/6572 6315/6571
f 6282/6537 6283/6538 6316/6572
f 6283/6538 6317/6573 6316/6572
f 6283/6538 6284/6539 6317/6573
f 6284/6539 6318/6574 6317/6573
f 6284/6539 6285/6540 6318/6574
f 6285/6540 6319/6575 6318/6574
f 6285/6540 6286/6541 6319/6575
f 6286/6541 6320/6576 6319/6575
f 6286/6541 6287/6542 6320/6576
f 6287/6542 6321/6577 6320/6576
f 6287/6542 6288/6543 6321/6577
f 6288/6543 6322/6578 6321/6577
f 6288/6543 6289/6544 6322/6578
f 6289/6544 6323/6579 6322/6578
f 6289/6544 6290/6545 6323/6579
f 6290/6545 6324/6580 6323/6579
f 6290/6545 6291/6546 6324/6580
f 6291/6546 6325/6581 6324/6580
f 6291/6546 6292/6547 6325/6581
f 6292/6547 6326/6582 6325/6581
f 6292/6547 6293/6548 6326/6582
f 6293/6548 6327/6583 6326/6582
f 6293/6548 6294/6549 6327/6583
f 6294/6549 6328/6584 6327/6583
f 6294/6549 6295/6550 6328/6584
f 6295/6550 6329/6585 6328/6584
f 6295/6550 6296/6551 6329/6585
f 6296/6551 6330/6586 6329/6585
f 6296/6551 6297/6552 6330/6586
f 6297/6552 6331/6587 6330/6586
f 6297/6552 6298/6553 6331/6587
f 6298/6553 6332/6588 6331/6587
f 6298/6553 6299/6554 6332/6588
f 6299/6554 6333/6589 6332/6588
f 6299/6554 6300/6555 6333/6589
f 6300/6555 6334/6590 6333/6589
f 6300/6555 6301/6556 6334/6590
f 6301/6556 6335/6591 6334/6590
f 6301/6556 6302/6557 6335/6591
f 6302/6557 6336/6592 6335/6591
f 6302/6557 6303/6558 6336/6592
f 6305/6593 6337/6594 6338/6595
f 6305/6561 6304/6560 6337/6594
f 6304/6560 6339/6596 6337/6594
f 6304/6560 6306/6562 6339/6596
f 6306/6562 6340/6597 6339/6596
f 6306/6562 6307/6563 6340/6597
f 6307/6563 6341/6598 6340/6597
f 6307/6563 6308/6564 6341/6598
f 6308/6564 6342/6599 6341/6598
f 6308/6564 6309/6565 6342/6599
f 6309/6565 6343/6600 6342/6599
f 6309/6565 6310/6566 6343/6600
f 6310/6566 6344/6601 6343/6600
f 6310/6566 6311/6567 6344/6601
f 6311/6567 6345/6602 6344/6601
f 6311/6567 6312/6568 6345/6602
f 6312/6568 6346/6603 6345/6602
f 6312/6568 6313/6569 6346/6603
f 6313/6569 6347/6604 6346/6603
f 6313/6569 6314/6570 6347/6604
f 6314/6570 6348/6605 6347/6604
f 6314/6570 6315/6571 6348/6605
f 6315/6571 6349/6606 6348/6605
f 6315/6571 6316/6572 6349/6606
f 6316/6572 6350/6607 6349/6606
f 6316/6572 6317/6573 6350/6607
f 6317/6573 6351/6608 6350/6607
f 6317/6573 6318/6574 6351/6608
f 6318/6574 6352/6609 6351/6608
f 6318/6574 6319/6575 6352/6609
f 6319/6575 6353/6610 6352/6609
f 6319/6575 6320/6576 6353/6610
f 6320/6576 6354/6611 6353/6610
f 6320/6576 6321/6577 6354/6611
f 6321/6577 6355/6612 6354/6611
f 6321/6577 6322/6578 6355/6612
f 6322/6578 6356/6613 6355/6612
f 6322/6578 6323/6579 6356/6613
f 6323/6579 6357/6614 6356/6613
f 6323/6579 6324/6580 6357/6614
f 6324/6580 6358/6615 6357/6614
f 6324/6580 6325/6581 6358/6615
f 6325/6581 6359/6616 6358/6615
f 6325/6581 6326/6582 6359/6616
f 6326/6582 6360/6617 6359/6616
f 6326/6582 6327/6583 6360/6617
f 6327/6583 6361/6618 6360/6617
f 6327/6583 6328/6584 6361/6618
f 6328/6584 6362/6619 6361/6618
f 6328/6584 6329/6585 6362/6619
f 6329/6585 6363/6620 6362/6619
f 6329/6585 6330/6586 6363/6620
f 6330/6586 6364/6621 6363/6620
f 6330/6586 6331/6587 6364/6621
f 6331/6587 6365/6622 6364/6621
f 6331/6587 6332/6588 6365/6622
f 6332/6588 6366/6623 6365/6622
f 6332/6588 6333/6589 6366/6623
f 6333/6589 6367/6624 6366/6623
f 6333/6589 6334/6590 6367/6624
f 6334/6590 6368/6625 6367/6624
f 6334/6590 6335/6591 6368/6625
f 6335/6591 6369/6626 6368/6625
f 6335/6591 6336/6592 6369/6626
f 6338/6627 6370/6628 6371/6629
f 6338/6627 6337/6594 6370/6628
f 6337/6594 6372/6630 6370/6628
f 6337/6594 6339/6596 6372/6630
f 6339/6596 6373/6631 6372/6630
f 6339/6596 6340/6597 6373/6631
f 6340/6597 6374/6632 6373/6631
f 6340/6597 6341/6598 6374/6632
f 6341/6598 6375/6633 6374/6632
f 6341/6598 6342/6599 6375/6633
f 6342/6599 6376/6634 6375/6633
f 6342/6599 6343/6600 6376/6634
f 6343/6600 6377/6635 6376/6634
f 6343/6600 6344/6601 6377/6635
f 6344/6601 6378/6636 6377/6635
f 6344/6601 6345/6602 6378/6636
f 6345/6602 6379/6637 6378/6636
f 6345/6602 6346/6603 6379/6637
f 6346/6603 6380/6638 6379/6637
f 6346/6603 6347/6604 6380/6638
f 6347/6604 6381/6639 6380/6638
f 6347/6604 6348/6605 6381/6639
f 6348/6605 6382/6640 6381/6639
f 6348/6605 6349/6606 6382/6640
f 6349/6606 6383/6641 6382/6640
f 6349/6606 6350/6607 6383/6641
f 6350/6607 6384/6642 6383/6641
f 6350/6607 6351/6608 6384/6642
f 6351/6608 6385/6643 6384/6642
f 6351/6608 6352/6609 6385/6643
f 6352/6609 6386/6644 6385/6643
f 6352/6609 6353/6610 6386/6644
f 6353/6610 6387/6645 6386/6644
f 6353/6610 6354/6611 6387/6645
f 6354/6611 6388/6646 6387/6645
f 6354/6611 6355/6612 6388/6646
f 6355/6612 6389/6647 6388/6646
f 6355/6612 6356/6613 6389/6647
f 6356/6613 6390/6648 6389/6647
f 6356/6613 6357/6614 6390/6648
f 6357/6614 6391/6649 6390/6648
f 6357/6614 6358/6615 6391/6649
f 6358/6615 6392/6650 6391/6649
f 6358/6615 6359/6616 6392/6650
f 6359/6616 6393/6651 6392/6650
f 6359/6616 6360/6617 6393/6651
f 6360/6617 6394/6652 6393/6651
f 6360/6617 6361/6618 6394/6652
f 6361/6618 6395/6653 6394/6652
f 6361/6618 6362/6619 6395/6653
f 6362/6619 6396/6654 6395/6653
f 6362/6619 6363/6620 6396/6654
f 6363/6620 6397/6655 6396/6654
f 6363/6620 6364/6621 6397/6655
f 6364/6621 6398/6656 6397/6655
f 6364/6621 6365/6622 6398/6656
f 6365/6622 6399/6657 6398/6656
f 6365/6622 6366/6623 6399/6657
f 6366/6623 6400/6658 6399/6657
f 6366/6623 6367/6624 6400/6658
f 6367/6624 6401/6659 6400/6658
f 6367/6624 6368/6625 6401/6659
f 6368/6625 6402/6660 6401/6659
f 6368/6625 6369/6626 6402/6660
f 6371/6661 6403/6662 6404/6663
f 6371/6629 6370/6628 6403/6662
f 6370/6628 6405/6664 6403/6662
f 6370/6628 6372/6630 6405/6664
f 6372/6630 6406/6665 6405/6664
f 6372/6630 6373/6631 6406/6665
f 6373/6631 6407/6666 6406/6665
f 6373/6631 6374/6632 6407/6666
f 6374/6632 6408/6667 6407/6666
f 6374/6632 6375/6633 6408/6667
f 6375/6633 6409/6668 6408/6667
f 6375/6633 6376/6634 6409/6668
f 6376/6634 6410/6669 6409/6668
f 6376/6634 6377/6635 6410/6669
f 6377/6635 6411/6670 6410/6669
f 6377/6635 6378/6636 6411/6670
f 6378/6636 6412/6671 6411/6670
f 6378/6636 6379/6637 6412/6671
f 6379/6637 6413/6672 6412/6671
f 6379/6637 6380/6638 6413/6672
f 6380/6638 6414/6673 6413/6672
f 6380/6638 6381/6639 6414/6673
f 6381/6639 6415/6674 6414/6673
f 6381/6639 6382/6640 6415/6674
f 6382/6640 6416/6675 6415/6674
f 6382/6640 6383/6641 6416/6675
f 6383/6641 6417/6676 6416/6675
f 6383/6641 6384/6642 6417/6676
f 6384/6642 6418/6677 6417/6676
f 6384/6642 6385/6643 6418/6677
f 6385/6643 6419/6678 6418/6677
f 6385/6643 6386/6644 6419/6678
f 6386/6644 6420/6679 6419/6678
f 6386/6644 6387/6645 6420/6679
f 6387/6645 6421/6680 6420/6679
f 6387/6645 6388/6646 6421/6680
f 6388/6646 6422/6681 6421/6680
f 6388/6646 6389/6647 6422/6681
f 6389/6647 6423/6682 6422/6681
f 6389/6647 6390/6648 6423/6682
f 6390/6648 6424/6683 6423/6682
f 6390/6648 6391/6649 6424/6683
f 6391/6649 6425/6684 6424/6683
f 6391/6649 6392/6650 6425/6684
f 6392/6650 6426/6685 6425/6684
f 6392/6650 6393/6651 6426/6685
f 6393/6651 6427/6686 6426/6685
f 6393/6651 6394/6652 6427/6686
f 6394/6652 6428/6687 6427/6686
f 6394/6652 6395/6653 6428/6687
f 6395/6653 6429/6688 6428/6687
f 6395/6653 6396/6654 6429/6688
f 6396/6654 6430/6689 6429/6688
f 6396/6654 6397/6655 6430/6689
f 6397/6655 6431/6690 6430/6689
f 6397/6655 6398/6656 6431/6690
f 6398/6656 6432/6691 6431/6690
f 6398/6656 6399/6657 6432/6691
f 6399/6657 6433/6692 6432/6691
f 6399/6657 6400/6658 6433/6692
f 6400/6658 6434/6693 6433/6692
f 6400/6658 6401/6659 6434/6693
f 6401/6659 6435/6694 6434/6693
f 6401/6659 6402/6660 6435/6694
f 6404/6695 6436/6696 6437/6697
f 6404/6695 6403/6662 6436/6696
f 6403/6662 6438/6698 6436/6696
f 6403/6662 6405/6664 6438/6698
f 6405/6664 6439/6699 6438/6698
f 6405/6664 6406/6665 6439/6699
f 6406/6665 6440/6700 6439/6699
f 6406/6665 6407/6666 6440/6700
f 6407/6666 6441/6701 6440/6700
f 6407/6666 6408/6667 6441/6701
f 6408/6667 6442/6702 6441/6701
f 6408/6667 6409/6668 6442/6702
f 6409/6668 6443/6703 6442/6702
f 6409/6668 6410/6669 6443/6703
f 6410/6669 6444/6704 6443/6703
f 6410/6669 6411/6670 6444/6704
f 6411/6670 6445/6705 6444/6704
f 6411/6670 6412/6671 6445/6705
f 6412/6671 6446/6706 6445/6705
f 6412/6671 6413/6672 6446/6706
f 6413/6672 6447/6707 6446/6706
f 6413/6672 6414/6673 6447/6707
f 6414/6673 6448/6708 6447/6707
f 6414/6673 6415/6674 6448/6708
f 6415/6674 6449/6709 6448/6708
f 6415/6674 6416/6675 6449/6709
f 6416/6675 6450/6710 6449/6709
f 6416/6675 6417/6676 6450/6710
f 6417/6676 6451/6711 6450/6710
f 6417/6676 6418/6677 6451/6711
f 6418/6677 6452/6712 6451/6711
f 6418/6677 6419/6678 6452/6712
f 6419/6678 6453/6713 6452/6712
f 6419/6678 6420/6679 6453/6713
f 6420/6679 6454/6714 6453/6713
f 6420/6679 6421/6680 6454/6714
f 6421/6680 6455/6715 6454/6714
f 6421/6680 6422/6681 6455/6715
f 6422/6681 6456/6716 6455/6715
f 6422/6681 6423/6682 6456/6716
f 6423/6682 6457/6717 6456/6716
f 6423/6682 6424/6683 6457/6717
f 6424/6683 6458/6718 6457/6717
f 6424/6683 6425/6684 6458/6718
f 6425/6684 6459/6719 6458/6718
f 6425/6684 6426/6685 6459/6719
f 6426/6685 6460/6720 6459/6719
f 6426/6685 6427/6686 6460/6720
f 6427/6686 6461/6721 6460/6720
f 6427/6686 6428/6687 6461/6721
f 6428/6687 6462/6722 6461/6721
f 6428/6687 6429/6688 6462/6722
f 6429/6688 6463/6723 6462/6722
f 6429/6688 6430/6689 6463/6723
f 6430/6689 6464/6724 6463/6723
f 6430/6689 6431/6690 6464/6724
f 6431/6690 6465/6725 6464/6724
f 6431/6690 6432/6691 6465/6725
f 6432/6691 6466/6726 6465/6725
f 6432/6691 6433/6692 6466/6726
f 6433/6692 6467/6727 6466/6726
f 6433/6692 6434/6693 6467/6727
f 6434/6693 6468/6728 6467/6727
f 6434/6693 6435/6694 6468/6728
f 6437/6729 6469/6730 6470/6731
f 6437/6697 6436/6696 6469/6730
f 6436/6696 6471/6732 6469/6730
f 6436/6696 6438/6698 6471/6732
f 6438/6698 6472/6733 6471/6732
f 6438/6698 6439/6699 6472/6733
f 6439/6699 6473/6734 6472/6733
f 6439/6699 6440/6700 6473/6734
f 6440/6700 6474/6735 6473/6734
f 6440/6700 6441/6701 6474/6735
f 6441/6701 6475/6736 6474/6735
f 6441/6701 6442/6702 6475/6736
f 6442/6702 6476/6737 6475/6736
f 6442/6702 6443/6703 6476/6737
f 6443/6703 6477/6738 6476/6737
f 6443/6703 6444/6704 6477/6738
f 6444/6704 6478/6739 6477/6738
f 6444/6704 6445/6705 6478/6739
f 6445/6705 6479/6740 6478/6739
f 6445/6705 6446/6706 6479/6740
f 6446/6706 6480/6741 6479/6740
f 6446/6706 6447/6707 6480/6741
f 6447/6707 6481/6742 6480/6741
f 6447/6707 6448/6708 6481/6742
f 6448/6708 6482/6743 6481/6742
f 6448/6708 6449/6709 6482/6743
f 6449/6709 6483/6744 6482/6743
f 6449/6709 6450/6710 6483/6744
f 6450/6710 6484/6745 6483/6744
f 6450/6710 6451/6711 6484/6745
f 6451/6711 6485/6746 6484/6745
f 6451/6711 6452/6712 6485/6746
f 6452/6712 6486/6747 6485/6746
f 6452/6712 6453/6713 6486/6747
f 6453/6713 6487/6748 6486/6747
f 6453/6713 6454/6714 6487/6748
f 6454/6714 6488/6749 6487/6748
f 6454/6714 6455/6715 6488/6749
f 6455/6715 6489/6750 6488/6749
f 6455/6715 6456/6716 6489/6750
f 6456/6716 6490/6751 6489/6750
f 6456/6716 6457/6717 6490/6751
f 6457/6717 6491/6752 6490/6751
f 6457/6717 6458/6718 6491/6752
f 6458/6718 6492/6753 6491/6752
f 6458/6718 6459/6719 6492/6753
f 6459/6719 6493/6754 6492/6753
f 6459/6719 6460/6720 6493/6754
f 6460/6720 6494/6755 6493/6754
f 6460/6720 6461/6721 6494/6755
f 6461/6721 6495/6756 6494/6755
f 6461/6721 6462/6722 6495/6756
f 6462/6722 6496/6757 6495/6756
f 6462/6722 6463/6723 6496/6757
f 6463/6723 6497/6758 6496/6757
f 6463/6723 6464/6724 6497/6758
f 6464/6724 6498/6759 6497/6758
f 6464/6724 6465/6725 6498/6759
f 6465/6725 6499/6760 6498/6759
f 6465/6725 6466/6726 6499/6760
f 6466/6726 6500/6761 6499/6760
f 6466/6726 6467/6727 6500/6761
f 6467/6727 6501/6762 6500/6761
f 6467/6727 6468/6728 6501/6762
f 6470/6763 6502/6764 6503/6765
f 6470/6731 6469/6730 6502/6764
f 6469/6730 6504/6766 6502/6764
f 6469/6730 6471/6732 6504/6766
f 6471/6732 6505/6767 6504/6766
f 6471/6732 6472/6733 6505/6767
f 6472/6733 6506/6768 6505/6767
f 6472/6733 6473/6734 6506/6768
f 6473/6734 6507/6769 6506/6768
f 6473/6734 6474/6735 6507/6769
f 6474/6735 6508/6770 6507/6769
f 6474/6735 6475/6736 6508/6770
f 6475/6736 6509/6771 6508/6770
f 6475/6736 6476/6737 6509/6771
f 6476/6737 6510/6772 6509/6771
f 6476/6737 6477/6738 6510/6772
f 6477/6738 6511/6773 6510/6772
f 6477/6738 6478/6739 6511/6773
f 6478/6739 6512/6774 6511/6773
f 6478/6739 6479/6740 6512/6774
f 6479/6740 6513/6775 6512/6774
f 6479/6740 6480/6741 6513/6775
f 6480/6741 6514/6776 6513/6775
f 6480/6741 6481/6742 6514/6776
f 6481/6742 6515/6777 6514/6776
f 6481/6742 6482/6743 6515/6777
f 6482/6743 6516/6778 6515/6777
f 6482/6743 6483/6744 6516/6778
f 6483/6744 6517/6779 6516/6778
f 6483/6744 6484/6745 6517/6779
f 6484/6745 6518/6780 6517/6779
f 6484/6745 6485/6746 6518/6780
f 6485/6746 6519/6781 6518/6780
f 6485/6746 6486/6747 6519/6781
f 6486/6747 6520/6782 6519/6781
f 6486/6747 6487/6748 6520/6782
f 6487/6748 6521/6783 6520/6782
f 6487/6748 6488/6749 6521/6783
f 6488/6749 6522/6784 6521/6783
f 6488/6749 6489/6750 6522/6784
f 6489/6750 6523/6785 6522/6784
f 6489/6750 6490/6751 6523/6785
f 6490/6751 6524/6786 6523/6785
f 6490/6751 6491/6752 6524/6786
f 6491/6752 6525/6787 6524/6786
f 6491/6752 6492/6753 6525/6787
f 6492/6753 6526/6788 6525/6787
f 6492/6753 6493/6754 6526/6788
f 6493/6754 6527/6789 6526/6788
f 6493/6754 6494/6755 6527/6789
f 6494/6755 6528/6790 6527/6789
f 6494/6755 6495/6756 6528/6790
f 6495/6756 6529/6791 6528/6790
f 6495/6756 6496/6757 6529/6791
f 6496/6757 6530/6792 6529/6791
f 6496/6757 6497/6758 6530/6792
f 6497/6758 6531/6793 6530/6792
f 6497/6758 6498/6759 6531/6793
f 6498/6759 6532/6794 6531/6793
f 6498/6759 6499/6760 6532/6794
f 6499/6760 6533/6795 6532/6794
f 6499/6760 6500/6761 6533/6795
f 6500/6761 6534/6796 6533/6795
f 6500/6761 6501/6762 6534/6796
f 6535/6797 6536/6798 6537/6799
f 6535/6797 6538/6800 6536/6798
f 6538/6800 6539/6801 6536/6798
f 6538/6800 6540/6802 6539/6801
f 6540/6802 6541/6803 6539/6801
f 6540/6802 6542/6804 6541/6803
f 6542/6804 6543/6805 6541/6803
f 6542/6804 6544/6806 6543/6805
f 6544/6806 6545/6807 6543/6805
f 6544/6806 6546/6808 6545/6807
f 6546/6808 6547/6809 6545/6807
f 6546/6808 6548/6810 6547/6809
f 6548/6810 6549/6811 6547/6809
f 6548/6810 6550/6812 6549/6811
f 6550/6812 6551/6813 6549/6811
f 6550/6812 6552/6814 6551/6813
f 6552/6814 6553/6815 6551/6813
f 6552/6814 6554/6816 6553/6815
f 6554/6816 6555/6817 6553/6815
f 6554/6816 6556/6818 6555/6817
f 6556/6818 6557/6819 6555/6817
f 6556/6818 6558/6820 6557/6819
f 6558/6820 6559/6821 6557/6819
f 6558/6820 6560/6822 6559/6821
f 6560/6822 6561/6823 6559/6821
f 6560/6822 6562/6824 6561/6823
f 6562/6824 6563/6825 6561/6823
f 6562/6824 6564/6826 6563/6825
f 6564/6826 6565/6827 6563/6825
f 6564/6826 6566/6828 6565/6827
f 6566/6828 6567/6829 6565/6827
f 6566/6828 6568/6830 6567/6829
f 6568/6830 6569/6831 6567/6829
f 6568/6830 6570/6832 6569/6831
f 6570/6832 6571/6833 6569/6831
f 6570/6832 6572/6834 6571/6833
f 6572/6834 6573/6835 6571/6833
f 6572/6834 6574/6836 6573/6835
f 6574/6836 6575/6837 6573/6835
f 6574/6836 6576/6838 6575/6837
f 6576/6838 6577/6839 6575/6837
f 6576/6838 6578/6840 6577/6839
f 6578/6840 6579/6841 6577/6839
f 6578/6840 6580/6842 6579/6841
f 6580/6842 6581/6843 6579/6841
f 6580/6842 6582/6844 6581/6843
f 6582/6844 6583/6845 6581/6843
f 6582/6844 6584/6846 6583/6845
f 6584/6846 6585/6847 6583/6845
f 6584/6846 6586/6848 6585/6847
f 6586/6848 6587/6849 6585/6847
f 6586/6848 6588/6850 6587/6849
f 6588/6850 6589/6851 6587/6849
f 6588/6850 6590/6852 6589/6851
f 6590/6852 6591/6853 6589/6851
f 6590/6852 6592/6854 6591/6853
f 6592/6854 6593/6855 6591/6853
f 6592/6854 6594/6856 6593/6855
f 6594/6856 6595/6857 6593/6855
f 6594/6856 6596/6858 6595/6857
f 6596/6858 6597/6859 6595/6857
f 6596/6858 6598/6860 6597/6859
f 6598/6860 6599/6861 6597/6859
f 6598/6860 6600/6862 6599/6861
f 6537/6863 6601/6864 6602/6865
f 6537/6863 6536/6798 6601/6864
f 6536/6798 6603/6866 6601/6864
f 6536/6798 6539/6801 6603/6866
f 6539/6801 6604/6867 6603/6866
f 6539/6801 6541/6803 6604/6867
f 6541/6803 6605/6868 6604/6867
f 6541/6803 6543/6805 6605/6868
f 6543/6805 6606/6869 6605/6868
f 6543/6805 6545/6807 6606/6869
f 6545/6807 6607/6870 6606/6869
f 6545/6807 6547/6809 6607/6870
f 6547/6809 6608/6871 6607/6870
f 6547/6809 6549/6811 6608/6871
f 6549/6811 6609/6872 6608/6871
f 6549/6811 6551/6813 6609/6872
f 6551/6813 6610/6873 6609/6872
f 6551/6813 6553/6815 6610/6873
f 6553/6815 6611/6874 6610/6873
f 6553/6815 6555/6817 6611/6874
f 6555/6817 6612/6875 6611/6874
f 6555/6817 6557/6819 6612/6875
f 6557/6819 6613/6876 6612/6875
f 6557/6819 6559/6821 6613/6876
f 6559/6821 6614/6877 6613/6876
f 6559/6821 6561/6823 6614/6877
f 6561/6823 6615/6878 6614/6877
f 6561/6823 6563/6825 6615/6878
f 6563/6825 6616/6879 6615/6878
f 6563/6825 6565/6827 6616/6879
f 6565/6827 6617/6880 6616/6879
f 6565/6827 6567/6829 6617/6880
f 6567/6829 6618/6881 6617/6880
f 6567/6829 6569/6831 6618/6881
f 6569/6831 6619/6882 6618/6881
f 6569/6831 6571/6833 6619/6882
f 6571/6833 6620/6883 6619/6882
f 6571/6833 6573/6835 6620/6883
f 6573/6835 6621/6884 6620/6883
f 6573/6835 6575/6837 6621/6884
f 6575/6837 6622/6885 6621/6884
f 6575/6837 6577/6839 6622/6885
f 6577/6839 6623/6886 6622/6885
f 6577/6839 6579/6841 6623/6886
f 6579/6841 6624/6887 6623/6886
f 6579/6841 6581/6843 6624/6887
f 6581/6843 6625/6888 6624/6887
f 6581/6843 6583/6845 6625/6888
f 6583/6845 6626/6889 6625/6888
f 6583/6845 6585/6847 6626/6889
f 6585/6847 6627/6890 6626/6889
f 6585/6847 6587/6849 6627/6890
f 6587/6849 6628/6891 6627/6890
f 6587/6849 6589/6851 6628/6891
f 6589/6851 6629/6892 6628/6891
f 6589/6851 6591/6853 6629/6892
f 6591/6853 6630/6893 6629/6892
f 6591/6853 6593/6855 6630/6893
f 6593/6855 6631/6894 6630/6893
f 6593/6855 6595/6857 6631/6894
f 6595/6857 6632/6895 6631/6894
f 6595/6857 6597/6859 6632/6895
f 6597/6859 6633/6896 6632/6895
f 6597/6859 6599/6861 6633/6896
f 6602/6897 6634/6898 6635/6899
f 6602/6865 6601/6864 6634/6898
f 6601/6864 6636/6900 6634/6898
f 6601/6864 6603/6866 6636/6900
f 6603/6866 6637/6901 6636/6900
f 6603/6866 6604/6867 6637/6901
f 6604/6867 6638/6902 6637/6901
f 6604/6867 6605/6868 6638/6902
f 6605/6868 6639/6903 6638/6902
f 6605/6868 6606/6869 6639/6903
f 6606/6869 6640/6904 6639/6903
f 6606/6869 6607/6870 6640/6904
f 6607/6870 6641/6905 6640/6904
f 6607/6870 6608/6871 6641/6905
f 6608/6871 6642/6906 6641/6905
f 6608/6871 6609/6872 6642/6906
f 6609/6872 6643/6907 6642/6906
f 6609/6872 6610/6873 6643/6907
f 6610/6873 6644/6908 6643/6907
f 6610/6873 6611/6874 6644/6908
f 6611/6874 6645/6909 6644/6908
f 6611/6874 6612/6875 6645/6909
f 6612/6875 6646/6910 6645/6909
f 6612/6875 6613/6876 6646/6910
f 6613/6876 6647/6911 6646/6910
f 6613/6876 6614/6877 6647/6911
f 6614/6877 6648/6912 6647/6911
f 6614/6877 6615/6878 6648/6912
f 6615/6878 6649/6913 6648/6912
f 6615/6878 6616/6879 6649/6913
f 6616/6879 6650/6914 6649/6913
f 6616/6879 6617/6880 6650/6914
f 6617/6880 6651/6915 6650/6914
f 6617/6880 6618/6881 6651/6915
f 6618/6881 6652/6916 6651/6915
f 6618/6881 6619/6882 6652/6916
f 6619/6882 6653/6917 6652/6916
f 6619/6882 6620/6883 6653/6917
f 6620/6883 6654/6918 6653/6917
f 6620/6883 6621/6884 6654/6918
f 6621/6884 6655/6919 6654/6918
f 6621/6884 6622/6885 6655/6919
f 6622/6885 6656/6920 6655/6919
f 6622/6885 6623/6886 6656/6920
f 6623/6886 6657/6921 6656/6920
f 6623/6886 6624/6887 6657/6921
f 6624/6887 6658/6922 6657/6921
f 6624/6887 6625/6888 6658/6922
f 6625/6888 6659/6923 6658/6922
f 6625/6888 6626/6889 6659/6923
f 6626/6889 6660/6924 6659/6923
f 6626/6889 6627/6890 6660/6924
f 6627/6890 6661/6925 6660/6924
f 6627/6890 6628/6891 6661/6925
f 6628/6891 6662/6926 6661/6925
f 6628/6891 6629/6892 6662/6926
f 6629/6892 6663/6927 6662/6926
f 6629/6892 6630/6893 6663/6927
f 6630/6893 6664/6928 6663/6927
f 6630/6893 6631/6894 6664/6928
f 6631/6894 6665/6929 6664/6928
f 6631/6894 6632/6895 6665/6929
f 6632/6895 6666/6930 6665/6929
f 6632/6895 6633/6896 6666/6930
f 6635/6931 6667/6932 6668/6933
f 6635/6931 6634/6898 6667/6932
f 6634/6898 6669/6934 6667/6932
f 6634/6898 6636/6900 6669/6934
f 6636/6900 6670/6935 6669/6934
f 6636/6900 6637/6901 6670/6935
f 6637/6901 6671/6936 6670/6935
f 6637/6901 6638/6902 6671/6936
f 6638/6902 6672/6937 6671/6936
f 6638/6902 6639/6903 6672/6937
f 6639/6903 6673/6938 6672/6937
f 6639/6903 6640/6904 6673/6938
f 6640/6904 6674/6939 6673/6938
f 6640/6904 6641/6905 6674/6939
f 6641/6905 6675/6940 6674/6939
f 6641/6905 6642/6906 6675/6940
f 6642/6906 6676/6941 6675/6940
f 6642/6906 6643/6907 6676/6941
f 6643/6907 6677/6942 6676/6941
f 6643/6907 6644/6908 6677/6942
f 6644/6908 6678/6943 6677/6942
f 6644/6908 6645/6909 6678/6943
f 6645/6909 6679/6944 6678/6943
f 6645/6909 6646/6910 6679/6944
f 6646/6910 6680/6945 6679/6944
f 6646/6910 6647/6911 6680/6945
f 6647/6911 6681/6946 6680/6945
f 6647/6911 6648/6912 6681/6946
f 6648/6912 6682/6947 6681/6946
f 6648/6912 6649/6913 6682/6947
f 6649/6913 6683/6948 6682/6947
f 6649/6913 6650/6914 6683/6948
f 6650/6914 6684/6949 6683/6948
f 6650/6914 6651/6915 6684/6949
f 6651/6915 6685/6950 6684/6949
f 6651/6915 6652/6916 6685/6950
f 6652/6916 6686/6951 6685/6950
f 6652/6916 6653/6917 6686/6951
f 6653/6917 6687/6952 6686/6951
f 6653/6917 6654/6918 6687/6952
f 6654/6918 6688/6953 6687/6952
f 6654/6918 6655/6919 6688/6953
f 6655/6919 6689/6954 6688/6953
f 6655/6919 6656/6920 6689/6954
f 6656/6920 6690/6955 6689/6954
f 6656/6920 6657/6921 6690/6955
f 6657/6921 6691/6956 6690/6955
f 6657/6921 6658/6922 6691/6956
f 6658/6922 6692/6957 6691/6956
f 6658/6922 6659/6923 6692/6957
f 6659/6923 6693/6958 6692/6957
f 6659/6923 6660/6924 6693/6958
f 6660/6924 6694/6959 6693/6958
f 6660/6924 6661/6925 6694/6959
f 6661/6925 6695/6960 6694/6959
f 6661/6925 6662/6926 6695/6960
f 6662/6926 6696/6961 6695/6960
f 6662/6926 6663/6927 6696/6961
f 6663/6927 6697/6962 6696/6961
f 6663/6927 6664/6928 6697/6962
f 6664/6928 6698/6963 6697/6962
f 6664/6928 6665/6929 6698/6963
f 6665/6929 6699/6964 6698/6963
f 6665/6929 6666/6930 6699/6964
f 6668/6965 6700/6966 6701/6967
f 6668/6965 6667/6932 6700/6966
f 6667/6932 6702/6968 6700/6966
f 6667/6932 6669/6934 6702/6968
f 6669/6934 6703/6969 6702/6968
f 6669/6934 6670/6935 6703/6969
f 6670/6935 6704/6970 6703/6969
f 6670/6935 6671/6936 6704/6970
f 6671/6936 6705/6971 6704/6970
f 6671/6936 6672/6937 6705/6971
f 6672/6937 6706/6972 6705/6971
f 6672/6937 6673/6938 6706/6972
f 6673/6938 6707/6973 6706/6972
f 6673/6938 6674/6939 6707/6973
f 6674/6939 6708/6974 6707/6973
f 6674/6939 6675/6940 6708/6974
f 6675/6940 6709/6975 6708/6974
f 6675/6940 6676/6941 6709/6975
f 6676/6941 6710/6976 6709/6975
f 6676/6941 6677/6942 6710/6976
f 6677/6942 6711/6977 6710/6976
f 6677/6942 6678/6943 6711/6977
f 6678/6943 6712/6978 6711/6977
f 6678/6943 6679/6944 6712/6978
f 6679/6944 6713/6979 6712/6978
f 6679/6944 6680/6945 6713/6979
f 6680/6945 6714/6980 6713/6979
f 6680/6945 6681/6946 6714/6980
f 6681/6946 6715/6981 6714/6980
f 6681/6946 6682/6947 6715/6981
f 6682/6947 6716/6982 6715/6981
f 6682/6947 6683/6948 6716/6982
f 6683/6948 6717/6983 6716/6982
f 6683/6948 6684/6949 6717/6983
f 6684/6949 6718/6984 6717/6983
f 6684/6949 6685/6950 6718/6984
f 6685/6950 6719/6985 6718/6984
f 6685/6950 6686/6951 6719/6985
f 6686/6951 6720/6986 6719/6985
f 6686/6951 6687/6952 6720/6986
f 6687/6952 6721/6987 6720/6986
f 6687/6952 6688/6953 6721/6987
f 6688/6953 6722/6988 6721/6987
f 6688/6953 6689/6954 6722/6988
f 6689/6954 6723/6989 6722/6988
f 6689/6954 6690/6955 6723/6989
f 6690/6955 6724/6990 6723/6989
f 6690/6955 6691/6956 6724/6990
f 6691/6956 6725/6991 6724/6990
f 6691/6956 6692/6957 6725/6991
f 6692/6957 6726/6992 6725/6991
f 6692/6957 6693/6958 6726/6992
f 6693/6958 6727/6993 6726/6992
f 6693/6958 6694/6959 6727/6993
f 6694/6959 6728/6994 6727/6993
f 6694/6959 6695/6960 6728/6994
f 6695/6960 6729/6995 6728/6994
f 6695/6960 6696/6961 6729/6995
f 6696/6961 6730/6996 6729/6995
f 6696/6961 6697/6962 6730/6996
f 6697/6962 6731/6997 6730/6996
f 6697/6962 6698/6963 6731/6997
f 6698/6963 6732/6998 6731/6997
f 6698/6963 6699/6964 6732/6998
f 6701/6999 6733/7000 6734/7001
f 6701/6999 6700/6966 6733/7000
f 6700/6966 6735/7002 6733/7000
f 6700/6966 6702/6968 6735/7002
f 6702/6968 6736/7003 6735/7002
f 6702/6968 6703/6969 6736/7003
f 6703/6969 6737/7004 6736/7003
f 6703/6969 6704/6970 6737/7004
f 6704/6970 6738/7005 6737/7004
f 6704/6970 6705/6971 6738/7005
f 6705/6971 6739/7006 6738/7005
f 6705/6971 6706/6972 6739/7006
f 6706/6972 6740/7007 6739/7006
f 6706/6972 6707/6973 6740/7007
f 6707/6973 6741/7008 6740/7007
f 6707/6973 6708/6974 6741/7008
f 6708/6974 6742/7009 6741/7008
f 6708/6974 6709/6975 6742/7009
f 6709/6975 6743/7010 6742/7009
f 6709/6975 6710/6976 6743/7010
f 6710/6976 6744/7011 6743/7010
f 6710/6976 6711/6977 6744/7011
f 6711/6977 6745/7012 6744/7011
f 6711/6977 6712/6978 6745/7012
f 6712/6978 6746/7013 6745/7012
f 6712/6978 6713/6979 6746/7013
f 6713/6979 6747/7014 6746/7013
f 6713/6979 6714/6980 6747/7014
f 6714/6980 6748/7015 6747/7014
f 6714/6980 6715/6981 6748/7015
f 6715/6981 6749/7016 6748/7015
f 6715/6981 6716/6982 6749/7016
f 6716/6982 6750/7017 6749/7016
f 6716/6982 6717/6983 6750/7017
f 6717/6983 6751/7018 6750/7017
f 6717/6983 6718/6984 6751/7018
f 6718/6984 6752/7019 6751/7018
f 6718/6984 6719/6985 6752/7019
f 6719/6985 6753/7020 6752/7019
f 6719/6985 6720/6986 6753/7020
f 6720/6986 6754/7021 6753/7020
f 6720/6986 6721/6987 6754/7021
f 6721/6987 6755/7022 6754/7021
f 6721/6987 6722/6988 6755/7022
f 6722/6988 6756/7023 6755/7022
f 6722/6988 6723/6989 6756/7023
f 6723/6989 6757/7024 6756/7023
f 6723/6989 6724/6990 6757/7024
f 6724/6990 6758/7025 6757/7024
f 6724/6990 6725/6991 6758/7025
f 6725/6991 6759/7026 6758/7025
f 6725/6991 6726/6992 6759/7026
f 6726/6992 6760/7027 6759/7026
f 6726/6992 6727/6993 6760/7027
f 6727/6993 6761/7028 6760/7027
f 6727/6993 6728/6994 6761/7028
f 6728/6994 6762/7029 6761/7028
f 6728/6994 6729/6995 6762/7029
f 6729/6995 6763/7030 6762/7029
f 6729/6995 6730/6996 6763/7030
f 6730/6996 6764/7031 6763/7030
f 6730/6996 6731/6997 6764/7031
f 6731/6997 6765/7032 6764/7031
f 6731/6997 6732/6998 6765/7032
f 6734/7033 6766/7034 6767/7035
f 6734/7033 6733/7000 6766/7034
f 6733/7000 6768/7036 6766/7034
f 6733/7000 6735/7002 6768/7036
f 6735/7002 6769/7037 6768/7036
f 6735/7002 6736/7003 6769/7037
f 6736/7003 6770/7038 6769/7037
f 6736/7003 6737/7004 6770/7038
f 6737/7004 6771/7039 6770/7038
f 6737/7004 6738/7005 6771/7039
f 6738/7005 6772/7040 6771/7039
f 6738/7005 6739/7006 6772/7040
f 6739/7006 6773/7041 6772/7040
f 6739/7006 6740/7007 6773/7041
f 6740/7007 6774/7042 6773/7041
f 6740/7007 6741/7008 6774/7042
f 6741/7008 6775/7043 6774/7042
f 6741/7008 6742/7009 6775/7043
f 6742/7009 6776/7044 6775/7043
f 6742/7009 6743/7010 6776/7044
f 6743/7010 6777/7045 6776/7044
f 6743/7010 6744/7011 6777/7045
f 6744/7011 6778/7046 6777/7045
f 6744/7011 6745/7012 6778/7046
f 6745/7012 6779/7047 6778/7046
f 6745/7012 6746/7013 6779/7047
f 6746/7013 6780/7048 6779/7047
f 6746/7013 6747/7014 6780/7048
f 6747/7014 6781/7049 6780/7048
f 6747/7014 6748/7015 6781/7049
f 6748/7015 6782/7050 6781/7049
f 6748/7015 6749/7016 6782/7050
f 6749/7016 6783/7051 6782/7050
f 6749/7016 6750/7017 6783/7051
f 6750/7017 6784/7052 6783/7051
f 6750/7017 6751/7018 6784/7052
f 6751/7018 6785/7053 6784/7052
f 6751/7018 6752/7019 6785/7053
f 6752/7019 6786/7054 6785/7053
f 6752/7019 6753/7020 6786/7054
f 6753/7020 6787/7055 6786/7054
f 6753/7020 6754/7021 6787/7055
f 6754/7021 6788/7056 6787/7055
f 6754/7021 6755/7022 6788/7056
f 6755/7022 6789/7057 6788/7056
f 6755/7022 6756/7023 6789/7057
f 6756/7023 6790/7058 6789/7057
f 6756/7023 6757/7024 6790/7058
f 6757/7024 6791/7059 6790/7058
f 6757/7024 6758/7025 6791/7059
f 6758/7025 6792/7060 6791/7059
f 6758/7025 6759/7026 6792/7060
f 6759/7026 6793/7061 6792/7060
f 6759/7026 6760/7027 6793/7061
f 6760/7027 6794/7062 6793/7061
f 6760/7027 6761/7028 6794/7062
f 6761/7028 6795/7063 6794/7062
f 6761/7028 6762/7029 6795/7063
f 6762/7029 6796/7064 6795/7063
f 6762/7029 6763/7030 6796/7064
f 6763/7030 6797/7065 6796/7064
f 6763/7030 6764/7031 6797/7065
f 6764/7031 6798/7066 6797/7065
f 6764/7031 6765/7032 6798/7066
f 6767/7067 6799/7068 6800/7069
f 6767/7067 6766/7034 6799/7068
f 6766/7034 6801/7070 6799/7068
f 6766/7034 6768/7036 6801/7070
f 6768/7036 6802/7071 6801/7070
f 6768/7036 6769/7037 6802/7071
f 6769/7037 6803/7072 6802/7071
f 6769/7037 6770/7038 6803/7072
f 6770/7038 6804/7073 6803/7072
f 6770/7038 6771/7039 6804/7073
f 6771/7039 6805/7074 6804/7073
f 6771/7039 6772/7040 6805/7074
f 6772/7040 6806/7075 6805/7074
f 6772/7040 6773/7041 6806/7075
f 6773/7041 6807/7076 6806/7075
f 6773/7041 6774/7042 6807/7076
f 6774/7042 6808/7077 6807/7076
f 6774/7042 6775/7043 6808/7077
f 6775/7043 6809/7078 6808/7077
f 6775/7043 6776/7044 6809/7078
f 6776/7044 6810/7079 6809/7078
f 6776/7044 6777/7045 6810/7079
f 6777/7045 6811/7080 6810/7079
f 6777/7045 6778/7046 6811/7080
f 6778/7046 6812/7081 6811/7080
f 6778/7046 6779/7047 6812/7081
f 6779/7047 6813/7082 6812/7081
f 6779/7047 6780/7048 6813/7082
f 6780/7048 6814/7083 6813/7082
f 6780/7048 6781/7049 6814/7083
f 6781/7049 6815/7084 6814/7083
f 6781/7049 6782/7050 6815/7084
f 6782/7050 6816/7085 6815/7084
f 6782/7050 6783/7051 6816/7085
f 6783/7051 6817/7086 6816/7085
f 6783/7051 6784/7052 6817/7086
f 6784/7052 6818/7087 6817/7086
f 6784/7052 6785/7053 6818/7087
f 6785/7053 6819/7088 6818/7087
f 6785/7053 6786/7054 6819/7088
f 6786/7054 6820/7089 6819/7088
f 6786/7054 6787/7055 6820/7089
f 6787/7055 6821/7090 6820/7089
f 6787/7055 6788/7056 6821/7090
f 6788/7056 6822/7091 6821/7090
f 6788/7056 6789/7057 6822/7091
f 6789/7057 6823/7092 6822/7091
f 6789/7057 6790/7058 6823/7092
f 6790/7058 6824/7093 6823/7092
f 6790/7058 6791/7059 6824/7093
f 6791/7059 6825/7094 6824/7093
f 6791/7059 6792/7060 6825/7094
f 6792/7060 6826/7095 6825/7094
f 6792/7060 6793/7061 6826/7095
f 6793/7061 6827/7096 6826/7095
f 6793/7061 6794/7062 6827/7096
f 6794/7062 6828/7097 6827/7096
f 6794/7062 6795/7063 6828/7097
f 6795/7063 6829/7098 6828/7097
f 6795/7063 6796/7064 6829/7098
f 6796/7064 6830/7099 6829/7098
f 6796/7064 6797/7065 6830/7099
f 6797/7065 6831/7100 6830/7099
f 6797/7065 6798/7066 6831/7100
f 6800/7101 6832/7102 6833/7103
f 6800/7101 6799/7068 6832/7102
f 6799/7068 6834/7104 6832/7102
f 6799/7068 6801/7070 6834/7104
f 6801/7070 6835/7105 6834/7104
f 6801/7070 6802/7071 6835/7105
f 6802/7071 6836/7106 6835/7105
f 6802/7071 6803/7072 6836/7106
f 6803/7072 6837/7107 6836/7106
f 6803/7072 6804/7073 6837/7107
f 6804/7073 6838/7108 6837/7107
f 6804/7073 6805/7074 6838/7108
f 6805/7074 6839/7109 6838/7108
f 6805/7074 6806/7075 6839/7109
f 6806/7075 6840/7110 6839/7109
f 6806/7075 6807/7076 6840/7110
f 6807/7076 6841/7111 6840/7110
f 6807/7076 6808/7077 6841/7111
f 6808/7077 6842/7112 6841/7111
f 6808/7077 6809/7078 6842/7112
f 6809/7078 6843/7113 6842/7112
f 6809/7078 6810/7079 6843/7113
f 6810/7079 6844/7114 6843/7113
f 6810/7079 6811/7080 6844/7114
f 6811/7080 6845/7115 6844/7114
f 6811/7080 6812/7081 6845/7115
f 6812/7081 6846/7116 6845/7115
f 6812/7081 6813/7082 6846/7116
f 6813/7082 6847/7117 6846/7116
f 6813/7082 6814/7083 6847/7117
f 6814/7083 6848/7118 6847/7117
f 6814/7083 6815/7084 6848/7118
f 6815/7084 6849/7119 6848/7118
f 6815/7084 6816/7085 6849/7119
f 6816/7085 6850/7120 6849/7119
f 6816/7085 6817/7086 6850/7120
f 6817/7086 6851/7121 6850/7120
f 6817/7086 6818/7087 6851/7121
f 6818/7087 6852/7122 6851/7121
f 6818/7087 6819/7088 6852/7122
f 6819/7088 6853/7123 6852/7122
f 6819/7088 6820/7089 6853/7123
f 6820/7089 6854/7124 6853/7123
f 6820/7089 6821/7090 6854/7124
f 6821/7090 6855/7125 6854/7124
f 6821/7090 6822/7091 6855/7125
f 6822/7091 6856/7126 6855/7125
f 6822/7091 6823/7092 6856/7126
f 6823/7092 6857/7127 6856/7126
f 6823/7092 6824/7093 6857/7127
f 6824/7093 6858/7128 6857/7127
f 6824/7093 6825/7094 6858/7128
f 6825/7094 6859/7129 6858/7128
f 6825/7094 6826/7095 6859/7129
f 6826/7095 6860/7130 6859/7129
f 6826/7095 6827/7096 6860/7130
f 6827/7096 6861/7131 6860/7130
f 6827/7096 6828/7097 6861/7131
f 6828/7097 6862/7132 6861/7131
f 6828/7097 6829/7098 6862/7132
f 6829/7098 6863/7133 6862/7132
f 6829/7098 6830/7099 6863/7133
f 6830/7099 6864/7134 6863/7133
f 6830/7099 6831/7100 6864/7134
f 6833/7135 6865/7136 6866/7137
f 6833/7135 6832/7102 6865/7136
f 6832/7102 6867/7138 6865/7136
f 6832/7102 6834/7104 6867/7138
f 6834/7104 6868/7139 6867/7138
f 6834/7104 6835/7105 6868/7139
f 6835/7105 6869/7140 6868/7139
f 6835/7105 6836/7106 6869/7140
f 6836/7106 6870/7141 6869/7140
f 6836/7106 6837/7107 6870/7141
f 6837/7107 6871/7142 6870/7141
f 6837/7107 6838/7108 6871/7142
f 6838/7108 6872/7143 6871/7142
f 6838/7108 6839/7109 6872/7143
f 6839/7109 6873/7144 6872/7143
f 6839/7109 6840/7110 6873/7144
f 6840/7110 6874/7145 6873/7144
f 6840/7110 6841/7111 6874/7145
f 6841/7111 6875/7146 6874/7145
f 6841/7111 6842/7112 6875/7146
f 6842/7112 6876/7147 6875/7146
f 6842/7112 6843/7113 6876/7147
f 6843/7113 6877/7148 6876/7147
f 6843/7113 6844/7114 6877/7148
f 6844/7114 6878/7149 6877/7148
f 6844/7114 6845/7115 6878/7149
f 6845/7115 6879/7150 6878/7149
f 6845/7115 6846/7116 6879/7150
f 6846/7116 6880/7151 6879/7150
f 6846/7116 6847/7117 6880/7151
f 6847/7117 6881/7152 6880/7151
f 6847/7117 6848/7118 6881/7152
f 6848/7118 6882/7153 6881/7152
f 6848/7118 6849/7119 6882/7153
f 6849/7119 6883/7154 6882/7153
f 6849/7119 6850/7120 6883/7154
f 6850/7120 6884/7155 6883/7154
f 6850/7120 6851/7121 6884/7155
f 6851/7121 6885/7156 6884/7155
f 6851/7121 6852/7122 6885/7156
f 6852/7122 6886/7157 6885/7156
f 6852/7122 6853/7123 6886/7157
f 6853/7123 6887/7158 6886/7157
f 6853/7123 6854/7124 6887/7158
f 6854/7124 6888/7159 6887/7158
f 6854/7124 6855/7125 6888/7159
f 6855/7125 6889/7160 6888/7159
f 6855/7125 6856/7126 6889/7160
f 6856/7126 6890/7161 6889/7160
f 6856/7126 6857/7127 6890/7161
f 6857/7127 6891/7162 6890/7161
f 6857/7127 6858/7128 6891/7162
f 6858/7128 6892/7163 6891/7162
f 6858/7128 6859/7129 6892/7163
f 6859/7129 6893/7164 6892/7163
f 6859/7129 6860/7130 6893/7164
f 6860/7130 6894/7165 6893/7164
f 6860/7130 6861/7131 6894/7165
f 6861/7131 6895/7166 6894/7165
f 6861/7131 6862/7132 6895/7166
f 6862/7132 6896/7167 6895/7166
f 6862/7132 6863/7133 6896/7167
f 6863/7133 6897/7168 6896/7167
f 6863/7133 6864/7134 6897/7168
f 6866/7169 6898/7170 6899/7171
f 6866/7169 6865/7136 6898/7170
f 6865/7136 6900/7172 6898/7170
f 6865/7136 6867/7138 6900/7172
f 6867/7138 6901/7173 6900/7172
f 6867/7138 6868/7139 6901/7173
f 6868/7139 6902/7174 6901/7173
f 6868/7139 6869/7140 6902/7174
f 6869/7140 6903/7175 6902/7174
f 6869/7140 6870/7141 6903/7175
f 6870/7141 6904/7176 6903/7175
f 6870/7141 6871/7142 6904/7176
f 6871/7142 6905/7177 6904/7176
f 6871/7142 6872/7143 6905/7177
f 6872/7143 6906/7178 6905/7177
f 6872/7143 6873/7144 6906/7178
f 6873/7144 6907/7179 6906/7178
f 6873/7144 6874/7145 6907/7179
f 6874/7145 6908/7180 6907/7179
f 6874/7145 6875/7146 6908/7180
f 6875/7146 6909/7181 6908/7180
f 6875/7146 6876/7147 6909/7181
f 6876/7147 6910/7182 6909/7181
f 6876/7147 6877/7148 6910/7182
f 6877/7148 6911/7183 6910/7182
f 6877/7148 6878/7149 6911/7183
f 6878/7149 6912/7184 6911/7183
f 6878/7149 6879/7150 6912/7184
f 6879/7150 6913/7185 6912/7184
f 6879/7150 6880/7151 6913/7185
f 6880/7151 6914/7186 6913/7185
f 6880/7151 6881/7152 6914/7186
f 6881/7152 6915/7187 6914/7186
f 6881/7152 6882/7153 6915/7187
f 6882/7153 6916/7188 6915/7187
f 6882/7153 6883/7154 6916/7188
f 6883/7154 6917/7189 6916/7188
f 6883/7154 6884/7155 6917/7189
f 6884/7155 6918/7190 6917/7189
f 6884/7155 6885/7156 6918/7190
f 6885/7156 6919/7191 6918/7190
f 6885/7156 6886/7157 6919/7191
f 6886/7157 6920/7192 6919/7191
f 6886/7157 6887/7158 6920/7192
f 6887/7158 6921/7193 6920/7192
f 6887/7158 6888/7159 6921/7193
f 6888/7159 6922/7194 6921/7193
f 6888/7159 6889/7160 6922/7194
f 6889/7160 6923/7195 6922/7194
f 6889/7160 6890/7161 6923/7195
f 6890/7161 6924/7196 6923/7195
f 6890/7161 6891/7162 6924/7196
f 6891/7162 6925/7197 6924/7196
f 6891/7162 6892/7163 6925/7197
f 6892/7163 6926/7198 6925/7197
f 6892/7163 6893/7164 6926/7198
f 6893/7164 6927/7199 6926/7198
f 6893/7164 6894/7165 6927/7199
f 6894/7165 6928/7200 6927/7199
f 6894/7165 6895/7166 6928/7200
f 6895/7166 6929/7201 6928/7200
f 6895/7166 6896/7167 6929/7201
f 6896/7167 6930/7202 6929/7201
f 6896/7167 6897/7168 6930/7202
f 6899/7203 6931/7204 6932/7205
f 6899/7203 6898/7170 6931/7204
f 6898/7170 6933/7206 6931/7204
f 6898/7170 6900/7172 6933/7206
f 6900/7172 6934/7207 6933/7206
f 6900/7172 6901/7173 6934/7207
f 6901/7173 6935/7208 6934/7207
f 6901/7173 6902/7174 6935/7208
f 6902/7174 6936/7209 6935/7208
f 6902/7174 6903/7175 6936/7209
f 6903/7175 6937/7210 6936/7209
f 6903/7175 6904/7176 6937/7210
f 6904/7176 6938/7211 6937/7210
f 6904/7176 6905/7177 6938/7211
f 6905/7177 6939/7212 6938/7211
f 6905/7177 6906/7178 6939/7212
f 6906/7178 6940/7213 6939/7212
f 6906/7178 6907/7179 6940/7213
f 6907/7179 6941/7214 6940/7213
f 6907/7179 6908/7180 6941/7214
f 6908/7180 6942/7215 6941/7214
f 6908/7180 6909/7181 6942/7215
f 6909/7181 6943/7216 6942/7215
f 6909/7181 6910/7182 6943/7216
f 6910/7182 6944/7217 6943/7216
f 6910/7182 6911/7183 6944/7217
f 6911/7183 6945/7218 6944/7217
f 6911/7183 6912/7184 6945/7218
f 6912/7184 6946/7219 6945/7218
f 6912/7184 6913/7185 6946/7219
f 6913/7185 6947/7220 6946/7219
f 6913/7185 6914/7186 6947/7220
f 6914/7186 6948/7221 6947/7220
f 6914/7186 6915/7187 6948/7221
f 6915/7187 6949/7222 6948/7221
f 6915/7187 6916/7188 6949/7222
f 6916/7188 6950/7223 6949/7222
f 6916/7188 6917/7189 6950/7223
f 6917/7189 6951/7224 6950/7223
f 6917/7189 6918/7190 6951/7224
f 6918/7190 6952/7225 6951/7224
f 6918/7190 6919/7191 6952/7225
f 6919/7191 6953/7226 6952/7225
f 6919/7191 6920/7192 6953/7226
f 6920/7192 6954/7227 6953/7226
f 6920/7192 6921/7193 6954/7227
f 6921/7193 6955/7228 6954/7227
f 6921/7193 6922/7194 6955/7228
f 6922/7194 6956/7229 6955/7228
f 6922/7194 6923/7195 6956/7229
f 6923/7195 6957/7230 6956/7229
f 6923/7195 6924/7196 6957/7230
f 6924/7196 6958/7231 6957/7230
f 6924/7196 6925/7197 6958/7231
f 6925/7197 6959/7232 6958/7231
f 6925/7197 6926/7198 6959/7232
f 6926/7198 6960/7233 6959/7232
f 6926/7198 6927/7199 6960/7233
f 6927/7199 6961/7234 6960/7233
f 6927/7199 6928/7200 6961/7234
f 6928/7200 6962/7235 6961/7234
f 6928/7200 6929/7201 6962/7235
f 6929/7201 6963/7236 6962/7235
f 6929/7201 6930/7202 6963/7236
f 6932/7237 6964/7238 6965/7239
f 6932/7237 6931/7204 6964/7238
f 6931/7204 6966/7240 6964/7238
f 6931/7204 6933/7206 6966/7240
f 6933/7206 6967/7241 6966/7240
f 6933/7206 6934/7207 6967/7241
f 6934/7207 6968/7242 6967/7241
f 6934/7207 6935/7208 6968/7242
f 6935/7208 6969/7243 6968/7242
f 6935/7208 6936/7209 6969/7243
f 6936/7209 6970/7244 6969/7243
f 6936/7209 6937/7210 6970/7244
f 6937/7210 6971/7245 6970/7244
f 6937/7210 6938/7211 6971/7245
f 6938/7211 6972/7246 6971/7245
f 6938/7211 6939/7212 6972/7246
f 6939/7212 6973/7247 6972/7246
f 6939/7212 6940/7213 6973/7247
f 6940/7213 6974/7248 6973/7247
f 6940/7213 6941/7214 6974/7248
f 6941/7214 6975/7249 6974/7248
f 6941/7214 6942/7215 6975/7249
f 6942/7215 6976/7250 6975/7249
f 6942/7215 6943/7216 6976/7250
f 6943/7216 6977/7251 6976/7250
f 6943/7216 6944/7217 6977/7251
f 6944/7217 6978/7252 6977/7251
f 6944/7217 6945/7218 6978/7252
f 6945/7218 6979/7253 6978/7252
f 6945/7218 6946/7219 6979/7253
f 6946/7219 6980/7254 6979/7253
f 6946/7219 6947/7220 6980/7254
f 6947/7220 6981/7255 6980/7254
f 6947/7220 6948/7221 6981/7255
f 6948/7221 6982/7256 6981/7255
f 6948/7221 6949/7222 6982/7256
f 6949/7222 6983/7257 6982/7256
f 6949/7222 6950/7223 6983/7257
f 6950/7223 6984/7258 6983/7257
f 6950/7223 6951/7224 6984/7258
f 6951/7224 6985/7259 6984/7258
f 6951/7224 6952/7225 6985/7259
f 6952/7225 6986/7260 6985/7259
f 6952/7225 6953/7226 6986/7260
f 6953/7226 6987/7261 6986/7260
f 6953/7226 6954/7227 6987/7261
f 6954/7227 6988/7262 6987/7261
f 6954/7227 6955/7228 6988/7262
f 6955/7228 6989/7263 6988/7262
f 6955/7228 6956/7229 6989/7263
f 6956/7229 6990/7264 6989/7263
f 6956/7229 6957/7230 6990/7264
f 6957/7230 6991/7265 6990/7264
f 6957/7230 6958/7231 6991/7265
f 6958/7231 6992/7266 6991/7265
f 6958/7231 6959/7232 6992/7266
f 6959/7232 6993/7267 6992/7266
f 6959/7232 6960/7233 6993/7267
f 6960/7233 6994/7268 6993/7267
f 6960/7233 6961/7234 6994/7268
f 6961/7234 6995/7269 6994/7268
f 6961/7234 6962/7235 6995/7269
f 6962/7235 6996/7270 6995/7269
f 6962/7235 6963/7236 6996/7270
f 6965/7271 6997/7272 6998/7273
f 6965/7271 6964/7238 6997/7272
f 6964/7238 6999/7274 6997/7272
f 6964/7238 6966/7240 6999/7274
f 6966/7240 7000/7275 6999/7274
f 6966/7240 6967/7241 7000/7275
f 6967/7241 7001/7276 7000/7275
f 6967/7241 6968/7242 7001/7276
f 6968/7242 7002/7277 7001/7276
f 6968/7242 6969/7243 7002/7277
f 6969/7243 7003/7278 7002/7277
f 6969/7243 6970/7244 7003/7278
f 6970/7244 7004/7279 7003/7278
f 6970/7244 6971/7245 7004/7279
f 6971/7245 7005/7280 7004/7279
f 6971/7245 6972/7246 7005/7280
f 6972/7246 7006/7281 7005/7280
f 6972/7246 6973/7247 7006/7281
f 6973/7247 7007/7282 7006/7281
f 6973/7247 6974/7248 7007/7282
f 6974/7248 7008/7283 7007/7282
f 6974/7248 6975/7249 7008/7283
f 6975/7249 7009/7284 7008/7283
f 6975/7249 6976/7250 7009/7284
f 6976/7250 7010/7285 7009/7284
f 6976/7250 6977/7251 7010/7285
f 6977/7251 7011/7286 7010/7285
f 6977/7251 6978/7252 7011/7286
f 6978/7252 7012/7287 7011/7286
f 6978/7252 6979/7253 7012/7287
f 6979/7253 7013/7288 7012/7287
f 6979/7253 6980/7254 7013/7288
f 6980/7254 7014/7289 7013/7288
f 6980/7254 6981/7255 7014/7289
f 6981/7255 7015/7290 7014/7289
f 6981/7255 6982/7256 7015/7290
f 6982/7256 7016/7291 7015/7290
f 6982/7256 6983/7257 7016/7291
f 6983/7257 7017/7292 7016/7291
f 6983/7257 6984/7258 7017/7292
f 6984/7258 7018/7293 7017/7292
f 6984/7258 6985/7259 7018/7293
f 6985/7259 7019/7294 7018/7293
f 6985/7259 6986/7260 7019/7294
f 6986/7260 7020/7295 7019/7294
f 6986/7260 6987/7261 7020/7295
f 6987/7261 7021/7296 7020/7295
f 6987/7261 6988/7262 7021/7296
f 6988/7262 7022/7297 7021/7296
f 6988/7262 6989/7263 7022/7297
f 6989/7263 7023/7298 7022/7297
f 6989/7263 6990/7264 7023/7298
f 6990/7264 7024/7299 7023/7298
f 6990/7264 6991/7265 7024/7299
f 6991/7265 7025/7300 7024/7299
f 6991/7265 6992/7266 7025/7300
f 6992/7266 7026/7301 7025/7300
f 6992/7266 6993/7267 7026/7301
f 6993/7267 7027/7302 7026/7301
f 6993/7267 6994/7268 7027/7302
f 6994/7268 7028/7303 7027/7302
f 6994/7268 6995/7269 7028/7303
f 6995/7269 7029/7304 7028/7303
f 6995/7269 6996/7270 7029/7304
f 6998/7305 7030/7306 7031/7307
f 6998/7305 6997/7272 7030/7306
f 6997/7272 7032/7308 7030/7306
f 6997/7272 6999/7274 7032/7308
f 6999/7274 7033/7309 7032/7308
f 6999/7274 7000/7275 7033/7309
f 7000/7275 7034/7310 7033/7309
f 7000/7275 7001/7276 7034/7310
f 7001/7276 7035/7311 7034/7310
f 7001/7276 7002/7277 7035/7311
f 7002/7277 7036/7312 7035/7311
f 7002/7277 7003/7278 7036/7312
f 7003/7278 7037/7313 7036/7312
f 7003/7278 7004/7279 7037/7313
f 7004/7279 7038/7314 7037/7313
f 7004/7279 7005/7280 7038/7314
f 7005/7280 7039/7315 7038/7314
f 7005/7280 7006/7281 7039/7315
f 7006/7281 7040/7316 7039/7315
f 7006/7281 7007/7282 7040/7316
f 7007/7282 7041/7317 7040/7316
f 7007/7282 7008/7283 7041/7317
f 7008/7283 7042/7318 7041/7317
f 7008/7283 7009/7284 7042/7318
f 7009/7284 7043/7319 7042/7318
f 7009/7284 7010/7285 7043/7319
f 7010/7285 7044/7320 7043/7319
f 7010/7285 7011/7286 7044/7320
f 7011/7286 7045/7321 7044/7320
f 7011/7286 7012/7287 7045/7321
f 7012/7287 7046/7322 7045/7321
f 7012/7287 7013/7288 7046/7322
f 7013/7288 7047/7323 7046/7322
f 7013/7288 7014/7289 7047/7323
f 7014/7289 7048/7324 7047/7323
f 7014/7289 7015/7290 7048/7324
f 7015/7290 7049/7325 7048/7324
f 7015/7290 7016/7291 7049/7325
f 7016/7291 7050/7326 7049/7325
f 7016/7291 7017/7292 7050/7326
f 7017/7292 7051/7327 7050/7326
f 7017/7292 7018/7293 7051/7327
f 7018/7293 7052/7328 7051/7327
f 7018/7293 7019/7294 7052/7328
f 7019/7294 7053/7329 7052/7328
f 7019/7294 7020/7295 7053/7329
f 7020/7295 7054/7330 7053/7329
f 7020/7295 7021/7296 7054/7330
f 7021/7296 7055/7331 7054/7330
f 7021/7296 7022/7297 7055/7331
f 7022/7297 7056/7332 7055/7331
f 7022/7297 7023/7298 7056/7332
f 7023/7298 7057/7333 7056/7332
f 7023/7298 7024/7299 7057/7333
f 7024/7299 7058/7334 7057/7333
f 7024/7299 7025/7300 7058/7334
f 7025/7300 7059/7335 7058/7334
f 7025/7300 7026/7301 7059/7335
f 7026/7301 7060/7336 7059/7335
f 7026/7301 7027/7302 7060/7336
f 7027/7302 7061/7337 7060/7336
f 7027/7302 7028/7303 7061/7337
f 7028/7303 7062/7338 7061/7337
f 7028/7303 7029/7304 7062/7338
f 7031/7339 7063/7340 7064/7341
f 7031/7307 7030/7306 7063/7340
f 7030/7306 7065/7342 7063/7340
f 7030/7306 7032/7308 7065/7342
f 7032/7308 7066/7343 7065/7342
f 7032/7308 7033/7309 7066/7343
f 7033/7309 7067/7344 7066/7343
f 7033/7309 7034/7310 7067/7344
f 7034/7310 7068/7345 7067/7344
f 7034/7310 7035/7311 7068/7345
f 7035/7311 7069/7346 7068/7345
f 7035/7311 7036/7312 7069/7346
f 7036/7312 7070/7347 7069/7346
f 7036/7312 7037/7313 7070/7347
f 7037/7313 7071/7348 7070/7347
f 7037/7313 7038/7314 7071/7348
f 7038/7314 7072/7349 7071/7348
f 7038/7314 7039/7315 7072/7349
f 7039/7315 7073/7350 7072/7349
f 7039/7315 7040/7316 7073/7350
f 7040/7316 7074/7351 7073/7350
f 7040/7316 7041/7317 7074/7351
f 7041/7317 7075/7352 7074/7351
f 7041/7317 7042/7318 7075/7352
f 7042/7318 7076/7353 7075/7352
f 7042/7318 7043/7319 7076/7353
f 7043/7319 7077/7354 7076/7353
f 7043/7319 7044/7320 7077/7354
f 7044/7320 7078/7355 7077/7354
f 7044/7320 7045/7321 7078/7355
f 7045/7321 7079/7356 7078/7355
f 7045/7321 7046/7322 7079/7356
f 7046/7322 7080/7357 7079/7356
f 7046/7322 7047/7323 7080/7357
f 7047/7323 7081/7358 7080/7357
f 7047/7323 7048/7324 7081/7358
f 7048/7324 7082/7359 7081/7358
f 7048/7324 7049/7325 7082/7359
f 7049/7325 7083/7360 7082/7359
f 7049/7325 7050/7326 7083/7360
f 7050/7326 7084/7361 7083/7360
f 7050/7326 7051/7327 7084/7361
f 7051/7327 7085/7362 7084/7361
f 7051/7327 7052/7328 7085/7362
f 7052/7328 7086/7363 7085/7362
f 7052/7328 7053/7329 7086/7363
f 7053/7329 7087/7364 7086/7363
f 7053/7329 7054/7330 7087/7364
f 7054/7330 7088/7365 7087/7364
f 7054/7330 7055/7331 7088/7365
f 7055/7331 7089/7366 7088/7365
f 7055/7331 7056/7332 7089/7366
f 7056/7332 7090/7367 7089/7366
f 7056/7332 7057/7333 7090/7367
f 7057/7333 7091/7368 7090/7367
f 7057/7333 7058/7334 7091/7368
f 7058/7334 7092/7369 7091/7368
f 7058/7334 7059/7335 7092/7369
f 7059/7335 7093/7370 7092/7369
f 7059/7335 7060/7336 7093/7370
f 7060/7336 7094/7371 7093/7370
f 7060/7336 7061/7337 7094/7371
f 7061/7337 7095/7372 7094/7371
f 7061/7337 7062/7338 7095/7372
f 7064/7373 7096/7374 7097/7375
f 7064/7341 7063/7340 7096/7374
f 7063/7340 7098/7376 7096/7374
f 7063/7340 7065/7342 7098/7376
f 7065/7342 7099/7377 7098/7376
f 7065/7342 7066/7343 7099/7377
f 7066/7343 7100/7378 7099/7377
f 7066/7343 7067/7344 7100/7378
f 7067/7344 7101/7379 7100/7378
f 7067/7344 7068/7345 7101/7379
f 7068/7345 7102/7380 7101/7379
f 7068/7345 7069/7346 7102/7380
f 7069/7346 7103/7381 7102/7380
f 7069/7346 7070/7347 7103/7381
f 7070/7347 7104/7382 7103/7381
f 7070/7347 7071/7348 7104/7382
f 7071/7348 7105/7383 7104/7382
f 7071/7348 7072/7349 7105/7383
f 7072/7349 7106/7384 7105/7383
f 7072/7349 7073/7350 7106/7384
f 7073/7350 7107/7385 7106/7384
f 7073/7350 7074/7351 7107/7385
f 7074/7351 7108/7386 7107/7385
f 7074/7351 7075/7352 7108/7386
f 7075/7352 7109/7387 7108/7386
f 7075/7352 7076/7353 7109/7387
f 7076/7353 7110/7388 7109/7387
f 7076/7353 7077/7354 7110/7388
f 7077/7354 7111/7389 7110/7388
f 7077/7354 7078/7355 7111/7389
f 7078/7355 7112/7390 7111/7389
f 7078/7355 7079/7356 7112/7390
f 7079/7356 7113/7391 7112/7390
f 7079/7356 7080/7357 7113/7391
f 7080/7357 7114/7392 7113/7391
f 7080/7357 7081/7358 7114/7392
f 7081/7358 7115/7393 7114/7392
f 7081/7358 7082/7359 7115/7393
f 7082/7359 7116/7394 7115/7393
f 7082/7359 7083/7360 7116/7394
f 7083/7360 7117/7395 7116/7394
f 7083/7360 7084/7361 7117/7395
f 7084/7361 7118/7396 7117/7395
f 7084/7361 7085/7362 7118/7396
f 7085/7362 7119/7397 7118/7396
f 7085/7362 7086/7363 7119/7397
f 7086/7363 7120/7398 7119/7397
f 7086/7363 7087/7364 7120/7398
f 7087/7364 7121/7399 7120/7398
f 7087/7364 7088/7365 7121/7399
f 7088/7365 7122/7400 7121/7399
f 7088/7365 7089/7366 7122/7400
f 7089/7366 7123/7401 7122/7400
f 7089/7366 7090/7367 7123/7401
f 7090/7367 7124/7402 7123/7401
f 7090/7367 7091/7368 7124/7402
f 7091/7368 7125/7403 7124/7402
f 7091/7368 7092/7369 7125/7403
f 7092/7369 7126/7404 7125/7403
f 7092/7369 7093/7370 7126/7404
f 7093/7370 7127/7405 7126/7404
f 7093/7370 7094/7371 7127/7405
f 7094/7371 7128/7406 7127/7405
f 7094/7371 7095/7372 7128/7406
f 7097/7407 7129/7408 7130/7409
f 7097/7375 7096/7374 7129/7408
f 7096/7374 7131/7410 7129/7408
f 7096/7374 7098/7376 7131/7410
f 7098/7376 7132/7411 7131/7410
f 7098/7376 7099/7377 7132/7411
f 7099/7377 7133/7412 7132/7411
f 7099/7377 7100/7378 7133/7412
f 7100/7378 7134/7413 7133/7412
f 7100/7378 7101/7379 7134/7413
f 7101/7379 7135/7414 7134/7413
f 7101/7379 7102/7380 7135/7414
f 7102/7380 7136/7415 7135/7414
f 7102/7380 7103/7381 7136/7415
f 7103/7381 7137/7416 7136/7415
f 7103/7381 7104/7382 7137/7416
f 7104/7382 7138/7417 7137/7416
f 7104/7382 7105/7383 7138/7417
f 7105/7383 7139/7418 7138/7417
f 7105/7383 7106/7384 7139/7418
f 7106/7384 7140/7419 7139/7418
f 7106/7384 7107/7385 7140/7419
f 7107/7385 7141/7420 7140/7419
f 7107/7385 7108/7386 7141/7420
f 7108/7386 7142/7421 7141/7420
f 7108/7386 7109/7387 7142/7421
f 7109/7387 7143/7422 7142/7421
f 7109/7387 7110/7388 7143/7422
f 7110/7388 7144/7423 7143/7422
f 7110/7388 7111/7389 7144/7423
f 7111/7389 7145/7424 7144/7423
f 7111/7389 7112/7390 7145/7424
f 7112/7390 7146/7425 7145/7424
f 7112/7390 7113/7391 7146/7425
f 7113/7391 7147/7426 7146/7425
f 7113/7391 7114/7392 7147/7426
f 7114/7392 7148/7427 7147/7426
f 7114/7392 7115/7393 7148/7427
f 7115/7393 7149/7428 7148/7427
f 7115/7393 7116/7394 7149/7428
f 7116/7394 7150/7429 7149/7428
f 7116/7394 7117/7395 7150/7429
f 7117/7395 7151/7430 7150/7429
f 7117/7395 7118/7396 7151/7430
f 7118/7396 7152/7431 7151/7430
f 7118/7396 7119/7397 7152/7431
f 7119/7397 7153/7432 7152/7431
f 7119/7397 7120/7398 7153/7432
f 7120/7398 7154/7433 7153/7432
f 7120/7398 7121/7399 7154/7433
f 7121/7399 7155/7434 7154/7433
f 7121/7399 7122/7400 7155/7434
f 7122/7400 7156/7435 7155/7434
f 7122/7400 7123/7401 7156/7435
f 7123/7401 7157/7436 7156/7435
f 7123/7401 7124/7402 7157/7436
f 7124/7402 7158/7437 7157/7436
f 7124/7402 7125/7403 7158/7437
f 7125/7403 7159/7438 7158/7437
f 7125/7403 7126/7404 7159/7438
f 7126/7404 7160/7439 7159/7438
f 7126/7404 7127/7405 7160/7439
f 7127/7405 7161/7440 7160/7439
f 7127/7405 7128/7406 7161/7440
f 7130/7441 7162/7442 7163/7443
f 7130/7409 7129/7408 7162/7442
f 7129/7408 7164/7444 7162/7442
f 7129/7408 7131/7410 7164/7444
f 7131/7410 7165/7445 7164/7444
f 7131/7410 7132/7411 7165/7445
f 7132/7411 7166/7446 7165/7445
f 7132/7411 7133/7412 7166/7446
f 7133/7412 7167/7447 7166/7446
f 7133/7412 7134/7413 7167/7447
f 7134/7413 7168/7448 7167/7447
f 7134/7413 7135/7414 7168/7448
f 7135/7414 7169/7449 7168/7448
f 7135/7414 7136/7415 7169/7449
f 7136/7415 7170/7450 7169/7449
f 7136/7415 7137/7416 7170/7450
f 7137/7416 7171/7451 7170/7450
f 7137/7416 7138/7417 7171/7451
f 7138/7417 7172/7452 7171/7451
f 7138/7417 7139/7418 7172/7452
f 7139/7418 7173/7453 7172/7452
f 7139/7418 7140/7419 7173/7453
f 7140/7419 7174/7454 7173/7453
f 7140/7419 7141/7420 7174/7454
f 7141/7420 7175/7455 7174/7454
f 7141/7420 7142/7421 7175/7455
f 7142/7421 7176/7456 7175/7455
f 7142/7421 7143/7422 7176/7456
f 7143/7422 7177/7457 7176/7456
f 7143/7422 7144/7423 7177/7457
f 7144/7423 7178/7458 7177/7457
f 7144/7423 7145/7424 7178/7458
f 7145/7424 7179/7459 7178/7458
f 7145/7424 7146/7425 7179/7459
f 7146/7425 7180/7460 7179/7459
f 7146/7425 7147/7426 7180/7460
f 7147/7426 7181/7461 7180/7460
f 7147/7426 7148/7427 7181/7461
f 7148/7427 7182/7462 7181/7461
f 7148/7427 7149/7428 7182/7462
f 7149/7428 7183/7463 7182/7462
f 7149/7428 7150/7429 7183/7463
f 7150/7429 7184/7464 7183/7463
f 7150/7429 7151/7430 7184/7464
f 7151/7430 7185/7465 7184/7464
f 7151/7430 7152/7431 7185/7465
f 7152/7431 7186/7466 7185/7465
f 7152/7431 7153/7432 7186/7466
f 7153/7432 7187/7467 7186/7466
f 7153/7432 7154/7433 7187/7467
f 7154/7433 7188/7468 7187/7467
f 7154/7433 7155/7434 7188/7468
f 7155/7434 7189/7469 7188/7468
f 7155/7434 7156/7435 7189/7469
f 7156/7435 7190/7470 7189/7469
f 7156/7435 7157/7436 7190/7470
f 7157/7436 7191/7471 7190/7470
f 7157/7436 7158/7437 7191/7471
f 7158/7437 7192/7472 7191/7471
f 7158/7437 7159/7438 7192/7472
f 7159/7438 7193/7473 7192/7472
f 7159/7438 7160/7439 7193/7473
f 7160/7439 7194/7474 7193/7473
f 7160/7439 7161/7440 7194/7474
f 7163/7475 7195/7476 7196/7477
f 7163/7443 7162/7442 7195/7476
f 7162/7442 7197/7478 7195/7476
f 7162/7442 7164/7444 7197/7478
f 7164/7444 7198/7479 7197/7478
f 7164/7444 7165/7445 7198/7479
f 7165/7445 7199/7480 7198/7479
f 7165/7445 7166/7446 7199/7480
f 7166/7446 7200/7481 7199/7480
f 7166/7446 7167/7447 7200/7481
f 7167/7447 7201/7482 7200/7481
f 7167/7447 7168/7448 7201/7482
f 7168/7448 7202/7483 7201/7482
f 7168/7448 7169/7449 7202/7483
f 7169/7449 7203/7484 7202/7483
f 7169/7449 7170/7450 7203/7484
f 7170/7450 7204/7485 7203/7484
f 7170/7450 7171/7451 7204/7485
f 7171/7451 7205/7486 7204/7485
f 7171/7451 7172/7452 7205/7486
f 7172/7452 7206/7487 7205/7486
f 7172/7452 7173/7453 7206/7487
f 7173/7453 7207/7488 7206/7487
f 7173/7453 7174/7454 7207/7488
f 7174/7454 7208/7489 7207/7488
f 7174/7454 7175/7455 7208/7489
f 7175/7455 7209/7490 7208/7489
f 7175/7455 7176/7456 7209/7490
f 7176/7456 7210/7491 7209/7490
f 7176/7456 7177/7457 7210/7491
f 7177/7457 7211/7492 7210/7491
f 7177/7457 7178/7458 7211/7492
f 7178/7458 7212/7493 7211/7492
f 7178/7458 7179/7459 7212/7493
f 7179/7459 7213/7494 7212/7493
f 7179/7459 7180/7460 7213/7494
f 7180/7460 7214/7495 7213/7494
f 7180/7460 7181/7461 7214/7495
f 7181/7461 7215/7496 7214/7495
f 7181/7461 7182/7462 7215/7496
f 7182/7462 7216/7497 7215/7496
f 7182/7462 7183/7463 7216/7497
f 7183/7463 7217/7498 7216/7497
f 7183/7463 7184/7464 7217/7498
f 7184/7464 7218/7499 7217/7498
f 7184/7464 7185/7465 7218/7499
f 7185/7465 7219/7500 7218/7499
f 7185/7465 7186/7466 7219/7500
f 7186/7466 7220/7501 7219/7500
f 7186/7466 7187/7467 7220/7501
f 7187/7467 7221/7502 7220/7501
f 7187/7467 7188/7468 7221/7502
f 7188/7468 7222/7503 7221/7502
f 7188/7468 7189/7469 7222/7503
f 7189/7469 7223/7504 7222/7503
f 7189/7469 7190/7470 7223/7504
f 7190/7470 7224/7505 7223/7504
f 7190/7470 7191/7471 7224/7505
f 7191/7471 7225/7506 7224/7505
f 7191/7471 7192/7472 7225/7506
f 7192/7472 7226/7507 7225/7506
f 7192/7472 7193/7473 7226/7507
f 7193/7473 7227/7508 7226/7507
f 7193/7473 7194/7474 7227/7508
f 7196/7509 7228/7510 7229/7511
f 7196/7477 7195/7476 7228/7510
f 7195/7476 7230/7512 7228/7510
f 7195/7476 7197/7478 7230/7512
f 7197/7478 7231/7513 7230/7512
f 7197/7478 7198/7479 7231/7513
f 7198/7479 7232/7514 7231/7513
f 7198/7479 7199/7480 7232/7514
f 7199/7480 7233/7515 7232/7514
f 7199/7480 7200/7481 7233/7515
f 7200/7481 7234/7516 7233/7515
f 7200/7481 7201/7482 7234/7516
f 7201/7482 7235/7517 7234/7516
f 7201/7482 7202/7483 7235/7517
f 7202/7483 7236/7518 7235/7517
f 7202/7483 7203/7484 7236/7518
f 7203/7484 7237/7519 7236/7518
f 7203/7484 7204/7485 7237/7519
f 7204/7485 7238/7520 7237/7519
f 7204/7485 7205/7486 7238/7520
f 7205/7486 7239/7521 7238/7520
f 7205/7486 7206/7487 7239/7521
f 7206/7487 7240/7522 7239/7521
f 7206/7487 7207/7488 7240/7522
f 7207/7488 7241/7523 7240/7522
f 7207/7488 7208/7489 7241/7523
f 7208/7489 7242/7524 7241/7523
f 7208/7489 7209/7490 7242/7524
f 7209/7490 7243/7525 7242/7524
f 7209/7490 7210/7491 7243/7525
f 7210/7491 7244/7526 7243/7525
f 7210/7491 7211/7492 7244/7526
f 7211/7492 7245/7527 7244/7526
f 7211/7492 7212/7493 7245/7527
f 7212/7493 7246/7528 7245/7527
f 7212/7493 7213/7494 7246/7528
f 7213/7494 7247/7529 7246/7528
f 7213/7494 7214/7495 7247/7529
f 7214/7495 7248/7530 7247/7529
f 7214/7495 7215/7496 7248/7530
f 7215/7496 7249/7531 7248/7530
f 7215/7496 7216/7497 7249/7531
f 7216/7497 7250/7532 7249/7531
f 7216/7497 7217/7498 7250/7532
f 7217/7498 7251/7533 7250/7532
f 7217/7498 7218/7499 7251/7533
f 7218/7499 7252/7534 7251/7533
f 7218/7499 7219/7500 7252/7534
f 7219/7500 7253/7535 7252/7534
f 7219/7500 7220/7501 7253/7535
f 7220/7501 7254/7536 7253/7535
f 7220/7501 7221/7502 7254/7536
f 7221/7502 7255/7537 7254/7536
f 7221/7502 7222/7503 7255/7537
f 7222/7503 7256/7538 7255/7537
f 7222/7503 7223/7504 7256/7538
f 7223/7504 7257/7539 7256/7538
f 7223/7504 7224/7505 7257/7539
f 7224/7505 7258/7540 7257/7539
f 7224/7505 7225/7506 7258/7540
f 7225/7506 7259/7541 7258/7540
f 7225/7506 7226/7507 7259/7541
f 7226/7507 7260/7542 7259/7541
f 7226/7507 7227/7508 7260/7542
f 7229/7543 7261/7544 7262/7545
f 7229/7543 7228/7510 7261/7544
f 7228/7510 7263/7546 7261/7544
f 7228/7510 7230/7512 7263/7546
f 7230/7512 7264/7547 7263/7546
f 7230/7512 7231/7513 7264/7547
f 7231/7513 7265/7548 7264/7547
f 7231/7513 7232/7514 7265/7548
f 7232/7514 7266/7549 7265/7548
f 7232/7514 7233/7515 7266/7549
f 7233/7515 7267/7550 7266/7549
f 7233/7515 7234/7516 7267/7550
f 7234/7516 7268/7551 7267/7550
f 7234/7516 7235/7517 7268/7551
f 7235/7517 7269/7552 7268/7551
f 7235/7517 7236/7518 7269/7552
f 7236/7518 7270/7553 7269/7552
f 7236/7518 7237/7519 7270/7553
f 7237/7519 7271/7554 7270/7553
f 7237/7519 7238/7520 7271/7554
f 7238/7520 7272/7555 7271/7554
f 7238/7520 7239/7521 7272/7555
f 7239/7521 7273/7556 7272/7555
f 7239/7521 7240/7522 7273/7556
f 7240/7522 7274/7557 7273/7556
f 7240/7522 7241/7523 7274/7557
f 7241/7523 7275/7558 7274/7557
f 7241/7523 7242/7524 7275/7558
f 7242/7524 7276/7559 7275/7558
f 7242/7524 7243/7525 7276/7559
f 7243/7525 7277/7560 7276/7559
f 7243/7525 7244/7526 7277/7560
f 7244/7526 7278/7561 7277/7560
f 7244/7526 7245/7527 7278/7561
f 7245/7527 7279/7562 7278/7561
f 7245/7527 7246/7528 7279/7562
f 7246/7528 7280/7563 7279/7562
f 7246/7528 7247/7529 7280/7563
f 7247/7529 7281/7564 7280/7563
f 7247/7529 7248/7530 7281/7564
f 7248/7530 7282/7565 7281/7564
f 7248/7530 7249/7531 7282/7565
f 7249/7531 7283/7566 7282/7565
f 7249/7531 7250/7532 7283/7566
f 7250/7532 7284/7567 7283/7566
f 7250/7532 7251/7533 7284/7567
f 7251/7533 7285/7568 7284/7567
f 7251/7533 7252/7534 7285/7568
f 7252/7534 7286/7569 7285/7568
f 7252/7534 7253/7535 7286/7569
f 7253/7535 7287/7570 7286/7569
f 7253/7535 7254/7536 7287/7570
f 7254/7536 7288/7571 7287/7570
f 7254/7536 7255/7537 7288/7571
f 7255/7537 7289/7572 7288/7571
f 7255/7537 7256/7538 7289/7572
f 7256/7538 7290/7573 7289/7572
f 7256/7538 7257/7539 7290/7573
f 7257/7539 7291/7574 7290/7573
f 7257/7539 7258/7540 7291/7574
f 7258/7540 7292/7575 7291/7574
f 7258/7540 7259/7541 7292/7575
f 7259/7541 7293/7576 7292/7575
f 7259/7541 7260/7542 7293/7576
f 7262/7577 7294/7578 7295/7579
f 7262/7545 7261/7544 7294/7578
f 7261/7544 7296/7580 7294/7578
f 7261/7544 7263/7546 7296/7580
f 7263/7546 7297/7581 7296/7580
f 7263/7546 7264/7547 7297/7581
f 7264/7547 7298/7582 7297/7581
f 7264/7547 7265/7548 7298/7582
f 7265/7548 7299/7583 7298/7582
f 7265/7548 7266/7549 7299/7583
f 7266/7549 7300/7584 7299/7583
f 7266/7549 7267/7550 7300/7584
f 7267/7550 7301/7585 7300/7584
f 7267/7550 7268/7551 7301/7585
f 7268/7551 7302/7586 7301/7585
f 7268/7551 7269/7552 7302/7586
f 7269/7552 7303/7587 7302/7586
f 7269/7552 7270/7553 7303/7587
f 7270/7553 7304/7588 7303/7587
f 7270/7553 7271/7554 7304/7588
f 7271/7554 7305/7589 7304/7588
f 7271/7554 7272/7555 7305/7589
f 7272/7555 7306/7590 7305/7589
f 7272/7555 7273/7556 7306/7590
f 7273/7556 7307/7591 7306/7590
f 7273/7556 7274/7557 7307/7591
f 7274/7557 7308/7592 7307/7591
f 7274/7557 7275/7558 7308/7592
f 7275/7558 7309/7593 7308/7592
f 7275/7558 7276/7559 7309/7593
f 7276/7559 7310/7594 7309/7593
f 7276/7559 7277/7560 7310/7594
f 7277/7560 7311/7595 7310/7594
f 7277/7560 7278/7561 7311/7595
f 7278/7561 7312/7596 7311/7595
f 7278/7561 7279/7562 7312/7596
f 7279/7562 7313/7597 7312/7596
f 7279/7562 7280/7563 7313/7597
f 7280/7563 7314/7598 7313/7597
f 7280/7563 7281/7564 7314/7598
f 7281/7564 7315/7599 7314/7598
f 7281/7564 7282/7565 7315/7599
f 7282/7565 7316/7600 7315/7599
f 7282/7565 7283/7566 7316/7600
f 7283/7566 7317/7601 7316/7600
f 7283/7566 7284/7567 7317/7601
f 7284/7567 7318/7602 7317/7601
f 7284/7567 7285/7568 7318/7602
f 7285/7568 7319/7603 7318/7602
f 7285/7568 7286/7569 7319/7603
f 7286/7569 7320/7604 7319/7603
f 7286/7569 7287/7570 7320/7604
f 7287/7570 7321/7605 7320/7604
f 7287/7570 7288/7571 7321/7605
f 7288/7571 7322/7606 7321/7605
f 7288/7571 7289/7572 7322/7606
f 7289/7572 7323/7607 7322/7606
f 7289/7572 7290/7573 7323/7607
f 7290/7573 7324/7608 7323/7607
f 7290/7573 7291/7574 7324/7608
f 7291/7574 7325/7609 7324/7608
f 7291/7574 7292/7575 7325/7609
f 7292/7575 7326/7610 7325/7609
f 7292/7575 7293/7576 7326/7610
f 7295/7611 7327/7612 7328/7613
f 7295/7579 7294/7578 7327/7612
f 7294/7578 7329/7614 7327/7612
f 7294/7578 7296/7580 7329/7614
f 7296/7580 7330/7615 7329/7614
f 7296/7580 7297/7581 7330/7615
f 7297/7581 7331/7616 7330/7615
f 7297/7581 7298/7582 7331/7616
f 7298/7582 7332/7617 7331/7616
f 7298/7582 7299/7583 7332/7617
f 7299/7583 7333/7618 7332/7617
f 7299/7583 7300/7584 7333/7618
f 7300/7584 7334/7619 7333/7618
f 7300/7584 7301/7585 7334/7619
f 7301/7585 7335/7620 7334/7619
f 7301/7585 7302/7586 7335/7620
f 7302/7586 7336/7621 7335/7620
f 7302/7586 7303/7587 7336/7621
f 7303/7587 7337/7622 7336/7621
f 7303/7587 7304/7588 7337/7622
f 7304/7588 7338/7623 7337/7622
f 7304/7588 7305/7589 7338/7623
f 7305/7589 7339/7624 7338/7623
f 7305/7589 7306/7590 7339/7624
f 7306/7590 7340/7625 7339/7624
f 7306/7590 7307/7591 7340/7625
f 7307/7591 7341/7626 7340/7625
f 7307/7591 7308/7592 7341/7626
f 7308/7592 7342/7627 7341/7626
f 7308/7592 7309/7593 7342/7627
f 7309/7593 7343/7628 7342/7627
f 7309/7593 7310/7594 7343/7628
f 7310/7594 7344/7629 7343/7628
f 7310/7594 7311/7595 7344/7629
f 7311/7595 7345/7630 7344/7629
f 7311/7595 7312/7596 7345/7630
f 7312/7596 7346/7631 7345/7630
f 7312/7596 7313/7597 7346/7631
f 7313/7597 7347/7632 7346/7631
f 7313/7597 7314/7598 7347/7632
f 7314/7598 7348/7633 7347/7632
f 7314/7598 7315/7599 7348/7633
f 7315/7599 7349/7634 7348/7633
f 7315/7599 7316/7600 7349/7634
f 7316/7600 7350/7635 7349/7634
f 7316/7600 7317/7601 7350/7635
f 7317/7601 7351/7636 7350/7635
f 7317/7601 7318/7602 7351/7636
f 7318/7602 7352/7637 7351/7636
f 7318/7602 7319/7603 7352/7637
f 7319/7603 7353/7638 7352/7637
f 7319/7603 7320/7604 7353/7638
f 7320/7604 7354/7639 7353/7638
f 7320/7604 7321/7605 7354/7639
f 7321/7605 7355/7640 7354/7639
f 7321/7605 7322/7606 7355/7640
f 7322/7606 7356/7641 7355/7640
f 7322/7606 7323/7607 7356/7641
f 7323/7607 7357/7642 7356/7641
f 7323/7607 7324/7608 7357/7642
f 7324/7608 7358/7643 7357/7642
f 7324/7608 7325/7609 7358/7643
f 7325/7609 7359/7644 7358/7643
f 7325/7609 7326/7610 7359/7644
f 7328/7645 7360/7646 7361/7647
f 7328/7613 7327/7612 7360/7646
f 7327/7612 7362/7648 7360/7646
f 7327/7612 7329/7614 7362/7648
f 7329/7614 7363/7649 7362/7648
f 7329/7614 7330/7615 7363/7649
f 7330/7615 7364/7650 7363/7649
f 7330/7615 7331/7616 7364/7650
f 7331/7616 7365/7651 7364/7650
f 7331/7616 7332/7617 7365/7651
f 7332/7617 7366/7652 7365/7651
f 7332/7617 7333/7618 7366/7652
f 7333/7618 7367/7653 7366/7652
f 7333/7618 7334/7619 7367/7653
f 7334/7619 7368/7654 7367/7653
f 7334/7619 7335/7620 7368/7654
f 7335/7620 7369/7655 7368/7654
f 7335/7620 7336/7621 7369/7655
f 7336/7621 7370/7656 7369/7655
f 7336/7621 7337/7622 7370/7656
f 7337/7622 7371/7657 7370/7656
f 7337/7622 7338/7623 7371/7657
f 7338/7623 7372/7658 7371/7657
f 7338/7623 7339/7624 7372/7658
f 7339/7624 7373/7659 7372/7658
f 7339/7624 7340/7625 7373/7659
f 7340/7625 7374/7660 7373/7659
f 7340/7625 7341/7626 7374/7660
f 7341/7626 7375/7661 7374/7660
f 7341/7626 7342/7627 7375/7661
f 7342/7627 7376/7662 7375/7661
f 7342/7627 7343/7628 7376/7662
f 7343/7628 7377/7663 7376/7662
f 7343/7628 7344/7629 7377/7663
f 7344/7629 7378/7664 7377/7663
f 7344/7629 7345/7630 7378/7664
f 7345/7630 7379/7665 7378/7664
f 7345/7630 7346/7631 7379/7665
f 7346/7631 7380/7666 7379/7665
f 7346/7631 7347/7632 7380/7666
f 7347/7632 7381/7667 7380/7666
f 7347/7632 7348/7633 7381/7667
f 7348/7633 7382/7668 7381/7667
f 7348/7633 7349/7634 7382/7668
f 7349/7634 7383/7669 7382/7668
f 7349/7634 7350/7635 7383/7669
f 7350/7635 7384/7670 7383/7669
f 7350/7635 7351/7636 7384/7670
f 7351/7636 7385/7671 7384/7670
f 7351/7636 7352/7637 7385/7671
f 7352/7637 7386/7672 7385/7671
f 7352/7637 7353/7638 7386/7672
f 7353/7638 7387/7673 7386/7672
f 7353/7638 7354/7639 7387/7673
f 7354/7639 7388/7674 7387/7673
f 7354/7639 7355/7640 7388/7674
f 7355/7640 7389/7675 7388/7674
f 7355/7640 7356/7641 7389/7675
f 7356/7641 7390/7676 7389/7675
f 7356/7641 7357/7642 7390/7676
f 7357/7642 7391/7677 7390/7676
f 7357/7642 7358/7643 7391/7677
f 7358/7643 7392/7678 7391/7677
f 7358/7643 7359/7644 7392/7678
f 7361/7679 7393/7680 7394/7681
f 7361/7679 7360/7646 7393/7680
f 7360/7646 7395/7682 7393/7680
f 7360/7646 7362/7648 7395/7682
f 7362/7648 7396/7683 7395/7682
f 7362/7648 7363/7649 7396/7683
f 7363/7649 7397/7684 7396/7683
f 7363/7649 7364/7650 7397/7684
f 7364/7650 7398/7685 7397/7684
f 7364/7650 7365/7651 7398/7685
f 7365/7651 7399/7686 7398/7685
f 7365/7651 7366/7652 7399/7686
f 7366/7652 7400/7687 7399/7686
f 7366/7652 7367/7653 7400/7687
f 7367/7653 7401/7688 7400/7687
f 7367/7653 7368/7654 7401/7688
f 7368/7654 7402/7689 7401/7688
f 7368/7654 7369/7655 7402/7689
f 7369/7655 7403/7690 7402/7689
f 7369/7655 7370/7656 7403/7690
f 7370/7656 7404/7691 7403/7690
f 7370/7656 7371/7657 7404/7691
f 7371/7657 7405/7692 7404/7691
f 7371/7657 7372/7658 7405/7692
f 7372/7658 7406/7693 7405/7692
f 7372/7658 7373/7659 7406/7693
f 7373/7659 7407/7694 7406/7693
f 7373/7659 7374/7660 7407/7694
f 7374/7660 7408/7695 7407/7694
f 7374/7660 7375/7661 7408/7695
f 7375/7661 7409/7696 7408/7695
f 7375/7661 7376/7662 7409/7696
f 7376/7662 7410/7697 7409/7696
f 7376/7662 7377/7663 7410/7697
f 7377/7663 7411/7698 7410/7697
f 7377/7663 7378/7664 7411/7698
f 7378/7664 7412/7699 7411/7698
f 7378/7664 7379/7665 7412/7699
f 7379/7665 7413/7700 7412/7699
f 7379/7665 7380/7666 7413/7700
f 7380/7666 7414/7701 7413/7700
f 7380/7666 7381/7667 7414/7701
f 7381/7667 7415/7702 7414/7701
f 7381/7667 7382/7668 7415/7702
f 7382/7668 7416/7703 7415/7702
f 7382/7668 7383/7669 7416/7703
f 7383/7669 7417/7704 7416/7703
f 7383/7669 7384/7670 7417/7704
f 7384/7670 7418/7705 7417/7704
f 7384/7670 7385/7671 7418/7705
f 7385/7671 7419/7706 7418/7705
f 7385/7671 7386/7672 7419/7706
f 7386/7672 7420/7707 7419/7706
f 7386/7672 7387/7673 7420/7707
f 7387/7673 7421/7708 7420/7707
f 7387/7673 7388/7674 7421/7708
f 7388/7674 7422/7709 7421/7708
f 7388/7674 7389/7675 7422/7709
f 7389/7675 7423/7710 7422/7709
f 7389/7675 7390/7676 7423/7710
f 7390/7676 7424/7711 7423/7710
f 7390/7676 7391/7677 7424/7711
f 7391/7677 7425/7712 7424/7711
f 7391/7677 7392/7678 7425/7712
f 7394/7713 7426/7714 7427/7715
f 7394/7713 7393/7680 7426/7714
f 7393/7680 7428/7716 7426/7714
f 7393/7680 7395/7682 7428/7716
f 7395/7682 7429/7717 7428/7716
f 7395/7682 7396/7683 7429/7717
f 7396/7683 7430/7718 7429/7717
f 7396/7683 7397/7684 7430/7718
f 7397/7684 7431/7719 7430/7718
f 7397/7684 7398/7685 7431/7719
f 7398/7685 7432/7720 7431/7719
f 7398/7685 7399/7686 7432/7720
f 7399/7686 7433/7721 7432/7720
f 7399/7686 7400/7687 7433/7721
f 7400/7687 7434/7722 7433/7721
f 7400/7687 7401/7688 7434/7722
f 7401/7688 7435/7723 7434/7722
f 7401/7688 7402/7689 7435/7723
f 7402/7689 7436/7724 7435/7723
f 7402/7689 7403/7690 7436/7724
f 7403/7690 7437/7725 7436/7724
f 7403/7690 7404/7691 7437/7725
f 7404/7691 7438/7726 7437/7725
f 7404/7691 7405/7692 7438/7726
f 7405/7692 7439/7727 7438/7726
f 7405/7692 7406/7693 7439/7727
f 7406/7693 7440/7728 7439/7727
f 7406/7693 7407/7694 7440/7728
f 7407/7694 7441/7729 7440/7728
f 7407/7694 7408/7695 7441/7729
f 7408/7695 7442/7730 7441/7729
f 7408/7695 7409/7696 7442/7730
f 7409/7696 7443/7731 7442/7730
f 7409/7696 7410/7697 7443/7731
f 7410/7697 7444/7732 7443/7731
f 7410/7697 7411/7698 7444/7732
f 7411/7698 7445/7733 7444/7732
f 7411/7698 7412/7699 7445/7733
f 7412/7699 7446/7734 7445/7733
f 7412/7699 7413/7700 7446/7734
f 7413/7700 7447/7735 7446/7734
f 7413/7700 7414/7701 7447/7735
f 7414/7701 7448/7736 7447/7735
f 7414/7701 7415/7702 7448/7736
f 7415/7702 7449/7737 7448/7736
f 7415/7702 7416/7703 7449/7737
f 7416/7703 7450/7738 7449/7737
f 7416/7703 7417/7704 7450/7738
f 7417/7704 7451/7739 7450/7738
f 7417/7704 7418/7705 7451/7739
f 7418/7705 7452/7740 7451/7739
f 7418/7705 7419/7706 7452/7740
f 7419/7706 7453/7741 7452/7740
f 7419/7706 7420/7707 7453/7741
f 7420/7707 7454/7742 7453/7741
f 7420/7707 7421/7708 7454/7742
f 7421/7708 7455/7743 7454/7742
f 7421/7708 7422/7709 7455/7743
f 7422/7709 7456/7744 7455/7743
f 7422/7709 7423/7710 7456/7744
f 7423/7710 7457/7745 7456/7744
f 7423/7710 7424/7711 7457/7745
f 7424/7711 7458/7746 7457/7745
f 7424/7711 7425/7712 7458/7746
f 7427/7747 7459/7748 7460/7749
f 7427/7747 7426/7714 7459/7748
f 7426/7714 7461/7750 7459/7748
f 7426/7714 7428/7716 7461/7750
f 7428/7716 7462/7751 7461/7750
f 7428/7716 7429/7717 7462/7751
f 7429/7717 7463/7752 7462/7751
f 7429/7717 7430/7718 7463/7752
f 7430/7718 7464/7753 7463/7752
f 7430/7718 7431/7719 7464/7753
f 7431/7719 7465/7754 7464/7753
f 7431/7719 7432/7720 7465/7754
f 7432/7720 7466/7755 7465/7754
f 7432/7720 7433/7721 7466/7755
f 7433/7721 7467/7756 7466/7755
f 7433/7721 7434/7722 7467/7756
f 7434/7722 7468/7757 7467/7756
f 7434/7722 7435/7723 7468/7757
f 7435/7723 7469/7758 7468/7757
f 7435/7723 7436/7724 7469/7758
f 7436/7724 7470/7759 7469/7758
f 7436/7724 7437/7725 7470/7759
f 7437/7725 7471/7760 7470/7759
f 7437/7725 7438/7726 7471/7760
f 7438/7726 7472/7761 7471/7760
f 7438/7726 7439/7727 7472/7761
f 7439/7727 7473/7762 7472/7761
f 7439/7727 7440/7728 7473/7762
f 7440/7728 7474/7763 7473/7762
f 7440/7728 7441/7729 7474/7763
f 7441/7729 7475/7764 7474/7763
f 7441/7729 7442/7730 7475/7764
f 7442/7730 7476/7765 7475/7764
f 7442/7730 7443/7731 7476/7765
f 7443/7731 7477/7766 7476/7765
f 7443/7731 7444/7732 7477/7766
f 7444/7732 7478/7767 7477/7766
f 7444/7732 7445/7733 7478/7767
f 7445/7733 7479/7768 7478/7767
f 7445/7733 7446/7734 7479/7768
f 7446/7734 7480/7769 7479/7768
f 7446/7734 7447/7735 7480/7769
f 7447/7735 7481/7770 7480/7769
f 7447/7735 7448/7736 7481/7770
f 7448/7736 7482/7771 7481/7770
f 7448/7736 7449/7737 7482/7771
f 7449/7737 7483/7772 7482/7771
f 7449/7737 7450/7738 7483/7772
f 7450/7738 7484/7773 7483/7772
f 7450/7738 7451/7739 7484/7773
f 7451/7739 7485/7774 7484/7773
f 7451/7739 7452/7740 7485/7774
f 7452/7740 7486/7775 7485/7774
f 7452/7740 7453/7741 7486/7775
f 7453/7741 7487/7776 7486/7775
f 7453/7741 7454/7742 7487/7776
f 7454/7742 7488/7777 7487/7776
f 7454/7742 7455/7743 7488/7777
f 7455/7743 7489/7778 7488/7777
f 7455/7743 7456/7744 7489/7778
f 7456/7744 7490/7779 7489/7778
f 7456/7744 7457/7745 7490/7779
f 7457/7745 7491/7780 7490/7779
f 7457/7745 7458/7746 7491/7780
f 7460/7781 7492/7782 7493/7783
f 7460/7749 7459/7748 7492/7782
f 7459/7748 7494/7784 7492/7782
f 7459/7748 7461/7750 7494/7784
f 7461/7750 7495/7785 7494/7784
f 7461/7750 7462/7751 7495/7785
f 7462/7751 7496/7786 7495/7785
f 7462/7751 7463/7752 7496/7786
f 7463/7752 7497/7787 7496/7786
f 7463/7752 7464/7753 7497/7787
f 7464/7753 7498/7788 7497/7787
f 7464/7753 7465/7754 7498/7788
f 7465/7754 7499/7789 7498/7788
f 7465/7754 7466/7755 7499/7789
f 7466/7755 7500/7790 7499/7789
f 7466/7755 7467/7756 7500/7790
f 7467/7756 7501/7791 7500/7790
f 7467/7756 7468/7757 7501/7791
f 7468/7757 7502/7792 7501/7791
f 7468/7757 7469/7758 7502/7792
f 7469/7758 7503/7793 7502/7792
f 7469/7758 7470/7759 7503/7793
f 7470/7759 7504/7794 7503/7793
f 7470/7759 7471/7760 7504/7794
f 7471/7760 7505/7795 7504/7794
f 7471/7760 7472/7761 7505/7795
f 7472/7761 7506/7796 7505/7795
f 7472/7761 7473/7762 7506/7796
f 7473/7762 7507/7797 7506/7796
f 7473/7762 7474/7763 7507/7797
f 7474/7763 7508/7798 7507/7797
f 7474/7763 7475/7764 7508/7798
f 7475/7764 7509/7799 7508/7798
f 7475/7764 7476/7765 7509/7799
f 7476/7765 7510/7800 7509/7799
f 7476/7765 7477/7766 7510/7800
f 7477/7766 7511/7801 7510/7800
f 7477/7766 7478/7767 7511/7801
f 7478/7767 7512/7802 7511/7801
f 7478/7767 7479/7768 7512/7802
f 7479/7768 7513/7803 7512/7802
f 7479/7768 7480/7769 7513/7803
f 7480/7769 7514/7804 7513/7803
f 7480/7769 7481/7770 7514/7804
f 7481/7770 7515/7805 7514/7804
f 7481/7770 7482/7771 7515/7805
f 7482/7771 7516/7806 7515/7805
f 7482/7771 7483/7772 7516/7806
f 7483/7772 7517/7807 7516/7806
f 7483/7772 7484/7773 7517/7807
f 7484/7773 7518/7808 7517/7807
f 7484/7773 7485/7774 7518/7808
f 7485/7774 7519/7809 7518/7808
f 7485/7774 7486/7775 7519/7809
f 7486/7775 7520/7810 7519/7809
f 7486/7775 7487/7776 7520/7810
f 7487/7776 7521/7811 7520/7810
f 7487/7776 7488/7777 7521/7811
f 7488/7777 7522/7812 7521/7811
f 7488/7777 7489/7778 7522/7812
f 7489/7778 7523/7813 7522/7812
f 7489/7778 7490/7779 7523/7813
f 7490/7779 7524/7814 7523/7813
f 7490/7779 7491/7780 7524/7814
f 7493/7815 7525/7816 7526/7817
f 7493/7815 7492/7782 7525/7816
f 7492/7782 7527/7818 7525/7816
f 7492/7782 7494/7784 7527/7818
f 7494/7784 7528/7819 7527/7818
f 7494/7784 7495/7785 7528/7819
f 7495/7785 7529/7820 7528/7819
f 7495/7785 7496/7786 7529/7820
f 7496/7786 7530/7821 7529/7820
f 7496/7786 7497/7787 7530/7821
f 7497/7787 7531/7822 7530/7821
f 7497/7787 7498/7788 7531/7822
f 7498/7788 7532/7823 7531/7822
f 7498/7788 7499/7789 7532/7823
f 7499/7789 7533/7824 7532/7823
f 7499/7789 7500/7790 7533/7824
f 7500/7790 7534/7825 7533/7824
f 7500/7790 7501/7791 7534/7825
f 7501/7791 7535/7826 7534/7825
f 7501/7791 7502/7792 7535/7826
f 7502/7792 7536/7827 7535/7826
f 7502/7792 7503/7793 7536/7827
f 7503/7793 7537/7828 7536/7827
f 7503/7793 7504/7794 7537/7828
f 7504/7794 7538/7829 7537/7828
f 7504/7794 7505/7795 7538/7829
f 7505/7795 7539/7830 7538/7829
f 7505/7795 7506/7796 7539/7830
f 7506/7796 7540/7831 7539/7830
f 7506/7796 7507/7797 7540/7831
f 7507/7797 7541/7832 7540/7831
f 7507/7797 7508/7798 7541/7832
f 7508/7798 7542/7833 7541/7832
f 7508/7798 7509/7799 7542/7833
f 7509/7799 7543/7834 7542/7833
f 7509/7799 7510/7800 7543/7834
f 7510/7800 7544/7835 7543/7834
f 7510/7800 7511/7801 7544/7835
f 7511/7801 7545/7836 7544/7835
f 7511/7801 7512/7802 7545/7836
f 7512/7802 7546/7837 7545/7836
f 7512/7802 7513/7803 7546/7837
f 7513/7803 7547/7838 7546/7837
f 7513/7803 7514/7804 7547/7838
f 7514/7804 7548/7839 7547/7838
f 7514/7804 7515/7805 7548/7839
f 7515/7805 7549/7840 7548/7839
f 7515/7805 7516/7806 7549/7840
f 7516/7806 7550/7841 7549/7840
f 7516/7806 7517/7807 7550/7841
f 7517/7807 7551/7842 7550/7841
f 7517/7807 7518/7808 7551/7842
f 7518/7808 7552/7843 7551/7842
f 7518/7808 7519/7809 7552/7843
f 7519/7809 7553/7844 7552/7843
f 7519/7809 7520/7810 7553/7844
f 7520/7810 7554/7845 7553/7844
f 7520/7810 7521/7811 7554/7845
f 7521/7811 7555/7846 7554/7845
f 7521/7811 7522/7812 7555/7846
f 7522/7812 7556/7847 7555/7846
f 7522/7812 7523/7813 7556/7847
f 7523/7813 7557/7848 7556/7847
f 7523/7813 7524/7814 7557/7848
f 7526/7849 7558/7850 7559/7851
f 7526/7849 7525/7816 7558/7850
f 7525/7816 7560/7852 7558/7850
f 7525/7816 7527/7818 7560/7852
f 7527/7818 7561/7853 7560/7852
f 7527/7818 7528/7819 7561/7853
f 7528/7819 7562/7854 7561/7853
f 7528/7819 7529/7820 7562/7854
f 7529/7820 7563/7855 7562/7854
f 7529/7820 7530/7821 7563/7855
f 7530/7821 7564/7856 7563/7855
f 7530/7821 7531/7822 7564/7856
f 7531/7822 7565/7857 7564/7856
f 7531/7822 7532/7823 7565/7857
f 7532/7823 7566/7858 7565/7857
f 7532/7823 7533/7824 7566/7858
f 7533/7824 7567/7859 7566/7858
f 7533/7824 7534/7825 7567/7859
f 7534/7825 7568/7860 7567/7859
f 7534/7825 7535/7826 7568/7860
f 7535/7826 7569/7861 7568/7860
f 7535/7826 7536/7827 7569/7861
f 7536/7827 7570/7862 7569/7861
f 7536/7827 7537/7828 7570/7862
f 7537/7828 7571/7863 7570/7862
f 7537/7828 7538/7829 7571/7863
f 7538/7829 7572/7864 7571/7863
f 7538/7829 7539/7830 7572/7864
f 7539/7830 7573/7865 7572/7864
f 7539/7830 7540/7831 7573/7865
f 7540/7831 7574/7866 7573/7865
f 7540/7831 7541/7832 7574/7866
f 7541/7832 7575/7867 7574/7866
f 7541/7832 7542/7833 7575/7867
f 7542/7833 7576/7868 7575/7867
f 7542/7833 7543/7834 7576/7868
f 7543/7834 7577/7869 7576/7868
f 7543/7834 7544/7835 7577/7869
f 7544/7835 7578/7870 7577/7869
f 7544/7835 7545/7836 7578/7870
f 7545/7836 7579/7871 7578/7870
f 7545/7836 7546/7837 7579/7871
f 7546/7837 7580/7872 7579/7871
f 7546/7837 7547/7838 7580/7872
f 7547/7838 7581/7873 7580/7872
f 7547/7838 7548/7839 7581/7873
f 7548/7839 7582/7874 7581/7873
f 7548/7839 7549/7840 7582/7874
f 7549/7840 7583/7875 7582/7874
f 7549/7840 7550/7841 7583/7875
f 7550/7841 7584/7876 7583/7875
f 7550/7841 7551/7842 7584/7876
f 7551/7842 7585/7877 7584/7876
f 7551/7842 7552/7843 7585/7877
f 7552/7843 7586/7878 7585/7877
f 7552/7843 7553/7844 7586/7878
f 7553/7844 7587/7879 7586/7878
f 7553/7844 7554/7845 7587/7879
f 7554/7845 7588/7880 7587/7879
f 7554/7845 7555/7846 7588/7880
f 7555/7846 7589/7881 7588/7880
f 7555/7846 7556/7847 7589/7881
f 7556/7847 7590/7882 7589/7881
f 7556/7847 7557/7848 7590/7882
f 7559/7883 7591/7884 7592/7885
f 7559/7883 7558/7850 7591/7884
f 7558/7850 7593/7886 7591/7884
f 7558/7850 7560/7852 7593/7886
f 7560/7852 7594/7887 7593/7886
f 7560/7852 7561/7853 7594/7887
f 7561/7853 7595/7888 7594/7887
f 7561/7853 7562/7854 7595/7888
f 7562/7854 7596/7889 7595/7888
f 7562/7854 7563/7855 7596/7889
f 7563/7855 7597/7890 7596/7889
f 7563/7855 7564/7856 7597/7890
f 7564/7856 7598/7891 7597/7890
f 7564/7856 7565/7857 7598/7891
f 7565/7857 7599/7892 7598/7891
f 7565/7857 7566/7858 7599/7892
f 7566/7858 7600/7893 7599/7892
f 7566/7858 7567/7859 7600/7893
f 7567/7859 7601/7894 7600/7893
f 7567/7859 7568/7860 7601/7894
f 7568/7860 7602/7895 7601/7894
f 7568/7860 7569/7861 7602/7895
f 7569/7861 7603/7896 7602/7895
f 7569/7861 7570/7862 7603/7896
f 7570/7862 7604/7897 7603/7896
f 7570/7862 7571/7863 7604/7897
f 7571/7863 7605/7898 7604/7897
f 7571/7863 7572/7864 7605/7898
f 7572/7864 7606/7899 7605/7898
f 7572/7864 7573/7865 7606/7899
f 7573/7865 7607/7900 7606/7899
f 7573/7865 7574/7866 7607/7900
f 7574/7866 7608/7901 7607/7900
f 7574/7866 7575/7867 7608/7901
f 7575/7867 7609/7902 7608/7901
f 7575/7867 7576/7868 7609/7902
f 7576/7868 7610/7903 7609/7902
f 7576/7868 7577/7869 7610/7903
f 7577/7869 7611/7904 7610/7903
f 7577/7869 7578/7870 7611/7904
f 7578/7870 7612/7905 7611/7904
f 7578/7870 7579/7871 7612/7905
f 7579/7871 7613/7906 7612/7905
f 7579/7871 7580/7872 7613/7906
f 7580/7872 7614/7907 7613/7906
f 7580/7872 7581/7873 7614/7907
f 7581/7873 7615/7908 7614/7907
f 7581/7873 7582/7874 7615/7908
f 7582/7874 7616/7909 7615/7908
f 7582/7874 7583/7875 7616/7909
f 7583/7875 7617/7910 7616/7909
f 7583/7875 7584/7876 7617/7910
f 7584/7876 7618/7911 7617/7910
f 7584/7876 7585/7877 7618/7911
f 7585/7877 7619/7912 7618/7911
f 7585/7877 7586/7878 7619/7912
f 7586/7878 7620/7913 7619/7912
f 7586/7878 7587/7879 7620/7913
f 7587/7879 7621/7914 7620/7913
f 7587/7879 7588/7880 7621/7914
f 7588/7880 7622/7915 7621/7914
f 7588/7880 7589/7881 7622/7915
f 7589/7881 7623/7916 7622/7915
f 7589/7881 7590/7882 7623/7916
f 7624/7917 7625/7918 7626/7919
f 7624/7917 7627/7920 7625/7918
f 7627/7920 7628/7921 7625/7918
f 7627/7920 7629/7922 7628/7921
f 7629/7922 7630/7923 7628/7921
f 7629/7922 7631/7924 7630/7923
f 7631/7924 7632/7925 7630/7923
f 7631/7924 7633/7926 7632/7925
f 7633/7926 7634/7927 7632/7925
f 7633/7926 7635/7928 7634/7927
f 7635/7928 7636/7929 7634/7927
f 7635/7928 7637/7930 7636/7929
f 7637/7930 7638/7931 7636/7929
f 7637/7930 7639/7932 7638/7931
f 7639/7932 7640/7933 7638/7931
f 7639/7932 7641/7934 7640/7933
f 7641/7934 7642/7935 7640/7933
f 7641/7934 7643/7936 7642/7935
f 7643/7936 7644/7937 7642/7935
f 7643/7936 7645/7938 7644/7937
f 7645/7938 7646/7939 7644/7937
f 7645/7938 7647/7940 7646/7939
f 7647/7940 7648/7941 7646/7939
f 7647/7940 7649/7942 7648/7941
f 7649/7942 7650/7943 7648/7941
f 7649/7942 7651/7944 7650/7943
f 7651/7944 7652/7945 7650/7943
f 7651/7944 7653/7946 7652/7945
f 7653/7946 7654/7947 7652/7945
f 7653/7946 7655/7948 7654/7947
f 7655/7948 7656/7949 7654/7947
f 7655/7948 7657/7950 7656/7949
f 7657/7950 7658/7951 7656/7949
f 7657/7950 7659/7952 7658/7951
f 7659/7952 7660/7953 7658/7951
f 7659/7952 7661/7954 7660/7953
f 7661/7954 7662/7955 7660/7953
f 7661/7954 7663/7956 7662/7955
f 7663/7956 7664/7957 7662/7955
f 7663/7956 7665/7958 7664/7957
f 7665/7958 7666/7959 7664/7957
f 7665/7958 7667/7960 7666/7959
f 7667/7960 7668/7961 7666/7959
f 7667/7960 7669/7962 7668/7961
f 7669/7962 7670/7963 7668/7961
f 7669/7962 7671/7964 7670/7963
f 7671/7964 7672/7965 7670/7963
f 7671/7964 7673/7966 7672/7965
f 7673/7966 7674/7967 7672/7965
f 7673/7966 7675/7968 7674/7967
f 7675/7968 7676/7969 7674/7967
f 7675/7968 7677/7970 7676/7969
f 7677/7970 7678/7971 7676/7969
f 7677/7970 7679/7972 7678/7971
f 7679/7972 7680/7973 7678/7971
f 7679/7972 7681/7974 7680/7973
f 7681/7974 7682/7975 7680/7973
f 7681/7974 7683/7976 7682/7975
f 7683/7976 7684/7977 7682/7975
f 7683/7976 7685/7978 7684/7977
f 7685/7978 7686/7979 7684/7977
f 7685/7978 7687/7980 7686/7979
f 7687/7980 7688/7981 7686/7979
f 7687/7980 7689/7982 7688/7981
f 7626/7983 7690/7984 7691/7985
f 7626/7919 7625/7918 7690/7984
f 7625/7918 7692/7986 7690/7984
f 7625/7918 7628/7921 7692/7986
f 7628/7921 7693/7987 7692/7986
f 7628/7921 7630/7923 7693/7987
f 7630/7923 7694/7988 7693/7987
f 7630/7923 7632/7925 7694/7988
f 7632/7925 7695/7989 7694/7988
f 7632/7925 7634/7927 7695/7989
f 7634/7927 7696/7990 7695/7989
f 7634/7927 7636/7929 7696/7990
f 7636/7929 7697/7991 7696/7990
f 7636/7929 7638/7931 7697/7991
f 7638/7931 7698/7992 7697/7991
f 7638/7931 7640/7933 7698/7992
f 7640/7933 7699/7993 7698/7992
f 7640/7933 7642/7935 7699/7993
f 7642/7935 7700/7994 7699/7993
f 7642/7935 7644/7937 7700/7994
f 7644/7937 7701/7995 7700/7994
f 7644/7937 7646/7939 7701/7995
f 7646/7939 7702/7996 7701/7995
f 7646/7939 7648/7941 7702/7996
f 7648/7941 7703/7997 7702/7996
f 7648/7941 7650/7943 7703/7997
f 7650/7943 7704/7998 7703/7997
f 7650/7943 7652/7945 7704/7998
f 7652/7945 7705/7999 7704/7998
f 7652/7945 7654/7947 7705/7999
f 7654/7947 7706/8000 7705/7999
f 7654/7947 7656/7949 7706/8000
f 7656/7949 7707/8001 7706/8000
f 7656/7949 7658/7951 7707/8001
f 7658/7951 7708/8002 7707/8001
f 7658/7951 7660/7953 7708/8002
f 7660/7953 7709/8003 7708/8002
f 7660/7953 7662/7955 7709/8003
f 7662/7955 7710/8004 7709/8003
f 7662/7955 7664/7957 7710/8004
f 7664/7957 7711/8005 7710/8004
f 7664/7957 7666/7959 7711/8005
f 7666/7959 7712/8006 7711/8005
f 7666/7959 7668/7961 7712/8006
f 7668/7961 7713/8007 7712/8006
f 7668/7961 7670/7963 7713/8007
f 7670/7963 7714/8008 7713/8007
f 7670/7963 7672/7965 7714/8008
f 7672/7965 7715/8009 7714/8008
f 7672/7965 7674/7967 7715/8009
f 7674/7967 7716/8010 7715/8009
f 7674/7967 7676/7969 7716/8010
f 7676/7969 7717/8011 7716/8010
f 7676/7969 7678/7971 7717/8011
f 7678/7971 7718/8012 7717/8011
f 7678/7971 7680/7973 7718/8012
f 7680/7973 7719/8013 7718/8012
f 7680/7973 7682/7975 7719/8013
f 7682/7975 7720/8014 7719/8013
f 7682/7975 7684/7977 7720/8014
f 7684/7977 7721/8015 7720/8014
f 7684/7977 7686/7979 7721/8015
f 7686/7979 7722/8016 7721/8015
f 7686/7979 7688/7981 7722/8016
f 7691/8017 7723/8018 7724/8019
f 7691/7985 7690/7984 7723/8018
f 7690/7984 7725/8020 7723/8018
f 7690/7984 7692/7986 7725/8020
f 7692/7986 7726/8021 7725/8020
f 7692/7986 7693/7987 7726/8021
f 7693/7987 7727/8022 7726/8021
f 7693/7987 7694/7988 7727/8022
f 7694/7988 7728/8023 7727/8022
f 7694/7988 7695/7989 7728/8023
f 7695/7989 7729/8024 7728/8023
f 7695/7989 7696/7990 7729/8024
f 7696/7990 7730/8025 7729/8024
f 7696/7990 7697/7991 7730/8025
f 7697/7991 7731/8026 7730/8025
f 7697/7991 7698/7992 7731/8026
f 7698/7992 7732/8027 7731/8026
f 7698/7992 7699/7993 7732/8027
f 7699/7993 7733/8028 7732/8027
f 7699/7993 7700/7994 7733/8028
f 7700/7994 7734/8029 7733/8028
f 7700/7994 7701/7995 7734/8029
f 7701/7995 7735/8030 7734/8029
f 7701/7995 7702/7996 7735/8030
f 7702/7996 7736/8031 7735/8030
f 7702/7996 7703/7997 7736/8031
f 7703/7997 7737/8032 7736/8031
f 7703/7997 7704/7998 7737/8032
f 7704/7998 7738/8033 7737/8032
f 7704/7998 7705/7999 7738/8033
f 7705/7999 7739/8034 7738/8033
f 7705/7999 7706/8000 7739/8034
f 7706/8000 7740/8035 7739/8034
f 7706/8000 7707/8001 7740/8035
f 7707/8001 7741/8036 7740/8035
f 7707/8001 7708/8002 7741/8036
f 7708/8002 7742/8037 7741/8036
f 7708/8002 7709/8003 7742/8037
f 7709/8003 7743/8038 7742/8037
f 7709/8003 7710/8004 7743/8038
f 7710/8004 7744/8039 7743/8038
f 7710/8004 7711/8005 7744/8039
f 7711/8005 7745/8040 7744/8039
f 7711/8005 7712/8006 7745/8040
f 7712/8006 7746/8041 7745/8040
f 7712/8006 7713/8007 7746/8041
f 7713/8007 7747/8042 7746/8041
f 7713/8007 7714/8008 7747/8042
f 7714/8008 7748/8043 7747/8042
f 7714/8008 7715/8009 7748/8043
f 7715/8009 7749/8044 7748/8043
f 7715/8009 7716/8010 7749/8044
f 7716/8010 7750/8045 7749/8044
f 7716/8010 7717/8011 7750/8045
f 7717/8011 7751/8046 7750/8045
f 7717/8011 7718/8012 7751/8046
f 7718/8012 7752/8047 7751/8046
f 7718/8012 7719/8013 7752/8047
f 7719/8013 7753/8048 7752/8047
f 7719/8013 7720/8014 7753/8048
f 7720/8014 7754/8049 7753/8048
f 7720/8014 7721/8015 7754/8049
f 7721/8015 7755/8050 7754/8049
f 7721/8015 7722/8016 7755/8050
f 7724/8051 7756/8052 7757/8053
f 7724/8051 7723/8018 7756/8052
f 7723/8018 7758/8054 7756/8052
f 7723/8018 7725/8020 7758/8054
f 7725/8020 7759/8055 7758/8054
f 7725/8020 7726/8021 7759/8055
f 7726/8021 7760/8056 7759/8055
f 7726/8021 7727/8022 7760/8056
f 7727/8022 7761/8057 7760/8056
f 7727/8022 7728/8023 7761/8057
f 7728/8023 7762/8058 7761/8057
f 7728/8023 7729/8024 7762/8058
f 7729/8024 7763/8059 7762/8058
f 7729/8024 7730/8025 7763/8059
f 7730/8025 7764/8060 7763/8059
f 7730/8025 7731/8026 7764/8060
f 7731/8026 7765/8061 7764/8060
f 7731/8026 7732/8027 7765/8061
f 7732/8027 7766/8062 7765/8061
f 7732/8027 7733/8028 7766/8062
f 7733/8028 7767/8063 7766/8062
f 7733/8028 7734/8029 7767/8063
f 7734/8029 7768/8064 7767/8063
f 7734/8029 7735/8030 7768/8064
f 7735/8030 7769/8065 7768/8064
f 7735/8030 7736/8031 7769/8065
f 7736/8031 7770/8066 7769/8065
f 7736/8031 7737/8032 7770/8066
f 7737/8032 7771/8067 7770/8066
f 7737/8032 7738/8033 7771/8067
f 7738/8033 7772/8068 7771/8067
f 7738/8033 7739/8034 7772/8068
f 7739/8034 7773/8069 7772/8068
f 7739/8034 7740/8035 7773/8069
f 7740/8035 7774/8070 7773/8069
f 7740/8035 7741/8036 7774/8070
f 7741/8036 7775/8071 7774/8070
f 7741/8036 7742/8037 7775/8071
f 7742/8037 7776/8072 7775/8071
f 7742/8037 7743/8038 7776/8072
f 7743/8038 7777/8073 7776/8072
f 7743/8038 7744/8039 7777/8073
f 7744/8039 7778/8074 7777/8073
f 7744/8039 7745/8040 7778/8074
f 7745/8040 7779/8075 7778/8074
f 7745/8040 7746/8041 7779/8075
f 7746/8041 7780/8076 7779/8075
f 7746/8041 7747/8042 7780/8076
f 7747/8042 7781/8077 7780/8076
f 7747/8042 7748/8043 7781/8077
f 7748/8043 7782/8078 7781/8077
f 7748/8043 7749/8044 7782/8078
f 7749/8044 7783/8079 7782/8078
f 7749/8044 7750/8045 7783/8079
f 7750/8045 7784/8080 7783/8079
f 7750/8045 7751/8046 7784/8080
f 7751/8046 7785/8081 7784/8080
f 7751/8046 7752/8047 7785/8081
f 7752/8047 7786/8082 7785/8081
f 7752/8047 7753/8048 7786/8082
f 7753/8048 7787/8083 7786/8082
f 7753/8048 7754/8049 7787/8083
f 7754/8049 7788/8084 7787/8083
f 7754/8049 7755/8050 7788/8084
f 7757/8085 7789/8086 7790/8087
f 7757/8053 7756/8052 7789/8086
f 7756/8052 7791/8088 7789/8086
f 7756/8052 7758/8054 7791/8088
f 7758/8054 7792/8089 7791/8088
f 7758/8054 7759/8055 7792/8089
f 7759/8055 7793/8090 7792/8089
f 7759/8055 7760/8056 7793/8090
f 7760/8056 7794/8091 7793/8090
f 7760/8056 7761/8057 7794/8091
f 7761/8057 7795/8092 7794/8091
f 7761/8057 7762/8058 7795/8092
f 7762/8058 7796/8093 7795/8092
f 7762/8058 7763/8059 7796/8093
f 7763/8059 7797/8094 7796/8093
f 7763/8059 7764/8060 7797/8094
f 7764/8060 7798/8095 7797/8094
f 7764/8060 7765/8061 7798/8095
f 7765/8061 7799/8096 7798/8095
f 7765/8061 7766/8062 7799/8096
f 7766/8062 7800/8097 7799/8096
f 7766/8062 7767/8063 7800/8097
f 7767/8063 7801/8098 7800/8097
f 7767/8063 7768/8064 7801/8098
f 7768/8064 7802/8099 7801/8098
f 7768/8064 7769/8065 7802/8099
f 7769/8065 7803/8100 7802/8099
f 7769/8065 7770/8066 7803/8100
f 7770/8066 7804/8101 7803/8100
f 7770/8066 7771/8067 7804/8101
f 7771/8067 7805/8102 7804/8101
f 7771/8067 7772/8068 7805/8102
f 7772/8068 7806/8103 7805/8102
f 7772/8068 7773/8069 7806/8103
f 7773/8069 7807/8104 7806/8103
f 7773/8069 7774/8070 7807/8104
f 7774/8070 7808/8105 7807/8104
f 7774/8070 7775/8071 7808/8105
f 7775/8071 7809/8106 7808/8105
f 7775/8071 7776/8072 7809/8106
f 7776/8072 7810/8107 7809/8106
f 7776/8072 7777/8073 7810/8107
f 7777/8073 7811/8108 7810/8107
f 7777/8073 7778/8074 7811/8108
f 7778/8074 7812/8109 7811/8108
f 7778/8074 7779/8075 7812/8109
f 7779/8075 7813/8110 7812/8109
f 7779/8075 7780/8076 7813/8110
f 7780/8076 7814/8111 7813/8110
f 7780/8076 7781/8077 7814/8111
f 7781/8077 7815/8112 7814/8111
f 7781/8077 7782/8078 7815/8112
f 7782/8078 7816/8113 7815/8112
f 7782/8078 7783/8079 7816/8113
f 7783/8079 7817/8114 7816/8113
f 7783/8079 7784/8080 7817/8114
f 7784/8080 7818/8115 7817/8114
f 7784/8080 7785/8081 7818/8115
f 7785/8081 7819/8116 7818/8115
f 7785/8081 7786/8082 7819/8116
f 7786/8082 7820/8117 7819/8116
f 7786/8082 7787/8083 7820/8117
f 7787/8083 7821/8118 7820/8117
f 7787/8083 7788/8084 7821/8118
f 7790/8119 7822/8120 7823/8121
f 7790/8119 7789/8086 7822/8120
f 7789/8086 7824/8122 7822/8120
f 7789/8086 7791/8088 7824/8122
f 7791/8088 7825/8123 7824/8122
f 7791/8088 7792/8089 7825/8123
f 7792/8089 7826/8124 7825/8123
f 7792/8089 7793/8090 7826/8124
f 7793/8090 7827/8125 7826/8124
f 7793/8090 7794/8091 7827/8125
f 7794/8091 7828/8126 7827/8125
f 7794/8091 7795/8092 7828/8126
f 7795/8092 7829/8127 7828/8126
f 7795/8092 7796/8093 7829/8127
f 7796/8093 7830/8128 7829/8127
f 7796/8093 7797/8094 7830/8128
f 7797/8094 7831/8129 7830/8128
f 7797/8094 7798/8095 7831/8129
f 7798/8095 7832/8130 7831/8129
f 7798/8095 7799/8096 7832/8130
f 7799/8096 7833/8131 7832/8130
f 7799/8096 7800/8097 7833/8131
f 7800/8097 7834/8132 7833/8131
f 7800/8097 7801/8098 7834/8132
f 7801/8098 7835/8133 7834/8132
f 7801/8098 7802/8099 7835/8133
f 7802/8099 7836/8134 7835/8133
f 7802/8099 7803/8100 7836/8134
f 7803/8100 7837/8135 7836/8134
f 7803/8100 7804/8101 7837/8135
f 7804/8101 7838/8136 7837/8135
f 7804/8101 7805/8102 7838/8136
f 7805/8102 7839/8137 7838/8136
f 7805/8102 7806/8103 7839/8137
f 7806/8103 7840/8138 7839/8137
f 7806/8103 7807/8104 7840/8138
f 7807/8104 7841/8139 7840/8138
f 7807/8104 7808/8105 7841/8139
f 7808/8105 7842/8140 7841/8139
f 7808/8105 7809/8106 7842/8140
f 7809/8106 7843/8141 7842/8140
f 7809/8106 7810/8107 7843/8141
f 7810/8107 7844/8142 7843/8141
f 7810/8107 7811/8108 7844/8142
f 7811/8108 7845/8143 7844/8142
f 7811/8108 7812/8109 7845/8143
f 7812/8109 7846/8144 7845/8143
f 7812/8109 7813/8110 7846/8144
f 7813/8110 7847/8145 7846/8144
f 7813/8110 7814/8111 7847/8145
f 7814/8111 7848/8146 7847/8145
f 7814/8111 7815/8112 7848/8146
f 7815/8112 7849/8147 7848/8146
f 7815/8112 7816/8113 7849/8147
f 7816/8113 7850/8148 7849/8147
f 7816/8113 7817/8114 7850/8148
f 7817/8114 7851/8149 7850/8148
f 7817/8114 7818/8115 7851/8149
f 7818/8115 7852/8150 7851/8149
f 7818/8115 7819/8116 7852/8150
f 7819/8116 7853/8151 7852/8150
f 7819/8116 7820/8117 7853/8151
f 7820/8117 7854/8152 7853/8151
f 7820/8117 7821/8118 7854/8152
f 7823/8153 7855/8154 7856/8155
f 7823/8121 7822/8120 7855/8154
f 7822/8120 7857/8156 7855/8154
f 7822/8120 7824/8122 7857/8156
f 7824/8122 7858/8157 7857/8156
f 7824/8122 7825/8123 7858/8157
f 7825/8123 7859/8158 7858/8157
f 7825/8123 7826/8124 7859/8158
f 7826/8124 7860/8159 7859/8158
f 7826/8124 7827/8125 7860/8159
f 7827/8125 7861/8160 7860/8159
f 7827/8125 7828/8126 7861/8160
f 7828/8126 7862/8161 7861/8160
f 7828/8126 7829/8127 7862/8161
f 7829/8127 7863/8162 7862/8161
f 7829/8127 7830/8128 7863/8162
f 7830/8128 7864/8163 7863/8162
f 7830/8128 7831/8129 7864/8163
f 7831/8129 7865/8164 7864/8163
f 7831/8129 7832/8130 7865/8164
f 7832/8130 7866/8165 7865/8164
f 7832/8130 7833/8131 7866/8165
f 7833/8131 7867/8166 7866/8165
f 7833/8131 7834/8132 7867/8166
f 7834/8132 7868/8167 7867/8166
f 7834/8132 7835/8133 7868/8167
f 7835/8133 7869/8168 7868/8167
f 7835/8133 7836/8134 7869/8168
f 7836/8134 7870/8169 7869/8168
f 7836/8134 7837/8135 7870/8169
f 7837/8135 7871/8170 7870/8169
f 7837/8135 7838/8136 7871/8170
f 7838/8136 7872/8171 7871/8170
f 7838/8136 7839/8137 7872/8171
f 7839/8137 7873/8172 7872/8171
f 7839/8137 7840/8138 7873/8172
f 7840/8138 7874/8173 7873/8172
f 7840/8138 7841/8139 7874/8173
f 7841/8139 7875/8174 7874/8173
f 7841/8139 7842/8140 7875/8174
f 7842/8140 7876/8175 7875/8174
f 7842/8140 7843/8141 7876/8175
f 7843/8141 7877/8176 7876/8175
f 7843/8141 7844/8142 7877/8176
f 7844/8142 7878/8177 7877/8176
f 7844/8142 7845/8143 7878/8177
f 7845/8143 7879/8178 7878/8177
f 7845/8143 7846/8144 7879/8178
f 7846/8144 7880/8179 7879/8178
f 7846/8144 7847/8145 7880/8179
f 7847/8145 7881/8180 7880/8179
f 7847/8145 7848/8146 7881/8180
f 7848/8146 7882/8181 7881/8180
f 7848/8146 7849/8147 7882/8181
f 7849/8147 7883/8182 7882/8181
f 7849/8147 7850/8148 7883/8182
f 7850/8148 7884/8183 7883/8182
f 7850/8148 7851/8149 7884/8183
f 7851/8149 7885/8184 7884/8183
f 7851/8149 7852/8150 7885/8184
f 7852/8150 7886/8185 7885/8184
f 7852/8150 7853/8151 7886/8185
f 7853/8151 7887/8186 7886/8185
f 7853/8151 7854/8152 7887/8186
f 7856/8187 7888/8188 7889/8189
f 7856/8187 7855/8154 7888/8188
f 7855/8154 7890/8190 7888/8188
f 7855/8154 7857/8156 7890/8190
f 7857/8156 7891/8191 7890/8190
f 7857/8156 7858/8157 7891/8191
f 7858/8157 7892/8192 7891/8191
f 7858/8157 7859/8158 7892/8192
f 7859/8158 7893/8193 7892/8192
f 7859/8158 7860/8159 7893/8193
f 7860/8159 7894/8194 7893/8193
f 7860/8159 7861/8160 7894/8194
f 7861/8160 7895/8195 7894/8194
f 7861/8160 7862/8161 7895/8195
f 7862/8161 7896/8196 7895/8195
f 7862/8161 7863/8162 7896/8196
f 7863/8162 7897/8197 7896/8196
f 7863/8162 7864/8163 7897/8197
f 7864/8163 7898/8198 7897/8197
f 7864/8163 7865/8164 7898/8198
f 7865/8164 7899/8199 7898/8198
f 7865/8164 7866/8165 7899/8199
f 7866/8165 7900/8200 7899/8199
f 7866/8165 7867/8166 7900/8200
f 7867/8166 7901/8201 7900/8200
f 7867/8166 7868/8167 7901/8201
f 7868/8167 7902/8202 7901/8201
f 7868/8167 7869/8168 7902/8202
f 7869/8168 7903/8203 7902/8202
f 7869/8168 7870/8169 7903/8203
f 7870/8169 7904/8204 7903/8203
f 7870/8169 7871/8170 7904/8204
f 7871/8170 7905/8205 7904/8204
f 7871/8170 7872/8171 7905/8205
f 7872/8171 7906/8206 7905/8205
f 7872/8171 7873/8172 7906/8206
f 7873/8172 7907/8207 7906/8206
f 7873/8172 7874/8173 7907/8207
f 7874/8173 7908/8208 7907/8207
f 7874/8173 7875/8174 7908/8208
f 7875/8174 7909/8209 7908/8208
f 7875/8174 7876/8175 7909/8209
f 7876/8175 7910/8210 7909/8209
f 7876/8175 7877/8176 7910/8210
f 7877/8176 7911/8211 7910/8210
f 7877/8176 7878/8177 7911/8211
f 7878/8177 7912/8212 7911/8211
f 7878/8177 7879/8178 7912/8212
f 7879/8178 7913/8213 7912/8212
f 7879/8178 7880/8179 7913/8213
f 7880/8179 7914/8214 7913/8213
f 7880/8179 7881/8180 7914/8214
f 7881/8180 7915/8215 7914/8214
f 7881/8180 7882/8181 7915/8215
f 7882/8181 7916/8216 7915/8215
f 7882/8181 7883/8182 7916/8216
f 7883/8182 7917/8217 7916/8216
f 7883/8182 7884/8183 7917/8217
f 7884/8183 7918/8218 7917/8217
f 7884/8183 7885/8184 7918/8218
f 7885/8184 7919/8219 7918/8218
f 7885/8184 7886/8185 7919/8219
f 7886/8185 7920/8220 7919/8219
f 7886/8185 7887/8186 7920/8220
f 7889/8221 7921/8222 7922/8223
f 7889/8189 7888/8188 7921/8222
f 7888/8188 7923/8224 7921/8222
f 7888/8188 7890/8190 7923/8224
f 7890/8190 7924/8225 7923/8224
f 7890/8190 7891/8191 7924/8225
f 7891/8191 7925/8226 7924/8225
f 7891/8191 7892/8192 7925/8226
f 7892/8192 7926/8227 7925/8226
f 7892/8192 7893/8193 7926/8227
f 7893/8193 7927/8228 7926/8227
f 7893/8193 7894/8194 7927/8228
f 7894/8194 7928/8229 7927/8228
f 7894/8194 7895/8195 7928/8229
f 7895/8195 7929/8230 7928/8229
f 7895/8195 7896/8196 7929/8230
f 7896/8196 7930/8231 7929/8230
f 7896/8196 7897/8197 7930/8231
f 7897/8197 7931/8232 7930/8231
f 7897/8197 7898/8198 7931/8232
f 7898/8198 7932/8233 7931/8232
f 7898/8198 7899/8199 7932/8233
f 7899/8199 7933/8234 7932/8233
f 7899/8199 7900/8200 7933/8234
f 7900/8200 7934/8235 7933/8234
f 7900/8200 7901/8201 7934/8235
f 7901/8201 7935/8236 7934/8235
f 7901/8201 7902/8202 7935/8236
f 7902/8202 7936/8237 7935/8236
f 7902/8202 7903/8203 7936/8237
f 7903/8203 7937/8238 7936/8237
f 7903/8203 7904/8204 7937/8238
f 7904/8204 7938/8239 7937/8238
f 7904/8204 7905/8205 7938/8239
f 7905/8205 7939/8240 7938/8239
f 7905/8205 7906/8206 7939/8240
f 7906/8206 7940/8241 7939/8240
f 7906/8206 7907/8207 7940/8241
f 7907/8207 7941/8242 7940/8241
f 7907/8207 7908/8208 7941/8242
f 7908/8208 7942/8243 7941/8242
f 7908/8208 7909/8209 7942/8243
f 7909/8209 7943/8244 7942/8243
f 7909/8209 7910/8210 7943/8244
f 7910/8210 7944/8245 7943/8244
f 7910/8210 7911/8211 7944/8245
f 7911/8211 7945/8246 7944/8245
f 7911/8211 7912/8212 7945/8246
f 7912/8212 7946/8247 7945/8246
f 7912/8212 7913/8213 7946/8247
f 7913/8213 7947/8248 7946/8247
f 7913/8213 7914/8214 7947/8248
f 7914/8214 7948/8249 7947/8248
f 7914/8214 7915/8215 7948/8249
f 7915/8215 7949/8250 7948/8249
f 7915/8215 7916/8216 7949/8250
f 7916/8216 7950/8251 7949/8250
f 7916/8216 7917/8217 7950/8251
f 7917/8217 7951/8252 7950/8251
f 7917/8217 7918/8218 7951/8252
f 7918/8218 7952/8253 7951/8252
f 7918/8218 7919/8219 7952/8253
f 7919/8219 7953/8254 7952/8253
f 7919/8219 7920/8220 7953/8254
f 7922/8255 7954/8256 7955/8257
f 7922/8255 7921/8222 7954/8256
f 7921/8222 7956/8258 7954/8256
f 7921/8222 7923/8224 7956/8258
f 7923/8224 7957/8259 7956/8258
f 7923/8224 7924/8225 7957/8259
f 7924/8225 7958/8260 7957/8259
f 7924/8225 7925/8226 7958/8260
f 7925/8226 7959/8261 7958/8260
f 7925/8226 7926/8227 7959/8261
f 7926/8227 7960/8262 7959/8261
f 7926/8227 7927/8228 7960/8262
f 7927/8228 7961/8263 7960/8262
f 7927/8228 7928/8229 7961/8263
f 7928/8229 7962/8264 7961/8263
f 7928/8229 7929/8230 7962/8264
f 7929/8230 7963/8265 7962/8264
f 7929/8230 7930/8231 7963/8265
f 7930/8231 7964/8266 7963/8265
f 7930/8231 7931/8232 7964/8266
f 7931/8232 7965/8267 7964/8266
f 7931/8232 7932/8233 7965/8267
f 7932/8233 7966/8268 7965/8267
f 7932/8233 7933/8234 7966/8268
f 7933/8234 7967/8269 7966/8268
f 7933/8234 7934/8235 7967/8269
f 7934/8235 7968/8270 7967/8269
f 7934/8235 7935/8236 7968/8270
f 7935/8236 7969/8271 7968/8270
f 7935/8236 7936/8237 7969/8271
f 7936/8237 7970/8272 7969/8271
f 7936/8237 7937/8238 7970/8272
f 7937/8238 7971/8273 7970/8272
f 7937/8238 7938/8239 7971/8273
f 7938/8239 7972/8274 7971/8273
f 7938/8239 7939/8240 7972/8274
f 7939/8240 7973/8275 7972/8274
f 7939/8240 7940/8241 7973/8275
f 7940/8241 7974/8276 7973/8275
f 7940/8241 7941/8242 7974/8276
f 7941/8242 7975/8277 7974/8276
f 7941/8242 7942/8243 7975/8277
f 7942/8243 7976/8278 7975/8277
f 7942/8243 7943/8244 7976/8278
f 7943/8244 7977/8279 7976/8278
f 7943/8244 7944/8245 7977/8279
f 7944/8245 7978/8280 7977/8279
f 7944/8245 7945/8246 7978/8280
f 7945/8246 7979/8281 7978/8280
f 7945/8246 7946/8247 7979/8281
f 7946/8247 7980/8282 7979/8281
f 7946/8247 7947/8248 7980/8282
f 7947/8248 7981/8283 7980/8282
f 7947/8248 7948/8249 7981/8283
f 7948/8249 7982/8284 7981/8283
f 7948/8249 7949/8250 7982/8284
f 7949/8250 7983/8285 7982/8284
f 7949/8250 7950/8251 7983/8285
f 7950/8251 7984/8286 7983/8285
f 7950/8251 7951/8252 7984/8286
f 7951/8252 7985/8287 7984/8286
f 7951/8252 7952/8253 7985/8287
f 7952/8253 7986/8288 7985/8287
f 7952/8253 7953/8254 7986/8288
f 7955/8289 7987/8290 7988/8291
f 7955/8257 7954/8256 7987/8290
f 7954/8256 7989/8292 7987/8290
f 7954/8256 7956/8258 7989/8292
f 7956/8258 7990/8293 7989/8292
f 7956/8258 7957/8259 7990/8293
f 7957/8259 7991/8294 7990/8293
f 7957/8259 7958/8260 7991/8294
f 7958/8260 7992/8295 7991/8294
f 7958/8260 7959/8261 7992/8295
f 7959/8261 7993/8296 7992/8295
f 7959/8261 7960/8262 7993/8296
f 7960/8262 7994/8297 7993/8296
f 7960/8262 7961/8263 7994/8297
f 7961/8263 7995/8298 7994/8297
f 7961/8263 7962/8264 7995/8298
f 7962/8264 7996/8299 7995/8298
f 7962/8264 7963/8265 7996/8299
f 7963/8265 7997/8300 7996/8299
f 7963/8265 7964/8266 7997/8300
f 7964/8266 7998/8301 7997/8300
f 7964/8266 7965/8267 7998/8301
f 7965/8267 7999/8302 7998/8301
f 7965/8267 7966/8268 7999/8302
f 7966/8268 8000/8303 7999/8302
f 7966/8268 7967/8269 8000/8303
f 7967/8269 8001/8304 8000/8303
f 7967/8269 7968/8270 8001/8304
f 7968/8270 8002/8305 8001/8304
f 7968/8270 7969/8271 8002/8305
f 7969/8271 8003/8306 8002/8305
f 7969/8271 7970/8272 8003/8306
f 7970/8272 8004/8307 8003/8306
f 7970/8272 7971/8273 8004/8307
f 7971/8273 8005/8308 8004/8307
f 7971/8273 7972/8274 8005/8308
f 7972/8274 8006/8309 8005/8308
f 7972/8274 7973/8275 8006/8309
f 7973/8275 8007/8310 8006/8309
f 7973/8275 7974/8276 8007/8310
f 7974/8276 8008/8311 8007/8310
f 7974/8276 7975/8277 8008/8311
f 7975/8277 8009/8312 8008/8311
f 7975/8277 7976/8278 8009/8312
f 7976/8278 8010/8313 8009/8312
f 7976/8278 7977/8279 8010/8313
f 7977/8279 8011/8314 8010/8313
f 7977/8279 7978/8280 8011/8314
f 7978/8280 8012/8315 8011/8314
f 7978/8280 7979/8281 8012/8315
f 7979/8281 8013/8316 8012/8315
f 7979/8281 7980/8282 8013/8316
f 7980/8282 8014/8317 8013/8316
f 7980/8282 7981/8283 8014/8317
f 7981/8283 8015/8318 8014/8317
f 7981/8283 7982/8284 8015/8318
f 7982/8284 8016/8319 8015/8318
f 7982/8284 7983/8285 8016/8319
f 7983/8285 8017/8320 8016/8319
f 7983/8285 7984/8286 8017/8320
f 7984/8286 8018/8321 8017/8320
f 7984/8286 7985/8287 8018/8321
f 7985/8287 8019/8322 8018/8321
f 7985/8287 7986/8288 8019/8322
f 7988/8323 8020/8324 8021/8325
f 7988/8323 7987/8290 8020/8324
f 7987/8290 8022/8326 8020/8324
f 7987/8290 7989/8292 8022/8326
f 7989/8292 8023/8327 8022/8326
f 7989/8292 7990/8293 8023/8327
f 7990/8293 8024/8328 8023/8327
f 7990/8293 7991/8294 8024/8328
f 7991/8294 8025/8329 8024/8328
f 7991/8294 7992/8295 8025/8329
f 7992/8295 8026/8330 8025/8329
f 7992/8295 7993/8296 8026/8330
f 7993/8296 8027/8331 8026/8330
f 7993/8296 7994/8297 8027/8331
f 7994/8297 8028/8332 8027/8331
f 7994/8297 7995/8298 8028/8332
f 7995/8298 8029/8333 8028/8332
f 7995/8298 7996/8299 8029/8333
f 7996/8299 8030/8334 8029/8333
f 7996/8299 7997/8300 8030/8334
f 7997/8300 8031/8335 8030/8334
f 7997/8300 7998/8301 8031/8335
f 7998/8301 8032/8336 8031/8335
f 7998/8301 7999/8302 8032/8336
f 7999/8302 8033/8337 8032/8336
f 7999/8302 8000/8303 8033/8337
f 8000/8303 8034/8338 8033/8337
f 8000/8303 8001/8304 8034/8338
f 8001/8304 8035/8339 8034/8338
f 8001/8304 8002/8305 8035/8339
f 8002/8305 8036/8340 8035/8339
f 8002/8305 8003/8306 8036/8340
f 8003/8306 8037/8341 8036/8340
f 8003/8306 8004/8307 8037/8341
f 8004/8307 8038/8342 8037/8341
f 8004/8307 8005/8308 8038/8342
f 8005/8308 8039/8343 8038/8342
f 8005/8308 8006/8309 8039/8343
f 8006/8309 8040/8344 8039/8343
f 8006/8309 8007/8310 8040/8344
f 8007/8310 8041/8345 8040/8344
f 8007/8310 8008/8311 8041/8345
f 8008/8311 8042/8346 8041/8345
f 8008/8311 8009/8312 8042/8346
f 8009/8312 8043/8347 8042/8346
f 8009/8312 8010/8313 8043/8347
f 8010/8313 8044/8348 8043/8347
f 8010/8313 8011/8314 8044/8348
f 8011/8314 8045/8349 8044/8348
f 8011/8314 8012/8315 8045/8349
f 8012/8315 8046/8350 8045/8349
f 8012/8315 8013/8316 8046/8350
f 8013/8316 8047/8351 8046/8350
f 8013/8316 8014/8317 8047/8351
f 8014/8317 8048/8352 8047/8351
f 8014/8317 8015/8318 8048/8352
f 8015/8318 8049/8353 8048/8352
f 8015/8318 8016/8319 8049/8353
f 8016/8319 8050/8354 8049/8353
f 8016/8319 8017/8320 8050/8354
f 8017/8320 8051/8355 8050/8354
f 8017/8320 8018/8321 8051/8355
f 8018/8321 8052/8356 8051/8355
f 8018/8321 8019/8322 8052/8356
f 8021/8357 8053/8358 8054/8359
f 8021/8357 8020/8324 8053/8358
f 8020/8324 8055/8360 8053/8358
f 8020/8324 8022/8326 8055/8360
f 8022/8326 8056/8361 8055/8360
f 8022/8326 8023/8327 8056/8361
f 8023/8327 8057/8362 8056/8361
f 8023/8327 8024/8328 8057/8362
f 8024/8328 8058/8363 8057/8362
f 8024/8328 8025/8329 8058/8363
f 8025/8329 8059/8364 8058/8363
f 8025/8329 8026/8330 8059/8364
f 8026/8330 8060/8365 8059/8364
f 8026/8330 8027/8331 8060/8365
f 8027/8331 8061/8366 8060/8365
f 8027/8331 8028/8332 8061/8366
f 8028/8332 8062/8367 8061/8366
f 8028/8332 8029/8333 8062/8367
f 8029/8333 8063/8368 8062/8367
f 8029/8333 8030/8334 8063/8368
f 8030/8334 8064/8369 8063/8368
f 8030/8334 8031/8335 8064/8369
f 8031/8335 8065/8370 8064/8369
f 8031/8335 8032/8336 8065/8370
f 8032/8336 8066/8371 8065/8370
f 8032/8336 8033/8337 8066/8371
f 8033/8337 8067/8372 8066/8371
f 8033/8337 8034/8338 8067/8372
f 8034/8338 8068/8373 8067/8372
f 8034/8338 8035/8339 8068/8373
f 8035/8339 8069/8374 8068/8373
f 8035/8339 8036/8340 8069/8374
f 8036/8340 8070/8375 8069/8374
f 8036/8340 8037/8341 8070/8375
f 8037/8341 8071/8376 8070/8375
f 8037/8341 8038/8342 8071/8376
f 8038/8342 8072/8377 8071/8376
f 8038/8342 8039/8343 8072/8377
f 8039/8343 8073/8378 8072/8377
f 8039/8343 8040/8344 8073/8378
f 8040/8344 8074/8379 8073/8378
f 8040/8344 8041/8345 8074/8379
f 8041/8345 8075/8380 8074/8379
f 8041/8345 8042/8346 8075/8380
f 8042/8346 8076/8381 8075/8380
f 8042/8346 8043/8347 8076/8381
f 8043/8347 8077/8382 8076/8381
f 8043/8347 8044/8348 8077/8382
f 8044/8348 8078/8383 8077/8382
f 8044/8348 8045/8349 8078/8383
f 8045/8349 8079/8384 8078/8383
f 8045/8349 8046/8350 8079/8384
f 8046/8350 8080/8385 8079/8384
f 8046/8350 8047/8351 8080/8385
f 8047/8351 8081/8386 8080/8385
f 8047/8351 8048/8352 8081/8386
f 8048/8352 8082/8387 8081/8386
f 8048/8352 8049/8353 8082/8387
f 8049/8353 8083/8388 8082/8387
f 8049/8353 8050/8354 8083/8388
f 8050/8354 8084/8389 8083/8388
f 8050/8354 8051/8355 8084/8389
f 8051/8355 8085/8390 8084/8389
f 8051/8355 8052/8356 8085/8390
f 8054/8391 8086/8392 8087/8393
f 8054/8391 8053/8358 8086/8392
f 8053/8358 8088/8394 8086/8392
f 8053/8358 8055/8360 8088/8394
f 8055/8360 8089/8395 8088/8394
f 8055/8360 8056/8361 8089/8395
f 8056/8361 8090/8396 8089/8395
f 8056/8361 8057/8362 8090/8396
f 8057/8362 8091/8397 8090/8396
f 8057/8362 8058/8363 8091/8397
f 8058/8363 8092/8398 8091/8397
f 8058/8363 8059/8364 8092/8398
f 8059/8364 8093/8399 8092/8398
f 8059/8364 8060/8365 8093/8399
f 8060/8365 8094/8400 8093/8399
f 8060/8365 8061/8366 8094/8400
f 8061/8366 8095/8401 8094/8400
f 8061/8366 8062/8367 8095/8401
f 8062/8367 8096/8402 8095/8401
f 8062/8367 8063/8368 8096/8402
f 8063/8368 8097/8403 8096/8402
f 8063/8368 8064/8369 8097/8403
f 8064/8369 8098/8404 8097/8403
f 8064/8369 8065/8370 8098/8404
f 8065/8370 8099/8405 8098/8404
f 8065/8370 8066/8371 8099/8405
f 8066/8371 8100/8406 8099/8405
f 8066/8371 8067/8372 8100/8406
f 8067/8372 8101/8407 8100/8406
f 8067/8372 8068/8373 8101/8407
f 8068/8373 8102/8408 8101/8407
f 8068/8373 8069/8374 8102/8408
f 8069/8374 8103/8409 8102/8408
f 8069/8374 8070/8375 8103/8409
f 8070/8375 8104/8410 8103/8409
f 8070/8375 8071/8376 8104/8410
f 8071/8376 8105/8411 8104/8410
f 8071/8376 8072/8377 8105/8411
f 8072/8377 8106/8412 8105/8411
f 8072/8377 8073/8378 8106/8412
f 8073/8378 8107/8413 8106/8412
f 8073/8378 8074/8379 8107/8413
f 8074/8379 8108/8414 8107/8413
f 8074/8379 8075/8380 8108/8414
f 8075/8380 8109/8415 8108/8414
f 8075/8380 8076/8381 8109/8415
f 8076/8381 8110/8416 8109/8415
f 8076/8381 8077/8382 8110/8416
f 8077/8382 8111/8417 8110/8416
f 8077/8382 8078/8383 8111/8417
f 8078/8383 8112/8418 8111/8417
f 8078/8383 8079/8384 8112/8418
f 8079/8384 8113/8419 8112/8418
f 8079/8384 8080/8385 8113/8419
f 8080/8385 8114/8420 8113/8419
f 8080/8385 8081/8386 8114/8420
f 8081/8386 8115/8421 8114/8420
f 8081/8386 8082/8387 8115/8421
f 8082/8387 8116/8422 8115/8421
f 8082/8387 8083/8388 8116/8422
f 8083/8388 8117/8423 8116/8422
f 8083/8388 8084/8389 8117/8423
f 8084/8389 8118/8424 8117/8423
f 8084/8389 8085/8390 8118/8424
f 8087/8425 8119/8426 8120/8427
f 8087/8425 8086/8392 8119/8426
f 8086/8392 8121/8428 8119/8426
f 8086/8392 8088/8394 8121/8428
f 8088/8394 8122/8429 8121/8428
f 8088/8394 8089/8395 8122/8429
f 8089/8395 8123/8430 8122/8429
f 8089/8395 8090/8396 8123/8430
f 8090/8396 8124/8431 8123/8430
f 8090/8396 8091/8397 8124/8431
f 8091/8397 8125/8432 8124/8431
f 8091/8397 8092/8398 8125/8432
f 8092/8398 8126/8433 8125/8432
f 8092/8398 8093/8399 8126/8433
f 8093/8399 8127/8434 8126/8433
f 8093/8399 8094/8400 8127/8434
f 8094/8400 8128/8435 8127/8434
f 8094/8400 8095/8401 8128/8435
f 8095/8401 8129/8436 8128/8435
f 8095/8401 8096/8402 8129/8436
f 8096/8402 8130/8437 8129/8436
f 8096/8402 8097/8403 8130/8437
f 8097/8403 8131/8438 8130/8437
f 8097/8403 8098/8404 8131/8438
f 8098/8404 8132/8439 8131/8438
f 8098/8404 8099/8405 8132/8439
f 8099/8405 8133/8440 8132/8439
f 8099/8405 8100/8406 8133/8440
f 8100/8406 8134/8441 8133/8440
f 8100/8406 8101/8407 8134/8441
f 8101/8407 8135/8442 8134/8441
f 8101/8407 8102/8408 8135/8442
f 8102/8408 8136/8443 8135/8442
f 8102/8408 8103/8409 8136/8443
f 8103/8409 8137/8444 8136/8443
f 8103/8409 8104/8410 8137/8444
f 8104/8410 8138/8445 8137/8444
f 8104/8410 8105/8411 8138/8445
f 8105/8411 8139/8446 8138/8445
f 8105/8411 8106/8412 8139/8446
f 8106/8412 8140/8447 8139/8446
f 8106/8412 8107/8413 8140/8447
f 8107/8413 8141/8448 8140/8447
f 8107/8413 8108/8414 8141/8448
f 8108/8414 8142/8449 8141/8448
f 8108/8414 8109/8415 8142/8449
f 8109/8415 8143/8450 8142/8449
f 8109/8415 8110/8416 8143/8450
f 8110/8416 8144/8451 8143/8450
f 8110/8416 8111/8417 8144/8451
f 8111/8417 8145/8452 8144/8451
f 8111/8417 8112/8418 8145/8452
f 8112/8418 8146/8453 8145/8452
f 8112/8418 8113/8419 8146/8453
f 8113/8419 8147/8454 8146/8453
f 8113/8419 8114/8420 8147/8454
f 8114/8420 8148/8455 8147/8454
f 8114/8420 8115/8421 8148/8455
f 8115/8421 8149/8456 8148/8455
f 8115/8421 8116/8422 8149/8456
f 8116/8422 8150/8457 8149/8456
f 8116/8422 8117/8423 8150/8457
f 8117/8423 8151/8458 8150/8457
f 8117/8423 8118/8424 8151/8458
f 8120/8459 8152/8460 8153/8461
f 8120/8459 8119/8426 8152/8460
f 8119/8426 8154/8462 8152/8460
f 8119/8426 8121/8428 8154/8462
f 8121/8428 8155/8463 8154/8462
f 8121/8428 8122/8429 8155/8463
f 8122/8429 8156/8464 8155/8463
f 8122/8429 8123/8430 8156/8464
f 8123/8430 8157/8465 8156/8464
f 8123/8430 8124/8431 8157/8465
f 8124/8431 8158/8466 8157/8465
f 8124/8431 8125/8432 8158/8466
f 8125/8432 8159/8467 8158/8466
f 8125/8432 8126/8433 8159/8467
f 8126/8433 8160/8468 8159/8467
f 8126/8433 8127/8434 8160/8468
f 8127/8434 8161/8469 8160/8468
f 8127/8434 8128/8435 8161/8469
f 8128/8435 8162/8470 8161/8469
f 8128/8435 8129/8436 8162/8470
f 8129/8436 8163/8471 8162/8470
f 8129/8436 8130/8437 8163/8471
f 8130/8437 8164/8472 8163/8471
f 8130/8437 8131/8438 8164/8472
f 8131/8438 8165/8473 8164/8472
f 8131/8438 8132/8439 8165/8473
f 8132/8439 8166/8474 8165/8473
f 8132/8439 8133/8440 8166/8474
f 8133/8440 8167/8475 8166/8474
f 8133/8440 8134/8441 8167/8475
f 8134/8441 8168/8476 8167/8475
f 8134/8441 8135/8442 8168/8476
f 8135/8442 8169/8477 8168/8476
f 8135/8442 8136/8443 8169/8477
f 8136/8443 8170/8478 8169/8477
f 8136/8443 8137/8444 8170/8478
f 8137/8444 8171/8479 8170/8478
f 8137/8444 8138/8445 8171/8479
f 8138/8445 8172/8480 8171/8479
f 8138/8445 8139/8446 8172/8480
f 8139/8446 8173/8481 8172/8480
f 8139/8446 8140/8447 8173/8481
f 8140/8447 8174/8482 8173/8481
f 8140/8447 8141/8448 8174/8482
f 8141/8448 8175/8483 8174/8482
f 8141/8448 8142/8449 8175/8483
f 8142/8449 8176/8484 8175/8483
f 8142/8449 8143/8450 8176/8484
f 8143/8450 8177/8485 8176/8484
f 8143/8450 8144/8451 8177/8485
f 8144/8451 8178/8486 8177/8485
f 8144/8451 8145/8452 8178/8486
f 8145/8452 8179/8487 8178/8486
f 8145/8452 8146/8453 8179/8487
f 8146/8453 8180/8488 8179/8487
f 8146/8453 8147/8454 8180/8488
f 8147/8454 8181/8489 8180/8488
f 8147/8454 8148/8455 8181/8489
f 8148/8455 8182/8490 8181/8489
f 8148/8455 8149/8456 8182/8490
f 8149/8456 8183/8491 8182/8490
f 8149/8456 8150/8457 8183/8491
f 8150/8457 8184/8492 8183/8491
f 8150/8457 8151/8458 8184/8492
f 8153/8493 8185/8494 8186/8495
f 8153/8493 8152/8460 8185/8494
f 8152/8460 8187/8496 8185/8494
f 8152/8460 8154/8462 8187/8496
f 8154/8462 8188/8497 8187/8496
f 8154/8462 8155/8463 8188/8497
f 8155/8463 8189/8498 8188/8497
f 8155/8463 8156/8464 8189/8498
f 8156/8464 8190/8499 8189/8498
f 8156/8464 8157/8465 8190/8499
f 8157/8465 8191/8500 8190/8499
f 8157/8465 8158/8466 8191/8500
f 8158/8466 8192/8501 8191/8500
f 8158/8466 8159/8467 8192/8501
f 8159/8467 8193/8502 8192/8501
f 8159/8467 8160/8468 8193/8502
f 8160/8468 8194/8503 8193/8502
f 8160/8468 8161/8469 8194/8503
f 8161/8469 8195/8504 8194/8503
f 8161/8469 8162/8470 8195/8504
f 8162/8470 8196/8505 8195/8504
f 8162/8470 8163/8471 8196/8505
f 8163/8471 8197/8506 8196/8505
f 8163/8471 8164/8472 8197/8506
f 8164/8472 8198/8507 8197/8506
f 8164/8472 8165/8473 8198/8507
f 8165/8473 8199/8508 8198/8507
f 8165/8473 8166/8474 8199/8508
f 8166/8474 8200/8509 8199/8508
f 8166/8474 8167/8475 8200/8509
f 8167/8475 8201/8510 8200/8509
f 8167/8475 8168/8476 8201/8510
f 8168/8476 8202/8511 8201/8510
f 8168/8476 8169/8477 8202/8511
f 8169/8477 8203/8512 8202/8511
f 8169/8477 8170/8478 8203/8512
f 8170/8478 8204/8513 8203/8512
f 8170/8478 8171/8479 8204/8513
f 8171/8479 8205/8514 8204/8513
f 8171/8479 8172/8480 8205/8514
f 8172/8480 8206/8515 8205/8514
f 8172/8480 8173/8481 8206/8515
f 8173/8481 8207/8516 8206/8515
f 8173/8481 8174/8482 8207/8516
f 8174/8482 8208/8517 8207/8516
f 8174/8482 8175/8483 8208/8517
f 8175/8483 8209/8518 8208/8517
f 8175/8483 8176/8484 8209/8518
f 8176/8484 8210/8519 8209/8518
f 8176/8484 8177/8485 8210/8519
f 8177/8485 8211/8520 8210/8519
f 8177/8485 8178/8486 8211/8520
f 8178/8486 8212/8521 8211/8520
f 8178/8486 8179/8487 8212/8521
f 8179/8487 8213/8522 8212/8521
f 8179/8487 8180/8488 8213/8522
f 8180/8488 8214/8523 8213/8522
f 8180/8488 8181/8489 8214/8523
f 8181/8489 8215/8524 8214/8523
f 8181/8489 8182/8490 8215/8524
f 8182/8490 8216/8525 8215/8524
f 8182/8490 8183/8491 8216/8525
f 8183/8491 8217/8526 8216/8525
f 8183/8491 8184/8492 8217/8526
f 8186/8527 8218/8528 8219/8529
f 8186/8527 8185/8494 8218/8528
f 8185/8494 8220/8530 8218/8528
f 8185/8494 8187/8496 8220/8530
f 8187/8496 8221/8531 8220/8530
f 8187/8496 8188/8497 8221/8531
f 8188/8497 8222/8532 8221/8531
f 8188/8497 8189/8498 8222/8532
f 8189/8498 8223/8533 8222/8532
f 8189/8498 8190/8499 8223/8533
f 8190/8499 8224/8534 8223/8533
f 8190/8499 8191/8500 8224/8534
f 8191/8500 8225/8535 8224/8534
f 8191/8500 8192/8501 8225/8535
f 8192/8501 8226/8536 8225/8535
f 8192/8501 8193/8502 8226/8536
f 8193/8502 8227/8537 8226/8536
f 8193/8502 8194/8503 8227/8537
f 8194/8503 8228/8538 8227/8537
f 8194/8503 8195/8504 8228/8538
f 8195/8504 8229/8539 8228/8538
f 8195/8504 8196/8505 8229/8539
f 8196/8505 8230/8540 8229/8539
f 8196/8505 8197/8506 8230/8540
f 8197/8506 8231/8541 8230/8540
f 8197/8506 8198/8507 8231/8541
f 8198/8507 8232/8542 8231/8541
f 8198/8507 8199/8508 8232/8542
f 8199/8508 8233/8543 8232/8542
f 8199/8508 8200/8509 8233/8543
f 8200/8509 8234/8544 8233/8543
f 8200/8509 8201/8510 8234/8544
f 8201/8510 8235/8545 8234/8544
f 8201/8510 8202/8511 8235/8545
f 8202/8511 8236/8546 8235/8545
f 8202/8511 8203/8512 8236/8546
f 8203/8512 8237/8547 8236/8546
f 8203/8512 8204/8513 8237/8547
f 8204/8513 8238/8548 8237/8547
f 8204/8513 8205/8514 8238/8548
f 8205/8514 8239/8549 8238/8548
f 8205/8514 8206/8515 8239/8549
f 8206/8515 8240/8550 8239/8549
f 8206/8515 8207/8516 8240/8550
f 8207/8516 8241/8551 8240/8550
f 8207/8516 8208/8517 8241/8551
f 8208/8517 8242/8552 8241/8551
f 8208/8517 8209/8518 8242/8552
f 8209/8518 8243/8553 8242/8552
f 8209/8518 8210/8519 8243/8553
f 8210/8519 8244/8554 8243/8553
f 8210/8519 8211/8520 8244/8554
f 8211/8520 8245/8555 8244/8554
f 8211/8520 8212/8521 8245/8555
f 8212/8521 8246/8556 8245/8555
f 8212/8521 8213/8522 8246/8556
f 8213/8522 8247/8557 8246/8556
f 8213/8522 8214/8523 8247/8557
f 8214/8523 8248/8558 8247/8557
f 8214/8523 8215/8524 8248/8558
f 8215/8524 8249/8559 8248/8558
f 8215/8524 8216/8525 8249/8559
f 8216/8525 8250/8560 8249/8559
f 8216/8525 8217/8526 8250/8560
f 8219/8561 8251/8562 8252/8563
f 8219/8529 8218/8528 8251/8562
f 8218/8528 8253/8564 8251/8562
f 8218/8528 8220/8530 8253/8564
f 8220/8530 8254/8565 8253/8564
f 8220/8530 8221/8531 8254/8565
f 8221/8531 8255/8566 8254/8565
f 8221/8531 8222/8532 8255/8566
f 8222/8532 8256/8567 8255/8566
f 8222/8532 8223/8533 8256/8567
f 8223/8533 8257/8568 8256/8567
f 8223/8533 8224/8534 8257/8568
f 8224/8534 8258/8569 8257/8568
f 8224/8534 8225/8535 8258/8569
f 8225/8535 8259/8570 8258/8569
f 8225/8535 8226/8536 8259/8570
f 8226/8536 8260/8571 8259/8570
f 8226/8536 8227/8537 8260/8571
f 8227/8537 8261/8572 8260/8571
f 8227/8537 8228/8538 8261/8572
f 8228/8538 8262/8573 8261/8572
f 8228/8538 8229/8539 8262/8573
f 8229/8539 8263/8574 8262/8573
f 8229/8539 8230/8540 8263/8574
f 8230/8540 8264/8575 8263/8574
f 8230/8540 8231/8541 8264/8575
f 8231/8541 8265/8576 8264/8575
f 8231/8541 8232/8542 8265/8576
f 8232/8542 8266/8577 8265/8576
f 8232/8542 8233/8543 8266/8577
f 8233/8543 8267/8578 8266/8577
f 8233/8543 8234/8544 8267/8578
f 8234/8544 8268/8579 8267/8578
f 8234/8544 8235/8545 8268/8579
f 8235/8545 8269/8580 8268/8579
f 8235/8545 8236/8546 8269/8580
f 8236/8546 8270/8581 8269/8580
f 8236/8546 8237/8547 8270/8581
f 8237/8547 8271/8582 8270/8581
f 8237/8547 8238/8548 8271/8582
f 8238/8548 8272/8583 8271/8582
f 8238/8548 8239/8549 8272/8583
f 8239/8549 8273/8584 8272/8583
f 8239/8549 8240/8550 8273/8584
f 8240/8550 8274/8585 8273/8584
f 8240/8550 8241/8551 8274/8585
f 8241/8551 8275/8586 8274/8585
f 8241/8551 8242/8552 8275/8586
f 8242/8552 8276/8587 8275/8586
f 8242/8552 8243/8553 8276/8587
f 8243/8553 8277/8588 8276/8587
f 8243/8553 8244/8554 8277/8588
f 8244/8554 8278/8589 8277/8588
f 8244/8554 8245/8555 8278/8589
f 8245/8555 8279/8590 8278/8589
f 8245/8555 8246/8556 8279/8590
f 8246/8556 8280/8591 8279/8590
f 8246/8556 8247/8557 8280/8591
f 8247/8557 8281/8592 8280/8591
f 8247/8557 8248/8558 8281/8592
f 8248/8558 8282/8593 8281/8592
f 8248/8558 8249/8559 8282/8593
f 8249/8559 8283/8594 8282/8593
f 8249/8559 8250/8560 8283/8594
f 8252/8595 8284/8596 8285/8597
f 8252/8595 8251/8562 8284/8596
f 8251/8562 8286/8598 8284/8596
f 8251/8562 8253/8564 8286/8598
f 8253/8564 8287/8599 8286/8598
f 8253/8564 8254/8565 8287/8599
f 8254/8565 8288/8600 8287/8599
f 8254/8565 8255/8566 8288/8600
f 8255/8566 8289/8601 8288/8600
f 8255/8566 8256/8567 8289/8601
f 8256/8567 8290/8602 8289/8601
f 8256/8567 8257/8568 8290/8602
f 8257/8568 8291/8603 8290/8602
f 8257/8568 8258/8569 8291/8603
f 8258/8569 8292/8604 8291/8603
f 8258/8569 8259/8570 8292/8604
f 8259/8570 8293/8605 8292/8604
f 8259/8570 8260/8571 8293/8605
f 8260/8571 8294/8606 8293/8605
f 8260/8571 8261/8572 8294/8606
f 8261/8572 8295/8607 8294/8606
f 8261/8572 8262/8573 8295/8607
f 8262/8573 8296/8608 8295/8607
f 8262/8573 8263/8574 8296/8608
f 8263/8574 8297/8609 8296/8608
f 8263/8574 8264/8575 8297/8609
f 8264/8575 8298/8610 8297/8609
f 8264/8575 8265/8576 8298/8610
f 8265/8576 8299/8611 8298/8610
f 8265/8576 8266/8577 8299/8611
f 8266/8577 8300/8612 8299/8611
f 8266/8577 8267/8578 8300/8612
f 8267/8578 8301/8613 8300/8612
f 8267/8578 8268/8579 8301/8613
f 8268/8579 8302/8614 8301/8613
f 8268/8579 8269/8580 8302/8614
f 8269/8580 8303/8615 8302/8614
f 8269/8580 8270/8581 8303/8615
f 8270/8581 8304/8616 8303/8615
f 8270/8581 8271/8582 8304/8616
f 8271/8582 8305/8617 8304/8616
f 8271/8582 8272/8583 8305/8617
f 8272/8583 8306/8618 8305/8617
f 8272/8583 8273/8584 8306/8618
f 8273/8584 8307/8619 8306/8618
f 8273/8584 8274/8585 8307/8619
f 8274/8585 8308/8620 8307/8619
f 8274/8585 8275/8586 8308/8620
f 8275/8586 8309/8621 8308/8620
f 8275/8586 8276/8587 8309/8621
f 8276/8587 8310/8622 8309/8621
f 8276/8587 8277/8588 8310/8622
f 8277/8588 8311/8623 8310/8622
f 8277/8588 8278/8589 8311/8623
f 8278/8589 8312/8624 8311/8623
f 8278/8589 8279/8590 8312/8624
f 8279/8590 8313/8625 8312/8624
f 8279/8590 8280/8591 8313/8625
f 8280/8591 8314/8626 8313/8625
f 8280/8591 8281/8592 8314/8626
f 8281/8592 8315/8627 8314/8626
f 8281/8592 8282/8593 8315/8627
f 8282/8593 8316/8628 8315/8627
f 8282/8593 8283/8594 8316/8628
f 8285/8629 8317/8630 8318/8631
f 8285/8629 8284/8596 8317/8630
f 8284/8596 8319/8632 8317/8630
f 8284/8596 8286/8598 8319/8632
f 8286/8598 8320/8633 8319/8632
f 8286/8598 8287/8599 8320/8633
f 8287/8599 8321/8634 8320/8633
f 8287/8599 8288/8600 8321/8634
f 8288/8600 8322/8635 8321/8634
f 8288/8600 8289/8601 8322/8635
f 8289/8601 8323/8636 8322/8635
f 8289/8601 8290/8602 8323/8636
f 8290/8602 8324/8637 8323/8636
f 8290/8602 8291/8603 8324/8637
f 8291/8603 8325/8638 8324/8637
f 8291/8603 8292/8604 8325/8638
f 8292/8604 8326/8639 8325/8638
f 8292/8604 8293/8605 8326/8639
f 8293/8605 8327/8640 8326/8639
f 8293/8605 8294/8606 8327/8640
f 8294/8606 8328/8641 8327/8640
f 8294/8606 8295/8607 8328/8641
f 8295/8607 8329/8642 8328/8641
f 8295/8607 8296/8608 8329/8642
f 8296/8608 8330/8643 8329/8642
f 8296/8608 8297/8609 8330/8643
f 8297/8609 8331/8644 8330/8643
f 8297/8609 8298/8610 8331/8644
f 8298/8610 8332/8645 8331/8644
f 8298/8610 8299/8611 8332/8645
f 8299/8611 8333/8646 8332/8645
f 8299/8611 8300/8612 8333/8646
f 8300/8612 8334/8647 8333/8646
f 8300/8612 8301/8613 8334/8647
f 8301/8613 8335/8648 8334/8647
f 8301/8613 8302/8614 8335/8648
f 8302/8614 8336/8649 8335/8648
f 8302/8614 8303/8615 8336/8649
f 8303/8615 8337/8650 8336/8649
f 8303/8615 8304/8616 8337/8650
f 8304/8616 8338/8651 8337/8650
f 8304/8616 8305/8617 8338/8651
f 8305/8617 8339/8652 8338/8651
f 8305/8617 8306/8618 8339/8652
f 8306/8618 8340/8653 8339/8652
f 8306/8618 8307/8619 8340/8653
f 8307/8619 8341/8654 8340/8653
f 8307/8619 8308/8620 8341/8654
f 8308/8620 8342/8655 8341/8654
f 8308/8620 8309/8621 8342/8655
f 8309/8621 8343/8656 8342/8655
f 8309/8621 8310/8622 8343/8656
f 8310/8622 8344/8657 8343/8656
f 8310/8622 8311/8623 8344/8657
f 8311/8623 8345/8658 8344/8657
f 8311/8623 8312/8624 8345/8658
f 8312/8624 8346/8659 8345/8658
f 8312/8624 8313/8625 8346/8659
f 8313/8625 8347/8660 8346/8659
f 8313/8625 8314/8626 8347/8660
f 8314/8626 8348/8661 8347/8660
f 8314/8626 8315/8627 8348/8661
f 8315/8627 8349/8662 8348/8661
f 8315/8627 8316/8628 8349/8662
f 8318/8663 8350/8664 8351/8665
f 8318/8663 8317/8630 8350/8664
f 8317/8630 8352/8666 8350/8664
f 8317/8630 8319/8632 8352/8666
f 8319/8632 8353/8667 8352/8666
f 8319/8632 8320/8633 8353/8667
f 8320/8633 8354/8668 8353/8667
f 8320/8633 8321/8634 8354/8668
f 8321/8634 8355/8669 8354/8668
f 8321/8634 8322/8635 8355/8669
f 8322/8635 8356/8670 8355/8669
f 8322/8635 8323/8636 8356/8670
f 8323/8636 8357/8671 8356/8670
f 8323/8636 8324/8637 8357/8671
f 8324/8637 8358/8672 8357/8671
f 8324/8637 8325/8638 8358/8672
f 8325/8638 8359/8673 8358/8672
f 8325/8638 8326/8639 8359/8673
f 8326/8639 8360/8674 8359/8673
f 8326/8639 8327/8640 8360/8674
f 8327/8640 8361/8675 8360/8674
f 8327/8640 8328/8641 8361/8675
f 8328/8641 8362/8676 8361/8675
f 8328/8641 8329/8642 8362/8676
f 8329/8642 8363/8677 8362/8676
f 8329/8642 8330/8643 8363/8677
f 8330/8643 8364/8678 8363/8677
f 8330/8643 8331/8644 8364/8678
f 8331/8644 8365/8679 8364/8678
f 8331/8644 8332/8645 8365/8679
f 8332/8645 8366/8680 8365/8679
f 8332/8645 8333/8646 8366/8680
f 8333/8646 8367/8681 8366/8680
f 8333/8646 8334/8647 8367/8681
f 8334/8647 8368/8682 8367/8681
f 8334/8647 8335/8648 8368/8682
f 8335/8648 8369/8683 8368/8682
f 8335/8648 8336/8649 8369/8683
f 8336/8649 8370/8684 8369/8683
f 8336/8649 8337/8650 8370/8684
f 8337/8650 8371/8685 8370/8684
f 8337/8650 8338/8651 8371/8685
f 8338/8651 8372/8686 8371/8685
f 8338/8651 8339/8652 8372/8686
f 8339/8652 8373/8687 8372/8686
f 8339/8652 8340/8653 8373/8687
f 8340/8653 8374/8688 8373/8687
f 8340/8653 8341/8654 8374/8688
f 8341/8654 8375/8689 8374/8688
f 8341/8654 8342/8655 8375/8689
f 8342/8655 8376/8690 8375/8689
f 8342/8655 8343/8656 8376/8690
f 8343/8656 8377/8691 8376/8690
f 8343/8656 8344/8657 8377/8691
f 8344/8657 8378/8692 8377/8691
f 8344/8657 8345/8658 8378/8692
f 8345/8658 8379/8693 8378/8692
f 8345/8658 8346/8659 8379/8693
f 8346/8659 8380/8694 8379/8693
f 8346/8659 8347/8660 8380/8694
f 8347/8660 8381/8695 8380/8694
f 8347/8660 8348/8661 8381/8695
f 8348/8661 8382/8696 8381/8695
f 8348/8661 8349/8662 8382/8696
f 8351/8697 8383/8698 8384/8699
f 8351/8665 8350/8664 8383/8698
f 8350/8664 8385/8700 8383/8698
f 8350/8664 8352/8666 8385/8700
f 8352/8666 8386/8701 8385/8700
f 8352/8666 8353/8667 8386/8701
f 8353/8667 8387/8702 8386/8701
f 8353/8667 8354/8668 8387/8702
f 8354/8668 8388/8703 8387/8702
f 8354/8668 8355/8669 8388/8703
f 8355/8669 8389/8704 8388/8703
f 8355/8669 8356/8670 8389/8704
f 8356/8670 8390/8705 8389/8704
f 8356/8670 8357/8671 8390/8705
f 8357/8671 8391/8706 8390/8705
f 8357/8671 8358/8672 8391/8706
f 8358/8672 8392/8707 8391/8706
f 8358/8672 8359/8673 8392/8707
f 8359/8673 8393/8708 8392/8707
f 8359/8673 8360/8674 8393/8708
f 8360/8674 8394/8709 8393/8708
f 8360/8674 8361/8675 8394/8709
f 8361/8675 8395/8710 8394/8709
f 8361/8675 8362/8676 8395/8710
f 8362/8676 8396/8711 8395/8710
f 8362/8676 8363/8677 8396/8711
f 8363/8677 8397/8712 8396/8711
f 8363/8677 8364/8678 8397/8712
f 8364/8678 8398/8713 8397/8712
f 8364/8678 8365/8679 8398/8713
f 8365/8679 8399/8714 8398/8713
f 8365/8679 8366/8680 8399/8714
f 8366/8680 8400/8715 8399/8714
f 8366/8680 8367/8681 8400/8715
f 8367/8681 8401/8716 8400/8715
f 8367/8681 8368/8682 8401/8716
f 8368/8682 8402/8717 8401/8716
f 8368/8682 8369/8683 8402/8717
f 8369/8683 8403/8718 8402/8717
f 8369/8683 8370/8684 8403/8718
f 8370/8684 8404/8719 8403/8718
f 8370/8684 8371/8685 8404/8719
f 8371/8685 8405/8720 8404/8719
f 8371/8685 8372/8686 8405/8720
f 8372/8686 8406/8721 8405/8720
f 8372/8686 8373/8687 8406/8721
f 8373/8687 8407/8722 8406/8721
f 8373/8687 8374/8688 8407/8722
f 8374/8688 8408/8723 8407/8722
f 8374/8688 8375/8689 8408/8723
f 8375/8689 8409/8724 8408/8723
f 8375/8689 8376/8690 8409/8724
f 8376/8690 8410/8725 8409/8724
f 8376/8690 8377/8691 8410/8725
f 8377/8691 8411/8726 8410/8725
f 8377/8691 8378/8692 8411/8726
f 8378/8692 8412/8727 8411/8726
f 8378/8692 8379/8693 8412/8727
f 8379/8693 8413/8728 8412/8727
f 8379/8693 8380/8694 8413/8728
f 8380/8694 8414/8729 8413/8728
f 8380/8694 8381/8695 8414/8729
f 8381/8695 8415/8730 8414/8729
f 8381/8695 8382/8696 8415/8730
f 8384/8731 8416/8732 8417/8733
f 8384/8699 8383/8698 8416/8732
f 8383/8698 8418/8734 8416/8732
f 8383/8698 8385/8700 8418/8734
f 8385/8700 8419/8735 8418/8734
f 8385/8700 8386/8701 8419/8735
f 8386/8701 8420/8736 8419/8735
f 8386/8701 8387/8702 8420/8736
f 8387/8702 8421/8737 8420/8736
f 8387/8702 8388/8703 8421/8737
f 8388/8703 8422/8738 8421/8737
f 8388/8703 8389/8704 8422/8738
f 8389/8704 8423/8739 8422/8738
f 8389/8704 8390/8705 8423/8739
f 8390/8705 8424/8740 8423/8739
f 8390/8705 8391/8706 8424/8740
f 8391/8706 8425/8741 8424/8740
f 8391/8706 8392/8707 8425/8741
f 8392/8707 8426/8742 8425/8741
f 8392/8707 8393/8708 8426/8742
f 8393/8708 8427/8743 8426/8742
f 8393/8708 8394/8709 8427/8743
f 8394/8709 8428/8744 8427/8743
f 8394/8709 8395/8710 8428/8744
f 8395/8710 8429/8745 8428/8744
f 8395/8710 8396/8711 8429/8745
f 8396/8711 8430/8746 8429/8745
f 8396/8711 8397/8712 8430/8746
f 8397/8712 8431/8747 8430/8746
f 8397/8712 8398/8713 8431/8747
f 8398/8713 8432/8748 8431/8747
f 8398/8713 8399/8714 8432/8748
f 8399/8714 8433/8749 8432/8748
f 8399/8714 8400/8715 8433/8749
f 8400/8715 8434/8750 8433/8749
f 8400/8715 8401/8716 8434/8750
f 8401/8716 8435/8751 8434/8750
f 8401/8716 8402/8717 8435/8751
f 8402/8717 8436/8752 8435/8751
f 8402/8717 8403/8718 8436/8752
f 8403/8718 8437/8753 8436/8752
f 8403/8718 8404/8719 8437/8753
f 8404/8719 8438/8754 8437/8753
f 8404/8719 8405/8720 8438/8754
f 8405/8720 8439/8755 8438/8754
f 8405/8720 8406/8721 8439/8755
f 8406/8721 8440/8756 8439/8755
f 8406/8721 8407/8722 8440/8756
f 8407/8722 8441/8757 8440/8756
f 8407/8722 8408/8723 8441/8757
f 8408/8723 8442/8758 8441/8757
f 8408/8723 8409/8724 8442/8758
f 8409/8724 8443/8759 8442/8758
f 8409/8724 8410/8725 8443/8759
f 8410/8725 8444/8760 8443/8759
f 8410/8725 8411/8726 8444/8760
f 8411/8726 8445/8761 8444/8760
f 8411/8726 8412/8727 8445/8761
f 8412/8727 8446/8762 8445/8761
f 8412/8727 8413/8728 8446/8762
f 8413/8728 8447/8763 8446/8762
f 8413/8728 8414/8729 8447/8763
f 8414/8729 8448/8764 8447/8763
f 8414/8729 8415/8730 8448/8764
f 8417/8765 8449/8766 8450/8767
f 8417/8733 8416/8732 8449/8766
f 8416/8732 8451/8768 8449/8766
f 8416/8732 8418/8734 8451/8768
f 8418/8734 8452/8769 8451/8768
f 8418/8734 8419/8735 8452/8769
f 8419/8735 8453/8770 8452/8769
f 8419/8735 8420/8736 8453/8770
f 8420/8736 8454/8771 8453/8770
f 8420/8736 8421/8737 8454/8771
f 8421/8737 8455/8772 8454/8771
f 8421/8737 8422/8738 8455/8772
f 8422/8738 8456/8773 8455/8772
f 8422/8738 8423/8739 8456/8773
f 8423/8739 8457/8774 8456/8773
f 8423/8739 8424/8740 8457/8774
f 8424/8740 8458/8775 8457/8774
f 8424/8740 8425/8741 8458/8775
f 8425/8741 8459/8776 8458/8775
f 8425/8741 8426/8742 8459/8776
f 8426/8742 8460/8777 8459/8776
f 8426/8742 8427/8743 8460/8777
f 8427/8743 8461/8778 8460/8777
f 8427/8743 8428/8744 8461/8778
f 8428/8744 8462/8779 8461/8778
f 8428/8744 8429/8745 8462/8779
f 8429/8745 8463/8780 8462/8779
f 8429/8745 8430/8746 8463/8780
f 8430/8746 8464/8781 8463/8780
f 8430/8746 8431/8747 8464/8781
f 8431/8747 8465/8782 8464/8781
f 8431/8747 8432/8748 8465/8782
f 8432/8748 8466/8783 8465/8782
f 8432/8748 8433/8749 8466/8783
f 8433/8749 8467/8784 8466/8783
f 8433/8749 8434/8750 8467/8784
f 8434/8750 8468/8785 8467/8784
f 8434/8750 8435/8751 8468/8785
f 8435/8751 8469/8786 8468/8785
f 8435/8751 8436/8752 8469/8786
f 8436/8752 8470/8787 8469/8786
f 8436/8752 8437/8753 8470/8787
f 8437/8753 8471/8788 8470/8787
f 8437/8753 8438/8754 8471/8788
f 8438/8754 8472/8789 8471/8788
f 8438/8754 8439/8755 8472/8789
f 8439/8755 8473/8790 8472/8789
f 8439/8755 8440/8756 8473/8790
f 8440/8756 8474/8791 8473/8790
f 8440/8756 8441/8757 8474/8791
f 8441/8757 8475/8792 8474/8791
f 8441/8757 8442/8758 8475/8792
f 8442/8758 8476/8793 8475/8792
f 8442/8758 8443/8759 8476/8793
f 8443/8759 8477/8794 8476/8793
f 8443/8759 8444/8760 8477/8794
f 8444/8760 8478/8795 8477/8794
f 8444/8760 8445/8761 8478/8795
f 8445/8761 8479/8796 8478/8795
f 8445/8761 8446/8762 8479/8796
f 8446/8762 8480/8797 8479/8796
f 8446/8762 8447/8763 8480/8797
f 8447/8763 8481/8798 8480/8797
f 8447/8763 8448/8764 8481/8798
f 8450/8799 8482/8800 8483/8801
f 8450/8767 8449/8766 8482/8800
f 8449/8766 8484/8802 8482/8800
f 8449/8766 8451/8768 8484/8802
f 8451/8768 8485/8803 8484/8802
f 8451/8768 8452/8769 8485/8803
f 8452/8769 8486/8804 8485/8803
f 8452/8769 8453/8770 8486/8804
f 8453/8770 8487/8805 8486/8804
f 8453/8770 8454/8771 8487/8805
f 8454/8771 8488/8806 8487/8805
f 8454/8771 8455/8772 8488/8806
f 8455/8772 8489/8807 8488/8806
f 8455/8772 8456/8773 8489/8807
f 8456/8773 8490/8808 8489/8807
f 8456/8773 8457/8774 8490/8808
f 8457/8774 8491/8809 8490/8808
f 8457/8774 8458/8775 8491/8809
f 8458/8775 8492/8810 8491/8809
f 8458/8775 8459/8776 8492/8810
f 8459/8776 8493/8811 8492/8810
f 8459/8776 8460/8777 8493/8811
f 8460/8777 8494/8812 8493/8811
f 8460/8777 8461/8778 8494/8812
f 8461/8778 8495/8813 8494/8812
f 8461/8778 8462/8779 8495/8813
f 8462/8779 8496/8814 8495/8813
f 8462/8779 8463/8780 8496/8814
f 8463/8780 8497/8815 8496/8814
f 8463/8780 8464/8781 8497/8815
f 8464/8781 8498/8816 8497/8815
f 8464/8781 8465/8782 8498/8816
f 8465/8782 8499/8817 8498/8816
f 8465/8782 8466/8783 8499/8817
f 8466/8783 8500/8818 8499/8817
f 8466/8783 8467/8784 8500/8818
f 8467/8784 8501/8819 8500/8818
f 8467/8784 8468/8785 8501/8819
f 8468/8785 8502/8820 8501/8819
f 8468/8785 8469/8786 8502/8820
f 8469/8786 8503/8821 8502/8820
f 8469/8786 8470/8787 8503/8821
f 8470/8787 8504/8822 8503/8821
f 8470/8787 8471/8788 8504/8822
f 8471/8788 8505/8823 8504/8822
f 8471/8788 8472/8789 8505/8823
f 8472/8789 8506/8824 8505/8823
f 8472/8789 8473/8790 8506/8824
f 8473/8790 8507/8825 8506/8824
f 8473/8790 8474/8791 8507/8825
f 8474/8791 8508/8826 8507/8825
f 8474/8791 8475/8792 8508/8826
f 8475/8792 8509/8827 8508/8826
f 8475/8792 8476/8793 8509/8827
f 8476/8793 8510/8828 8509/8827
f 8476/8793 8477/8794 8510/8828
f 8477/8794 8511/8829 8510/8828
f 8477/8794 8478/8795 8511/8829
f 8478/8795 8512/8830 8511/8829
f 8478/8795 8479/8796 8512/8830
f 8479/8796 8513/8831 8512/8830
f 8479/8796 8480/8797 8513/8831
f 8480/8797 8514/8832 8513/8831
f 8480/8797 8481/8798 8514/8832
f 8483/8833 8515/8834 8516/8835
f 8483/8801 8482/8800 8515/8834
f 8482/8800 8517/8836 8515/8834
f 8482/8800 8484/8802 8517/8836
f 8484/8802 8518/8837 8517/8836
f 8484/8802 8485/8803 8518/8837
f 8485/8803 8519/8838 8518/8837
f 8485/8803 8486/8804 8519/8838
f 8486/8804 8520/8839 8519/8838
f 8486/8804 8487/8805 8520/8839
f 8487/8805 8521/8840 8520/8839
f 8487/8805 8488/8806 8521/8840
f 8488/8806 8522/8841 8521/8840
f 8488/8806 8489/8807 8522/8841
f 8489/8807 8523/8842 8522/8841
f 8489/8807 8490/8808 8523/8842
f 8490/8808 8524/8843 8523/8842
f 8490/8808 8491/8809 8524/8843
f 8491/8809 8525/8844 8524/8843
f 8491/8809 8492/8810 8525/8844
f 8492/8810 8526/8845 8525/8844
f 8492/8810 8493/8811 8526/8845
f 8493/8811 8527/8846 8526/8845
f 8493/8811 8494/8812 8527/8846
f 8494/8812 8528/8847 8527/8846
f 8494/8812 8495/8813 8528/8847
f 8495/8813 8529/8848 8528/8847
f 8495/8813 8496/8814 8529/8848
f 8496/8814 8530/8849 8529/8848
f 8496/8814 8497/8815 8530/8849
f 8497/8815 8531/8850 8530/8849
f 8497/8815 8498/8816 8531/8850
f 8498/8816 8532/8851 8531/8850
f 8498/8816 8499/8817 8532/8851
f 8499/8817 8533/8852 8532/8851
f 8499/8817 8500/8818 8533/8852
f 8500/8818 8534/8853 8533/8852
f 8500/8818 8501/8819 8534/8853
f 8501/8819 8535/8854 8534/8853
f 8501/8819 8502/8820 8535/8854
f 8502/8820 8536/8855 8535/8854
f 8502/8820 8503/8821 8536/8855
f 8503/8821 8537/8856 8536/8855
f 8503/8821 8504/8822 8537/8856
f 8504/8822 8538/8857 8537/8856
f 8504/8822 8505/8823 8538/8857
f 8505/8823 8539/8858 8538/8857
f 8505/8823 8506/8824 8539/8858
f 8506/8824 8540/8859 8539/8858
f 8506/8824 8507/8825 8540/8859
f 8507/8825 8541/8860 8540/8859
f 8507/8825 8508/8826 8541/8860
f 8508/8826 8542/8861 8541/8860
f 8508/8826 8509/8827 8542/8861
f 8509/8827 8543/8862 8542/8861
f 8509/8827 8510/8828 8543/8862
f 8510/8828 8544/8863 8543/8862
f 8510/8828 8511/8829 8544/8863
f 8511/8829 8545/8864 8544/8863
f 8511/8829 8512/8830 8545/8864
f 8512/8830 8546/8865 8545/8864
f 8512/8830 8513/8831 8546/8865
f 8513/8831 8547/8866 8546/8865
f 8513/8831 8514/8832 8547/8866
f 8516/8867 8548/8868 8549/8869
f 8516/8835 8515/8834 8548/8868
f 8515/8834 8550/8870 8548/8868
f 8515/8834 8517/8836 8550/8870
f 8517/8836 8551/8871 8550/8870
f 8517/8836 8518/8837 8551/8871
f 8518/8837 8552/8872 8551/8871
f 8518/8837 8519/8838 8552/8872
f 8519/8838 8553/8873 8552/8872
f 8519/8838 8520/8839 8553/8873
f 8520/8839 8554/8874 8553/8873
f 8520/8839 8521/8840 8554/8874
f 8521/8840 8555/8875 8554/8874
f 8521/8840 8522/8841 8555/8875
f 8522/8841 8556/8876 8555/8875
f 8522/8841 8523/8842 8556/8876
f 8523/8842 8557/8877 8556/8876
f 8523/8842 8524/8843 8557/8877
f 8524/8843 8558/8878 8557/8877
f 8524/8843 8525/8844 8558/8878
f 8525/8844 8559/8879 8558/8878
f 8525/8844 8526/8845 8559/8879
f 8526/8845 8560/8880 8559/8879
f 8526/8845 8527/8846 8560/8880
f 8527/8846 8561/8881 8560/8880
f 8527/8846 8528/8847 8561/8881
f 8528/8847 8562/8882 8561/8881
f 8528/8847 8529/8848 8562/8882
f 8529/8848 8563/8883 8562/8882
f 8529/8848 8530/8849 8563/8883
f 8530/8849 8564/8884 8563/8883
f 8530/8849 8531/8850 8564/8884
f 8531/8850 8565/8885 8564/8884
f 8531/8850 8532/8851 8565/8885
f 8532/8851 8566/8886 8565/8885
f 8532/8851 8533/8852 8566/8886
f 8533/8852 8567/8887 8566/8886
f 8533/8852 8534/8853 8567/8887
f 8534/8853 8568/8888 8567/8887
f 8534/8853 8535/8854 8568/8888
f 8535/8854 8569/8889 8568/8888
f 8535/8854 8536/8855 8569/8889
f 8536/8855 8570/8890 8569/8889
f 8536/8855 8537/8856 8570/8890
f 8537/8856 8571/8891 8570/8890
f 8537/8856 8538/8857 8571/8891
f 8538/8857 8572/8892 8571/8891
f 8538/8857 8539/8858 8572/8892
f 8539/8858 8573/8893 8572/8892
f 8539/8858 8540/8859 8573/8893
f 8540/8859 8574/8894 8573/8893
f 8540/8859 8541/8860 8574/8894
f 8541/8860 8575/8895 8574/8894
f 8541/8860 8542/8861 8575/8895
f 8542/8861 8576/8896 8575/8895
f 8542/8861 8543/8862 8576/8896
f 8543/8862 8577/8897 8576/8896
f 8543/8862 8544/8863 8577/8897
f 8544/8863 8578/8898 8577/8897
f 8544/8863 8545/8864 8578/8898
f 8545/8864 8579/8899 8578/8898
f 8545/8864 8546/8865 8579/8899
f 8546/8865 8580/8900 8579/8899
f 8546/8865 8547/8866 8580/8900
f 8549/8901 8581/8902 8582/8903
f 8549/8869 8548/8868 8581/8902
f 8548/8868 8583/8904 8581/8902
f 8548/8868 8550/8870 8583/8904
f 8550/8870 8584/8905 8583/8904
f 8550/8870 8551/8871 8584/8905
f 8551/8871 8585/8906 8584/8905
f 8551/8871 8552/8872 8585/8906
f 8552/8872 8586/8907 8585/8906
f 8552/8872 8553/8873 8586/8907
f 8553/8873 8587/8908 8586/8907
f 8553/8873 8554/8874 8587/8908
f 8554/8874 8588/8909 8587/8908
f 8554/8874 8555/8875 8588/8909
f 8555/8875 8589/8910 8588/8909
f 8555/8875 8556/8876 8589/8910
f 8556/8876 8590/8911 8589/8910
f 8556/8876 8557/8877 8590/8911
f 8557/8877 8591/8912 8590/8911
f 8557/8877 8558/8878 8591/8912
f 8558/8878 8592/8913 8591/8912
f 8558/8878 8559/8879 8592/8913
f 8559/8879 8593/8914 8592/8913
f 8559/8879 8560/8880 8593/8914
f 8560/8880 8594/8915 8593/8914
f 8560/8880 8561/8881 8594/8915
f 8561/8881 8595/8916 8594/8915
f 8561/8881 8562/8882 8595/8916
f 8562/8882 8596/8917 8595/8916
f 8562/8882 8563/8883 8596/8917
f 8563/8883 8597/8918 8596/8917
f 8563/8883 8564/8884 8597/8918
f 8564/8884 8598/8919 8597/8918
f 8564/8884 8565/8885 8598/8919
f 8565/8885 8599/8920 8598/8919
f 8565/8885 8566/8886 8599/8920
f 8566/8886 8600/8921 8599/8920
f 8566/8886 8567/8887 8600/8921
f 8567/8887 8601/8922 8600/8921
f 8567/8887 8568/8888 8601/8922
f 8568/8888 8602/8923 8601/8922
f 8568/8888 8569/8889 8602/8923
f 8569/8889 8603/8924 8602/8923
f 8569/8889 8570/8890 8603/8924
f 8570/8890 8604/8925 8603/8924
f 8570/8890 8571/8891 8604/8925
f 8571/8891 8605/8926 8604/8925
f 8571/8891 8572/8892 8605/8926
f 8572/8892 8606/8927 8605/8926
f 8572/8892 8573/8893 8606/8927
f 8573/8893 8607/8928 8606/8927
f 8573/8893 8574/8894 8607/8928
f 8574/8894 8608/8929 8607/8928
f 8574/8894 8575/8895 8608/8929
f 8575/8895 8609/8930 8608/8929
f 8575/8895 8576/8896 8609/8930
f 8576/8896 8610/8931 8609/8930
f 8576/8896 8577/8897 8610/8931
f 8577/8897 8611/8932 8610/8931
f 8577/8897 8578/8898 8611/8932
f 8578/8898 8612/8933 8611/8932
f 8578/8898 8579/8899 8612/8933
f 8579/8899 8613/8934 8612/8933
f 8579/8899 8580/8900 8613/8934
f 8582/8935 8614/8936 8615/8937
f 8582/8903 8581/8902 8614/8936
f 8581/8902 8616/8938 8614/8936
f 8581/8902 8583/8904 8616/8938
f 8583/8904 8617/8939 8616/8938
f 8583/8904 8584/8905 8617/8939
f 8584/8905 8618/8940 8617/8939
f 8584/8905 8585/8906 8618/8940
f 8585/8906 8619/8941 8618/8940
f 8585/8906 8586/8907 8619/8941
f 8586/8907 8620/8942 8619/8941
f 8586/8907 8587/8908 8620/8942
f 8587/8908 8621/8943 8620/8942
f 8587/8908 8588/8909 8621/8943
f 8588/8909 8622/8944 8621/8943
f 8588/8909 8589/8910 8622/8944
f 8589/8910 8623/8945 8622/8944
f 8589/8910 8590/8911 8623/8945
f 8590/8911 8624/8946 8623/8945
f 8590/8911 8591/8912 8624/8946
f 8591/8912 8625/8947 8624/8946
f 8591/8912 8592/8913 8625/8947
f 8592/8913 8626/8948 8625/8947
f 8592/8913 8593/8914 8626/8948
f 8593/8914 8627/8949 8626/8948
f 8593/8914 8594/8915 8627/8949
f 8594/8915 8628/8950 8627/8949
f 8594/8915 8595/8916 8628/8950
f 8595/8916 8629/8951 8628/8950
f 8595/8916 8596/8917 8629/8951
f 8596/8917 8630/8952 8629/8951
f 8596/8917 8597/8918 8630/8952
f 8597/8918 8631/8953 8630/8952
f 8597/8918 8598/8919 8631/8953
f 8598/8919 8632/8954 8631/8953
f 8598/8919 8599/8920 8632/8954
f 8599/8920 8633/8955 8632/8954
f 8599/8920 8600/8921 8633/8955
f 8600/8921 8634/8956 8633/8955
f 8600/8921 8601/8922 8634/8956
f 8601/8922 8635/8957 8634/8956
f 8601/8922 8602/8923 8635/8957
f 8602/8923 8636/8958 8635/8957
f 8602/8923 8603/8924 8636/8958
f 8603/8924 8637/8959 8636/8958
f 8603/8924 8604/8925 8637/8959
f 8604/8925 8638/8960 8637/8959
f 8604/8925 8605/8926 8638/8960
f 8605/8926 8639/8961 8638/8960
f 8605/8926 8606/8927 8639/8961
f 8606/8927 8640/8962 8639/8961
f 8606/8927 8607/8928 8640/8962
f 8607/8928 8641/8963 8640/8962
f 8607/8928 8608/8929 8641/8963
f 8608/8929 8642/8964 8641/8963
f 8608/8929 8609/8930 8642/8964
f 8609/8930 8643/8965 8642/8964
f 8609/8930 8610/8931 8643/8965
f 8610/8931 8644/8966 8643/8965
f 8610/8931 8611/8932 8644/8966
f 8611/8932 8645/8967 8644/8966
f 8611/8932 8612/8933 8645/8967
f 8612/8933 8646/8968 8645/8967
f 8612/8933 8613/8934 8646/8968
f 8615/8969 8647/8970 8648/8971
f 8615/8937 8614/8936 8647/8970
f 8614/8936 8649/8972 8647/8970
f 8614/8936 8616/8938 8649/8972
f 8616/8938 8650/8973 8649/8972
f 8616/8938 8617/8939 8650/8973
f 8617/8939 8651/8974 8650/8973
f 8617/8939 8618/8940 8651/8974
f 8618/8940 8652/8975 8651/8974
f 8618/8940 8619/8941 8652/8975
f 8619/8941 8653/8976 8652/8975
f 8619/8941 8620/8942 8653/8976
f 8620/8942 8654/8977 8653/8976
f 8620/8942 8621/8943 8654/8977
f 8621/8943 8655/8978 8654/8977
f 8621/8943 8622/8944 8655/8978
f 8622/8944 8656/8979 8655/8978
f 8622/8944 8623/8945 8656/8979
f 8623/8945 8657/8980 8656/8979
f 8623/8945 8624/8946 8657/8980
f 8624/8946 8658/8981 8657/8980
f 8624/8946 8625/8947 8658/8981
f 8625/8947 8659/8982 8658/8981
f 8625/8947 8626/8948 8659/8982
f 8626/8948 8660/8983 8659/8982
f 8626/8948 8627/8949 8660/8983
f 8627/8949 8661/8984 8660/8983
f 8627/8949 8628/8950 8661/8984
f 8628/8950 8662/8985 8661/8984
f 8628/8950 8629/8951 8662/8985
f 8629/8951 8663/8986 8662/8985
f 8629/8951 8630/8952 8663/8986
f 8630/8952 8664/8987 8663/8986
f 8630/8952 8631/8953 8664/8987
f 8631/8953 8665/8988 8664/8987
f 8631/8953 8632/8954 8665/8988
f 8632/8954 8666/8989 8665/8988
f 8632/8954 8633/8955 8666/8989
f 8633/8955 8667/8990 8666/8989
f 8633/8955 8634/8956 8667/8990
f 8634/8956 8668/8991 8667/8990
f 8634/8956 8635/8957 8668/8991
f 8635/8957 8669/8992 8668/8991
f 8635/8957 8636/8958 8669/8992
f 8636/8958 8670/8993 8669/8992
f 8636/8958 8637/8959 8670/8993
f 8637/8959 8671/8994 8670/8993
f 8637/8959 8638/8960 8671/8994
f 8638/8960 8672/8995 8671/8994
f 8638/8960 8639/8961 8672/8995
f 8639/8961 8673/8996 8672/8995
f 8639/8961 8640/8962 8673/8996
f 8640/8962 8674/8997 8673/8996
f 8640/8962 8641/8963 8674/8997
f 8641/8963 8675/8998 8674/8997
f 8641/8963 8642/8964 8675/8998
f 8642/8964 8676/8999 8675/8998
f 8642/8964 8643/8965 8676/8999
f 8643/8965 8677/9000 8676/8999
f 8643/8965 8644/8966 8677/9000
f 8644/8966 8678/9001 8677/9000
f 8644/8966 8645/8967 8678/9001
f 8645/8967 8679/9002 8678/9001
f 8645/8967 8646/8968 8679/9002
f 8648/9003 8680/9004 8681/9005
f 8648/9003 8647/8970 8680/9004
f 8647/8970 8682/9006 8680/9004
f 8647/8970 8649/8972 8682/9006
f 8649/8972 8683/9007 8682/9006
f 8649/8972 8650/8973 8683/9007
f 8650/8973 8684/9008 8683/9007
f 8650/8973 8651/8974 8684/9008
f 8651/8974 8685/9009 8684/9008
f 8651/8974 8652/8975 8685/9009
f 8652/8975 8686/9010 8685/9009
f 8652/8975 8653/8976 8686/9010
f 8653/8976 8687/9011 8686/9010
f 8653/8976 8654/8977 8687/9011
f 8654/8977 8688/9012 8687/9011
f 8654/8977 8655/8978 8688/9012
f 8655/8978 8689/9013 8688/9012
f 8655/8978 8656/8979 8689/9013
f 8656/8979 8690/9014 8689/9013
f 8656/8979 8657/8980 8690/9014
f 8657/8980 8691/9015 8690/9014
f 8657/8980 8658/8981 8691/9015
f 8658/8981 8692/9016 8691/9015
f 8658/8981 8659/8982 8692/9016
f 8659/8982 8693/9017 8692/9016
f 8659/8982 8660/8983 8693/9017
f 8660/8983 8694/9018 8693/9017
f 8660/8983 8661/8984 8694/9018
f 8661/8984 8695/9019 8694/9018
f 8661/8984 8662/8985 8695/9019
f 8662/8985 8696/9020 8695/9019
f 8662/8985 8663/8986 8696/9020
f 8663/8986 8697/9021 8696/9020
f 8663/8986 8664/8987 8697/9021
f 8664/8987 8698/9022 8697/9021
f 8664/8987 8665/8988 8698/9022
f 8665/8988 8699/9023 8698/9022
f 8665/8988 8666/8989 8699/9023
f 8666/8989 8700/9024 8699/9023
f 8666/8989 8667/8990 8700/9024
f 8667/8990 8701/9025 8700/9024
f 8667/8990 8668/8991 8701/9025
f 8668/8991 8702/9026 8701/9025
f 8668/8991 8669/8992 8702/9026
f 8669/8992 8703/9027 8702/9026
f 8669/8992 8670/8993 8703/9027
f 8670/8993 8704/9028 8703/9027
f 8670/8993 8671/8994 8704/9028
f 8671/8994 8705/9029 8704/9028
f 8671/8994 8672/8995 8705/9029
f 8672/8995 8706/9030 8705/9029
f 8672/8995 8673/8996 8706/9030
f 8673/8996 8707/9031 8706/9030
f 8673/8996 8674/8997 8707/9031
f 8674/8997 8708/9032 8707/9031
f 8674/8997 8675/8998 8708/9032
f 8675/8998 8709/9033 8708/9032
f 8675/8998 8676/8999 8709/9033
f 8676/8999 8710/9034 8709/9033
f 8676/8999 8677/9000 8710/9034
f 8677/9000 8711/9035 8710/9034
f 8677/9000 8678/9001 8711/9035
f 8678/9001 8712/9036 8711/9035
f 8678/9001 8679/9002 8712/9036