# Exported from MakeClothes (TM)
# author Mindfront (Sweden)
# license CC BY 4.0
# homepage 
v 2.1419 -7.6268 1.2337
v 2.1674 -7.6660 1.2249
v 2.1419 -7.6129 1.2033
v 2.1753 -7.6546 1.1944
v 2.1152 -7.6167 1.2337
v 2.1151 -7.6027 1.2033
v 2.0718 -7.6051 1.2341
v 2.0718 -7.5912 1.2038
v 2.0252 -7.5994 1.2347
v 2.0252 -7.5854 1.2043
v 1.9726 -7.5968 1.2347
v 1.9725 -7.5828 1.2043
v 1.9108 -7.6050 1.2334
v 1.9106 -7.5915 1.2035
v 1.8779 -7.6148 1.2290
v 1.8752 -7.6063 1.2005
v 1.8490 -7.6228 1.2264
v 1.8454 -7.6160 1.1986
v 1.8280 -7.6547 1.2255
v 1.8284 -7.6419 1.1978
v 2.1365 -7.5780 1.1101
v 2.1634 -7.6094 1.0985
v 2.1365 -7.5620 1.0803
v 2.1634 -7.5934 1.0687
v 2.1098 -7.5683 1.1106
v 2.1098 -7.5523 1.0808
v 2.0664 -7.5573 1.1116
v 2.0664 -7.5413 1.0818
v 2.0198 -7.5519 1.1124
v 2.0198 -7.5359 1.0826
v 1.9671 -7.5493 1.1125
v 1.9671 -7.5333 1.0827
v 1.9054 -7.5572 1.1108
v 1.9054 -7.5414 1.0814
v 1.8725 -7.5663 1.1058
v 1.8727 -7.5512 1.0779
v 1.8524 -7.5743 1.1033
v 1.8528 -7.5596 1.0760
v 1.8315 -7.6059 1.1002
v 1.8319 -7.5912 1.0732
v 2.1211 -7.5166 0.9929
v 2.1454 -7.5460 0.9758
v 2.1203 -7.4957 0.9661
v 2.1441 -7.5315 0.9454
v 2.0936 -7.5051 0.9969
v 2.0927 -7.4837 0.9707
v 2.0517 -7.4976 0.9996
v 2.0509 -7.4763 0.9734
v 2.0052 -7.4935 1.0024
v 2.0044 -7.4721 0.9761
v 1.9526 -7.4913 1.0044
v 1.9518 -7.4700 0.9782
v 1.8938 -7.5029 0.9981
v 1.8931 -7.4819 0.9721
v 1.8680 -7.5136 0.9864
v 1.8674 -7.4935 0.9618
v 1.8422 -7.5213 0.9802
v 1.8418 -7.5016 0.9562
v 1.8213 -7.5508 0.9722
v 1.8209 -7.5314 0.9484
v 2.1140 -7.4524 0.8727
v 2.1307 -7.4782 0.8604
v 2.1148 -7.4353 0.8436
v 2.1315 -7.4611 0.8313
v 2.0956 -7.4360 0.8779
v 2.0961 -7.4168 0.8503
v 2.0560 -7.4260 0.8845
v 2.0553 -7.4052 0.8578
v 2.0094 -7.4222 0.8871
v 2.0087 -7.4015 0.8604
v 1.9569 -7.4177 0.8900
v 1.9561 -7.3970 0.8633
v 1.8950 -7.4281 0.8878
v 1.8943 -7.4076 0.8615
v 1.8630 -7.4381 0.8815
v 1.8625 -7.4186 0.8565
v 1.8359 -7.4495 0.8736
v 1.8356 -7.4304 0.8493
v 1.8163 -7.4814 0.8581
v 1.8159 -7.4625 0.8339
v 2.1026 -7.3780 0.7665
v 2.1111 -7.4063 0.7518
v 2.1042 -7.3577 0.7397
v 2.1127 -7.3859 0.7250
v 2.0783 -7.3600 0.7819
v 2.0779 -7.3383 0.7572
v 2.0320 -7.3488 0.7929
v 2.0306 -7.3262 0.7678
v 1.9853 -7.3396 0.7993
v 1.9838 -7.3170 0.7741
v 1.9326 -7.3405 0.8014
v 1.9312 -7.3179 0.7763
v 1.8712 -7.3515 0.7915
v 1.8698 -7.3291 0.7667
v 1.8447 -7.3612 0.7801
v 1.8436 -7.3398 0.7564
v 1.8233 -7.3751 0.7686
v 1.8224 -7.3547 0.7459
v 1.8029 -7.4055 0.7517
v 1.8020 -7.3849 0.7290
v 2.1260 -7.6499 1.2242
v 2.1392 -7.6704 1.2168
v 2.1266 -7.6364 1.1928
v 2.1470 -7.6591 1.1855
v 2.1065 -7.6427 1.2228
v 2.1067 -7.6290 1.1916
v 2.0663 -7.6319 1.2229
v 2.0665 -7.6181 1.1918
v 2.0227 -7.6265 1.2233
v 2.0228 -7.6127 1.1922
v 1.9738 -7.6239 1.2233
v 1.9738 -7.6102 1.1922
v 1.9180 -7.6317 1.2231
v 1.9178 -7.6184 1.1923
v 1.8876 -7.6414 1.2206
v 1.8849 -7.6332 1.1914
v 1.8665 -7.6457 1.2184
v 1.8631 -7.6388 1.1910
v 1.8525 -7.6706 1.2186
v 1.8528 -7.6576 1.1914
v 2.1189 -7.5994 1.0986
v 2.1400 -7.6260 1.0895
v 2.1201 -7.5841 1.0684
v 2.1401 -7.6100 1.0597
v 2.1015 -7.5937 1.0970
v 2.1017 -7.5777 1.0671
v 2.0612 -7.5833 1.0976
v 2.0614 -7.5674 1.0678
v 2.0174 -7.5782 1.0983
v 2.0175 -7.5622 1.0685
v 1.9683 -7.5757 1.0984
v 1.9683 -7.5597 1.0686
v 1.9118 -7.5830 1.0969
v 1.9118 -7.5672 1.0675
v 1.8828 -7.5911 1.0925
v 1.8829 -7.5760 1.0645
v 1.8719 -7.5945 1.0927
v 1.8703 -7.5810 1.0647
v 1.8559 -7.6213 1.0922
v 1.8563 -7.6066 1.0652
v 2.1010 -7.5350 0.9803
v 2.1201 -7.5601 0.9680
v 2.1014 -7.5148 0.9527
v 2.1189 -7.5456 0.9376
v 2.0847 -7.5275 0.9791
v 2.0843 -7.5063 0.9528
v 2.0474 -7.5207 0.9810
v 2.0467 -7.4994 0.9547
v 2.0028 -7.5167 0.9836
v 2.0020 -7.4954 0.9573
v 1.9550 -7.5145 0.9855
v 1.9542 -7.4932 0.9593
v 1.9049 -7.5244 0.9804
v 1.9043 -7.5034 0.9545
v 1.8813 -7.5343 0.9693
v 1.8806 -7.5143 0.9446
v 1.8609 -7.5393 0.9651
v 1.8589 -7.5206 0.9404
v 1.8452 -7.5646 0.9605
v 1.8448 -7.5452 0.9367
v 2.0903 -7.4678 0.8626
v 2.1048 -7.4910 0.8521
v 2.0914 -7.4510 0.8333
v 2.1057 -7.4739 0.8230
v 2.0799 -7.4569 0.8632
v 2.0811 -7.4380 0.8353
v 2.0499 -7.4494 0.8668
v 2.0493 -7.4286 0.8400
v 2.0065 -7.4458 0.8689
v 2.0057 -7.4251 0.8422
v 1.9577 -7.4414 0.8716
v 1.9569 -7.4206 0.8449
v 1.9026 -7.4509 0.8699
v 1.9017 -7.4305 0.8435
v 1.8750 -7.4597 0.8645
v 1.8745 -7.4401 0.8394
v 1.8570 -7.4661 0.8603
v 1.8558 -7.4477 0.8354
v 1.8423 -7.4929 0.8487
v 1.8420 -7.4740 0.8245
v 2.0767 -7.3892 0.7563
v 2.0822 -7.4119 0.7458
v 2.0784 -7.3691 0.7294
v 2.0838 -7.3915 0.7190
v 2.0625 -7.3794 0.7653
v 2.0622 -7.3576 0.7405
v 2.0237 -7.3705 0.7739
v 2.0223 -7.3479 0.7488
v 1.9815 -7.3618 0.7795
v 1.9802 -7.3392 0.7543
v 1.9359 -7.3625 0.7814
v 1.9345 -7.3399 0.7563
v 1.8820 -7.3720 0.7725
v 1.8809 -7.3495 0.7477
v 1.8618 -7.3791 0.7631
v 1.8607 -7.3577 0.7395
v 1.8463 -7.3889 0.7551
v 1.8449 -7.3689 0.7321
v 1.8285 -7.4166 0.7407
v 1.8276 -7.3959 0.7179
v 2.2666 -6.9786 0.1350
v 2.2719 -6.9915 -0.0115
v 2.2878 -7.1960 0.0164
v 2.2982 -7.1967 0.1635
v 2.3000 -7.3866 0.1640
v 1.8992 -7.0484 -0.3437
v 1.8055 -7.0186 -0.3073
v 1.8707 -6.9092 0.5409
v 2.1427 -7.0296 -0.2258
v 2.0131 -7.0467 -0.3160
v 2.2423 -7.6278 -0.0125
v 2.2388 -7.0015 -0.1211
v 2.1943 -6.9531 0.3788
v 2.2579 -6.9717 0.2690
v 1.9287 -6.9098 0.5508
v 1.8184 -6.9110 0.5133
v 2.0025 -6.9164 0.5350
v 1.7667 -6.9110 0.4610
v 1.7157 -6.9170 0.3701
v 1.6716 -6.9401 0.1047
v 1.6861 -6.9639 -0.0376
v 2.0928 -6.9252 0.4772
v 1.7288 -6.9824 -0.1884
v 1.9093 -7.1334 0.5757
v 2.2119 -7.1927 0.4150
v 2.2755 -7.1993 0.2934
v 1.9668 -7.1404 0.5782
v 1.8550 -7.1236 0.5609
v 2.0371 -7.1503 0.5567
v 1.8020 -7.1110 0.5245
v 2.1241 -7.1670 0.5044
v 1.9341 -7.6103 0.9248
v 1.8869 -7.6289 0.8863
v 2.1158 -7.6137 0.7877
v 2.0753 -7.5779 0.8483
v 2.2461 -7.7731 0.5977
v 2.1822 -7.6813 0.6938
v 2.0234 -7.5700 0.8917
v 1.9825 -7.6005 0.9249
v 1.8339 -7.6665 0.8636
v 1.7777 -7.7113 0.8585
v 1.8942 -7.4681 0.7359
v 1.8481 -7.4779 0.6932
v 2.1159 -7.4560 0.6339
v 2.0469 -7.4543 0.7038
v 2.2633 -7.7981 -0.0284
v 2.2230 -7.6297 -0.1473
v 2.2660 -7.6090 0.3647
v 2.1761 -7.5047 0.5333
v 1.9973 -7.4515 0.7448
v 1.9433 -7.4609 0.7494
v 1.7760 -7.5210 0.6194
v 1.7216 -7.6420 0.6367
v 2.2802 -7.3841 0.0071
v 2.0745 -7.6381 -0.3387
v 2.1096 -7.7866 -0.3697
v 1.6587 -7.1119 0.1782
v 2.1939 -7.7831 -0.2663
v 1.6165 -7.4607 0.2407
v 1.6061 -7.6208 0.2314
v 1.6387 -7.6254 0.0288
v 1.6245 -7.4763 0.0580
v 1.6872 -7.4809 -0.1589
v 1.6846 -7.6465 -0.2031
v 1.9838 -7.7587 -0.4222
v 1.8204 -7.7340 -0.3585
v 1.8428 -7.5695 -0.3392
v 1.9708 -7.6104 -0.4215
v 1.7359 -7.1029 0.4498
v 2.2451 -7.2121 -0.0926
v 2.1725 -7.6223 -0.2538
v 2.0269 -7.2320 -0.3004
v 1.8173 -7.1805 -0.2923
v 1.7377 -7.1562 -0.1436
v 1.9139 -7.2165 -0.3468
v 1.6806 -7.1326 0.0227
v 2.1488 -7.2337 -0.1980
v 2.1192 -7.3524 0.5284
v 1.8834 -7.3089 0.6176
v 2.2574 -7.3975 0.3190
v 2.2946 -7.7663 0.1547
v 1.6305 -7.2978 0.0624
v 1.9347 -7.4142 -0.3715
v 2.2258 -7.4064 -0.1131
v 2.1517 -7.4181 -0.2248
v 2.0451 -7.4271 -0.3201
v 1.8101 -7.3285 -0.3154
v 1.7601 -7.2815 0.5326
v 1.8400 -7.2986 0.5787
v 1.6236 -7.2765 0.2414
v 1.9318 -7.3259 0.6363
v 1.9878 -7.3370 0.6394
v 2.0451 -7.3409 0.6096
v 1.7026 -7.3121 -0.1450
v 2.1900 -7.3976 0.4411
v 2.3112 -7.7829 0.3449
v 2.2428 -7.8089 -0.1550
v 1.6850 -6.9241 0.2418
v 1.6694 -7.4626 0.4219
v 1.6465 -7.6150 0.4207
v 1.6793 -7.1003 0.3227
v 1.6733 -7.2644 0.3977
v 2.2856 -7.8962 0.5762
v 2.2724 -7.5971 0.1723
v 2.2616 -6.8273 0.1228
v 2.2706 -6.8428 -0.0279
v 1.8870 -6.9018 -0.3559
v 1.7869 -6.8705 -0.3245
v 1.8541 -6.7713 0.5196
v 2.1427 -6.8762 -0.2494
v 2.0055 -6.8967 -0.3376
v 2.2391 -6.8477 -0.1412
v 2.1941 -6.8043 0.3686
v 2.2605 -6.8230 0.2658
v 1.9150 -6.7711 0.5299
v 1.8008 -6.7741 0.4899
v 1.9929 -6.7773 0.5167
v 1.7486 -6.7738 0.4345
v 1.6979 -6.7773 0.3455
v 1.6526 -6.7931 0.0860
v 1.6638 -6.8174 -0.0583
v 2.0859 -6.7798 0.4609
v 1.7033 -6.8305 -0.2134
v 1.6691 -6.7798 0.2234
v 2.2723 -6.6800 0.1217
v 2.2791 -6.6956 -0.0347
v 1.8732 -6.7556 -0.3630
v 1.7680 -6.7233 -0.3383
v 1.8498 -6.6441 0.4991
v 2.1439 -6.7286 -0.2637
v 1.9989 -6.7497 -0.3498
v 2.2467 -6.6979 -0.1516
v 2.2011 -6.6615 0.3739
v 2.2706 -6.6789 0.2690
v 1.9136 -6.6422 0.5123
v 1.7927 -6.6469 0.4712
v 1.9933 -6.6447 0.5069
v 1.7357 -6.6438 0.4239
v 1.6793 -6.6436 0.3423
v 1.6261 -6.6526 0.0835
v 1.6364 -6.6746 -0.0657
v 2.0892 -6.6405 0.4610
v 1.6797 -6.6846 -0.2258
v 1.6459 -6.6419 0.2234
v 2.2837 -6.5071 0.1255
v 2.2813 -6.5149 -0.0252
v 1.8767 -6.5875 -0.3679
v 1.7643 -6.5697 -0.3317
v 1.8426 -6.5063 0.4992
v 2.1409 -6.5519 -0.2625
v 2.0054 -6.5779 -0.3473
v 2.2397 -6.5246 -0.1509
v 2.1960 -6.4968 0.3791
v 2.2661 -6.5045 0.2679
v 1.9103 -6.5011 0.5126
v 1.7820 -6.5105 0.4711
v 1.9925 -6.4963 0.5056
v 1.7225 -6.5108 0.4226
v 1.6669 -6.5109 0.3417
v 1.6076 -6.5204 0.0860
v 1.6209 -6.5347 -0.0659
v 2.0904 -6.4903 0.4624
v 1.6725 -6.5457 -0.2185
v 1.6278 -6.5116 0.2251
v 2.2789 -6.3742 0.1312
v 2.2735 -6.3783 -0.0193
v 1.8634 -6.4656 -0.3714
v 1.7474 -6.4551 -0.3292
v 1.8265 -6.4018 0.5063
v 2.1295 -6.4189 -0.2613
v 1.9945 -6.4506 -0.3457
v 2.2291 -6.3897 -0.1484
v 2.1845 -6.3727 0.3878
v 2.2574 -6.3745 0.2742
v 1.8951 -6.3937 0.5195
v 1.7650 -6.4081 0.4781
v 1.9782 -6.3842 0.5134
v 1.7043 -6.4104 0.4298
v 1.6477 -6.4114 0.3490
v 1.5830 -6.4208 0.0917
v 1.5965 -6.4313 -0.0620
v 2.0780 -6.3737 0.4713
v 1.6524 -6.4387 -0.2153
v 1.6052 -6.4128 0.2320
v 1.5798 -7.5438 0.4452
v 1.5863 -7.7207 0.5710
v 1.6467 -7.5275 0.6174
v 1.9620 -7.3711 0.8170
v 1.7975 -7.3748 0.7306
v 1.8138 -7.4340 0.8045
v 1.5609 -7.7071 0.4228
v 1.5418 -7.7228 0.2345
v 1.5522 -7.5823 0.2447
v 1.6370 -7.4246 0.4657
v 1.8466 -8.1390 2.5082
v 1.5740 -7.5035 0.2619
v 1.5854 -7.5429 0.0376
v 1.5917 -7.7370 0.6893
v 1.5736 -7.7946 0.9555
v 1.4932 -8.0432 1.1607
v 1.5103 -8.0289 0.9558
v 1.4806 -8.2101 0.9732
v 1.5395 -7.9707 0.6728
v 1.5362 -7.8982 0.4162
v 1.5203 -7.8802 0.2337
v 1.5364 -7.7248 0.0190
v 1.5134 -7.8754 0.0262
v 1.5346 -8.0464 0.2734
v 1.5251 -8.0472 0.0621
v 1.5415 -7.8662 -0.2092
v 1.5496 -8.0428 -0.1920
v 1.5560 -8.1246 0.1023
v 1.5695 -8.1278 0.3196
v 1.5424 -8.0580 0.4244
v 1.5320 -8.1321 0.6746
v 1.5738 -8.1297 0.4534
v 1.5500 -8.1964 0.6911
v 1.4958 -8.2702 0.9828
v 1.4670 -8.2921 1.2003
v 1.5653 -8.2768 0.0937
v 1.5628 -8.2768 0.3531
v 1.5666 -8.1892 0.3531
v 2.2179 -7.5057 0.7380
v 1.5803 -8.1989 0.4316
v 1.5713 -8.2550 0.6892
v 1.5231 -8.3240 0.9818
v 1.5000 -8.3442 1.1819
v 1.4945 -8.3418 1.5279
v 1.4676 -8.2848 1.5450
v 1.5292 -8.3138 1.8440
v 1.5037 -8.2577 1.8380
v 1.5711 -8.2928 2.0386
v 1.5488 -8.2398 2.0312
v 1.6305 -8.2669 2.2195
v 1.6101 -8.2157 2.2074
v 1.5440 -8.1954 2.0287
v 1.6046 -8.1721 2.2068
v 1.6547 -8.0879 2.1695
v 1.4939 -8.2089 1.8311
v 1.4527 -8.2296 1.5386
v 1.4509 -8.2343 1.1936
v 1.5479 -8.0690 1.7709
v 1.4963 -8.0521 1.4848
v 1.5820 -7.8254 1.1419
v 1.5417 -7.9336 0.5518
v 1.8222 -7.4813 0.8852
v 1.8421 -7.5523 1.0082
v 2.0608 -7.2967 0.6119
v 2.0716 -7.2788 0.6391
v 2.1828 -7.3551 0.5650
v 2.1531 -7.9441 2.1466
v 2.0969 -7.3259 0.7152
v 2.1123 -7.4659 0.8897
v 1.9498 -7.3127 0.7587
v 1.9720 -7.4405 0.9039
v 1.5862 -8.2126 0.5712
v 1.9883 -7.5198 1.0239
v 1.8511 -7.6157 1.1419
v 2.2219 -7.4633 0.6346
v 2.2052 -7.8523 1.7015
v 2.2200 -7.5535 0.8500
v 2.1232 -7.5436 1.0177
v 1.9938 -7.5906 1.1509
v 1.8526 -7.7127 1.4148
v 1.5998 -7.8809 1.4513
v 1.8570 -7.8244 1.6799
v 1.6455 -7.9369 1.7227
v 1.8662 -7.8882 1.9123
v 1.6836 -7.9821 1.9474
v 1.5987 -8.0966 1.9830
v 1.7340 -8.0075 2.1426
v 1.8817 -7.9439 2.1241
v 2.2080 -7.9673 2.1598
v 2.0752 -7.9318 2.1339
v 2.0626 -7.9816 2.3069
v 1.9779 -7.9805 2.3016
v 1.9762 -7.9316 2.1250
v 1.8998 -7.9910 2.2969
v 1.7809 -8.0296 2.2993
v 1.7211 -8.0794 2.3140
v 1.6895 -8.1483 2.3538
v 2.2153 -8.1044 2.3973
v 1.7783 -8.0738 2.4005
v 1.8112 -8.0690 2.4210
v 1.8065 -8.1050 2.4604
v 1.6927 -8.1919 2.3653
v 1.7988 -8.0418 2.3551
v 1.8030 -8.1396 2.4895
v 1.8042 -8.1231 2.4763
v 1.9624 -8.1079 2.4948
v 1.7178 -8.2392 2.3777
v 1.8039 -8.1664 2.4966
v 1.8450 -8.1652 2.5150
v 1.9569 -8.1459 2.5219
v 1.9592 -8.1278 2.5100
v 2.1382 -8.1386 2.4968
v 1.8101 -8.2079 2.5166
v 1.8445 -8.2066 2.5333
v 1.9570 -8.2119 2.5311
v 1.9551 -8.1713 2.5245
v 2.1356 -8.1586 2.5069
v 2.1762 -8.1689 2.4715
v 1.5305 -8.0975 0.6725
v 2.2494 -8.2012 2.3622
v 2.1550 -8.2250 2.4933
v 2.1255 -8.2182 2.5282
v 2.1316 -8.1776 2.5089
v 2.1806 -8.1496 2.4628
v 2.2288 -8.2439 2.3763
v 2.2823 -8.2732 2.2349
v 2.3051 -8.2234 2.2359
v 2.3473 -8.3061 2.0299
v 2.3800 -8.2508 2.0263
v 2.2570 -8.1600 2.3666
v 2.3158 -8.1695 2.2404
v 2.3921 -8.1899 2.0301
v 2.4393 -8.2683 1.8169
v 2.4028 -8.3290 1.8159
v 2.4994 -8.2899 1.5182
v 2.3075 -8.0073 1.9803
v 2.2648 -8.0287 2.1864
v 2.4505 -8.2035 1.8156
v 2.3482 -7.9912 1.7490
v 2.2392 -7.9223 1.9531
v 2.0941 -7.8814 1.9207
v 2.2725 -7.8907 1.7169
v 2.5048 -8.2199 1.5170
v 1.9792 -7.8804 1.9108
v 2.1110 -7.8254 1.6866
v 2.3053 -7.8174 1.4367
v 2.3881 -7.9405 1.4589
v 2.3956 -7.8942 1.1522
v 2.5038 -8.2066 1.1777
v 2.3786 -7.8710 0.9677
v 2.4577 -8.1744 0.9628
v 2.4908 -8.2764 1.1791
v 2.4582 -8.3505 1.4936
v 2.4474 -8.3344 1.1556
v 2.4387 -8.2467 0.9660
v 2.4076 -8.1240 0.7610
v 2.3661 -7.8487 0.7843
v 2.2999 -7.7030 0.9795
v 2.2930 -7.6684 0.8225
v 2.3279 -7.6974 0.4860
v 2.3649 -7.8593 0.4852
v 2.3564 -8.0554 0.4722
v 2.3839 -8.1991 0.7678
v 2.3318 -8.1305 0.4826
v 2.4068 -8.3052 0.9557
v 2.3621 -8.2648 0.7788
v 2.3110 -8.1856 0.4699
v 2.3251 -8.1267 0.3429
v 2.3463 -8.0509 0.3109
v 2.3712 -7.8826 0.2972
v 2.3120 -8.1872 0.3672
v 2.3308 -8.1258 0.1540
v 2.3528 -8.0502 0.1169
v 2.3739 -7.8894 0.0884
v 2.3564 -7.7343 0.0764
v 2.3546 -7.7258 0.2908
v 2.3174 -8.1228 -0.0760
v 2.3466 -7.5768 0.2751
v 2.3470 -7.5924 0.0651
v 2.3153 -7.7182 -0.1349
v 2.3442 -7.8805 -0.1289
v 2.3355 -8.0461 -0.1048
v 2.3006 -7.5312 0.4670
v 2.2659 -8.0367 -0.3046
v 2.2519 -8.1145 -0.2798
v 2.2266 -7.6892 -0.3132
v 2.2572 -7.8644 -0.3170
v 2.1387 -8.0295 -0.4419
v 2.1248 -8.1098 -0.4170
v 2.1291 -8.2735 -0.4264
v 2.2452 -8.2751 -0.2845
v 2.1222 -8.3442 -0.4110
v 1.9798 -8.2744 -0.4874
v 1.9486 -8.3450 -0.1148
v 2.3178 -8.2788 0.1523
v 2.3076 -8.2774 -0.0797
v 2.1033 -7.3983 0.7925
v 2.2966 -8.2772 0.3669
v 2.3086 -8.3450 0.1428
v 2.2957 -8.3455 -0.0740
v 2.2343 -8.3447 -0.2732
v 2.2873 -8.3362 0.3667
v 2.1572 -7.3587 0.5427
v 1.8457 -7.4478 -0.3803
v 2.2880 -7.4661 0.2507
v 2.1319 -7.9999 2.3114
v 2.2633 -7.5106 -0.1328
v 2.1645 -7.4913 -0.2747
v 2.1545 -7.4809 -0.2567
v 2.3155 -7.5096 0.0567
v 2.3124 -7.4937 0.2539
v 2.2658 -7.4404 0.4371
v 2.2860 -7.5898 -0.1363
v 2.1917 -7.5609 -0.2961
v 2.0660 -7.5364 -0.4040
v 2.0520 -7.4662 -0.3703
v 1.9464 -7.5266 -0.4510
v 1.9454 -7.4542 -0.4115
v 1.9493 -7.4452 -0.3850
v 1.9583 -7.6511 -0.4865
v 2.1263 -7.8507 -0.4517
v 1.9720 -7.8425 -0.5044
v 2.0954 -7.6648 -0.4347
v 1.9317 -7.2751 0.6414
v 1.9378 -7.2724 0.6852
v 1.7870 -7.3234 0.6453
v 1.7842 -7.2969 0.6083
v 1.6594 -7.3961 0.4570
v 1.6022 -7.4880 0.2605
v 1.6110 -7.5285 0.0415
v 1.6698 -7.5066 -0.1596
v 1.5633 -7.6093 0.0274
v 1.6443 -7.5174 -0.1741
v 1.7519 -7.4696 -0.3149
v 1.8345 -7.4583 -0.4054
v 1.6088 -7.5813 -0.1941
v 1.7340 -7.4789 -0.3380
v 1.7093 -7.5451 -0.3689
v 1.8256 -7.5283 -0.4449
v 1.8126 -7.6533 -0.4808
v 1.6740 -7.6699 -0.3944
v 1.5664 -7.6998 -0.2118
v 1.7995 -7.8409 -0.5002
v 1.6420 -7.8495 -0.4051
v 1.9810 -8.0273 -0.4990
v 2.2398 -7.4204 0.4180
v 1.8023 -8.0272 -0.4970
v 1.6430 -8.0330 -0.4005
v 1.6617 -8.1164 -0.3699
v 1.8066 -8.1191 -0.4691
v 1.5793 -8.1216 -0.1618
v 1.5887 -8.2754 -0.1645
v 1.6681 -8.2745 -0.3710
v 1.8086 -8.2749 -0.4720
v 1.9775 -8.1164 -0.4774
v 1.9766 -8.3444 -0.4703
v 1.8134 -8.3446 -0.4538
v 1.6790 -8.3444 -0.3536
v 1.6015 -8.3445 -0.1557
v 1.5765 -8.3436 0.0842
v 1.5635 -8.3350 0.3531
v 1.9699 -8.0662 2.4499
v 2.1417 -8.1189 2.4815
v 2.1505 -8.0811 2.4418
v 1.8486 -8.1222 2.4949
v 2.1812 -8.0209 2.3179
v 2.2263 -8.0650 2.3335
v 1.9896 -7.7017 1.4117
v 1.9832 -7.8159 1.6766
v 2.1253 -7.7176 1.4159
v 2.1297 -7.6121 1.1507
v 2.3107 -7.7406 1.1439
v 1.8511 -8.1039 2.4786
v 1.5650 -8.1529 0.5702
v 1.5406 -8.0876 0.5502
v 2.2300 -7.7611 1.4256
v 2.2354 -7.6657 1.1460
v 2.2270 -7.6134 0.9959
v 2.1786 -7.8948 1.9370
v 1.7412 -7.8648 1.6971
v 1.7992 -7.9704 2.1310
v 1.7644 -7.9221 1.9265
v 1.7099 -7.6950 1.1359
v 1.7204 -7.7777 1.4294
v 1.8332 -8.0078 2.2961
v 1.6874 -7.6369 0.9769
v 1.5490 -8.2916 0.8197
v 1.5096 -8.1729 0.8109
v 1.5275 -8.0000 0.7996
v 1.5774 -7.7586 0.8037
v 1.5252 -8.2355 0.8237
v 1.6664 -7.5862 0.8424
v 2.3038 -7.4838 0.0549
v 2.2533 -7.4887 -0.1257
v 2.0501 -7.4601 -0.3455
v 1.8544 -8.0662 2.4342
v 2.0828 -8.1535 2.5193
v 2.0848 -8.1331 2.5088
v 2.0888 -8.1130 2.4938
v 2.1013 -8.0757 2.4510
v 2.0771 -8.2138 2.5426
v 2.0803 -8.1745 2.5214
v 1.9005 -8.1247 2.5054
v 1.9033 -8.1058 2.4895
v 1.8982 -8.1421 2.5182
v 1.9080 -8.0654 2.4434
v 2.0368 -8.0690 2.4530
v 2.0196 -8.1495 2.5220
v 2.0220 -8.1301 2.5105
v 2.0180 -8.1736 2.5245
v 2.0266 -8.2134 2.5348
v 2.0257 -8.1095 2.4957
v 2.3192 -8.2034 0.5771
v 2.3633 -7.8483 0.6115
v 2.3479 -8.1462 0.5938
v 2.3026 -7.6639 0.6162
v 2.3736 -8.0706 0.5890
v 2.1299 -8.1887 -0.4318
v 2.2506 -8.1915 -0.2897
v 1.6644 -8.1914 -0.3815
v 2.3140 -8.1963 -0.0836
v 1.8066 -8.1929 -0.4818
v 1.5818 -8.1941 -0.1694
v 1.5583 -8.1954 0.0982
v 2.3256 -8.1966 0.1550
v 1.9800 -8.1922 -0.4930
v 2.2904 -7.8539 1.5782
v 1.5083 -8.3289 1.6938
v 1.6221 -7.9069 1.5902
v 2.1187 -7.7726 1.5508
v 1.4829 -8.2716 1.6945
v 2.2190 -7.8058 1.5640
v 1.8542 -7.7715 1.5489
v 1.5181 -8.0531 1.6288
v 2.4732 -8.2806 1.6698
v 2.3702 -7.9649 1.6053
v 1.9863 -7.7609 1.5449
v 1.4702 -8.2182 1.6875
v 2.4350 -8.3427 1.6609
v 2.4810 -8.2109 1.6681
v 1.7298 -7.8215 1.5658
v 2.5125 -8.2175 1.3551
v 1.5887 -7.8536 1.3042
v 1.4917 -8.3476 1.3697
v 1.9927 -7.6459 1.2802
v 2.3965 -7.9173 1.3103
v 1.4619 -8.2923 1.3831
v 2.3122 -7.7802 1.2939
v 2.5046 -8.2870 1.3563
v 2.1298 -7.6652 1.2833
v 2.2360 -7.7156 1.2879
v 1.4460 -8.2359 1.3768
v 1.4901 -8.0496 1.3319
v 1.8521 -7.6617 1.2793
v 2.4623 -8.3476 1.3375
v 1.7147 -7.7378 1.2872
v 1.5319 -8.0553 0.6717
v 1.5709 -8.1449 2.0037
v 1.5147 -7.9541 0.0397
v 1.4923 -8.1236 0.9629
v 2.4459 -8.0328 1.1636
v 2.3902 -7.9758 0.7725
v 2.3678 -7.9641 0.0991
v 1.8092 -8.0865 2.4422
v 1.5344 -7.9741 0.4168
v 1.7996 -7.9288 -0.5018
v 1.6394 -7.9358 -0.4051
v 1.5412 -7.9486 -0.2021
v 2.3627 -7.9607 0.3019
v 2.4404 -8.0607 1.4831
v 2.1343 -7.9341 -0.4497
v 1.5218 -7.9556 0.2459
v 2.3437 -7.9578 -0.1191
v 2.2635 -7.9459 -0.3124
v 2.3461 -8.0867 2.0022
v 1.4700 -8.1408 1.5087
v 1.5367 -8.0129 0.5483
v 1.9661 -8.0874 2.4752
v 2.2902 -8.0827 2.2096
v 1.8533 -8.0851 2.4590
v 2.3937 -8.0860 1.7787
v 2.1461 -8.0994 2.4628
v 1.4684 -8.1419 1.1753
v 1.5185 -8.1401 1.7982
v 1.6293 -8.1230 2.1851
v 2.2435 -8.0997 2.3482
v 1.7655 -8.1294 2.4474
v 2.3659 -7.9477 0.4793
v 2.0943 -8.0939 2.4747
v 1.7049 -8.1039 2.3265
v 2.4178 -8.0086 0.9647
v 1.9764 -7.9263 -0.5046
v 1.5150 -8.0914 0.8045
v 1.9061 -8.0860 2.4693
v 2.0306 -8.0891 2.4770
v 2.3735 -7.9525 0.6011
v 1.4907 -8.1350 1.6550
v 2.4195 -8.0694 1.6312
v 1.4638 -8.1444 1.3519
v 2.4490 -8.0487 1.3294
v 1.8957 -8.1680 2.5222
v 1.8900 -8.2099 2.5295
v 1.7507 -8.0764 2.3654
v 1.8026 -8.0785 -0.4876
v 1.5420 -8.0884 0.0799
v 2.3355 -8.0916 0.3219
v 2.3903 -8.2249 2.0338
v 1.5548 -8.0908 0.2955
v 1.6520 -8.0753 -0.3918
v 1.4960 -8.2339 1.8391
v 2.3414 -8.0892 0.1317
v 1.6885 -8.1669 2.3648
v 1.4578 -8.2593 1.5454
v 2.4511 -8.2176 0.9637
v 1.4563 -8.2664 1.1988
v 2.5026 -8.2481 1.1803
v 2.3133 -8.2001 2.2442
v 1.4860 -8.2436 0.9778
v 2.2600 -8.0770 -0.2979
v 2.3262 -8.0861 -0.0950
v 2.4500 -8.2404 1.8218
v 1.5532 -8.1236 0.5566
v 1.5644 -8.0843 -0.1812
v 2.1347 -8.0687 -0.4350
v 2.2544 -8.1825 2.3679
v 1.5437 -8.2178 2.0346
v 1.6050 -8.1938 2.2115
v 2.3441 -8.0988 0.4729
v 2.5087 -8.2610 1.5221
v 1.5404 -8.1678 0.6799
v 2.3964 -8.1686 0.7611
v 1.5600 -8.0987 0.4360
v 1.9796 -8.0712 -0.4923
v 1.5159 -8.2078 0.8157
v 2.3607 -8.1147 0.5873
v 1.4740 -8.2464 1.6952
v 2.4831 -8.2515 1.6742
v 2.5149 -8.2584 1.3590
v 1.4515 -8.2667 1.3827
v 1.5182 -8.0045 0.0505
v 1.4840 -8.1724 0.9684
v 2.4814 -8.1365 1.1718
v 2.1676 -8.0466 2.3771
v 1.5360 -8.0186 0.4193
v 1.8012 -7.9828 -0.5008
v 1.6399 -7.9886 -0.4038
v 1.5435 -7.9996 -0.1974
v 1.5258 -8.0037 0.2585
v 2.3406 -8.0055 -0.1117
v 1.5368 -8.0538 0.5483
v 2.2096 -8.1924 2.4234
v 1.4564 -8.1949 1.1856
v 2.3625 -8.0062 0.4751
v 2.1934 -8.2314 2.4408
v 1.6946 -8.1273 2.3405
v 2.4435 -8.1067 0.9633
v 1.9796 -7.9824 -0.5025
v 1.5104 -8.1370 0.8077
v 2.1800 -8.0829 2.4215
v 2.1836 -8.1057 2.4353
v 2.4566 -8.1526 1.6525
v 1.4517 -8.1968 1.3661
v 1.5544 -8.1725 2.0178
v 2.4030 -8.0621 0.7654
v 2.3609 -8.0106 0.1074
v 2.3544 -8.0095 0.3056
v 2.4788 -8.1549 1.5028
v 2.1377 -7.9867 -0.4460
v 2.2662 -7.9952 -0.3086
v 2.3748 -8.1461 2.0187
v 1.4583 -8.1917 1.5258
v 2.1830 -8.1286 2.4499
v 2.3068 -8.1294 2.2287
v 2.4284 -8.1556 1.8002
v 2.1707 -8.1859 2.4736
v 1.5028 -8.1792 1.8169
v 1.6128 -8.1504 2.1981
v 2.2529 -8.1319 2.3595
v 2.2196 -8.1330 2.4086
v 2.3760 -8.0194 0.5940
v 1.4773 -8.1825 1.6735
v 2.4872 -8.1492 1.3444
v 1.9764 -8.0119 2.3679
v 2.2040 -8.0774 2.3852
v 2.2197 -8.1565 2.4183
v 2.1203 -8.0311 2.3758
v 2.0534 -8.0162 2.3749
v 1.9055 -8.0169 2.3610
v 1.8452 -8.0275 2.3567
v 1.7392 -8.0973 2.3784
v 2.2150 -8.1765 2.4234
v 1.7286 -8.1381 2.4070
v 1.7321 -8.1181 2.3928
v 1.7284 -8.1558 2.4191
v 1.7342 -8.1817 2.4221
v 1.7647 -8.2284 2.4376
v 1.7680 -8.1110 2.4325
v 1.7725 -8.0918 2.4165
v 1.7652 -8.1466 2.4602
v 1.7705 -8.1729 2.4656
v 1.7982 -8.2152 2.4848
v 2.1558 -8.0653 2.4172
v 2.1096 -8.0581 2.4199
v 2.0443 -8.0476 2.4207
v 1.9735 -8.0423 2.4155
v 1.9082 -8.0430 2.4085
v 1.8525 -8.0475 2.4015
v 1.8098 -8.0540 2.3944
v 1.6658 -7.5520 0.7312
v 2.3357 -8.2334 0.6657
v 2.3635 -7.8451 0.6888
v 2.3614 -8.1699 0.6698
v 2.2939 -7.6569 0.7142
v 2.3867 -8.0940 0.6637
v 2.3797 -7.9612 0.6767
v 2.3741 -8.1388 0.6629
v 2.3863 -8.0375 0.6689
v 1.5517 -8.1091 0.0948
v 1.5655 -8.1124 0.3115
v 1.6571 -8.0973 -0.3800
v 2.1722 -8.1802 2.4709
v 1.9556 -8.1635 2.5235
v 1.6912 -8.1838 2.3647
v 2.4423 -8.2364 0.9662
v 2.4949 -8.2661 1.1806
v 1.4933 -8.2610 0.9820
v 2.2543 -8.0989 -0.2869
v 1.5618 -8.1419 0.5658
v 1.5746 -8.1056 -0.1688
v 2.1284 -8.0909 -0.4275
v 2.0811 -8.1689 2.5193
v 2.3357 -8.1190 0.4793
v 2.1328 -8.1724 2.5066
v 1.5476 -8.1862 0.6878
v 2.3874 -8.1881 0.7656
v 1.5701 -8.1178 0.4474
v 1.9777 -8.0961 -0.4858
v 1.5228 -8.2257 0.8219
v 2.0183 -8.1665 2.5228
v 1.4809 -8.2625 1.6946
v 2.4768 -8.2700 1.6719
v 1.4595 -8.2832 1.3836
v 1.8967 -8.1599 2.5211
v 1.8456 -8.1567 2.5130
v 1.8043 -8.1031 -0.4748
v 2.3288 -8.1121 0.3349
v 2.3832 -8.2417 2.0280
v 1.5020 -8.2490 1.8378
v 2.3343 -8.1100 0.1461
v 1.4654 -8.2757 1.5454
v 1.4643 -8.2831 1.2009
v 2.3073 -8.2157 2.2371
v 2.3199 -8.1078 -0.0828
v 2.4429 -8.2580 1.8187
v 2.2506 -8.1952 2.3618
v 1.5479 -8.2320 2.0312
v 1.6090 -8.2081 2.2070
v 2.5030 -8.2794 1.5204
v 2.3518 -8.1349 0.5920
v 2.5083 -8.2766 1.3582
v 2.2109 -8.1874 2.4213
v 1.7314 -8.1733 2.4212
v 1.7676 -8.1645 2.4640
v 2.3651 -8.1587 0.6678
v 2.2863 -8.1624 2.3073
v 1.9771 -7.9563 2.2193
v 2.1942 -7.9955 2.2448
v 1.6464 -8.1608 2.2870
v 2.1421 -7.9752 2.2342
v 1.8175 -7.9899 2.2199
v 1.7585 -8.0186 2.2274
v 1.6885 -8.0839 2.2479
v 1.8915 -7.9683 2.2170
v 1.6702 -8.2509 2.3030
v 1.6498 -8.2049 2.2913
v 2.2561 -8.2572 2.3099
v 2.2775 -8.2106 2.3018
v 2.2457 -8.0486 2.2666
v 2.0687 -7.9590 2.2253
v 2.2668 -8.0914 2.2848
v 1.6675 -8.1134 2.2617
v 2.2840 -8.1896 2.3094
v 1.6451 -8.1814 2.2948
v 1.6538 -8.1390 2.2752
v 2.2798 -8.1302 2.2987
v 1.6487 -8.1975 2.2911
v 2.2792 -8.2038 2.3023
v 2.3538 -8.1799 2.1386
v 2.0846 -7.9041 2.0299
v 1.7788 -7.9470 2.0326
v 1.6229 -8.0949 2.0810
v 2.2231 -7.9424 2.0603
v 2.3423 -8.2385 2.1343
v 2.1656 -7.9166 2.0451
v 1.9771 -7.9048 2.0205
v 1.8720 -7.9151 2.0213
v 1.7083 -7.9955 2.0485
v 2.3143 -8.2909 2.1369
v 1.5988 -8.2817 2.1307
v 1.5783 -8.2297 2.1198
v 2.2860 -8.0141 2.0873
v 1.5730 -8.1862 2.1186
v 2.3179 -8.0796 2.1099
v 1.5964 -8.1387 2.0982
v 1.5732 -8.2081 2.1236
v 2.3516 -8.2138 2.1424
v 2.3406 -8.1353 2.1274
v 1.5817 -8.1648 2.1097
v 2.3450 -8.2301 2.1357
v 1.5773 -8.2221 2.1196
v 1.5740 -8.0884 1.8803
v 1.6649 -7.9634 1.8394
v 1.5257 -8.2479 1.9386
v 1.8611 -7.8626 1.7994
v 1.5485 -8.3029 1.9436
v 1.9809 -7.8548 1.7970
v 2.3764 -8.3179 1.9236
v 2.4098 -8.2589 1.9244
v 2.4218 -8.1966 1.9256
v 2.2556 -7.9102 1.8398
v 2.1026 -7.8602 1.8073
v 2.3277 -8.0037 1.8691
v 2.1917 -7.8791 1.8233
v 1.5186 -8.2018 1.9338
v 1.7529 -7.8981 1.8155
v 2.3701 -8.0921 1.8936
v 1.5450 -8.1445 1.9045
v 2.4204 -8.2321 1.9307
v 1.5193 -8.2252 1.9408
v 1.5286 -8.1761 1.9211
v 2.4020 -8.1530 1.9123
v 2.4132 -8.2492 1.9262
v 1.5245 -8.2397 1.9384
v 1.5392 -7.9693 1.4684
v 2.3568 -7.8134 1.1462
v 2.3439 -7.7850 0.9723
v 2.3500 -7.8737 1.4467
v 1.6887 -8.0490 2.1549
v 2.3654 -7.8090 0.2946
v 2.2398 -7.9939 2.1717
v 1.5226 -7.8022 0.0210
v 2.3354 -7.7598 0.8025
v 1.5878 -8.0051 1.7486
v 1.6333 -8.0409 1.9663
v 2.3323 -7.8042 -0.1324
v 1.5505 -7.7858 -0.2124
v 1.5606 -7.8375 0.5596
v 2.3671 -7.8168 0.0823
v 1.6542 -7.7628 -0.4008
v 2.2074 -8.0419 2.3246
v 1.5614 -7.8650 0.6778
v 2.2437 -7.7808 -0.3169
v 1.8043 -7.7508 -0.4932
v 1.5393 -7.9193 0.9528
v 2.3132 -7.9342 1.7313
v 2.2760 -7.9587 1.9660
v 2.1146 -7.7618 -0.4457
v 1.5306 -7.9375 1.1510
v 1.5298 -7.8074 0.2328
v 1.7449 -8.0545 2.3046
v 1.5493 -7.8149 0.4201
v 2.3500 -7.7827 0.4886
v 1.9681 -7.7516 -0.5005
v 1.5521 -7.8880 0.7974
v 2.3398 -7.7638 0.6184
v 1.5602 -7.9824 1.6102
v 2.3335 -7.9037 1.5906
v 1.5316 -7.9544 1.3181
v 2.3581 -7.8437 1.3009
v 2.1898 -8.0606 2.3795
v 1.7680 -8.0577 2.3563
v 2.1752 -8.0708 2.4124
v 1.7839 -8.0610 2.3871
v 2.3358 -7.7557 0.7000
v 1.7175 -8.0520 2.2364
v 2.2237 -8.0191 2.2548
v 2.2574 -7.9742 2.0728
v 1.6595 -8.0456 2.0645
v 2.2943 -7.9496 1.8537
v 1.6111 -8.0290 1.8613
v 1.8034 -8.1580 2.4944
v 1.9254 -8.3356 0.3599
v 1.9426 -8.3443 0.1135
v 1.9566 -8.3446 -0.3134
v 1.9297 -8.2771 0.3600
v 1.9393 -8.1894 0.3602
v 1.9494 -8.2071 0.4670
v 1.9530 -8.2108 0.5758
v 1.9537 -8.2468 0.6786
v 1.9557 -8.2806 0.7997
v 1.9652 -8.3170 0.9693
v 1.9741 -8.3415 1.1694
v 1.9772 -8.3495 1.3538
v 1.9766 -8.3480 1.5106
v 1.9718 -8.3375 1.6769
v 1.9660 -8.3229 1.8295
v 1.9624 -8.3119 1.9327
v 1.9593 -8.3005 2.0329
v 1.9568 -8.2854 2.1314
v 1.9569 -8.2674 2.2235
v 1.9625 -8.2505 2.3014
v 1.9682 -8.2363 2.3724
v 1.9688 -8.2253 2.4359
v 1.9651 -8.2176 2.4888
v 2.1132 -8.2772 0.3634
v 1.7989 -8.3446 -0.2460
v 2.1903 -8.2005 0.4715
v 2.1903 -8.2404 0.6710
v 2.1721 -8.2743 0.7884
v 2.2006 -8.3129 0.9624
v 2.2331 -8.3509 1.5015
v 2.1985 -8.3274 1.8221
v 2.1659 -8.3044 2.0306
v 2.1302 -8.2692 2.2279
v 2.1073 -8.2383 2.3723
v 2.1257 -8.1888 0.3637
v 2.1941 -8.2078 0.5773
v 2.2265 -8.3397 1.1625
v 2.2357 -8.3502 1.3452
v 2.2184 -8.3417 1.6682
v 2.1827 -8.3162 1.9275
v 2.1471 -8.2883 2.1332
v 2.1191 -8.2524 2.3037
v 2.0881 -8.2264 2.4370
v 2.0628 -8.2197 2.4908
v 1.7530 -8.1900 0.3566
v 1.7274 -8.2123 0.5736
v 1.7217 -8.3433 1.1763
v 1.7187 -8.3488 1.3623
v 1.7251 -8.3333 1.6856
v 1.7421 -8.3075 1.9379
v 1.7662 -8.2843 2.1305
v 1.8056 -8.2525 2.3014
v 1.8549 -8.2277 2.4365
v 1.8736 -8.2171 2.4877
v 1.7463 -8.2770 0.3565
v 1.7445 -8.3353 0.3565
v 1.7287 -8.2059 0.4565
v 1.7225 -8.2522 0.6857
v 1.7393 -8.2870 0.8111
v 1.7299 -8.3211 0.9763
v 1.7200 -8.3450 1.5197
v 1.7334 -8.3184 1.8368
v 1.7526 -8.2969 2.0354
v 1.7831 -8.2691 2.2209
v 1.8311 -8.2388 2.3746
v 1.5628 -8.1685 0.3172
v 1.5508 -8.1676 0.0786
v 2.3362 -8.1319 0.4671
v 2.3298 -8.1318 0.3274
v 2.3444 -8.1769 0.5689
v 2.3286 -8.1684 0.4645
v 1.7689 -8.1715 2.4897
v 1.8009 -8.1653 2.5226
v 1.4705 -8.3250 1.6998
v 1.4923 -8.3099 1.8473
v 1.6577 -8.1231 -0.4073
v 1.8044 -8.1232 -0.5135
v 1.5442 -8.2000 0.6808
v 1.5414 -8.2510 0.6793
v 2.3248 -8.1663 0.3371
v 1.4552 -8.3382 1.5424
v 1.4608 -8.2910 1.5476
v 1.4895 -8.2759 0.9764
v 1.4870 -8.3224 0.9708
v 2.3361 -8.1309 0.1328
v 2.3243 -8.1261 -0.1059
v 1.7785 -8.2074 2.4898
v 1.8064 -8.2010 2.5266
v 1.5644 -8.1334 0.3035
v 1.5689 -8.1320 0.4394
v 2.2572 -8.1185 -0.3163
v 2.2557 -8.1608 -0.3158
v 2.4844 -8.3125 1.1527
v 2.4393 -8.2803 0.9492
v 1.5737 -8.1259 -0.1944
v 1.5167 -8.2887 0.8099
v 1.5657 -8.1932 0.4424
v 1.8419 -8.1640 2.5414
v 1.4508 -8.3456 1.3734
v 2.3474 -8.2411 2.1476
v 2.3852 -8.2549 2.0371
v 2.3901 -8.2361 0.7677
v 1.4969 -8.2623 1.8465
v 1.5187 -8.2515 1.9490
v 1.5418 -8.2425 2.0435
v 1.8439 -8.2012 2.5466
v 1.4760 -8.2773 1.6999
v 1.6585 -8.1623 -0.4080
v 2.4442 -8.2528 0.9586
v 2.3889 -8.2041 0.7583
v 1.4607 -8.2985 1.1967
v 1.5572 -8.2105 0.5596
v 1.4553 -8.2988 1.3829
v 2.3659 -8.1739 0.6580
v 1.4591 -8.3438 1.1828
v 1.5147 -8.2981 1.9533
v 1.5387 -8.2881 2.0482
v 1.6885 -8.1913 2.3855
v 1.6958 -8.2274 2.3873
v 1.8934 -8.1662 2.5480
v 1.9546 -8.1690 2.5498
v 2.3795 -8.2942 2.0368
v 2.1261 -8.1158 -0.4557
v 1.6471 -8.2380 2.3144
v 2.1270 -8.2115 2.5378
v 2.1343 -8.1740 2.5352
v 2.5057 -8.2973 1.5189
v 2.4952 -8.3326 1.5036
v 2.4101 -8.3047 1.9290
v 2.4402 -8.3155 1.8109
v 2.5108 -8.2944 1.3544
v 2.4966 -8.2833 1.1743
v 2.1697 -8.2197 2.5074
v 2.2127 -8.2233 2.4537
v 2.2518 -8.2327 2.3888
v 1.6445 -8.2046 2.3094
v 2.3439 -8.2806 2.1464
v 2.2812 -8.2444 2.3224
v 2.3094 -8.2631 2.2470
v 2.4152 -8.2640 1.9329
v 2.4448 -8.2745 1.8233
v 2.3101 -8.2240 2.2517
v 1.9566 -8.2084 2.5524
v 1.5501 -8.1291 0.0789
v 2.1738 -8.1825 2.4990
v 2.2826 -8.2106 2.3198
v 1.8931 -8.2051 2.5498
v 1.5597 -8.1550 0.5580
v 2.2544 -8.1991 2.3823
v 2.0822 -8.1707 2.5477
v 2.0810 -8.2085 2.5517
v 1.5693 -8.2768 2.1409
v 1.6030 -8.2506 2.2258
v 2.4792 -8.2878 1.6732
v 1.5717 -8.2315 2.1342
v 1.6043 -8.2256 2.2118
v 2.3523 -8.1492 0.5800
v 1.9778 -8.1240 -0.5198
v 2.0191 -8.1710 2.5506
v 2.4717 -8.3266 1.6624
v 2.0238 -8.2089 2.5522
v 2.1286 -8.1571 -0.4574
v 2.2138 -8.1888 2.4467
v 1.5192 -8.2402 0.8150
v 2.5006 -8.3280 1.3360
v 2.3619 -8.2034 0.6559
v 2.3214 -8.1675 -0.1057
v 1.8043 -8.1630 -0.5124
v 1.5746 -8.1651 -0.1940
v 2.3342 -8.1691 0.1341
v 1.9788 -8.1632 -0.5207
v 1.7319 -8.1805 2.4443
v 1.7419 -8.2168 2.4432
v 2.2979 -7.8356 1.5074
v 2.1220 -7.7451 1.4833
v 1.5072 -8.0526 1.5568
v 2.4863 -8.2851 1.5940
v 2.3791 -7.9527 1.5321
v 1.4615 -8.2236 1.6131
v 2.4472 -8.3472 1.5829
v 2.4929 -8.2152 1.5925
v 1.7251 -7.7996 1.4976
v 1.5010 -8.3353 1.6167
v 1.6109 -7.8939 1.5208
v 1.4752 -8.2779 1.6197
v 2.2245 -7.7835 1.4948
v 1.8534 -7.7421 1.4818
v 1.9879 -7.7313 1.4783
v 2.4299 -8.0651 1.5571
v 1.4804 -8.1378 1.5818
v 2.4959 -8.2561 1.5981
v 1.4659 -8.2525 1.6203
v 2.4677 -8.1536 1.5776
v 1.4678 -8.1868 1.5997
v 2.4899 -8.2745 1.5962
v 1.4732 -8.2688 1.6200
v 1.5497 -7.9758 1.5393
v 2.3418 -7.8887 1.5186
v 1.9743 -8.3430 1.5995
v 2.2262 -8.3468 1.5905
v 1.7224 -8.3393 1.6084
v 2.4925 -8.2924 1.5960
v 2.4835 -8.3295 1.5830
v 1.4628 -8.3315 1.6211
v 1.4684 -8.2839 1.6237
v 1.5178 -8.3217 1.7672
v 1.6338 -7.9219 1.6564
v 1.4933 -8.2645 1.7663
v 2.2121 -7.8290 1.6328
v 1.8556 -7.7980 1.6144
v 1.9847 -7.7884 1.6107
v 2.2814 -7.8723 1.6476
v 2.1148 -7.7990 1.6187
v 1.5330 -8.0610 1.6999
v 2.4562 -8.2743 1.7434
v 2.3592 -7.9781 1.6772
v 1.4820 -8.2134 1.7593
v 2.4200 -8.3363 1.7362
v 2.4657 -8.2070 1.7418
v 1.7355 -7.8431 1.6314
v 1.5046 -8.1375 1.7266
v 2.4066 -8.0777 1.7049
v 1.4850 -8.2400 1.7672
v 2.4665 -8.2458 1.7480
v 2.4425 -8.1540 1.7264
v 1.4900 -8.1808 1.7452
v 1.4915 -8.2556 1.7662
v 2.4599 -8.2639 1.7453
v 2.3233 -7.9189 1.6610
v 1.5740 -7.9938 1.6794
v 1.9690 -8.3306 1.7512
v 2.2091 -8.3350 1.7431
v 1.7289 -8.3262 1.7594
v 1.4814 -8.3174 1.7735
v 1.4865 -8.2697 1.7732
v 2.4620 -8.2810 1.7482
v 2.4559 -8.3209 1.7366
v 2.1234 -8.3321 -0.4136
v 1.5746 -8.3322 0.0859
v 1.5634 -8.3251 0.3531
v 2.2361 -8.3328 -0.2751
v 2.3102 -8.3337 0.1444
v 2.2889 -8.3261 0.3667
v 2.2977 -8.3339 -0.0750
v 1.8126 -8.3327 -0.4569
v 1.6771 -8.3325 -0.3566
v 1.5993 -8.3327 -0.1572
v 1.9771 -8.3325 -0.4732
v 2.1075 -8.3259 0.3633
v 1.7448 -8.3254 0.3565
v 1.9261 -8.3256 0.3599
v 1.5434 -8.2145 0.6804
v 2.3284 -8.1416 0.3302
v 1.4592 -8.3044 1.5461
v 1.4888 -8.2891 0.9748
v 2.2568 -8.1305 -0.3162
v 1.8024 -8.1755 2.5237
v 1.5680 -8.1494 0.4402
v 1.4956 -8.2758 1.8467
v 1.8425 -8.1746 2.5428
v 1.6579 -8.1342 -0.4075
v 2.4428 -8.2606 0.9559
v 2.3893 -8.2132 0.7610
v 1.6906 -8.2016 2.3860
v 2.3340 -8.1423 0.4663
v 1.4603 -8.3114 1.1927
v 2.3836 -8.2661 2.0370
v 2.1322 -8.1847 2.5360
v 2.5027 -8.3073 1.5145
v 2.3099 -8.2351 2.2504
v 1.9552 -8.1802 2.5505
v 1.5590 -8.1708 0.5585
v 2.2537 -8.2087 2.3841
v 2.0818 -8.1815 2.5489
v 2.4435 -8.2862 1.8197
v 1.5409 -8.2555 2.0448
v 1.6039 -8.2328 2.2158
v 2.1268 -8.1276 -0.4562
v 1.5639 -8.1434 0.3074
v 2.4932 -8.2916 1.1682
v 1.5185 -8.2540 0.8136
v 2.0204 -8.1818 2.5510
v 2.3500 -8.1571 0.5768
v 2.3234 -8.1379 -0.1058
v 1.8044 -8.1345 -0.5132
v 1.5739 -8.1370 -0.1943
v 1.5503 -8.1401 0.0788
v 2.3356 -8.1418 0.1331
v 1.9781 -8.1352 -0.5201
v 2.4771 -8.2988 1.6701
v 1.4744 -8.2909 1.6999
v 1.4540 -8.3121 1.3802
v 2.5079 -8.3040 1.3491
v 1.8933 -8.1772 2.5485
v 2.1727 -8.1931 2.5014
v 2.2135 -8.1986 2.4487
v 1.7347 -8.1909 2.4440
v 1.7716 -8.1817 2.4897
v 2.3648 -8.1823 0.6574
v 1.6452 -8.2141 2.3108
v 2.2822 -8.2202 2.3205
v 1.5710 -8.2444 2.1361
v 2.3464 -8.2523 2.1473
v 2.4138 -8.2756 1.9318
v 1.5176 -8.2647 1.9502
v 2.4899 -8.3029 1.5923
v 1.4668 -8.2974 1.6230
v 1.4850 -8.2833 1.7733
v 2.4603 -8.2924 1.7449
v 1.7169 -7.3706 0.5614
v 1.7215 -7.3467 0.5323
v 2.0349 -8.2148 2.5248
v 1.9587 -8.2131 2.5222
v 1.8862 -8.2115 2.5198
v 2.1068 -8.3449 -0.2090
v 2.1063 -8.3359 0.3633
v 1.7595 -8.3439 0.0989
v 2.1256 -8.3446 0.1281
v 1.7750 -8.3447 -0.1353
v 2.1221 -8.3453 -0.0944
v -2.1419 -7.6268 1.2337
v -2.1674 -7.6660 1.2249
v -2.1419 -7.6129 1.2033
v -2.1753 -7.6546 1.1944
v -2.1152 -7.6167 1.2337
v -2.1151 -7.6027 1.2033
v -2.0718 -7.6051 1.2341
v -2.0718 -7.5912 1.2038
v -2.0252 -7.5994 1.2347
v -2.0252 -7.5854 1.2043
v -1.9726 -7.5968 1.2347
v -1.9725 -7.5828 1.2043
v -1.9108 -7.6050 1.2334
v -1.9106 -7.5915 1.2035
v -1.8779 -7.6148 1.2290
v -1.8752 -7.6063 1.2005
v -1.8490 -7.6228 1.2264
v -1.8454 -7.6160 1.1986
v -1.8280 -7.6547 1.2255
v -1.8284 -7.6419 1.1978
v -2.1365 -7.5780 1.1101
v -2.1634 -7.6094 1.0985
v -2.1365 -7.5620 1.0803
v -2.1634 -7.5934 1.0687
v -2.1098 -7.5683 1.1106
v -2.1098 -7.5523 1.0808
v -2.0664 -7.5573 1.1116
v -2.0664 -7.5413 1.0818
v -2.0198 -7.5519 1.1124
v -2.0198 -7.5359 1.0826
v -1.9671 -7.5493 1.1125
v -1.9671 -7.5333 1.0827
v -1.9054 -7.5572 1.1108
v -1.9054 -7.5414 1.0814
v -1.8725 -7.5663 1.1058
v -1.8727 -7.5512 1.0779
v -1.8524 -7.5743 1.1033
v -1.8528 -7.5596 1.0760
v -1.8315 -7.6059 1.1002
v -1.8319 -7.5912 1.0732
v -2.1211 -7.5166 0.9929
v -2.1454 -7.5460 0.9758
v -2.1203 -7.4957 0.9661
v -2.1441 -7.5315 0.9454
v -2.0936 -7.5051 0.9969
v -2.0927 -7.4837 0.9707
v -2.0517 -7.4976 0.9996
v -2.0509 -7.4763 0.9734
v -2.0052 -7.4935 1.0024
v -2.0044 -7.4721 0.9761
v -1.9526 -7.4913 1.0044
v -1.9518 -7.4700 0.9782
v -1.8938 -7.5029 0.9981
v -1.8931 -7.4819 0.9721
v -1.8680 -7.5136 0.9864
v -1.8674 -7.4935 0.9618
v -1.8422 -7.5213 0.9802
v -1.8418 -7.5016 0.9562
v -1.8213 -7.5508 0.9722
v -1.8209 -7.5314 0.9484
v -2.1140 -7.4524 0.8727
v -2.1307 -7.4782 0.8604
v -2.1148 -7.4353 0.8436
v -2.1315 -7.4611 0.8313
v -2.0956 -7.4360 0.8779
v -2.0961 -7.4168 0.8503
v -2.0560 -7.4260 0.8845
v -2.0553 -7.4052 0.8578
v -2.0094 -7.4222 0.8871
v -2.0087 -7.4015 0.8604
v -1.9569 -7.4177 0.8900
v -1.9561 -7.3970 0.8633
v -1.8950 -7.4281 0.8878
v -1.8943 -7.4076 0.8615
v -1.8630 -7.4381 0.8815
v -1.8625 -7.4186 0.8565
v -1.8359 -7.4495 0.8736
v -1.8356 -7.4304 0.8493
v -1.8163 -7.4814 0.8581
v -1.8159 -7.4625 0.8339
v -2.1026 -7.3780 0.7665
v -2.1111 -7.4063 0.7518
v -2.1042 -7.3577 0.7397
v -2.1127 -7.3859 0.7250
v -2.0783 -7.3600 0.7819
v -2.0779 -7.3383 0.7572
v -2.0320 -7.3488 0.7929
v -2.0306 -7.3262 0.7678
v -1.9853 -7.3396 0.7993
v -1.9838 -7.3170 0.7741
v -1.9326 -7.3405 0.8014
v -1.9312 -7.3179 0.7763
v -1.8712 -7.3515 0.7915
v -1.8698 -7.3291 0.7667
v -1.8447 -7.3612 0.7801
v -1.8436 -7.3398 0.7564
v -1.8233 -7.3751 0.7686
v -1.8224 -7.3547 0.7459
v -1.8029 -7.4055 0.7517
v -1.8020 -7.3849 0.7290
v -2.1260 -7.6499 1.2242
v -2.1392 -7.6704 1.2168
v -2.1266 -7.6364 1.1928
v -2.1470 -7.6591 1.1855
v -2.1065 -7.6427 1.2228
v -2.1067 -7.6290 1.1916
v -2.0663 -7.6319 1.2229
v -2.0665 -7.6181 1.1918
v -2.0227 -7.6265 1.2233
v -2.0228 -7.6127 1.1922
v -1.9738 -7.6239 1.2233
v -1.9738 -7.6102 1.1922
v -1.9180 -7.6317 1.2231
v -1.9178 -7.6184 1.1923
v -1.8876 -7.6414 1.2206
v -1.8849 -7.6332 1.1914
v -1.8665 -7.6457 1.2184
v -1.8631 -7.6388 1.1910
v -1.8525 -7.6706 1.2186
v -1.8528 -7.6576 1.1914
v -2.1189 -7.5994 1.0986
v -2.1400 -7.6260 1.0895
v -2.1201 -7.5841 1.0684
v -2.1401 -7.6100 1.0597
v -2.1015 -7.5937 1.0970
v -2.1017 -7.5777 1.0671
v -2.0612 -7.5833 1.0976
v -2.0614 -7.5674 1.0678
v -2.0174 -7.5782 1.0983
v -2.0175 -7.5622 1.0685
v -1.9683 -7.5757 1.0984
v -1.9683 -7.5597 1.0686
v -1.9118 -7.5830 1.0969
v -1.9118 -7.5672 1.0675
v -1.8828 -7.5911 1.0925
v -1.8829 -7.5760 1.0645
v -1.8719 -7.5945 1.0927
v -1.8703 -7.5810 1.0647
v -1.8559 -7.6213 1.0922
v -1.8563 -7.6066 1.0652
v -2.1010 -7.5350 0.9803
v -2.1201 -7.5601 0.9680
v -2.1014 -7.5148 0.9527
v -2.1189 -7.5456 0.9376
v -2.0847 -7.5275 0.9791
v -2.0843 -7.5063 0.9528
v -2.0474 -7.5207 0.9810
v -2.0467 -7.4994 0.9547
v -2.0028 -7.5167 0.9836
v -2.0020 -7.4954 0.9573
v -1.9550 -7.5145 0.9855
v -1.9542 -7.4932 0.9593
v -1.9049 -7.5244 0.9804
v -1.9043 -7.5034 0.9545
v -1.8813 -7.5343 0.9693
v -1.8806 -7.5143 0.9446
v -1.8609 -7.5393 0.9651
v -1.8589 -7.5206 0.9404
v -1.8452 -7.5646 0.9605
v -1.8448 -7.5452 0.9367
v -2.0903 -7.4678 0.8626
v -2.1048 -7.4910 0.8521
v -2.0914 -7.4510 0.8333
v -2.1057 -7.4739 0.8230
v -2.0799 -7.4569 0.8632
v -2.0811 -7.4380 0.8353
v -2.0499 -7.4494 0.8668
v -2.0493 -7.4286 0.8400
v -2.0065 -7.4458 0.8689
v -2.0057 -7.4251 0.8422
v -1.9577 -7.4414 0.8716
v -1.9569 -7.4206 0.8449
v -1.9026 -7.4509 0.8699
v -1.9017 -7.4305 0.8435
v -1.8750 -7.4597 0.8645
v -1.8745 -7.4401 0.8394
v -1.8570 -7.4661 0.8603
v -1.8558 -7.4477 0.8354
v -1.8423 -7.4929 0.8487
v -1.8420 -7.4740 0.8245
v -2.0767 -7.3892 0.7563
v -2.0822 -7.4119 0.7458
v -2.0784 -7.3691 0.7294
v -2.0838 -7.3915 0.7190
v -2.0625 -7.3794 0.7653
v -2.0622 -7.3576 0.7405
v -2.0237 -7.3705 0.7739
v -2.0223 -7.3479 0.7488
v -1.9815 -7.3618 0.7795
v -1.9802 -7.3392 0.7543
v -1.9359 -7.3625 0.7814
v -1.9345 -7.3399 0.7563
v -1.8820 -7.3720 0.7725
v -1.8809 -7.3495 0.7477
v -1.8618 -7.3791 0.7631
v -1.8607 -7.3577 0.7395
v -1.8463 -7.3889 0.7551
v -1.8449 -7.3689 0.7321
v -1.8285 -7.4166 0.7407
v -1.8276 -7.3959 0.7179
v -2.2666 -6.9786 0.1350
v -2.2719 -6.9915 -0.0115
v -2.2878 -7.1960 0.0164
v -2.2982 -7.1967 0.1635
v -2.3000 -7.3866 0.1640
v -1.8992 -7.0484 -0.3437
v -1.8055 -7.0186 -0.3073
v -1.8707 -6.9092 0.5409
v -2.1427 -7.0296 -0.2258
v -2.0131 -7.0467 -0.3160
v -2.2423 -7.6278 -0.0125
v -2.2388 -7.0015 -0.1211
v -2.1943 -6.9531 0.3788
v -2.2579 -6.9717 0.2690
v -1.9287 -6.9098 0.5508
v -1.8184 -6.9110 0.5133
v -2.0025 -6.9164 0.5350
v -1.7667 -6.9110 0.4610
v -1.7157 -6.9170 0.3701
v -1.6716 -6.9401 0.1047
v -1.6861 -6.9639 -0.0376
v -2.0928 -6.9252 0.4772
v -1.7288 -6.9824 -0.1884
v -1.9093 -7.1334 0.5757
v -2.2119 -7.1927 0.4150
v -2.2755 -7.1993 0.2934
v -1.9668 -7.1404 0.5782
v -1.8550 -7.1236 0.5609
v -2.0371 -7.1503 0.5567
v -1.8020 -7.1110 0.5245
v -2.1241 -7.1670 0.5044
v -1.9341 -7.6103 0.9248
v -1.8869 -7.6289 0.8863
v -2.1158 -7.6137 0.7877
v -2.0753 -7.5779 0.8483
v -2.2461 -7.7731 0.5977
v -2.1822 -7.6813 0.6938
v -2.0234 -7.5700 0.8917
v -1.9825 -7.6005 0.9249
v -1.8339 -7.6665 0.8636
v -1.7777 -7.7113 0.8585
v -1.8942 -7.4681 0.7359
v -1.8481 -7.4779 0.6932
v -2.1159 -7.4560 0.6339
v -2.0469 -7.4543 0.7038
v -2.2633 -7.7981 -0.0284
v -2.2230 -7.6297 -0.1473
v -2.2660 -7.6090 0.3647
v -2.1761 -7.5047 0.5333
v -1.9973 -7.4515 0.7448
v -1.9433 -7.4609 0.7494
v -1.7760 -7.5210 0.6194
v -1.7216 -7.6420 0.6367
v -2.2802 -7.3841 0.0071
v -2.0745 -7.6381 -0.3387
v -2.1096 -7.7866 -0.3697
v -1.6587 -7.1119 0.1782
v -2.1939 -7.7831 -0.2663
v -1.6165 -7.4607 0.2407
v -1.6061 -7.6208 0.2314
v -1.6387 -7.6254 0.0288
v -1.6245 -7.4763 0.0580
v -1.6872 -7.4809 -0.1589
v -1.6846 -7.6465 -0.2031
v -1.9838 -7.7587 -0.4222
v -1.8204 -7.7340 -0.3585
v -1.8428 -7.5695 -0.3392
v -1.9708 -7.6104 -0.4215
v -1.7359 -7.1029 0.4498
v -2.2451 -7.2121 -0.0926
v -2.1725 -7.6223 -0.2538
v -2.0269 -7.2320 -0.3004
v -1.8173 -7.1805 -0.2923
v -1.7377 -7.1562 -0.1436
v -1.9139 -7.2165 -0.3468
v -1.6806 -7.1326 0.0227
v -2.1488 -7.2337 -0.1980
v -2.1192 -7.3524 0.5284
v -1.8834 -7.3089 0.6176
v -2.2574 -7.3975 0.3190
v -2.2946 -7.7663 0.1547
v -1.6305 -7.2978 0.0624
v -1.9347 -7.4142 -0.3715
v -2.2258 -7.4064 -0.1131
v -2.1517 -7.4181 -0.2248
v -2.0451 -7.4271 -0.3201
v -1.8101 -7.3285 -0.3154
v -1.7601 -7.2815 0.5326
v -1.8400 -7.2986 0.5787
v -1.6236 -7.2765 0.2414
v -1.9318 -7.3259 0.6363
v -1.9878 -7.3370 0.6394
v -2.0451 -7.3409 0.6096
v -1.7026 -7.3121 -0.1450
v -2.1900 -7.3976 0.4411
v -2.3112 -7.7829 0.3449
v -2.2428 -7.8089 -0.1550
v -1.6850 -6.9241 0.2418
v -1.6694 -7.4626 0.4219
v -1.6465 -7.6150 0.4207
v -1.6793 -7.1003 0.3227
v -1.6733 -7.2644 0.3977
v -2.2856 -7.8962 0.5762
v -2.2724 -7.5971 0.1723
v -2.2616 -6.8273 0.1228
v -2.2706 -6.8428 -0.0279
v -1.8870 -6.9018 -0.3559
v -1.7869 -6.8705 -0.3245
v -1.8541 -6.7713 0.5196
v -2.1427 -6.8762 -0.2494
v -2.0055 -6.8967 -0.3376
v -2.2391 -6.8477 -0.1412
v -2.1941 -6.8043 0.3686
v -2.2605 -6.8230 0.2658
v -1.9150 -6.7711 0.5299
v -1.8008 -6.7741 0.4899
v -1.9929 -6.7773 0.5167
v -1.7486 -6.7738 0.4345
v -1.6979 -6.7773 0.3455
v -1.6526 -6.7931 0.0860
v -1.6638 -6.8174 -0.0583
v -2.0859 -6.7798 0.4609
v -1.7033 -6.8305 -0.2134
v -1.6691 -6.7798 0.2234
v -2.2723 -6.6800 0.1217
v -2.2791 -6.6956 -0.0347
v -1.8732 -6.7556 -0.3630
v -1.7680 -6.7233 -0.3383
v -1.8498 -6.6441 0.4991
v -2.1439 -6.7286 -0.2637
v -1.9989 -6.7497 -0.3498
v -2.2467 -6.6979 -0.1516
v -2.2011 -6.6615 0.3739
v -2.2706 -6.6789 0.2690
v -1.9136 -6.6422 0.5123
v -1.7927 -6.6469 0.4712
v -1.9933 -6.6447 0.5069
v -1.7357 -6.6438 0.4239
v -1.6793 -6.6436 0.3423
v -1.6261 -6.6526 0.0835
v -1.6364 -6.6746 -0.0657
v -2.0892 -6.6405 0.4610
v -1.6797 -6.6846 -0.2258
v -1.6459 -6.6419 0.2234
v -2.2837 -6.5071 0.1255
v -2.2813 -6.5149 -0.0252
v -1.8767 -6.5875 -0.3679
v -1.7643 -6.5697 -0.3317
v -1.8426 -6.5063 0.4992
v -2.1409 -6.5519 -0.2625
v -2.0054 -6.5779 -0.3473
v -2.2397 -6.5246 -0.1509
v -2.1960 -6.4968 0.3791
v -2.2661 -6.5045 0.2679
v -1.9103 -6.5011 0.5126
v -1.7820 -6.5105 0.4711
v -1.9925 -6.4963 0.5056
v -1.7225 -6.5108 0.4226
v -1.6669 -6.5109 0.3417
v -1.6076 -6.5204 0.0860
v -1.6209 -6.5347 -0.0659
v -2.0904 -6.4903 0.4624
v -1.6725 -6.5457 -0.2185
v -1.6278 -6.5116 0.2251
v -2.2789 -6.3742 0.1312
v -2.2735 -6.3783 -0.0193
v -1.8634 -6.4656 -0.3714
v -1.7474 -6.4551 -0.3292
v -1.8265 -6.4018 0.5063
v -2.1295 -6.4189 -0.2613
v -1.9945 -6.4506 -0.3457
v -2.2291 -6.3897 -0.1484
v -2.1845 -6.3727 0.3878
v -2.2574 -6.3745 0.2742
v -1.8951 -6.3937 0.5195
v -1.7650 -6.4081 0.4781
v -1.9782 -6.3842 0.5134
v -1.7043 -6.4104 0.4298
v -1.6477 -6.4114 0.3490
v -1.5830 -6.4208 0.0917
v -1.5965 -6.4313 -0.0620
v -2.0780 -6.3737 0.4713
v -1.6524 -6.4387 -0.2153
v -1.6052 -6.4128 0.2320
v -1.5798 -7.5438 0.4452
v -1.5863 -7.7207 0.5710
v -1.6467 -7.5275 0.6174
v -1.9620 -7.3711 0.8170
v -1.7975 -7.3748 0.7306
v -1.8138 -7.4340 0.8045
v -1.5609 -7.7071 0.4228
v -1.5418 -7.7228 0.2345
v -1.5522 -7.5823 0.2447
v -1.6370 -7.4246 0.4657
v -1.8466 -8.1390 2.5082
v -1.5740 -7.5035 0.2619
v -1.5854 -7.5429 0.0376
v -1.5917 -7.7370 0.6893
v -1.5736 -7.7946 0.9555
v -1.4932 -8.0432 1.1607
v -1.5103 -8.0289 0.9558
v -1.4806 -8.2101 0.9732
v -1.5395 -7.9707 0.6728
v -1.5362 -7.8982 0.4162
v -1.5203 -7.8802 0.2337
v -1.5364 -7.7248 0.0190
v -1.5134 -7.8754 0.0262
v -1.5346 -8.0464 0.2734
v -1.5251 -8.0472 0.0621
v -1.5415 -7.8662 -0.2092
v -1.5496 -8.0428 -0.1920
v -1.5560 -8.1246 0.1023
v -1.5695 -8.1278 0.3196
v -1.5424 -8.0580 0.4244
v -1.5320 -8.1321 0.6746
v -1.5738 -8.1297 0.4534
v -1.5500 -8.1964 0.6911
v -1.4958 -8.2702 0.9828
v -1.4670 -8.2921 1.2003
v -1.5653 -8.2768 0.0937
v -1.5628 -8.2768 0.3531
v -1.5666 -8.1892 0.3531
v -2.2179 -7.5057 0.7380
v -1.5803 -8.1989 0.4316
v -1.5713 -8.2550 0.6892
v -1.5231 -8.3240 0.9818
v -1.5000 -8.3442 1.1819
v -1.4945 -8.3418 1.5279
v -1.4676 -8.2848 1.5450
v -1.5292 -8.3138 1.8440
v -1.5037 -8.2577 1.8380
v -1.5711 -8.2928 2.0386
v -1.5488 -8.2398 2.0312
v -1.6305 -8.2669 2.2195
v -1.6101 -8.2157 2.2074
v -1.5440 -8.1954 2.0287
v -1.6046 -8.1721 2.2068
v -1.6547 -8.0879 2.1695
v -1.4939 -8.2089 1.8311
v -1.4527 -8.2296 1.5386
v -1.4509 -8.2343 1.1936
v -1.5479 -8.0690 1.7709
v -1.4963 -8.0521 1.4848
v -1.5820 -7.8254 1.1419
v -1.5417 -7.9336 0.5518
v -1.8222 -7.4813 0.8852
v -1.8421 -7.5523 1.0082
v -2.0608 -7.2967 0.6119
v -2.0716 -7.2788 0.6391
v -2.1828 -7.3551 0.5650
v -2.1531 -7.9441 2.1466
v -2.0969 -7.3259 0.7152
v -2.1123 -7.4659 0.8897
v -1.9498 -7.3127 0.7587
v -1.9720 -7.4405 0.9039
v -1.5862 -8.2126 0.5712
v -1.9883 -7.5198 1.0239
v -1.8511 -7.6157 1.1419
v -2.2219 -7.4633 0.6346
v -2.2052 -7.8523 1.7015
v -2.2200 -7.5535 0.8500
v -2.1232 -7.5436 1.0177
v -1.9938 -7.5906 1.1509
v -1.8526 -7.7127 1.4148
v -1.5998 -7.8809 1.4513
v -1.8570 -7.8244 1.6799
v -1.6455 -7.9369 1.7227
v -1.8662 -7.8882 1.9123
v -1.6836 -7.9821 1.9474
v -1.5987 -8.0966 1.9830
v -1.7340 -8.0075 2.1426
v -1.8817 -7.9439 2.1241
v -2.2080 -7.9673 2.1598
v -2.0752 -7.9318 2.1339
v -2.0626 -7.9816 2.3069
v -1.9779 -7.9805 2.3016
v -1.9762 -7.9316 2.1250
v -1.8998 -7.9910 2.2969
v -1.7809 -8.0296 2.2993
v -1.7211 -8.0794 2.3140
v -1.6895 -8.1483 2.3538
v -2.2153 -8.1044 2.3973
v -1.7783 -8.0738 2.4005
v -1.8112 -8.0690 2.4210
v -1.8065 -8.1050 2.4604
v -1.6927 -8.1919 2.3653
v -1.7988 -8.0418 2.3551
v -1.8030 -8.1396 2.4895
v -1.8042 -8.1231 2.4763
v -1.9624 -8.1079 2.4948
v -1.7178 -8.2392 2.3777
v -1.8039 -8.1664 2.4966
v -1.8450 -8.1652 2.5150
v -1.9569 -8.1459 2.5219
v -1.9592 -8.1278 2.5100
v -2.1382 -8.1386 2.4968
v -1.8101 -8.2079 2.5166
v -1.8445 -8.2066 2.5333
v -1.9570 -8.2119 2.5311
v -1.9551 -8.1713 2.5245
v -2.1356 -8.1586 2.5069
v -2.1762 -8.1689 2.4715
v -1.5305 -8.0975 0.6725
v -2.2494 -8.2012 2.3622
v -2.1550 -8.2250 2.4933
v -2.1255 -8.2182 2.5282
v -2.1316 -8.1776 2.5089
v -2.1806 -8.1496 2.4628
v -2.2288 -8.2439 2.3763
v -2.2823 -8.2732 2.2349
v -2.3051 -8.2234 2.2359
v -2.3473 -8.3061 2.0299
v -2.3800 -8.2508 2.0263
v -2.2570 -8.1600 2.3666
v -2.3158 -8.1695 2.2404
v -2.3921 -8.1899 2.0301
v -2.4393 -8.2683 1.8169
v -2.4028 -8.3290 1.8159
v -2.4994 -8.2899 1.5182
v -2.3075 -8.0073 1.9803
v -2.2648 -8.0287 2.1864
v -2.4505 -8.2035 1.8156
v -2.3482 -7.9912 1.7490
v -2.2392 -7.9223 1.9531
v -2.0941 -7.8814 1.9207
v -2.2725 -7.8907 1.7169
v -2.5048 -8.2199 1.5170
v -1.9792 -7.8804 1.9108
v -2.1110 -7.8254 1.6866
v -2.3053 -7.8174 1.4367
v -2.3881 -7.9405 1.4589
v -2.3956 -7.8942 1.1522
v -2.5038 -8.2066 1.1777
v -2.3786 -7.8710 0.9677
v -2.4577 -8.1744 0.9628
v -2.4908 -8.2764 1.1791
v -2.4582 -8.3505 1.4936
v -2.4474 -8.3344 1.1556
v -2.4387 -8.2467 0.9660
v -2.4076 -8.1240 0.7610
v -2.3661 -7.8487 0.7843
v -2.2999 -7.7030 0.9795
v -2.2930 -7.6684 0.8225
v -2.3279 -7.6974 0.4860
v -2.3649 -7.8593 0.4852
v -2.3564 -8.0554 0.4722
v -2.3839 -8.1991 0.7678
v -2.3318 -8.1305 0.4826
v -2.4068 -8.3052 0.9557
v -2.3621 -8.2648 0.7788
v -2.3110 -8.1856 0.4699
v -2.3251 -8.1267 0.3429
v -2.3463 -8.0509 0.3109
v -2.3712 -7.8826 0.2972
v -2.3120 -8.1872 0.3672
v -2.3308 -8.1258 0.1540
v -2.3528 -8.0502 0.1169
v -2.3739 -7.8894 0.0884
v -2.3564 -7.7343 0.0764
v -2.3546 -7.7258 0.2908
v -2.3174 -8.1228 -0.0760
v -2.3466 -7.5768 0.2751
v -2.3470 -7.5924 0.0651
v -2.3153 -7.7182 -0.1349
v -2.3442 -7.8805 -0.1289
v -2.3355 -8.0461 -0.1048
v -2.3006 -7.5312 0.4670
v -2.2659 -8.0367 -0.3046
v -2.2519 -8.1145 -0.2798
v -2.2266 -7.6892 -0.3132
v -2.2572 -7.8644 -0.3170
v -2.1387 -8.0295 -0.4419
v -2.1248 -8.1098 -0.4170
v -2.1291 -8.2735 -0.4264
v -2.2452 -8.2751 -0.2845
v -2.1222 -8.3442 -0.4110
v -1.9798 -8.2744 -0.4874
v -1.9486 -8.3450 -0.1148
v -2.3178 -8.2788 0.1523
v -2.3076 -8.2774 -0.0797
v -2.1033 -7.3983 0.7925
v -2.2966 -8.2772 0.3669
v -2.3086 -8.3450 0.1428
v -2.2957 -8.3455 -0.0740
v -2.2343 -8.3447 -0.2732
v -2.2873 -8.3362 0.3667
v -2.1572 -7.3587 0.5427
v -1.8457 -7.4478 -0.3803
v -2.2880 -7.4661 0.2507
v -2.1319 -7.9999 2.3114
v -2.2633 -7.5106 -0.1328
v -2.1645 -7.4913 -0.2747
v -2.1545 -7.4809 -0.2567
v -2.3155 -7.5096 0.0567
v -2.3124 -7.4937 0.2539
v -2.2658 -7.4404 0.4371
v -2.2860 -7.5898 -0.1363
v -2.1917 -7.5609 -0.2961
v -2.0660 -7.5364 -0.4040
v -2.0520 -7.4662 -0.3703
v -1.9464 -7.5266 -0.4510
v -1.9454 -7.4542 -0.4115
v -1.9493 -7.4452 -0.3850
v -1.9583 -7.6511 -0.4865
v -2.1263 -7.8507 -0.4517
v -1.9720 -7.8425 -0.5044
v -2.0954 -7.6648 -0.4347
v -1.9317 -7.2751 0.6414
v -1.9378 -7.2724 0.6852
v -1.7870 -7.3234 0.6453
v -1.7842 -7.2969 0.6083
v -1.6594 -7.3961 0.4570
v -1.6022 -7.4880 0.2605
v -1.6110 -7.5285 0.0415
v -1.6698 -7.5066 -0.1596
v -1.5633 -7.6093 0.0274
v -1.6443 -7.5174 -0.1741
v -1.7519 -7.4696 -0.3149
v -1.8345 -7.4583 -0.4054
v -1.6088 -7.5813 -0.1941
v -1.7340 -7.4789 -0.3380
v -1.7093 -7.5451 -0.3689
v -1.8256 -7.5283 -0.4449
v -1.8126 -7.6533 -0.4808
v -1.6740 -7.6699 -0.3944
v -1.5664 -7.6998 -0.2118
v -1.7995 -7.8409 -0.5002
v -1.6420 -7.8495 -0.4051
v -1.9810 -8.0273 -0.4990
v -2.2398 -7.4204 0.4180
v -1.8023 -8.0272 -0.4970
v -1.6430 -8.0330 -0.4005
v -1.6617 -8.1164 -0.3699
v -1.8066 -8.1191 -0.4691
v -1.5793 -8.1216 -0.1618
v -1.5887 -8.2754 -0.1645
v -1.6681 -8.2745 -0.3710
v -1.8086 -8.2749 -0.4720
v -1.9775 -8.1164 -0.4774
v -1.9766 -8.3444 -0.4703
v -1.8134 -8.3446 -0.4538
v -1.6790 -8.3444 -0.3536
v -1.6015 -8.3445 -0.1557
v -1.5765 -8.3436 0.0842
v -1.5635 -8.3350 0.3531
v -1.9699 -8.0662 2.4499
v -2.1417 -8.1189 2.4815
v -2.1505 -8.0811 2.4418
v -1.8486 -8.1222 2.4949
v -2.1812 -8.0209 2.3179
v -2.2263 -8.0650 2.3335
v -1.9896 -7.7017 1.4117
v -1.9832 -7.8159 1.6766
v -2.1253 -7.7176 1.4159
v -2.1297 -7.6121 1.1507
v -2.3107 -7.7406 1.1439
v -1.8511 -8.1039 2.4786
v -1.5650 -8.1529 0.5702
v -1.5406 -8.0876 0.5502
v -2.2300 -7.7611 1.4256
v -2.2354 -7.6657 1.1460
v -2.2270 -7.6134 0.9959
v -2.1786 -7.8948 1.9370
v -1.7412 -7.8648 1.6971
v -1.7992 -7.9704 2.1310
v -1.7644 -7.9221 1.9265
v -1.7099 -7.6950 1.1359
v -1.7204 -7.7777 1.4294
v -1.8332 -8.0078 2.2961
v -1.6874 -7.6369 0.9769
v -1.5490 -8.2916 0.8197
v -1.5096 -8.1729 0.8109
v -1.5275 -8.0000 0.7996
v -1.5774 -7.7586 0.8037
v -1.5252 -8.2355 0.8237
v -1.6664 -7.5862 0.8424
v -2.3038 -7.4838 0.0549
v -2.2533 -7.4887 -0.1257
v -2.0501 -7.4601 -0.3455
v -1.8544 -8.0662 2.4342
v -2.0828 -8.1535 2.5193
v -2.0848 -8.1331 2.5088
v -2.0888 -8.1130 2.4938
v -2.1013 -8.0757 2.4510
v -2.0771 -8.2138 2.5426
v -2.0803 -8.1745 2.5214
v -1.9005 -8.1247 2.5054
v -1.9033 -8.1058 2.4895
v -1.8982 -8.1421 2.5182
v -1.9080 -8.0654 2.4434
v -2.0368 -8.0690 2.4530
v -2.0196 -8.1495 2.5220
v -2.0220 -8.1301 2.5105
v -2.0180 -8.1736 2.5245
v -2.0266 -8.2134 2.5348
v -2.0257 -8.1095 2.4957
v -2.3192 -8.2034 0.5771
v -2.3633 -7.8483 0.6115
v -2.3479 -8.1462 0.5938
v -2.3026 -7.6639 0.6162
v -2.3736 -8.0706 0.5890
v -2.1299 -8.1887 -0.4318
v -2.2506 -8.1915 -0.2897
v -1.6644 -8.1914 -0.3815
v -2.3140 -8.1963 -0.0836
v -1.8066 -8.1929 -0.4818
v -1.5818 -8.1941 -0.1694
v -1.5583 -8.1954 0.0982
v -2.3256 -8.1966 0.1550
v -1.9800 -8.1922 -0.4930
v -2.2904 -7.8539 1.5782
v -1.5083 -8.3289 1.6938
v -1.6221 -7.9069 1.5902
v -2.1187 -7.7726 1.5508
v -1.4829 -8.2716 1.6945
v -2.2190 -7.8058 1.5640
v -1.8542 -7.7715 1.5489
v -1.5181 -8.0531 1.6288
v -2.4732 -8.2806 1.6698
v -2.3702 -7.9649 1.6053
v -1.9863 -7.7609 1.5449
v -1.4702 -8.2182 1.6875
v -2.4350 -8.3427 1.6609
v -2.4810 -8.2109 1.6681
v -1.7298 -7.8215 1.5658
v -2.5125 -8.2175 1.3551
v -1.5887 -7.8536 1.3042
v -1.4917 -8.3476 1.3697
v -1.9927 -7.6459 1.2802
v -2.3965 -7.9173 1.3103
v -1.4619 -8.2923 1.3831
v -2.3122 -7.7802 1.2939
v -2.5046 -8.2870 1.3563
v -2.1298 -7.6652 1.2833
v -2.2360 -7.7156 1.2879
v -1.4460 -8.2359 1.3768
v -1.4901 -8.0496 1.3319
v -1.8521 -7.6617 1.2793
v -2.4623 -8.3476 1.3375
v -1.7147 -7.7378 1.2872
v -1.5319 -8.0553 0.6717
v -1.5709 -8.1449 2.0037
v -1.5147 -7.9541 0.0397
v -1.4923 -8.1236 0.9629
v -2.4459 -8.0328 1.1636
v -2.3902 -7.9758 0.7725
v -2.3678 -7.9641 0.0991
v -1.8092 -8.0865 2.4422
v -1.5344 -7.9741 0.4168
v -1.7996 -7.9288 -0.5018
v -1.6394 -7.9358 -0.4051
v -1.5412 -7.9486 -0.2021
v -2.3627 -7.9607 0.3019
v -2.4404 -8.0607 1.4831
v -2.1343 -7.9341 -0.4497
v -1.5218 -7.9556 0.2459
v -2.3437 -7.9578 -0.1191
v -2.2635 -7.9459 -0.3124
v -2.3461 -8.0867 2.0022
v -1.4700 -8.1408 1.5087
v -1.5367 -8.0129 0.5483
v -1.9661 -8.0874 2.4752
v -2.2902 -8.0827 2.2096
v -1.8533 -8.0851 2.4590
v -2.3937 -8.0860 1.7787
v -2.1461 -8.0994 2.4628
v -1.4684 -8.1419 1.1753
v -1.5185 -8.1401 1.7982
v -1.6293 -8.1230 2.1851
v -2.2435 -8.0997 2.3482
v -1.7655 -8.1294 2.4474
v -2.3659 -7.9477 0.4793
v -2.0943 -8.0939 2.4747
v -1.7049 -8.1039 2.3265
v -2.4178 -8.0086 0.9647
v -1.9764 -7.9263 -0.5046
v -1.5150 -8.0914 0.8045
v -1.9061 -8.0860 2.4693
v -2.0306 -8.0891 2.4770
v -2.3735 -7.9525 0.6011
v -1.4907 -8.1350 1.6550
v -2.4195 -8.0694 1.6312
v -1.4638 -8.1444 1.3519
v -2.4490 -8.0487 1.3294
v -1.8957 -8.1680 2.5222
v -1.8900 -8.2099 2.5295
v -1.7507 -8.0764 2.3654
v -1.8026 -8.0785 -0.4876
v -1.5420 -8.0884 0.0799
v -2.3355 -8.0916 0.3219
v -2.3903 -8.2249 2.0338
v -1.5548 -8.0908 0.2955
v -1.6520 -8.0753 -0.3918
v -1.4960 -8.2339 1.8391
v -2.3414 -8.0892 0.1317
v -1.6885 -8.1669 2.3648
v -1.4578 -8.2593 1.5454
v -2.4511 -8.2176 0.9637
v -1.4563 -8.2664 1.1988
v -2.5026 -8.2481 1.1803
v -2.3133 -8.2001 2.2442
v -1.4860 -8.2436 0.9778
v -2.2600 -8.0770 -0.2979
v -2.3262 -8.0861 -0.0950
v -2.4500 -8.2404 1.8218
v -1.5532 -8.1236 0.5566
v -1.5644 -8.0843 -0.1812
v -2.1347 -8.0687 -0.4350
v -2.2544 -8.1825 2.3679
v -1.5437 -8.2178 2.0346
v -1.6050 -8.1938 2.2115
v -2.3441 -8.0988 0.4729
v -2.5087 -8.2610 1.5221
v -1.5404 -8.1678 0.6799
v -2.3964 -8.1686 0.7611
v -1.5600 -8.0987 0.4360
v -1.9796 -8.0712 -0.4923
v -1.5159 -8.2078 0.8157
v -2.3607 -8.1147 0.5873
v -1.4740 -8.2464 1.6952
v -2.4831 -8.2515 1.6742
v -2.5149 -8.2584 1.3590
v -1.4515 -8.2667 1.3827
v -1.5182 -8.0045 0.0505
v -1.4840 -8.1724 0.9684
v -2.4814 -8.1365 1.1718
v -2.1676 -8.0466 2.3771
v -1.5360 -8.0186 0.4193
v -1.8012 -7.9828 -0.5008
v -1.6399 -7.9886 -0.4038
v -1.5435 -7.9996 -0.1974
v -1.5258 -8.0037 0.2585
v -2.3406 -8.0055 -0.1117
v -1.5368 -8.0538 0.5483
v -2.2096 -8.1924 2.4234
v -1.4564 -8.1949 1.1856
v -2.3625 -8.0062 0.4751
v -2.1934 -8.2314 2.4408
v -1.6946 -8.1273 2.3405
v -2.4435 -8.1067 0.9633
v -1.9796 -7.9824 -0.5025
v -1.5104 -8.1370 0.8077
v -2.1800 -8.0829 2.4215
v -2.1836 -8.1057 2.4353
v -2.4566 -8.1526 1.6525
v -1.4517 -8.1968 1.3661
v -1.5544 -8.1725 2.0178
v -2.4030 -8.0621 0.7654
v -2.3609 -8.0106 0.1074
v -2.3544 -8.0095 0.3056
v -2.4788 -8.1549 1.5028
v -2.1377 -7.9867 -0.4460
v -2.2662 -7.9952 -0.3086
v -2.3748 -8.1461 2.0187
v -1.4583 -8.1917 1.5258
v -2.1830 -8.1286 2.4499
v -2.3068 -8.1294 2.2287
v -2.4284 -8.1556 1.8002
v -2.1707 -8.1859 2.4736
v -1.5028 -8.1792 1.8169
v -1.6128 -8.1504 2.1981
v -2.2529 -8.1319 2.3595
v -2.2196 -8.1330 2.4086
v -2.3760 -8.0194 0.5940
v -1.4773 -8.1825 1.6735
v -2.4872 -8.1492 1.3444
v -1.9764 -8.0119 2.3679
v -2.2040 -8.0774 2.3852
v -2.2197 -8.1565 2.4183
v -2.1203 -8.0311 2.3758
v -2.0534 -8.0162 2.3749
v -1.9055 -8.0169 2.3610
v -1.8452 -8.0275 2.3567
v -1.7392 -8.0973 2.3784
v -2.2150 -8.1765 2.4234
v -1.7286 -8.1381 2.4070
v -1.7321 -8.1181 2.3928
v -1.7284 -8.1558 2.4191
v -1.7342 -8.1817 2.4221
v -1.7647 -8.2284 2.4376
v -1.7680 -8.1110 2.4325
v -1.7725 -8.0918 2.4165
v -1.7652 -8.1466 2.4602
v -1.7705 -8.1729 2.4656
v -1.7982 -8.2152 2.4848
v -2.1558 -8.0653 2.4172
v -2.1096 -8.0581 2.4199
v -2.0443 -8.0476 2.4207
v -1.9735 -8.0423 2.4155
v -1.9082 -8.0430 2.4085
v -1.8525 -8.0475 2.4015
v -1.8098 -8.0540 2.3944
v -1.6658 -7.5520 0.7312
v -2.3357 -8.2334 0.6657
v -2.3635 -7.8451 0.6888
v -2.3614 -8.1699 0.6698
v -2.2939 -7.6569 0.7142
v -2.3867 -8.0940 0.6637
v -2.3797 -7.9612 0.6767
v -2.3741 -8.1388 0.6629
v -2.3863 -8.0375 0.6689
v -1.5517 -8.1091 0.0948
v -1.5655 -8.1124 0.3115
v -1.6571 -8.0973 -0.3800
v -2.1722 -8.1802 2.4709
v -1.9556 -8.1635 2.5235
v -1.6912 -8.1838 2.3647
v -2.4423 -8.2364 0.9662
v -2.4949 -8.2661 1.1806
v -1.4933 -8.2610 0.9820
v -2.2543 -8.0989 -0.2869
v -1.5618 -8.1419 0.5658
v -1.5746 -8.1056 -0.1688
v -2.1284 -8.0909 -0.4275
v -2.0811 -8.1689 2.5193
v -2.3357 -8.1190 0.4793
v -2.1328 -8.1724 2.5066
v -1.5476 -8.1862 0.6878
v -2.3874 -8.1881 0.7656
v -1.5701 -8.1178 0.4474
v -1.9777 -8.0961 -0.4858
v -1.5228 -8.2257 0.8219
v -2.0183 -8.1665 2.5228
v -1.4809 -8.2625 1.6946
v -2.4768 -8.2700 1.6719
v -1.4595 -8.2832 1.3836
v -1.8967 -8.1599 2.5211
v -1.8456 -8.1567 2.5130
v -1.8043 -8.1031 -0.4748
v -2.3288 -8.1121 0.3349
v -2.3832 -8.2417 2.0280
v -1.5020 -8.2490 1.8378
v -2.3343 -8.1100 0.1461
v -1.4654 -8.2757 1.5454
v -1.4643 -8.2831 1.2009
v -2.3073 -8.2157 2.2371
v -2.3199 -8.1078 -0.0828
v -2.4429 -8.2580 1.8187
v -2.2506 -8.1952 2.3618
v -1.5479 -8.2320 2.0312
v -1.6090 -8.2081 2.2070
v -2.5030 -8.2794 1.5204
v -2.3518 -8.1349 0.5920
v -2.5083 -8.2766 1.3582
v -2.2109 -8.1874 2.4213
v -1.7314 -8.1733 2.4212
v -1.7676 -8.1645 2.4640
v -2.3651 -8.1587 0.6678
v -2.2863 -8.1624 2.3073
v -1.9771 -7.9563 2.2193
v -2.1942 -7.9955 2.2448
v -1.6464 -8.1608 2.2870
v -2.1421 -7.9752 2.2342
v -1.8175 -7.9899 2.2199
v -1.7585 -8.0186 2.2274
v -1.6885 -8.0839 2.2479
v -1.8915 -7.9683 2.2170
v -1.6702 -8.2509 2.3030
v -1.6498 -8.2049 2.2913
v -2.2561 -8.2572 2.3099
v -2.2775 -8.2106 2.3018
v -2.2457 -8.0486 2.2666
v -2.0687 -7.9590 2.2253
v -2.2668 -8.0914 2.2848
v -1.6675 -8.1134 2.2617
v -2.2840 -8.1896 2.3094
v -1.6451 -8.1814 2.2948
v -1.6538 -8.1390 2.2752
v -2.2798 -8.1302 2.2987
v -1.6487 -8.1975 2.2911
v -2.2792 -8.2038 2.3023
v -2.3538 -8.1799 2.1386
v -2.0846 -7.9041 2.0299
v -1.7788 -7.9470 2.0326
v -1.6229 -8.0949 2.0810
v -2.2231 -7.9424 2.0603
v -2.3423 -8.2385 2.1343
v -2.1656 -7.9166 2.0451
v -1.9771 -7.9048 2.0205
v -1.8720 -7.9151 2.0213
v -1.7083 -7.9955 2.0485
v -2.3143 -8.2909 2.1369
v -1.5988 -8.2817 2.1307
v -1.5783 -8.2297 2.1198
v -2.2860 -8.0141 2.0873
v -1.5730 -8.1862 2.1186
v -2.3179 -8.0796 2.1099
v -1.5964 -8.1387 2.0982
v -1.5732 -8.2081 2.1236
v -2.3516 -8.2138 2.1424
v -2.3406 -8.1353 2.1274
v -1.5817 -8.1648 2.1097
v -2.3450 -8.2301 2.1357
v -1.5773 -8.2221 2.1196
v -1.5740 -8.0884 1.8803
v -1.6649 -7.9634 1.8394
v -1.5257 -8.2479 1.9386
v -1.8611 -7.8626 1.7994
v -1.5485 -8.3029 1.9436
v -1.9809 -7.8548 1.7970
v -2.3764 -8.3179 1.9236
v -2.4098 -8.2589 1.9244
v -2.4218 -8.1966 1.9256
v -2.2556 -7.9102 1.8398
v -2.1026 -7.8602 1.8073
v -2.3277 -8.0037 1.8691
v -2.1917 -7.8791 1.8233
v -1.5186 -8.2018 1.9338
v -1.7529 -7.8981 1.8155
v -2.3701 -8.0921 1.8936
v -1.5450 -8.1445 1.9045
v -2.4204 -8.2321 1.9307
v -1.5193 -8.2252 1.9408
v -1.5286 -8.1761 1.9211
v -2.4020 -8.1530 1.9123
v -2.4132 -8.2492 1.9262
v -1.5245 -8.2397 1.9384
v -1.5392 -7.9693 1.4684
v -2.3568 -7.8134 1.1462
v -2.3439 -7.7850 0.9723
v -2.3500 -7.8737 1.4467
v -1.6887 -8.0490 2.1549
v -2.3654 -7.8090 0.2946
v -2.2398 -7.9939 2.1717
v -1.5226 -7.8022 0.0210
v -2.3354 -7.7598 0.8025
v -1.5878 -8.0051 1.7486
v -1.6333 -8.0409 1.9663
v -2.3323 -7.8042 -0.1324
v -1.5505 -7.7858 -0.2124
v -1.5606 -7.8375 0.5596
v -2.3671 -7.8168 0.0823
v -1.6542 -7.7628 -0.4008
v -2.2074 -8.0419 2.3246
v -1.5614 -7.8650 0.6778
v -2.2437 -7.7808 -0.3169
v -1.8043 -7.7508 -0.4932
v -1.5393 -7.9193 0.9528
v -2.3132 -7.9342 1.7313
v -2.2760 -7.9587 1.9660
v -2.1146 -7.7618 -0.4457
v -1.5306 -7.9375 1.1510
v -1.5298 -7.8074 0.2328
v -1.7449 -8.0545 2.3046
v -1.5493 -7.8149 0.4201
v -2.3500 -7.7827 0.4886
v -1.9681 -7.7516 -0.5005
v -1.5521 -7.8880 0.7974
v -2.3398 -7.7638 0.6184
v -1.5602 -7.9824 1.6102
v -2.3335 -7.9037 1.5906
v -1.5316 -7.9544 1.3181
v -2.3581 -7.8437 1.3009
v -2.1898 -8.0606 2.3795
v -1.7680 -8.0577 2.3563
v -2.1752 -8.0708 2.4124
v -1.7839 -8.0610 2.3871
v -2.3358 -7.7557 0.7000
v -1.7175 -8.0520 2.2364
v -2.2237 -8.0191 2.2548
v -2.2574 -7.9742 2.0728
v -1.6595 -8.0456 2.0645
v -2.2943 -7.9496 1.8537
v -1.6111 -8.0290 1.8613
v -1.8034 -8.1580 2.4944
v -1.9254 -8.3356 0.3599
v -1.9426 -8.3443 0.1135
v -1.9566 -8.3446 -0.3134
v -1.9297 -8.2771 0.3600
v -1.9393 -8.1894 0.3602
v -1.9494 -8.2071 0.4670
v -1.9530 -8.2108 0.5758
v -1.9537 -8.2468 0.6786
v -1.9557 -8.2806 0.7997
v -1.9652 -8.3170 0.9693
v -1.9741 -8.3415 1.1694
v -1.9772 -8.3495 1.3538
v -1.9766 -8.3480 1.5106
v -1.9718 -8.3375 1.6769
v -1.9660 -8.3229 1.8295
v -1.9624 -8.3119 1.9327
v -1.9593 -8.3005 2.0329
v -1.9568 -8.2854 2.1314
v -1.9569 -8.2674 2.2235
v -1.9625 -8.2505 2.3014
v -1.9682 -8.2363 2.3724
v -1.9688 -8.2253 2.4359
v -1.9651 -8.2176 2.4888
v -2.1132 -8.2772 0.3634
v -1.7989 -8.3446 -0.2460
v -2.1903 -8.2005 0.4715
v -2.1903 -8.2404 0.6710
v -2.1721 -8.2743 0.7884
v -2.2006 -8.3129 0.9624
v -2.2331 -8.3509 1.5015
v -2.1985 -8.3274 1.8221
v -2.1659 -8.3044 2.0306
v -2.1302 -8.2692 2.2279
v -2.1073 -8.2383 2.3723
v -2.1257 -8.1888 0.3637
v -2.1941 -8.2078 0.5773
v -2.2265 -8.3397 1.1625
v -2.2357 -8.3502 1.3452
v -2.2184 -8.3417 1.6682
v -2.1827 -8.3162 1.9275
v -2.1471 -8.2883 2.1332
v -2.1191 -8.2524 2.3037
v -2.0881 -8.2264 2.4370
v -2.0628 -8.2197 2.4908
v -1.7530 -8.1900 0.3566
v -1.7274 -8.2123 0.5736
v -1.7217 -8.3433 1.1763
v -1.7187 -8.3488 1.3623
v -1.7251 -8.3333 1.6856
v -1.7421 -8.3075 1.9379
v -1.7662 -8.2843 2.1305
v -1.8056 -8.2525 2.3014
v -1.8549 -8.2277 2.4365
v -1.8736 -8.2171 2.4877
v -1.7463 -8.2770 0.3565
v -1.7445 -8.3353 0.3565
v -1.7287 -8.2059 0.4565
v -1.7225 -8.2522 0.6857
v -1.7393 -8.2870 0.8111
v -1.7299 -8.3211 0.9763
v -1.7200 -8.3450 1.5197
v -1.7334 -8.3184 1.8368
v -1.7526 -8.2969 2.0354
v -1.7831 -8.2691 2.2209
v -1.8311 -8.2388 2.3746
v -1.5628 -8.1685 0.3172
v -1.5508 -8.1676 0.0786
v -2.3362 -8.1319 0.4671
v -2.3298 -8.1318 0.3274
v -2.3444 -8.1769 0.5689
v -2.3286 -8.1684 0.4645
v -1.7689 -8.1715 2.4897
v -1.8009 -8.1653 2.5226
v -1.4705 -8.3250 1.6998
v -1.4923 -8.3099 1.8473
v -1.6577 -8.1231 -0.4073
v -1.8044 -8.1232 -0.5135
v -1.5442 -8.2000 0.6808
v -1.5414 -8.2510 0.6793
v -2.3248 -8.1663 0.3371
v -1.4552 -8.3382 1.5424
v -1.4608 -8.2910 1.5476
v -1.4895 -8.2759 0.9764
v -1.4870 -8.3224 0.9708
v -2.3361 -8.1309 0.1328
v -2.3243 -8.1261 -0.1059
v -1.7785 -8.2074 2.4898
v -1.8064 -8.2010 2.5266
v -1.5644 -8.1334 0.3035
v -1.5689 -8.1320 0.4394
v -2.2572 -8.1185 -0.3163
v -2.2557 -8.1608 -0.3158
v -2.4844 -8.3125 1.1527
v -2.4393 -8.2803 0.9492
v -1.5737 -8.1259 -0.1944
v -1.5167 -8.2887 0.8099
v -1.5657 -8.1932 0.4424
v -1.8419 -8.1640 2.5414
v -1.4508 -8.3456 1.3734
v -2.3474 -8.2411 2.1476
v -2.3852 -8.2549 2.0371
v -2.3901 -8.2361 0.7677
v -1.4969 -8.2623 1.8465
v -1.5187 -8.2515 1.9490
v -1.5418 -8.2425 2.0435
v -1.8439 -8.2012 2.5466
v -1.4760 -8.2773 1.6999
v -1.6585 -8.1623 -0.4080
v -2.4442 -8.2528 0.9586
v -2.3889 -8.2041 0.7583
v -1.4607 -8.2985 1.1967
v -1.5572 -8.2105 0.5596
v -1.4553 -8.2988 1.3829
v -2.3659 -8.1739 0.6580
v -1.4591 -8.3438 1.1828
v -1.5147 -8.2981 1.9533
v -1.5387 -8.2881 2.0482
v -1.6885 -8.1913 2.3855
v -1.6958 -8.2274 2.3873
v -1.8934 -8.1662 2.5480
v -1.9546 -8.1690 2.5498
v -2.3795 -8.2942 2.0368
v -2.1261 -8.1158 -0.4557
v -1.6471 -8.2380 2.3144
v -2.1270 -8.2115 2.5378
v -2.1343 -8.1740 2.5352
v -2.5057 -8.2973 1.5189
v -2.4952 -8.3326 1.5036
v -2.4101 -8.3047 1.9290
v -2.4402 -8.3155 1.8109
v -2.5108 -8.2944 1.3544
v -2.4966 -8.2833 1.1743
v -2.1697 -8.2197 2.5074
v -2.2127 -8.2233 2.4537
v -2.2518 -8.2327 2.3888
v -1.6445 -8.2046 2.3094
v -2.3439 -8.2806 2.1464
v -2.2812 -8.2444 2.3224
v -2.3094 -8.2631 2.2470
v -2.4152 -8.2640 1.9329
v -2.4448 -8.2745 1.8233
v -2.3101 -8.2240 2.2517
v -1.9566 -8.2084 2.5524
v -1.5501 -8.1291 0.0789
v -2.1738 -8.1825 2.4990
v -2.2826 -8.2106 2.3198
v -1.8931 -8.2051 2.5498
v -1.5597 -8.1550 0.5580
v -2.2544 -8.1991 2.3823
v -2.0822 -8.1707 2.5477
v -2.0810 -8.2085 2.5517
v -1.5693 -8.2768 2.1409
v -1.6030 -8.2506 2.2258
v -2.4792 -8.2878 1.6732
v -1.5717 -8.2315 2.1342
v -1.6043 -8.2256 2.2118
v -2.3523 -8.1492 0.5800
v -1.9778 -8.1240 -0.5198
v -2.0191 -8.1710 2.5506
v -2.4717 -8.3266 1.6624
v -2.0238 -8.2089 2.5522
v -2.1286 -8.1571 -0.4574
v -2.2138 -8.1888 2.4467
v -1.5192 -8.2402 0.8150
v -2.5006 -8.3280 1.3360
v -2.3619 -8.2034 0.6559
v -2.3214 -8.1675 -0.1057
v -1.8043 -8.1630 -0.5124
v -1.5746 -8.1651 -0.1940
v -2.3342 -8.1691 0.1341
v -1.9788 -8.1632 -0.5207
v -1.7319 -8.1805 2.4443
v -1.7419 -8.2168 2.4432
v -2.2979 -7.8356 1.5074
v -2.1220 -7.7451 1.4833
v -1.5072 -8.0526 1.5568
v -2.4863 -8.2851 1.5940
v -2.3791 -7.9527 1.5321
v -1.4615 -8.2236 1.6131
v -2.4472 -8.3472 1.5829
v -2.4929 -8.2152 1.5925
v -1.7251 -7.7996 1.4976
v -1.5010 -8.3353 1.6167
v -1.6109 -7.8939 1.5208
v -1.4752 -8.2779 1.6197
v -2.2245 -7.7835 1.4948
v -1.8534 -7.7421 1.4818
v -1.9879 -7.7313 1.4783
v -2.4299 -8.0651 1.5571
v -1.4804 -8.1378 1.5818
v -2.4959 -8.2561 1.5981
v -1.4659 -8.2525 1.6203
v -2.4677 -8.1536 1.5776
v -1.4678 -8.1868 1.5997
v -2.4899 -8.2745 1.5962
v -1.4732 -8.2688 1.6200
v -1.5497 -7.9758 1.5393
v -2.3418 -7.8887 1.5186
v -1.9743 -8.3430 1.5995
v -2.2262 -8.3468 1.5905
v -1.7224 -8.3393 1.6084
v -2.4925 -8.2924 1.5960
v -2.4835 -8.3295 1.5830
v -1.4628 -8.3315 1.6211
v -1.4684 -8.2839 1.6237
v -1.5178 -8.3217 1.7672
v -1.6338 -7.9219 1.6564
v -1.4933 -8.2645 1.7663
v -2.2121 -7.8290 1.6328
v -1.8556 -7.7980 1.6144
v -1.9847 -7.7884 1.6107
v -2.2814 -7.8723 1.6476
v -2.1148 -7.7990 1.6187
v -1.5330 -8.0610 1.6999
v -2.4562 -8.2743 1.7434
v -2.3592 -7.9781 1.6772
v -1.4820 -8.2134 1.7593
v -2.4200 -8.3363 1.7362
v -2.4657 -8.2070 1.7418
v -1.7355 -7.8431 1.6314
v -1.5046 -8.1375 1.7266
v -2.4066 -8.0777 1.7049
v -1.4850 -8.2400 1.7672
v -2.4665 -8.2458 1.7480
v -2.4425 -8.1540 1.7264
v -1.4900 -8.1808 1.7452
v -1.4915 -8.2556 1.7662
v -2.4599 -8.2639 1.7453
v -2.3233 -7.9189 1.6610
v -1.5740 -7.9938 1.6794
v -1.9690 -8.3306 1.7512
v -2.2091 -8.3350 1.7431
v -1.7289 -8.3262 1.7594
v -1.4814 -8.3174 1.7735
v -1.4865 -8.2697 1.7732
v -2.4620 -8.2810 1.7482
v -2.4559 -8.3209 1.7366
v -2.1234 -8.3321 -0.4136
v -1.5746 -8.3322 0.0859
v -1.5634 -8.3251 0.3531
v -2.2361 -8.3328 -0.2751
v -2.3102 -8.3337 0.1444
v -2.2889 -8.3261 0.3667
v -2.2977 -8.3339 -0.0750
v -1.8126 -8.3327 -0.4569
v -1.6771 -8.3325 -0.3566
v -1.5993 -8.3327 -0.1572
v -1.9771 -8.3325 -0.4732
v -2.1075 -8.3259 0.3633
v -1.7448 -8.3254 0.3565
v -1.9261 -8.3256 0.3599
v -1.5434 -8.2145 0.6804
v -2.3284 -8.1416 0.3302
v -1.4592 -8.3044 1.5461
v -1.4888 -8.2891 0.9748
v -2.2568 -8.1305 -0.3162
v -1.8024 -8.1755 2.5237
v -1.5680 -8.1494 0.4402
v -1.4956 -8.2758 1.8467
v -1.8425 -8.1746 2.5428
v -1.6579 -8.1342 -0.4075
v -2.4428 -8.2606 0.9559
v -2.3893 -8.2132 0.7610
v -1.6906 -8.2016 2.3860
v -2.3340 -8.1423 0.4663
v -1.4603 -8.3114 1.1927
v -2.3836 -8.2661 2.0370
v -2.1322 -8.1847 2.5360
v -2.5027 -8.3073 1.5145
v -2.3099 -8.2351 2.2504
v -1.9552 -8.1802 2.5505
v -1.5590 -8.1708 0.5585
v -2.2537 -8.2087 2.3841
v -2.0818 -8.1815 2.5489
v -2.4435 -8.2862 1.8197
v -1.5409 -8.2555 2.0448
v -1.6039 -8.2328 2.2158
v -2.1268 -8.1276 -0.4562
v -1.5639 -8.1434 0.3074
v -2.4932 -8.2916 1.1682
v -1.5185 -8.2540 0.8136
v -2.0204 -8.1818 2.5510
v -2.3500 -8.1571 0.5768
v -2.3234 -8.1379 -0.1058
v -1.8044 -8.1345 -0.5132
v -1.5739 -8.1370 -0.1943
v -1.5503 -8.1401 0.0788
v -2.3356 -8.1418 0.1331
v -1.9781 -8.1352 -0.5201
v -2.4771 -8.2988 1.6701
v -1.4744 -8.2909 1.6999
v -1.4540 -8.3121 1.3802
v -2.5079 -8.3040 1.3491
v -1.8933 -8.1772 2.5485
v -2.1727 -8.1931 2.5014
v -2.2135 -8.1986 2.4487
v -1.7347 -8.1909 2.4440
v -1.7716 -8.1817 2.4897
v -2.3648 -8.1823 0.6574
v -1.6452 -8.2141 2.3108
v -2.2822 -8.2202 2.3205
v -1.5710 -8.2444 2.1361
v -2.3464 -8.2523 2.1473
v -2.4138 -8.2756 1.9318
v -1.5176 -8.2647 1.9502
v -2.4899 -8.3029 1.5923
v -1.4668 -8.2974 1.6230
v -1.4850 -8.2833 1.7733
v -2.4603 -8.2924 1.7449
v -1.7169 -7.3706 0.5614
v -1.7215 -7.3467 0.5323
v -2.0349 -8.2148 2.5248
v -1.9587 -8.2131 2.5222
v -1.8862 -8.2115 2.5198
v -2.1068 -8.3449 -0.2090
v -2.1063 -8.3359 0.3633
v -1.7595 -8.3439 0.0989
v -2.1256 -8.3446 0.1281
v -1.7750 -8.3447 -0.1353
v -2.1221 -8.3453 -0.0944
vt 0.1436 0.9238
vt 0.1513 0.9240
vt 0.1511 0.9317
vt 0.1434 0.9316
vt 0.1371 0.9322
vt 0.1372 0.9245
vt 0.1270 0.9327
vt 0.1272 0.9249
vt 0.1163 0.9327
vt 0.1165 0.9250
vt 0.1043 0.9327
vt 0.1045 0.9250
vt 0.0902 0.9320
vt 0.0903 0.9244
vt 0.0816 0.9314
vt 0.0826 0.9245
vt 0.0747 0.9309
vt 0.0759 0.9244
vt 0.0683 0.9291
vt 0.0680 0.9221
vt 0.1416 0.9129
vt 0.1509 0.9122
vt 0.1508 0.9199
vt 0.1415 0.9206
vt 0.1351 0.9212
vt 0.1352 0.9135
vt 0.1251 0.9218
vt 0.1252 0.9141
vt 0.1144 0.9220
vt 0.1145 0.9142
vt 0.1024 0.9221
vt 0.1025 0.9143
vt 0.0883 0.9215
vt 0.0884 0.9139
vt 0.0806 0.9213
vt 0.0806 0.9140
vt 0.0758 0.9208
vt 0.0758 0.9137
vt 0.0680 0.9181
vt 0.0680 0.9111
vt 0.1415 0.9337
vt 0.1507 0.9328
vt 0.1520 0.9404
vt 0.1414 0.9415
vt 0.1347 0.9423
vt 0.1348 0.9346
vt 0.1250 0.9428
vt 0.1251 0.9350
vt 0.1144 0.9429
vt 0.1145 0.9351
vt 0.1024 0.9429
vt 0.1025 0.9352
vt 0.0887 0.9425
vt 0.0888 0.9349
vt 0.0820 0.9429
vt 0.0820 0.9356
vt 0.0758 0.9429
vt 0.0758 0.9358
vt 0.0680 0.9402
vt 0.0680 0.9332
vt 0.1432 0.9439
vt 0.1505 0.9429
vt 0.1511 0.9506
vt 0.1439 0.9516
vt 0.1380 0.9527
vt 0.1378 0.9450
vt 0.1283 0.9528
vt 0.1284 0.9451
vt 0.1176 0.9529
vt 0.1177 0.9452
vt 0.1055 0.9531
vt 0.1057 0.9454
vt 0.0913 0.9522
vt 0.0915 0.9446
vt 0.0837 0.9517
vt 0.0838 0.9445
vt 0.0769 0.9516
vt 0.0770 0.9445
vt 0.0680 0.9499
vt 0.0680 0.9429
vt 0.1460 0.9547
vt 0.1531 0.9531
vt 0.1537 0.9608
vt 0.1466 0.9623
vt 0.1384 0.9620
vt 0.1385 0.9545
vt 0.1270 0.9618
vt 0.1274 0.9541
vt 0.1161 0.9621
vt 0.1164 0.9544
vt 0.1041 0.9618
vt 0.1044 0.9541
vt 0.0898 0.9620
vt 0.0901 0.9544
vt 0.0830 0.9623
vt 0.0833 0.9550
vt 0.0768 0.9619
vt 0.0770 0.9549
vt 0.0680 0.9601
vt 0.0682 0.9531
vt 0.1436 0.9182
vt 0.1491 0.9179
vt 0.1581 0.9240
vt 0.1580 0.9318
vt 0.1492 0.9367
vt 0.1437 0.9371
vt 0.1378 0.9175
vt 0.1384 0.9388
vt 0.1270 0.9177
vt 0.1275 0.9400
vt 0.1164 0.9181
vt 0.1164 0.9400
vt 0.1046 0.9181
vt 0.1042 0.9399
vt 0.0906 0.9173
vt 0.0896 0.9395
vt 0.0826 0.9172
vt 0.0800 0.9391
vt 0.0770 0.9178
vt 0.0738 0.9374
vt 0.0614 0.9292
vt 0.0611 0.9223
vt 0.0705 0.9150
vt 0.0678 0.9375
vt 0.1405 0.9062
vt 0.1496 0.9044
vt 0.1577 0.9123
vt 0.1576 0.9200
vt 0.1508 0.9278
vt 0.1418 0.9274
vt 0.1353 0.9062
vt 0.1364 0.9285
vt 0.1249 0.9068
vt 0.1254 0.9292
vt 0.1144 0.9072
vt 0.1145 0.9291
vt 0.1026 0.9072
vt 0.1024 0.9293
vt 0.0883 0.9065
vt 0.0876 0.9293
vt 0.0803 0.9068
vt 0.0789 0.9286
vt 0.0776 0.9072
vt 0.0747 0.9275
vt 0.0611 0.9181
vt 0.0611 0.9111
vt 0.0705 0.9043
vt 0.0665 0.9265
vt 0.1398 0.9268
vt 0.1488 0.9249
vt 0.1576 0.9321
vt 0.1588 0.9397
vt 0.1528 0.9487
vt 0.1421 0.9487
vt 0.1346 0.9271
vt 0.1360 0.9497
vt 0.1250 0.9277
vt 0.1254 0.9503
vt 0.1143 0.9280
vt 0.1143 0.9501
vt 0.1024 0.9280
vt 0.1023 0.9500
vt 0.0886 0.9278
vt 0.0888 0.9502
vt 0.0815 0.9281
vt 0.0812 0.9508
vt 0.0767 0.9292
vt 0.0746 0.9494
vt 0.0611 0.9402
vt 0.0612 0.9332
vt 0.0703 0.9267
vt 0.0666 0.9486
vt 0.1413 0.9369
vt 0.1488 0.9352
vt 0.1573 0.9423
vt 0.1580 0.9500
vt 0.1520 0.9585
vt 0.1444 0.9592
vt 0.1371 0.9377
vt 0.1391 0.9600
vt 0.1285 0.9378
vt 0.1289 0.9604
vt 0.1177 0.9379
vt 0.1177 0.9604
vt 0.1058 0.9380
vt 0.1053 0.9605
vt 0.0915 0.9373
vt 0.0907 0.9597
vt 0.0836 0.9371
vt 0.0826 0.9593
vt 0.0781 0.9375
vt 0.0765 0.9585
vt 0.0611 0.9499
vt 0.0612 0.9429
vt 0.0698 0.9353
vt 0.0675 0.9584
vt 0.1447 0.9471
vt 0.1513 0.9453
vt 0.1599 0.9526
vt 0.1605 0.9603
vt 0.1540 0.9699
vt 0.1464 0.9699
vt 0.1389 0.9472
vt 0.1388 0.9695
vt 0.1276 0.9466
vt 0.1272 0.9694
vt 0.1164 0.9470
vt 0.1161 0.9693
vt 0.1044 0.9467
vt 0.1042 0.9694
vt 0.0894 0.9468
vt 0.0894 0.9699
vt 0.0830 0.9477
vt 0.0825 0.9697
vt 0.0780 0.9478
vt 0.0763 0.9692
vt 0.0611 0.9599
vt 0.0614 0.9529
vt 0.0696 0.9461
vt 0.0669 0.9681
vt 0.9247 0.8287
vt 0.9096 0.8220
vt 0.9238 0.8016
vt 0.9381 0.8116
vt 0.9021 0.8034
vt 0.8923 0.8207
vt 0.8773 0.8007
vt 0.8726 0.8146
vt 0.8438 0.7928
vt 0.8403 0.8118
vt 0.8389 0.8317
vt 0.8657 0.8354
vt 0.8650 0.8470
vt 0.8358 0.8444
vt 0.8428 0.7253
vt 0.8426 0.7173
vt 0.8801 0.7234
vt 0.8823 0.7306
vt 0.8435 0.7765
vt 0.8418 0.7565
vt 0.8836 0.7639
vt 0.8828 0.7824
vt 0.8859 0.8529
vt 0.8866 0.8394
vt 0.8836 0.7381
vt 0.8428 0.7335
vt 0.9656 0.7268
vt 0.9359 0.7239
vt 0.9307 0.7118
vt 0.9658 0.7186
vt 0.8837 0.7485
vt 0.8435 0.7437
vt 0.9585 0.7651
vt 0.9557 0.7754
vt 0.9291 0.7833
vt 0.9319 0.7696
vt 0.9040 0.8432
vt 0.9012 0.8573
vt 0.9238 0.8016
vt 0.9549 0.7867
vt 0.9690 0.7343
vt 0.9691 0.7427
vt 0.9406 0.7397
vt 0.9398 0.7316
vt 0.9642 0.7498
vt 0.9612 0.7578
vt 0.9363 0.7570
vt 0.9392 0.7483
vt 0.9161 0.7360
vt 0.9159 0.7452
vt 0.9139 0.7556
vt 0.9161 0.7360
vt 0.9132 0.7287
vt 0.9092 0.7870
vt 0.9106 0.7717
vt 0.9202 0.8486
vt 0.9175 0.8638
vt 0.9419 0.7009
vt 0.9691 0.7105
vt 0.8702 0.7050
vt 0.8991 0.7113
vt 0.9072 0.7223
vt 0.8756 0.7171
vt 0.8364 0.6799
vt 0.8639 0.6858
vt 0.8702 0.7050
vt 0.8392 0.6958
vt 0.8875 0.9141
vt 0.8754 0.9068
vt 0.8872 0.8918
vt 0.8999 0.9007
vt 0.8866 0.6900
vt 0.9071 0.6893
vt 0.8994 0.6158
vt 0.8857 0.6236
vt 0.8819 0.5951
vt 0.8961 0.5874
vt 0.8764 0.5774
vt 0.8888 0.5700
vt 0.8509 0.8948
vt 0.8327 0.8921
vt 0.8343 0.8804
vt 0.8572 0.8815
vt 0.8551 0.6255
vt 0.8310 0.6257
vt 0.8330 0.6084
vt 0.8519 0.6040
vt 0.8352 0.5978
vt 0.8525 0.5913
vt 0.8644 0.8631
vt 0.8362 0.8615
vt 0.8820 0.8678
vt 0.8959 0.8717
vt 0.8872 0.8918
vt 0.8729 0.8864
vt 0.9108 0.8772
vt 0.8648 0.8999
vt 0.8729 0.8864
vt 0.8711 0.6244
vt 0.8662 0.6013
vt 0.8656 0.5843
vt 0.8820 0.8678
vt 0.8409 0.7084
vt 0.9071 0.6893
vt 0.8981 0.6686
vt 0.9128 0.6628
vt 0.9218 0.6825
vt 0.8807 0.6704
vt 0.8600 0.6665
vt 0.9641 0.7962
vt 0.8347 0.6622
vt 0.8923 0.6479
vt 0.9057 0.6419
vt 0.8760 0.6488
vt 0.8570 0.6464
vt 0.8347 0.6445
vt 0.8183 0.8774
vt 0.8198 0.8583
vt 0.8223 0.7433
vt 0.8215 0.7340
vt 0.8216 0.7265
vt 0.8218 0.7192
vt 0.8188 0.8411
vt 0.8216 0.8282
vt 0.8237 0.7739
vt 0.8211 0.7553
vt 0.8196 0.6987
vt 0.8178 0.6832
vt 0.8205 0.7107
vt 0.8169 0.6655
vt 0.8177 0.6478
vt 0.8224 0.8083
vt 0.8247 0.7896
vt 0.8169 0.6109
vt 0.8195 0.6000
vt 0.8147 0.6286
vt 0.8171 0.8893
vt 0.8045 0.7432
vt 0.8037 0.7344
vt 0.8036 0.8749
vt 0.8047 0.8556
vt 0.8024 0.7007
vt 0.8010 0.6855
vt 0.8064 0.7723
vt 0.8034 0.7546
vt 0.8034 0.8384
vt 0.8059 0.8255
vt 0.8007 0.6680
vt 0.8020 0.6503
vt 0.8029 0.7122
vt 0.8061 0.8058
vt 0.8079 0.7874
vt 0.7994 0.6308
vt 0.8041 0.7203
vt 0.8038 0.7273
vt 0.8021 0.6130
vt 0.8048 0.6019
vt 0.8026 0.8871
vt 0.7860 0.7542
vt 0.7869 0.7432
vt 0.7863 0.7279
vt 0.7865 0.7212
vt 0.7909 0.7856
vt 0.7891 0.7712
vt 0.7864 0.6152
vt 0.7892 0.6039
vt 0.7835 0.6332
vt 0.7871 0.8847
vt 0.7881 0.8723
vt 0.7896 0.8230
vt 0.7894 0.8035
vt 0.7861 0.7348
vt 0.7890 0.8529
vt 0.7851 0.7022
vt 0.7840 0.6873
vt 0.7874 0.8358
vt 0.7841 0.6702
vt 0.7856 0.6527
vt 0.7855 0.7134
vt 0.7733 0.8502
vt 0.7717 0.8331
vt 0.7738 0.8205
vt 0.7679 0.6721
vt 0.7697 0.6550
vt 0.7688 0.7142
vt 0.7685 0.7033
vt 0.7734 0.8016
vt 0.7746 0.7843
vt 0.7677 0.6357
vt 0.7698 0.7218
vt 0.7694 0.7351
vt 0.7695 0.7284
vt 0.7676 0.6888
vt 0.7694 0.7540
vt 0.7703 0.7434
vt 0.7727 0.7704
vt 0.7707 0.6177
vt 0.7734 0.6062
vt 0.7715 0.8821
vt 0.7725 0.8696
vt 0.6131 0.7909
vt 0.6128 0.8071
vt 0.5740 0.8054
vt 0.5720 0.7877
vt 0.1591 0.7396
vt 0.1388 0.7350
vt 0.1392 0.7231
vt 0.1589 0.7269
vt 0.1433 0.2613
vt 0.1713 0.2709
vt 0.1688 0.2798
vt 0.1399 0.2692
vt 0.3957 0.3827
vt 0.3949 0.3900
vt 0.3661 0.3978
vt 0.3671 0.3902
vt 0.6187 0.4009
vt 0.6393 0.4026
vt 0.6358 0.4140
vt 0.6143 0.4139
vt 0.7266 0.7061
vt 0.7261 0.7104
vt 0.6953 0.7035
vt 0.6960 0.6990
vt 0.6260 0.3801
vt 0.6051 0.3767
vt 0.6053 0.3749
vt 0.6262 0.3784
vt 0.1835 0.4372
vt 0.2321 0.4332
vt 0.2298 0.4492
vt 0.1837 0.4533
vt 0.6548 0.4803
vt 0.6326 0.4865
vt 0.6301 0.4644
vt 0.6521 0.4602
vt 0.6539 0.7244
vt 0.6527 0.7405
vt 0.6131 0.7318
vt 0.6128 0.7160
vt 0.0842 0.6836
vt 0.0834 0.6829
vt 0.0970 0.6766
vt 0.0975 0.6777
vt 0.7919 0.1726
vt 0.7782 0.2056
vt 0.7757 0.1986
vt 0.7827 0.1726
vt 0.7330 0.4217
vt 0.7361 0.4190
vt 0.7439 0.4244
vt 0.7407 0.4271
vt 0.6977 0.8216
vt 0.6887 0.8355
vt 0.6710 0.8251
vt 0.6764 0.8112
vt 0.6537 0.4282
vt 0.6522 0.4426
vt 0.6310 0.4435
vt 0.6332 0.4275
vt 0.7611 0.4354
vt 0.7623 0.4343
vt 0.7701 0.4436
vt 0.7688 0.4447
vt 0.0776 0.0982
vt 0.0952 0.0871
vt 0.0941 0.0914
vt 0.0767 0.1031
vt 0.6071 0.4691
vt 0.6095 0.4929
vt 0.3749 0.5726
vt 0.3556 0.5802
vt 0.3378 0.5631
vt 0.3496 0.5282
vt 0.3932 0.4069
vt 0.3917 0.4262
vt 0.3647 0.4319
vt 0.3650 0.4139
vt 0.0607 0.2398
vt 0.0495 0.2280
vt 0.0507 0.2219
vt 0.0606 0.2338
vt 0.7400 0.4396
vt 0.7350 0.4429
vt 0.7292 0.4365
vt 0.7334 0.4334
vt 0.7584 0.4379
vt 0.7551 0.4407
vt 0.7479 0.4332
vt 0.7511 0.4304
vt 0.3935 0.5649
vt 0.4122 0.5577
vt 0.4256 0.5873
vt 0.4050 0.5967
vt 0.4648 0.4403
vt 0.4629 0.4660
vt 0.4235 0.4713
vt 0.4235 0.4441
vt 0.5540 0.2952
vt 0.5309 0.2970
vt 0.5334 0.2942
vt 0.5575 0.2924
vt 0.3112 0.6908
vt 0.3448 0.6939
vt 0.3473 0.7238
vt 0.3151 0.7194
vt 0.5621 0.6843
vt 0.5648 0.6931
vt 0.5236 0.6918
vt 0.5214 0.6829
vt 0.2857 0.3172
vt 0.2651 0.3153
vt 0.2650 0.3127
vt 0.2857 0.3146
vt 0.1923 0.6740
vt 0.1706 0.6772
vt 0.1684 0.6678
vt 0.1899 0.6643
vt 0.3935 0.5649
vt 0.3746 0.5257
vt 0.1887 0.0665
vt 0.1651 0.0749
vt 0.1617 0.0671
vt 0.1852 0.0580
vt 0.1572 0.7562
vt 0.1361 0.7506
vt 0.7551 0.4407
vt 0.7627 0.4499
vt 0.7588 0.4533
vt 0.7514 0.4440
vt 0.4235 0.4441
vt 0.3906 0.4503
vt 0.3917 0.4262
vt 0.4245 0.4204
vt 0.1839 0.4686
vt 0.1843 0.4849
vt 0.1467 0.4946
vt 0.1453 0.4776
vt 0.4709 0.5384
vt 0.4814 0.5669
vt 0.4535 0.5774
vt 0.4412 0.5486
vt 0.3169 0.7363
vt 0.3485 0.7422
vt 0.0850 0.1156
vt 0.0710 0.1269
vt 0.0685 0.1212
vt 0.0819 0.1102
vt 0.3400 0.4597
vt 0.3105 0.4631
vt 0.3101 0.4455
vt 0.3389 0.4390
vt 0.7250 0.7154
vt 0.7232 0.7239
vt 0.6921 0.7161
vt 0.6939 0.7082
vt 0.3652 0.4548
vt 0.3647 0.4319
vt 0.4458 0.0568
vt 0.3933 0.0500
vt 0.3933 0.0393
vt 0.4487 0.0473
vt 0.4785 0.8334
vt 0.4601 0.8144
vt 0.4937 0.7985
vt 0.5030 0.8173
vt 0.7193 0.4491
vt 0.7069 0.4520
vt 0.7045 0.4411
vt 0.7160 0.4403
vt 0.5123 0.3672
vt 0.4752 0.3672
vt 0.4750 0.3653
vt 0.5122 0.3653
vt 0.3861 0.6559
vt 0.4287 0.6667
vt 0.4281 0.6762
vt 0.3857 0.6649
vt 0.3386 0.4222
vt 0.6242 0.3879
vt 0.6439 0.3908
vt 0.6418 0.3959
vt 0.6217 0.3936
vt 0.7017 0.4864
vt 0.6952 0.4697
vt 0.7115 0.4649
vt 0.7183 0.4796
vt 0.0779 0.7060
vt 0.0826 0.7083
vt 0.0768 0.7156
vt 0.0713 0.7135
vt 0.0631 0.1084
vt 0.0624 0.1141
vt 0.2717 0.4633
vt 0.2720 0.4483
vt 0.2339 0.4227
vt 0.2360 0.4135
vt 0.2809 0.4137
vt 0.2775 0.4227
vt 0.7577 0.2359
vt 0.7736 0.2518
vt 0.7470 0.2863
vt 0.7266 0.2781
vt 0.7179 0.4242
vt 0.7156 0.4288
vt 0.7047 0.4258
vt 0.7067 0.4199
vt 0.2344 0.6883
vt 0.2396 0.7109
vt 0.2246 0.7092
vt 0.2192 0.6876
vt 0.5087 0.3852
vt 0.4723 0.3856
vt 0.4739 0.3776
vt 0.5108 0.3772
vt 0.6893 0.7345
vt 0.6870 0.7505
vt 0.6566 0.6919
vt 0.6563 0.6882
vt 0.1178 0.7447
vt 0.1211 0.7300
vt 0.4749 0.3710
vt 0.4739 0.3776
vt 0.4288 0.3826
vt 0.4296 0.3757
vt 0.1881 0.5229
vt 0.1861 0.5085
vt 0.2299 0.5026
vt 0.2313 0.5162
vt 0.1846 0.4026
vt 0.1855 0.3989
vt 0.2440 0.3952
vt 0.2424 0.3987
vt 0.6845 0.7675
vt 0.6817 0.7862
vt 0.6502 0.7747
vt 0.6516 0.7569
vt 0.4641 0.5046
vt 0.4285 0.5126
vt 0.1217 0.7116
vt 0.1222 0.7191
vt 0.1078 0.7154
vt 0.1077 0.7090
vt 0.6131 0.7473
vt 0.6130 0.7648
vt 0.8161 0.4032
vt 0.8099 0.4159
vt 0.7658 0.3895
vt 0.7757 0.3809
vt 0.4259 0.7073
vt 0.4236 0.7344
vt 0.3853 0.7294
vt 0.3857 0.6998
vt 0.3355 0.8338
vt 0.3431 0.8062
vt 0.3722 0.8182
vt 0.3632 0.8453
vt 0.6130 0.7648
vt 0.5705 0.7591
vt 0.7448 0.3579
vt 0.7566 0.3535
vt 0.4656 0.6778
vt 0.4897 0.6813
vt 0.4895 0.6907
vt 0.4647 0.6875
vt 0.5266 0.2756
vt 0.5549 0.2732
vt 0.5589 0.2835
vt 0.5313 0.2862
vt 0.0509 0.1563
vt 0.0505 0.1726
vt 0.0453 0.1726
vt 0.0459 0.1570
vt 0.7442 0.4363
vt 0.7372 0.4302
vt 0.0414 0.2169
vt 0.0346 0.2046
vt 0.0408 0.2018
vt 0.0450 0.2120
vt 0.2446 0.7555
vt 0.2428 0.7767
vt 0.2281 0.7727
vt 0.2298 0.7521
vt 0.6608 0.3992
vt 0.6624 0.3946
vt 0.0701 0.7263
vt 0.0644 0.7238
vt 0.3411 0.6486
vt 0.3415 0.6570
vt 0.0730 0.6897
vt 0.0842 0.6836
vt 0.0852 0.6858
vt 0.0745 0.6917
vt 0.7146 0.4339
vt 0.7038 0.4326
vt 0.4241 0.8799
vt 0.4097 0.8706
vt 0.4215 0.8434
vt 0.4391 0.8524
vt 0.5676 0.7116
vt 0.5690 0.7271
vt 0.7832 0.1400
vt 0.7777 0.1458
vt 0.5700 0.4515
vt 0.5839 0.4497
vt 0.5822 0.4748
vt 0.5683 0.4783
vt 0.1222 0.7191
vt 0.3746 0.5257
vt 0.3668 0.4829
vt 0.3913 0.4782
vt 0.3984 0.5194
vt 0.2747 0.4328
vt 0.3107 0.4296
vt 0.0850 0.7009
vt 0.0881 0.7048
vt 0.9367 0.1731
vt 0.9404 0.1996
vt 0.8792 0.2073
vt 0.8752 0.1841
vt 0.2366 0.8032
vt 0.2224 0.7989
vt 0.0699 0.2238
vt 0.0838 0.2341
vt 0.0794 0.2392
vt 0.0660 0.2276
vt 0.7470 0.4475
vt 0.7416 0.4512
vt 0.0660 0.4265
vt 0.0988 0.4171
vt 0.0998 0.4205
vt 0.0669 0.4303
vt 0.9449 0.4279
vt 0.9432 0.4410
vt 0.8737 0.4320
vt 0.8742 0.4173
vt 0.1328 0.5403
vt 0.1267 0.5271
vt 0.1497 0.5179
vt 0.1529 0.5314
vt 0.4259 0.7073
vt 0.4272 0.6891
vt 0.4476 0.6944
vt 0.4461 0.7105
vt 0.0482 0.7145
vt 0.0560 0.7044
vt 0.0584 0.7063
vt 0.0510 0.7165
vt 0.0745 0.6917
vt 0.0777 0.6944
vt 0.0694 0.7010
vt 0.0659 0.6983
vt 0.4962 0.4964
vt 0.5259 0.4889
vt 0.5280 0.5192
vt 0.4997 0.5289
vt 0.6558 0.7060
vt 0.6548 0.7145
vt 0.6125 0.7060
vt 0.6122 0.6972
vt 0.0911 0.2612
vt 0.0758 0.2514
vt 0.0747 0.2461
vt 0.0894 0.2565
vt 0.6475 0.8000
vt 0.2730 0.5083
vt 0.2759 0.5241
vt 0.6817 0.7862
vt 0.7070 0.7971
vt 0.6095 0.4929
vt 0.6164 0.5168
vt 0.5918 0.5256
vt 0.5845 0.5004
vt 0.4555 0.8628
vt 0.4624 0.8630
vt 0.4482 0.8880
vt 0.4399 0.8869
vt 0.7660 0.4470
vt 0.0622 0.7089
vt 0.0549 0.7188
vt 0.2720 0.7293
vt 0.2869 0.7314
vt 0.2883 0.7461
vt 0.2735 0.7435
vt 0.6928 0.4151
vt 0.6908 0.4224
vt 0.2750 0.5293
vt 0.2759 0.5241
vt 0.3170 0.5436
vt 0.3154 0.5499
vt 0.7512 0.3218
vt 0.7388 0.3218
vt 0.7470 0.2863
vt 0.7594 0.2914
vt 0.0536 0.2076
vt 0.0601 0.2138
vt 0.0568 0.2164
vt 0.0514 0.2080
vt 0.4586 0.7530
vt 0.4858 0.7486
vt 0.4865 0.7670
vt 0.4592 0.7755
vt 0.4004 0.8321
vt 0.3894 0.8596
vt 0.4101 0.8038
vt 0.3790 0.7923
vt 0.3829 0.7682
vt 0.4158 0.7753
vt 0.5731 0.4322
vt 0.5876 0.4311
vt 0.1167 0.5522
vt 0.1328 0.5403
vt 0.1348 0.5443
vt 0.1189 0.5559
vt 0.4264 0.4005
vt 0.4701 0.3966
vt 0.4669 0.4173
vt 0.4245 0.4204
vt 0.7122 0.7774
vt 0.6845 0.7675
vt 0.6870 0.7505
vt 0.7166 0.7597
vt 0.6442 0.8140
vt 0.6475 0.8000
vt 0.1553 0.5358
vt 0.3488 0.7599
vt 0.3474 0.7818
vt 0.3728 0.6098
vt 0.3893 0.6041
vt 0.2041 0.7475
vt 0.2026 0.7666
vt 0.1793 0.7613
vt 0.1808 0.7438
vt 0.9400 0.4649
vt 0.8707 0.4539
vt 0.1360 0.4084
vt 0.1359 0.4130
vt 0.4335 0.8102
vt 0.4386 0.7774
vt 0.2286 0.4795
vt 0.2718 0.4806
vt 0.4495 0.6729
vt 0.4487 0.6826
vt 0.0994 0.2430
vt 0.0946 0.2493
vt 0.3148 0.7971
vt 0.3079 0.8249
vt 0.2797 0.8163
vt 0.2865 0.7889
vt 0.5664 0.7017
vt 0.5245 0.7007
vt 0.3496 0.5282
vt 0.3128 0.5185
vt 0.3101 0.4855
vt 0.3416 0.4850
vt 0.2290 0.4640
vt 0.2286 0.4795
vt 0.1139 0.6876
vt 0.1014 0.6899
vt 0.0992 0.6848
vt 0.1116 0.6814
vt 0.1881 0.6573
vt 0.1668 0.6610
vt 0.2312 0.5210
vt 0.5845 0.5004
vt 0.5705 0.5049
vt 0.2440 0.7383
vt 0.2293 0.7356
vt 0.6116 0.6880
vt 0.6122 0.6972
vt 0.4284 0.6622
vt 0.4490 0.6683
vt 0.4635 0.6983
vt 0.4887 0.7011
vt 0.6896 0.4311
vt 0.6113 0.4284
vt 0.6332 0.4275
vt 0.9423 0.2139
vt 0.9426 0.2168
vt 0.8801 0.2256
vt 0.8800 0.2225
vt 0.4991 0.4370
vt 0.4968 0.4608
vt 0.1409 0.4458
vt 0.1434 0.4617
vt 0.3407 0.3983
vt 0.3394 0.4063
vt 0.3128 0.4119
vt 0.3154 0.4027
vt 0.1881 0.5229
vt 0.1896 0.5278
vt 0.1154 0.0752
vt 0.1168 0.0780
vt 0.1861 0.5085
vt 0.1497 0.5179
vt 0.6913 0.4546
vt 0.6896 0.4416
vt 0.5423 0.5144
vt 0.5501 0.5411
vt 0.5360 0.5464
vt 0.5280 0.5192
vt 0.8262 0.2372
vt 0.8197 0.2239
vt 0.8792 0.2073
vt 0.8800 0.2225
vt 0.7500 0.4031
vt 0.8006 0.4349
vt 0.8098 0.2039
vt 0.8197 0.2239
vt 0.3916 0.3135
vt 0.3472 0.3175
vt 0.3475 0.3150
vt 0.3921 0.3110
vt 0.1072 0.5382
vt 0.9482 0.2708
vt 0.8842 0.2737
vt 0.1146 0.4871
vt 0.1192 0.5047
vt 0.1216 0.0925
vt 0.1021 0.1038
vt 0.0983 0.0982
vt 0.1184 0.0850
vt 0.5854 0.3903
vt 0.5882 0.3834
vt 0.6029 0.3850
vt 0.6001 0.3913
vt 0.0849 0.4964
vt 0.0792 0.4790
vt 0.1107 0.4707
vt 0.1146 0.4871
vt 0.5347 0.8064
vt 0.5303 0.7900
vt 0.3175 0.7729
vt 0.2886 0.7655
vt 0.5070 0.8238
vt 0.5030 0.8173
vt 0.5347 0.8064
vt 0.5357 0.8126
vt 0.6847 0.8383
vt 0.6673 0.8275
vt 0.6117 0.8106
vt 0.6128 0.8071
vt 0.6442 0.8140
vt 0.6426 0.8177
vt 0.6085 0.4461
vt 0.4437 0.7352
vt 0.4285 0.5126
vt 0.4235 0.4713
vt 0.4968 0.4608
vt 0.5271 0.4562
vt 0.7246 0.4600
vt 0.7115 0.4649
vt 0.2035 0.7324
vt 0.1804 0.7301
vt 0.7594 0.1200
vt 0.7611 0.1254
vt 0.0502 0.1985
vt 0.0483 0.1995
vt 0.3178 0.7523
vt 0.2883 0.7461
vt 0.1360 0.0632
vt 0.1579 0.0529
vt 0.1568 0.0565
vt 0.1349 0.0670
vt 0.7836 0.2616
vt 0.7856 0.2636
vt 0.7619 0.2924
vt 0.7594 0.2914
vt 0.5707 0.0472
vt 0.6043 0.0533
vt 0.6070 0.0561
vt 0.5731 0.0500
vt 0.4199 0.7542
vt 0.3844 0.7487
vt 0.5269 0.7600
vt 0.1444 0.6660
vt 0.1461 0.6725
vt 0.0549 0.7188
vt 0.0593 0.7213
vt 0.0520 0.7318
vt 0.0475 0.7292
vt 0.1178 0.7447
vt 0.1116 0.7625
vt 0.0953 0.7549
vt 0.1019 0.7389
vt 0.1518 0.7776
vt 0.1305 0.7702
vt 0.5251 0.7110
vt 0.5259 0.7274
vt 0.4865 0.7321
vt 0.4878 0.7135
vt 0.3052 0.6423
vt 0.3056 0.6401
vt 0.3419 0.6424
vt 0.3414 0.6446
vt 0.2858 0.4036
vt 0.2809 0.4137
vt 0.4415 0.7549
vt 0.3128 0.5185
vt 0.2393 0.4037
vt 0.4335 0.8102
vt 0.0959 0.7123
vt 0.1078 0.7154
vt 0.1060 0.7255
vt 0.0929 0.7211
vt 0.1019 0.7389
vt 0.0878 0.7334
vt 0.3470 0.5833
vt 0.3314 0.5664
vt 0.0632 0.7380
vt 0.0571 0.7346
vt 0.1089 0.2701
vt 0.1070 0.2660
vt 0.0507 0.1879
vt 0.0467 0.1878
vt 0.6614 0.5012
vt 0.6393 0.5089
vt 0.1972 0.7914
vt 0.1741 0.7845
vt 0.3844 0.7487
vt 0.6996 0.4010
vt 0.6975 0.4048
vt 0.6805 0.3995
vt 0.6820 0.3954
vt 0.2259 0.6476
vt 0.2106 0.6499
vt 0.2106 0.6476
vt 0.2260 0.6454
vt 0.3638 0.6101
vt 0.1431 0.0839
vt 0.1400 0.0769
vt 0.7836 0.2616
vt 0.2290 0.4640
vt 0.2298 0.4492
vt 0.4899 0.0631
vt 0.4923 0.0543
vt 0.5697 0.7421
vt 0.5262 0.7428
vt 0.5259 0.7274
vt 0.5690 0.7271
vt 0.7198 0.7434
vt 0.1578 0.7175
vt 0.1382 0.7148
vt 0.1361 0.7064
vt 0.1558 0.7077
vt 0.4853 0.8390
vt 0.1486 0.6816
vt 0.7186 0.3218
vt 0.7267 0.3647
vt 0.4865 0.7670
vt 0.6639 0.3903
vt 0.6624 0.3946
vt 0.1107 0.4707
vt 0.1068 0.4546
vt 0.2020 0.7209
vt 0.1791 0.7196
vt 0.1043 0.4447
vt 0.0714 0.4525
vt 0.0692 0.4439
vt 0.1024 0.4363
vt 0.0934 0.5154
vt 0.7319 0.4726
vt 0.1100 0.6763
vt 0.1235 0.6718
vt 0.1254 0.6776
vt 0.1116 0.6814
vt 0.0734 0.7035
vt 0.0665 0.7113
vt 0.0533 0.1391
vt 0.0500 0.1464
vt 0.0471 0.1463
vt 0.0507 0.1384
vt 0.5262 0.7428
vt 0.0408 0.7248
vt 0.0438 0.7268
vt 0.7544 0.4571
vt 0.7490 0.4614
vt 0.5697 0.7421
vt 0.0274 0.1720
vt 0.0285 0.1539
vt 0.0362 0.1553
vt 0.0351 0.1726
vt 0.4997 0.5289
vt 0.5085 0.5567
vt 0.6098 0.6826
vt 0.6088 0.6791
vt 0.5604 0.3709
vt 0.5451 0.3691
vt 0.5451 0.3672
vt 0.5604 0.3690
vt 0.0814 0.7480
vt 0.7285 0.4104
vt 0.7267 0.4135
vt 0.7148 0.4075
vt 0.7160 0.4043
vt 0.0638 0.6962
vt 0.5746 0.8101
vt 0.4476 0.6944
vt 0.4487 0.6826
vt 0.1182 0.2514
vt 0.1140 0.2582
vt 0.6375 0.0660
vt 0.6831 0.0850
vt 0.6866 0.0883
vt 0.6402 0.0692
vt 0.7266 0.1041
vt 0.7304 0.1081
vt 0.3505 0.2953
vt 0.3949 0.2919
vt 0.3960 0.3024
vt 0.3513 0.3059
vt 0.5903 0.3746
vt 0.5756 0.3726
vt 0.5757 0.3707
vt 0.5905 0.3728
vt 0.5018 0.2998
vt 0.5033 0.2970
vt 0.2567 0.6439
vt 0.2411 0.6455
vt 0.2413 0.6432
vt 0.2569 0.6416
vt 0.5557 0.3879
vt 0.5585 0.3803
vt 0.5736 0.3819
vt 0.5707 0.3892
vt 0.5705 0.5049
vt 0.5780 0.5307
vt 0.5641 0.5358
vt 0.5566 0.5095
vt 0.2735 0.7435
vt 0.2739 0.7622
vt 0.2593 0.7588
vt 0.2587 0.7408
vt 0.5402 0.4853
vt 0.5545 0.4817
vt 0.5566 0.5095
vt 0.5423 0.5144
vt 0.5442 0.4338
vt 0.5587 0.4332
vt 0.5561 0.4532
vt 0.5416 0.4547
vt 0.2423 0.7252
vt 0.2571 0.7272
vt 0.2587 0.7408
vt 0.2440 0.7383
vt 0.2719 0.7848
vt 0.2652 0.8119
vt 0.2507 0.8075
vt 0.2574 0.7807
vt 0.0313 0.1892
vt 0.0289 0.1737
vt 0.0377 0.1881
vt 0.2649 0.6891
vt 0.2697 0.7142
vt 0.2545 0.7125
vt 0.2497 0.6890
vt 0.2723 0.6424
vt 0.2726 0.6401
vt 0.5297 0.4343
vt 0.5408 0.3865
vt 0.5434 0.3788
vt 0.4454 0.2858
vt 0.4476 0.2962
vt 0.2869 0.7314
vt 0.2847 0.7157
vt 0.2895 0.2945
vt 0.3120 0.2956
vt 0.3100 0.3059
vt 0.2898 0.3048
vt 0.2800 0.6892
vt 0.2761 0.6686
vt 0.3081 0.6692
vt 0.5326 0.4155
vt 0.5018 0.4159
vt 0.5058 0.3960
vt 0.5373 0.3970
vt 0.2609 0.6696
vt 0.2457 0.6705
vt 0.5472 0.4160
vt 0.5521 0.3981
vt 0.5670 0.3992
vt 0.5618 0.4166
vt 0.4620 0.7124
vt 0.4599 0.7344
vt 0.4277 0.3904
vt 0.3941 0.3974
vt 0.3389 0.4135
vt 0.3115 0.4203
vt 0.0813 0.6975
vt 0.0745 0.4631
vt 0.1391 0.4359
vt 0.1043 0.4447
vt 0.1558 0.7077
vt 0.1519 0.6934
vt 0.1735 0.6903
vt 0.1772 0.7079
vt 0.7217 0.7326
vt 0.6907 0.7244
vt 0.3429 0.6717
vt 0.3858 0.6790
vt 0.5245 0.7007
vt 0.4887 0.7011
vt 0.5765 0.4161
vt 0.5817 0.3995
vt 0.5965 0.3999
vt 0.5912 0.4156
vt 0.1831 0.4270
vt 0.1200 0.7045
vt 0.1067 0.7033
vt 0.1040 0.6960
vt 0.1168 0.6953
vt 0.4723 0.3856
vt 0.6952 0.4093
vt 0.7093 0.4149
vt 0.7265 0.4284
vt 0.7298 0.4249
vt 0.2775 0.4227
vt 0.5664 0.7017
vt 0.6125 0.7060
vt 0.6560 0.4157
vt 0.6588 0.4053
vt 0.6548 0.7145
vt 0.2305 0.6711
vt 0.2154 0.6718
vt 0.3654 0.4051
vt 0.1997 0.7078
vt 0.1956 0.6879
vt 0.2339 0.4227
vt 0.6008 0.0769
vt 0.5610 0.0731
vt 0.5655 0.0649
vt 0.5995 0.0719
vt 0.7538 0.4278
vt 0.7550 0.4265
vt 0.0976 0.6806
vt 0.0992 0.6848
vt 0.0878 0.6891
vt 0.0852 0.6858
vt 0.5121 0.3709
vt 0.5450 0.3728
vt 0.2734 0.6546
vt 0.2722 0.6463
vt 0.3050 0.6462
vt 0.3059 0.6545
vt 0.2581 0.6561
vt 0.2427 0.6577
vt 0.2411 0.6495
vt 0.2567 0.6478
vt 0.5882 0.3834
vt 0.5736 0.3819
vt 0.5754 0.3762
vt 0.5901 0.3781
vt 0.4650 0.6731
vt 0.4301 0.3718
vt 0.3967 0.3787
vt 0.1014 0.6899
vt 0.1040 0.6960
vt 0.0937 0.6979
vt 0.0907 0.6929
vt 0.5585 0.3803
vt 0.5602 0.3745
vt 0.6570 0.6973
vt 0.1101 0.6730
vt 0.1238 0.6682
vt 0.6638 0.3873
vt 0.6820 0.3923
vt 0.2276 0.6594
vt 0.2125 0.6611
vt 0.2107 0.6538
vt 0.2259 0.6516
vt 0.7000 0.3976
vt 0.2894 0.3986
vt 0.2424 0.3987
vt 0.3178 0.3982
vt 0.1447 0.6623
vt 0.1670 0.6572
vt 0.3686 0.3860
vt 0.3425 0.3940
vt 0.1375 0.4272
vt 0.1358 0.4184
vt 0.1832 0.4083
vt 0.1829 0.4180
vt 0.6098 0.6826
vt 0.5592 0.6795
vt 0.1882 0.6535
vt 0.5187 0.6783
vt 0.4886 0.6767
vt 0.0676 0.4354
vt 0.1006 0.4261
vt 0.3414 0.6446
vt 0.3862 0.6517
vt 0.4752 0.3672
vt 0.6242 0.3879
vt 0.6029 0.3850
vt 0.6049 0.3801
vt 0.6259 0.3833
vt 0.0966 0.7074
vt 0.0960 0.7033
vt 0.0907 0.6929
vt 0.2496 0.2896
vt 0.2694 0.2924
vt 0.2692 0.3028
vt 0.2494 0.2999
vt 0.6975 0.4048
vt 0.7121 0.4108
vt 0.7235 0.4319
vt 0.2289 0.0283
vt 0.2499 0.0240
vt 0.2492 0.0270
vt 0.2280 0.0314
vt 0.0898 0.7071
vt 0.0877 0.7103
vt 0.0774 0.7293
vt 0.0709 0.7422
vt 0.7420 0.4664
vt 0.7344 0.4554
vt 0.0834 0.7179
vt 0.0877 0.7103
vt 0.7285 0.4461
vt 0.7211 0.4347
vt 0.7235 0.4319
vt 0.7207 0.4200
vt 0.7238 0.4164
vt 0.7240 0.4390
vt 0.2352 0.0542
vt 0.2146 0.0590
vt 0.2127 0.0492
vt 0.2326 0.0442
vt 0.7384 0.4160
vt 0.7361 0.4190
vt 0.2944 0.0197
vt 0.3406 0.0197
vt 0.3406 0.0223
vt 0.2940 0.0224
vt 0.7464 0.4215
vt 0.7384 0.4160
vt 0.7396 0.4147
vt 0.7477 0.4202
vt 0.1362 0.2821
vt 0.1346 0.2785
vt 0.7296 0.4090
vt 0.0628 0.6955
vt 0.0720 0.6889
vt 0.3970 0.3766
vt 0.3692 0.3838
vt 0.5576 0.6759
vt 0.5171 0.6751
vt 0.8250 0.3618
vt 0.8173 0.4006
vt 0.7776 0.3790
vt 0.8007 0.3557
vt 0.3865 0.6495
vt 0.4282 0.6598
vt 0.4302 0.3698
vt 0.4648 0.6706
vt 0.4880 0.6742
vt 0.1882 0.6514
vt 0.1669 0.6552
vt 0.3434 0.3916
vt 0.3191 0.3956
vt 0.1445 0.6605
vt 0.2912 0.3954
vt 0.7004 0.3962
vt 0.6823 0.3908
vt 0.6640 0.3858
vt 0.1098 0.6716
vt 0.1235 0.6666
vt 0.4488 0.6658
vt 0.0550 0.7037
vt 0.7167 0.4028
vt 0.0395 0.7239
vt 0.0470 0.7137
vt 0.1319 0.6949
vt 0.1281 0.6854
vt 0.6788 0.4040
vt 0.6767 0.4104
vt 0.1361 0.7064
vt 0.6761 0.4748
vt 0.6728 0.4573
vt 0.6720 0.4421
vt 0.6726 0.4296
vt 0.6743 0.4192
vt 0.1382 0.7148
vt 0.6825 0.4935
vt 0.7495 0.2265
vt 0.7140 0.2425
vt 0.7183 0.2382
vt 0.7523 0.2208
vt 0.1816 0.0430
vt 0.1805 0.0464
vt 0.6455 0.3817
vt 0.6453 0.3833
vt 0.6454 0.3864
vt 0.1791 0.7196
vt 0.2446 0.3128
vt 0.2240 0.3090
vt 0.2234 0.3062
vt 0.2443 0.3101
vt 0.4499 0.0322
vt 0.4946 0.0387
vt 0.4960 0.0416
vt 0.4509 0.0349
vt 0.6726 0.4296
vt 0.2275 0.7231
vt 0.2293 0.7356
vt 0.1995 0.2790
vt 0.2284 0.2857
vt 0.2295 0.2963
vt 0.1976 0.2886
vt 0.5876 0.4311
vt 0.5912 0.4156
vt 0.2396 0.7109
vt 0.2545 0.7125
vt 0.2697 0.7142
vt 0.8810 0.3679
vt 0.8743 0.4143
vt 0.7855 0.3231
vt 0.7589 0.3525
vt 0.8297 0.2815
vt 0.8842 0.2737
vt 0.8844 0.3218
vt 0.8292 0.3218
vt 0.7855 0.3231
vt 0.8041 0.2889
vt 0.9488 0.3739
vt 0.8810 0.3679
vt 0.8844 0.3218
vt 0.9502 0.3218
vt 0.9515 0.2704
vt 0.9459 0.2158
vt 0.9610 0.2119
vt 0.9661 0.2680
vt 0.9893 0.3742
vt 0.9861 0.4269
vt 0.9612 0.4263
vt 0.9647 0.3745
vt 0.6080 0.2150
vt 0.6155 0.2630
vt 0.5877 0.2695
vt 0.5847 0.2346
vt 0.5557 0.1134
vt 0.5847 0.1170
vt 0.5557 0.2370
vt 0.5265 0.2353
vt 0.4933 0.2797
vt 0.4927 0.2287
vt 0.4454 0.2858
vt 0.4465 0.2334
vt 0.3939 0.1075
vt 0.4471 0.1106
vt 0.3449 0.1060
vt 0.3437 0.0463
vt 0.3484 0.2392
vt 0.3505 0.2953
vt 0.3120 0.2956
vt 0.3087 0.2390
vt 0.2799 0.1073
vt 0.2765 0.0479
vt 0.3009 0.0463
vt 0.3034 0.1063
vt 0.2465 0.2345
vt 0.2496 0.2896
vt 0.2284 0.2857
vt 0.2259 0.2322
vt 0.1937 0.1163
vt 0.1887 0.0665
vt 0.2146 0.0590
vt 0.2198 0.1126
vt 0.1986 0.2285
vt 0.1995 0.2790
vt 0.1713 0.2709
vt 0.1720 0.2241
vt 0.1456 0.1248
vt 0.1692 0.1203
vt 0.1458 0.2188
vt 0.1220 0.2137
vt 0.1039 0.1356
vt 0.1234 0.1297
vt 0.1034 0.2097
vt 0.0872 0.2057
vt 0.0721 0.1476
vt 0.0866 0.1418
vt 0.0604 0.1523
vt 0.0601 0.1355
vt 0.0532 0.1893
vt 0.0608 0.1948
vt 0.0608 0.1948
vt 0.0604 0.1726
vt 0.0726 0.1726
vt 0.0726 0.2005
vt 0.0875 0.1726
vt 0.0872 0.2057
vt 0.1039 0.1356
vt 0.1045 0.1726
vt 0.0875 0.1726
vt 0.0866 0.1418
vt 0.1034 0.2097
vt 0.1045 0.1726
vt 0.1237 0.1726
vt 0.1220 0.2137
vt 0.1456 0.1248
vt 0.1466 0.1726
vt 0.1237 0.1726
vt 0.1234 0.1297
vt 0.1458 0.2188
vt 0.1466 0.1726
vt 0.1714 0.1726
vt 0.1720 0.2241
vt 0.1937 0.1163
vt 0.1969 0.1726
vt 0.1714 0.1726
vt 0.1692 0.1203
vt 0.1986 0.2285
vt 0.1969 0.1726
vt 0.2233 0.1726
vt 0.2259 0.2322
vt 0.2400 0.1104
vt 0.2436 0.1726
vt 0.2233 0.1726
vt 0.2198 0.1126
vt 0.2859 0.2378
vt 0.2829 0.1726
vt 0.3060 0.1726
vt 0.3087 0.2390
vt 0.3449 0.1060
vt 0.3466 0.1726
vt 0.3060 0.1726
vt 0.3034 0.1063
vt 0.3484 0.2392
vt 0.3466 0.1726
vt 0.3945 0.1726
vt 0.3948 0.2375
vt 0.4469 0.1726
vt 0.4465 0.2334
vt 0.4927 0.1138
vt 0.4927 0.1714
vt 0.4469 0.1726
vt 0.4471 0.1106
vt 0.5265 0.1102
vt 0.5265 0.1720
vt 0.5557 0.1134
vt 0.5557 0.1732
vt 0.5557 0.2370
vt 0.5557 0.1732
vt 0.5847 0.1733
vt 0.5847 0.2346
vt 0.6126 0.1272
vt 0.6094 0.1727
vt 0.5847 0.1733
vt 0.5847 0.1170
vt 0.9931 0.2630
vt 0.9930 0.3218
vt 0.9671 0.3218
vt 0.9661 0.2680
vt 0.9513 0.3740
vt 0.9531 0.3218
vt 0.9671 0.3218
vt 0.9647 0.3745
vt 0.9887 0.2048
vt 0.9478 0.4253
vt 0.6229 0.0780
vt 0.5265 0.0686
vt 0.4899 0.0631
vt 0.0526 0.1726
vt 0.0531 0.1554
vt 0.0526 0.1726
vt 0.3932 0.3085
vt 0.4475 0.3015
vt 0.4474 0.3037
vt 0.3921 0.3110
vt 0.0909 0.2544
vt 0.0761 0.2441
vt 0.0953 0.0934
vt 0.1173 0.0800
vt 0.6046 0.0606
vt 0.6381 0.0711
vt 0.6334 0.0761
vt 0.5995 0.0719
vt 0.6046 0.0606
vt 0.5708 0.0542
vt 0.0403 0.1880
vt 0.0381 0.1726
vt 0.3486 0.3123
vt 0.3475 0.3150
vt 0.3061 0.3152
vt 0.3072 0.3125
vt 0.3413 0.0260
vt 0.3406 0.0223
vt 0.3915 0.0268
vt 0.3921 0.0304
vt 0.5017 0.2951
vt 0.5033 0.2970
vt 0.5336 0.0507
vt 0.4950 0.0453
vt 0.4960 0.0416
vt 0.5353 0.0469
vt 0.2726 0.0276
vt 0.2716 0.0237
vt 0.2940 0.0224
vt 0.2949 0.0262
vt 0.0430 0.2011
vt 0.6381 0.0711
vt 0.6856 0.0901
vt 0.7175 0.2362
vt 0.7183 0.2382
vt 0.6733 0.2580
vt 0.6727 0.2558
vt 0.7600 0.1267
vt 0.7762 0.1465
vt 0.7725 0.1483
vt 0.7575 0.1298
vt 0.0533 0.1263
vt 0.0464 0.1348
vt 0.0445 0.1333
vt 0.0513 0.1244
vt 0.1818 0.0497
vt 0.1805 0.0464
vt 0.2077 0.0372
vt 0.2092 0.0406
vt 0.1362 0.2758
vt 0.1090 0.2638
vt 0.4503 0.0384
vt 0.7295 0.1097
vt 0.7304 0.1081
vt 0.7809 0.1726
vt 0.7736 0.1975
vt 0.7693 0.1951
vt 0.7762 0.1726
vt 0.5910 0.2837
vt 0.5911 0.2867
vt 0.5575 0.2924
vt 0.5581 0.2899
vt 0.1364 0.0699
vt 0.1582 0.0595
vt 0.5329 0.2920
vt 0.0390 0.1559
vt 0.0362 0.1553
vt 0.0397 0.1426
vt 0.0419 0.1437
vt 0.1943 0.2960
vt 0.2252 0.3034
vt 0.2234 0.3062
vt 0.1930 0.2989
vt 0.0621 0.2321
vt 0.2869 0.3118
vt 0.2857 0.3146
vt 0.0469 0.2108
vt 0.6272 0.2729
vt 0.6282 0.2751
vt 0.7175 0.2362
vt 0.7154 0.2312
vt 0.7481 0.2150
vt 0.7511 0.2191
vt 0.7274 0.1137
vt 0.7295 0.1097
vt 0.6272 0.2729
vt 0.6241 0.2670
vt 0.6707 0.2502
vt 0.6727 0.2558
vt 0.2458 0.3072
vt 0.2662 0.3098
vt 0.2650 0.3127
vt 0.2443 0.3101
vt 0.2294 0.0351
vt 0.2503 0.0308
vt 0.0526 0.2202
vt 0.0507 0.2219
vt 0.0782 0.1051
vt 0.0642 0.1161
vt 0.1658 0.2869
vt 0.1646 0.2897
vt 0.4466 0.3064
vt 0.3430 0.0352
vt 0.0335 0.1384
vt 0.0416 0.1270
vt 0.1940 0.3019
vt 0.3910 0.0243
vt 0.3060 0.3177
vt 0.0513 0.1180
vt 0.6691 0.2615
vt 0.5334 0.0438
vt 0.0579 0.1309
vt 0.2970 0.0354
vt 0.7703 0.1726
vt 0.7668 0.1497
vt 0.7526 0.1322
vt 0.5294 0.0601
vt 0.7630 0.1938
vt 0.1659 0.2929
vt 0.4977 0.2900
vt 0.6241 0.2670
vt 0.5901 0.2762
vt 0.7218 0.1168
vt 0.6777 0.0988
vt 0.6834 0.0950
vt 0.7274 0.1137
vt 0.7099 0.2275
vt 0.7424 0.2120
vt 0.6229 0.0780
vt 0.6334 0.0761
vt 0.6645 0.2457
vt 0.6707 0.2502
vt 0.2087 0.0340
vt 0.2765 0.0479
vt 0.2552 0.0506
vt 0.2530 0.0402
vt 0.2751 0.0371
vt 0.6243 0.2783
vt 0.5866 0.2894
vt 0.2721 0.0208
vt 0.2628 0.1726
vt 0.2594 0.1086
vt 0.2694 0.2924
vt 0.2659 0.2364
vt 0.9452 0.4253
vt 0.9488 0.3739
vt 0.9502 0.3218
vt 0.9482 0.2708
vt 0.7589 0.3525
vt 0.7536 0.3218
vt 0.8275 0.2399
vt 0.1436 0.9238
vt 0.1434 0.9316
vt 0.1511 0.9317
vt 0.1513 0.9240
vt 0.1372 0.9245
vt 0.1371 0.9322
vt 0.1272 0.9249
vt 0.1270 0.9327
vt 0.1165 0.9250
vt 0.1163 0.9327
vt 0.1045 0.9250
vt 0.1043 0.9327
vt 0.0903 0.9244
vt 0.0902 0.9320
vt 0.0826 0.9245
vt 0.0816 0.9314
vt 0.0759 0.9244
vt 0.0747 0.9309
vt 0.0680 0.9221
vt 0.0683 0.9291
vt 0.1416 0.9129
vt 0.1415 0.9206
vt 0.1508 0.9199
vt 0.1509 0.9122
vt 0.1352 0.9135
vt 0.1351 0.9212
vt 0.1252 0.9141
vt 0.1251 0.9218
vt 0.1145 0.9142
vt 0.1144 0.9220
vt 0.1025 0.9143
vt 0.1024 0.9221
vt 0.0884 0.9139
vt 0.0883 0.9215
vt 0.0806 0.9140
vt 0.0806 0.9213
vt 0.0758 0.9137
vt 0.0758 0.9208
vt 0.0680 0.9111
vt 0.0680 0.9181
vt 0.1415 0.9337
vt 0.1414 0.9415
vt 0.1520 0.9404
vt 0.1507 0.9328
vt 0.1348 0.9346
vt 0.1347 0.9423
vt 0.1251 0.9350
vt 0.1250 0.9428
vt 0.1145 0.9351
vt 0.1144 0.9429
vt 0.1025 0.9352
vt 0.1024 0.9429
vt 0.0888 0.9349
vt 0.0887 0.9425
vt 0.0820 0.9356
vt 0.0820 0.9429
vt 0.0758 0.9358
vt 0.0758 0.9429
vt 0.0680 0.9332
vt 0.0680 0.9402
vt 0.1432 0.9439
vt 0.1439 0.9516
vt 0.1511 0.9506
vt 0.1505 0.9429
vt 0.1378 0.9450
vt 0.1380 0.9527
vt 0.1284 0.9451
vt 0.1283 0.9528
vt 0.1177 0.9452
vt 0.1176 0.9529
vt 0.1057 0.9454
vt 0.1055 0.9531
vt 0.0915 0.9446
vt 0.0913 0.9522
vt 0.0838 0.9445
vt 0.0837 0.9517
vt 0.0770 0.9445
vt 0.0769 0.9516
vt 0.0680 0.9429
vt 0.0680 0.9499
vt 0.1460 0.9547
vt 0.1466 0.9623
vt 0.1537 0.9608
vt 0.1531 0.9531
vt 0.1385 0.9545
vt 0.1384 0.9620
vt 0.1274 0.9541
vt 0.1270 0.9618
vt 0.1164 0.9544
vt 0.1161 0.9621
vt 0.1044 0.9541
vt 0.1041 0.9618
vt 0.0901 0.9544
vt 0.0898 0.9620
vt 0.0833 0.9550
vt 0.0830 0.9623
vt 0.0770 0.9549
vt 0.0768 0.9619
vt 0.0682 0.9531
vt 0.0680 0.9601
vt 0.1491 0.9179
vt 0.1436 0.9182
vt 0.1580 0.9318
vt 0.1581 0.9240
vt 0.1437 0.9371
vt 0.1492 0.9367
vt 0.1378 0.9175
vt 0.1384 0.9388
vt 0.1270 0.9177
vt 0.1275 0.9400
vt 0.1164 0.9181
vt 0.1164 0.9400
vt 0.1046 0.9181
vt 0.1042 0.9399
vt 0.0906 0.9173
vt 0.0896 0.9395
vt 0.0826 0.9172
vt 0.0800 0.9391
vt 0.0770 0.9178
vt 0.0738 0.9374
vt 0.0611 0.9223
vt 0.0614 0.9292
vt 0.0705 0.9150
vt 0.0678 0.9375
vt 0.1496 0.9044
vt 0.1405 0.9062
vt 0.1576 0.9200
vt 0.1577 0.9123
vt 0.1418 0.9274
vt 0.1508 0.9278
vt 0.1353 0.9062
vt 0.1364 0.9285
vt 0.1249 0.9068
vt 0.1254 0.9292
vt 0.1144 0.9072
vt 0.1145 0.9291
vt 0.1026 0.9072
vt 0.1024 0.9293
vt 0.0883 0.9065
vt 0.0876 0.9293
vt 0.0803 0.9068
vt 0.0789 0.9286
vt 0.0776 0.9072
vt 0.0747 0.9275
vt 0.0611 0.9111
vt 0.0611 0.9181
vt 0.0705 0.9043
vt 0.0665 0.9265
vt 0.1488 0.9249
vt 0.1398 0.9268
vt 0.1588 0.9397
vt 0.1576 0.9321
vt 0.1421 0.9487
vt 0.1528 0.9487
vt 0.1346 0.9271
vt 0.1360 0.9497
vt 0.1250 0.9277
vt 0.1254 0.9503
vt 0.1143 0.9280
vt 0.1143 0.9501
vt 0.1024 0.9280
vt 0.1023 0.9500
vt 0.0886 0.9278
vt 0.0888 0.9502
vt 0.0815 0.9281
vt 0.0812 0.9508
vt 0.0767 0.9292
vt 0.0746 0.9494
vt 0.0612 0.9332
vt 0.0611 0.9402
vt 0.0703 0.9267
vt 0.0666 0.9486
vt 0.1488 0.9352
vt 0.1413 0.9369
vt 0.1580 0.9500
vt 0.1573 0.9423
vt 0.1444 0.9592
vt 0.1520 0.9585
vt 0.1371 0.9377
vt 0.1391 0.9600
vt 0.1285 0.9378
vt 0.1289 0.9604
vt 0.1177 0.9379
vt 0.1177 0.9604
vt 0.1058 0.9380
vt 0.1053 0.9605
vt 0.0915 0.9373
vt 0.0907 0.9597
vt 0.0836 0.9371
vt 0.0826 0.9593
vt 0.0781 0.9375
vt 0.0765 0.9585
vt 0.0612 0.9429
vt 0.0611 0.9499
vt 0.0698 0.9353
vt 0.0675 0.9584
vt 0.1513 0.9453
vt 0.1447 0.9471
vt 0.1605 0.9603
vt 0.1599 0.9526
vt 0.1464 0.9699
vt 0.1540 0.9699
vt 0.1389 0.9472
vt 0.1388 0.9695
vt 0.1276 0.9466
vt 0.1272 0.9694
vt 0.1164 0.9470
vt 0.1161 0.9693
vt 0.1044 0.9467
vt 0.1042 0.9694
vt 0.0894 0.9468
vt 0.0894 0.9699
vt 0.0830 0.9477
vt 0.0825 0.9697
vt 0.0780 0.9478
vt 0.0763 0.9692
vt 0.0614 0.9529
vt 0.0611 0.9599
vt 0.0696 0.9461
vt 0.0669 0.9681
vt 0.9247 0.8287
vt 0.9381 0.8116
vt 0.9238 0.8016
vt 0.9096 0.8220
vt 0.9021 0.8034
vt 0.8923 0.8207
vt 0.8773 0.8007
vt 0.8726 0.8146
vt 0.8438 0.7928
vt 0.8403 0.8118
vt 0.8389 0.8317
vt 0.8358 0.8444
vt 0.8650 0.8470
vt 0.8657 0.8354
vt 0.8428 0.7253
vt 0.8823 0.7306
vt 0.8801 0.7234
vt 0.8426 0.7173
vt 0.8435 0.7765
vt 0.8828 0.7824
vt 0.8836 0.7639
vt 0.8418 0.7565
vt 0.8859 0.8529
vt 0.8866 0.8394
vt 0.8428 0.7335
vt 0.8836 0.7381
vt 0.9656 0.7268
vt 0.9658 0.7186
vt 0.9307 0.7118
vt 0.9359 0.7239
vt 0.8435 0.7437
vt 0.8837 0.7485
vt 0.9585 0.7651
vt 0.9319 0.7696
vt 0.9291 0.7833
vt 0.9557 0.7754
vt 0.9012 0.8573
vt 0.9040 0.8432
vt 0.9238 0.8016
vt 0.9549 0.7867
vt 0.9690 0.7343
vt 0.9398 0.7316
vt 0.9406 0.7397
vt 0.9691 0.7427
vt 0.9642 0.7498
vt 0.9392 0.7483
vt 0.9363 0.7570
vt 0.9612 0.7578
vt 0.9161 0.7360
vt 0.9159 0.7452
vt 0.9139 0.7556
vt 0.9161 0.7360
vt 0.9132 0.7287
vt 0.9092 0.7870
vt 0.9106 0.7717
vt 0.9175 0.8638
vt 0.9202 0.8486
vt 0.9691 0.7105
vt 0.9419 0.7009
vt 0.8702 0.7050
vt 0.8756 0.7171
vt 0.9072 0.7223
vt 0.8991 0.7113
vt 0.8364 0.6799
vt 0.8392 0.6958
vt 0.8702 0.7050
vt 0.8639 0.6858
vt 0.8875 0.9141
vt 0.8999 0.9007
vt 0.8872 0.8918
vt 0.8754 0.9068
vt 0.8866 0.6900
vt 0.9071 0.6893
vt 0.8994 0.6158
vt 0.8961 0.5874
vt 0.8819 0.5951
vt 0.8857 0.6236
vt 0.8888 0.5700
vt 0.8764 0.5774
vt 0.8509 0.8948
vt 0.8572 0.8815
vt 0.8343 0.8804
vt 0.8327 0.8921
vt 0.8551 0.6255
vt 0.8519 0.6040
vt 0.8330 0.6084
vt 0.8310 0.6257
vt 0.8525 0.5913
vt 0.8352 0.5978
vt 0.8644 0.8631
vt 0.8362 0.8615
vt 0.8820 0.8678
vt 0.8729 0.8864
vt 0.8872 0.8918
vt 0.8959 0.8717
vt 0.9108 0.8772
vt 0.8648 0.8999
vt 0.8729 0.8864
vt 0.8711 0.6244
vt 0.8662 0.6013
vt 0.8656 0.5843
vt 0.8820 0.8678
vt 0.8409 0.7084
vt 0.9071 0.6893
vt 0.9218 0.6825
vt 0.9128 0.6628
vt 0.8981 0.6686
vt 0.8807 0.6704
vt 0.8600 0.6665
vt 0.9641 0.7962
vt 0.8347 0.6622
vt 0.9057 0.6419
vt 0.8923 0.6479
vt 0.8760 0.6488
vt 0.8570 0.6464
vt 0.8347 0.6445
vt 0.8198 0.8583
vt 0.8183 0.8774
vt 0.8215 0.7340
vt 0.8223 0.7433
vt 0.8218 0.7192
vt 0.8216 0.7265
vt 0.8216 0.8282
vt 0.8188 0.8411
vt 0.8211 0.7553
vt 0.8237 0.7739
vt 0.8178 0.6832
vt 0.8196 0.6987
vt 0.8205 0.7107
vt 0.8177 0.6478
vt 0.8169 0.6655
vt 0.8224 0.8083
vt 0.8247 0.7896
vt 0.8195 0.6000
vt 0.8169 0.6109
vt 0.8147 0.6286
vt 0.8171 0.8893
vt 0.8037 0.7344
vt 0.8045 0.7432
vt 0.8047 0.8556
vt 0.8036 0.8749
vt 0.8010 0.6855
vt 0.8024 0.7007
vt 0.8034 0.7546
vt 0.8064 0.7723
vt 0.8034 0.8384
vt 0.8059 0.8255
vt 0.8020 0.6503
vt 0.8007 0.6680
vt 0.8029 0.7122
vt 0.8079 0.7874
vt 0.8061 0.8058
vt 0.7994 0.6308
vt 0.8041 0.7203
vt 0.8038 0.7273
vt 0.8048 0.6019
vt 0.8021 0.6130
vt 0.8026 0.8871
vt 0.7869 0.7432
vt 0.7860 0.7542
vt 0.7865 0.7212
vt 0.7863 0.7279
vt 0.7891 0.7712
vt 0.7909 0.7856
vt 0.7892 0.6039
vt 0.7864 0.6152
vt 0.7835 0.6332
vt 0.7881 0.8723
vt 0.7871 0.8847
vt 0.7894 0.8035
vt 0.7896 0.8230
vt 0.7861 0.7348
vt 0.7890 0.8529
vt 0.7840 0.6873
vt 0.7851 0.7022
vt 0.7874 0.8358
vt 0.7856 0.6527
vt 0.7841 0.6702
vt 0.7855 0.7134
vt 0.7717 0.8331
vt 0.7733 0.8502
vt 0.7738 0.8205
vt 0.7697 0.6550
vt 0.7679 0.6721
vt 0.7685 0.7033
vt 0.7688 0.7142
vt 0.7746 0.7843
vt 0.7734 0.8016
vt 0.7677 0.6357
vt 0.7698 0.7218
vt 0.7695 0.7284
vt 0.7694 0.7351
vt 0.7676 0.6888
vt 0.7703 0.7434
vt 0.7694 0.7540
vt 0.7727 0.7704
vt 0.7734 0.6062
vt 0.7707 0.6177
vt 0.7725 0.8696
vt 0.7715 0.8821
vt 0.6131 0.7909
vt 0.5720 0.7877
vt 0.5740 0.8054
vt 0.6128 0.8071
vt 0.1591 0.7396
vt 0.1589 0.7269
vt 0.1392 0.7231
vt 0.1388 0.7350
vt 0.1433 0.2613
vt 0.1399 0.2692
vt 0.1688 0.2798
vt 0.1713 0.2709
vt 0.3957 0.3827
vt 0.3671 0.3902
vt 0.3661 0.3978
vt 0.3949 0.3900
vt 0.6187 0.4009
vt 0.6143 0.4139
vt 0.6358 0.4140
vt 0.6393 0.4026
vt 0.7266 0.7061
vt 0.6960 0.6990
vt 0.6953 0.7035
vt 0.7261 0.7104
vt 0.6260 0.3801
vt 0.6262 0.3784
vt 0.6053 0.3749
vt 0.6051 0.3767
vt 0.1835 0.4372
vt 0.1837 0.4533
vt 0.2298 0.4492
vt 0.2321 0.4332
vt 0.6548 0.4803
vt 0.6521 0.4602
vt 0.6301 0.4644
vt 0.6326 0.4865
vt 0.6539 0.7244
vt 0.6128 0.7160
vt 0.6131 0.7318
vt 0.6527 0.7405
vt 0.0842 0.6836
vt 0.0975 0.6777
vt 0.0970 0.6766
vt 0.0834 0.6829
vt 0.7919 0.1726
vt 0.7827 0.1726
vt 0.7757 0.1986
vt 0.7782 0.2056
vt 0.7330 0.4217
vt 0.7407 0.4271
vt 0.7439 0.4244
vt 0.7361 0.4190
vt 0.6977 0.8216
vt 0.6764 0.8112
vt 0.6710 0.8251
vt 0.6887 0.8355
vt 0.6537 0.4282
vt 0.6332 0.4275
vt 0.6310 0.4435
vt 0.6522 0.4426
vt 0.7611 0.4354
vt 0.7688 0.4447
vt 0.7701 0.4436
vt 0.7623 0.4343
vt 0.0776 0.0982
vt 0.0767 0.1031
vt 0.0941 0.0914
vt 0.0952 0.0871
vt 0.6071 0.4691
vt 0.6095 0.4929
vt 0.3749 0.5726
vt 0.3496 0.5282
vt 0.3378 0.5631
vt 0.3556 0.5802
vt 0.3932 0.4069
vt 0.3650 0.4139
vt 0.3647 0.4319
vt 0.3917 0.4262
vt 0.0607 0.2398
vt 0.0606 0.2338
vt 0.0507 0.2219
vt 0.0495 0.2280
vt 0.7400 0.4396
vt 0.7334 0.4334
vt 0.7292 0.4365
vt 0.7350 0.4429
vt 0.7584 0.4379
vt 0.7511 0.4304
vt 0.7479 0.4332
vt 0.7551 0.4407
vt 0.3935 0.5649
vt 0.4050 0.5967
vt 0.4256 0.5873
vt 0.4122 0.5577
vt 0.4648 0.4403
vt 0.4235 0.4441
vt 0.4235 0.4713
vt 0.4629 0.4660
vt 0.5540 0.2952
vt 0.5575 0.2924
vt 0.5334 0.2942
vt 0.5309 0.2970
vt 0.3112 0.6908
vt 0.3151 0.7194
vt 0.3473 0.7238
vt 0.3448 0.6939
vt 0.5621 0.6843
vt 0.5214 0.6829
vt 0.5236 0.6918
vt 0.5648 0.6931
vt 0.2857 0.3172
vt 0.2857 0.3146
vt 0.2650 0.3127
vt 0.2651 0.3153
vt 0.1923 0.6740
vt 0.1899 0.6643
vt 0.1684 0.6678
vt 0.1706 0.6772
vt 0.3935 0.5649
vt 0.3746 0.5257
vt 0.1887 0.0665
vt 0.1852 0.0580
vt 0.1617 0.0671
vt 0.1651 0.0749
vt 0.1572 0.7562
vt 0.1361 0.7506
vt 0.7551 0.4407
vt 0.7514 0.4440
vt 0.7588 0.4533
vt 0.7627 0.4499
vt 0.4235 0.4441
vt 0.4245 0.4204
vt 0.3917 0.4262
vt 0.3906 0.4503
vt 0.1839 0.4686
vt 0.1453 0.4776
vt 0.1467 0.4946
vt 0.1843 0.4849
vt 0.4709 0.5384
vt 0.4412 0.5486
vt 0.4535 0.5774
vt 0.4814 0.5669
vt 0.3169 0.7363
vt 0.3485 0.7422
vt 0.0850 0.1156
vt 0.0819 0.1102
vt 0.0685 0.1212
vt 0.0710 0.1269
vt 0.3400 0.4597
vt 0.3389 0.4390
vt 0.3101 0.4455
vt 0.3105 0.4631
vt 0.7250 0.7154
vt 0.6939 0.7082
vt 0.6921 0.7161
vt 0.7232 0.7239
vt 0.3652 0.4548
vt 0.3647 0.4319
vt 0.4458 0.0568
vt 0.4487 0.0473
vt 0.3933 0.0393
vt 0.3933 0.0500
vt 0.4785 0.8334
vt 0.5030 0.8173
vt 0.4937 0.7985
vt 0.4601 0.8144
vt 0.7193 0.4491
vt 0.7160 0.4403
vt 0.7045 0.4411
vt 0.7069 0.4520
vt 0.5123 0.3672
vt 0.5122 0.3653
vt 0.4750 0.3653
vt 0.4752 0.3672
vt 0.3861 0.6559
vt 0.3857 0.6649
vt 0.4281 0.6762
vt 0.4287 0.6667
vt 0.3386 0.4222
vt 0.6242 0.3879
vt 0.6217 0.3936
vt 0.6418 0.3959
vt 0.6439 0.3908
vt 0.7017 0.4864
vt 0.7183 0.4796
vt 0.7115 0.4649
vt 0.6952 0.4697
vt 0.0779 0.7060
vt 0.0713 0.7135
vt 0.0768 0.7156
vt 0.0826 0.7083
vt 0.0631 0.1084
vt 0.0624 0.1141
vt 0.2720 0.4483
vt 0.2717 0.4633
vt 0.2339 0.4227
vt 0.2775 0.4227
vt 0.2809 0.4137
vt 0.2360 0.4135
vt 0.7577 0.2359
vt 0.7266 0.2781
vt 0.7470 0.2863
vt 0.7736 0.2518
vt 0.7179 0.4242
vt 0.7067 0.4199
vt 0.7047 0.4258
vt 0.7156 0.4288
vt 0.2344 0.6883
vt 0.2192 0.6876
vt 0.2246 0.7092
vt 0.2396 0.7109
vt 0.5087 0.3852
vt 0.5108 0.3772
vt 0.4739 0.3776
vt 0.4723 0.3856
vt 0.6893 0.7345
vt 0.6870 0.7505
vt 0.6566 0.6919
vt 0.6563 0.6882
vt 0.1178 0.7447
vt 0.1211 0.7300
vt 0.4749 0.3710
vt 0.4296 0.3757
vt 0.4288 0.3826
vt 0.4739 0.3776
vt 0.1881 0.5229
vt 0.2313 0.5162
vt 0.2299 0.5026
vt 0.1861 0.5085
vt 0.1846 0.4026
vt 0.2424 0.3987
vt 0.2440 0.3952
vt 0.1855 0.3989
vt 0.6845 0.7675
vt 0.6516 0.7569
vt 0.6502 0.7747
vt 0.6817 0.7862
vt 0.4641 0.5046
vt 0.4285 0.5126
vt 0.1217 0.7116
vt 0.1077 0.7090
vt 0.1078 0.7154
vt 0.1222 0.7191
vt 0.6131 0.7473
vt 0.6130 0.7648
vt 0.8161 0.4032
vt 0.7757 0.3809
vt 0.7658 0.3895
vt 0.8099 0.4159
vt 0.4259 0.7073
vt 0.3857 0.6998
vt 0.3853 0.7294
vt 0.4236 0.7344
vt 0.3355 0.8338
vt 0.3632 0.8453
vt 0.3722 0.8182
vt 0.3431 0.8062
vt 0.6130 0.7648
vt 0.5705 0.7591
vt 0.7566 0.3535
vt 0.7448 0.3579
vt 0.4656 0.6778
vt 0.4647 0.6875
vt 0.4895 0.6907
vt 0.4897 0.6813
vt 0.5266 0.2756
vt 0.5313 0.2862
vt 0.5589 0.2835
vt 0.5549 0.2732
vt 0.0509 0.1563
vt 0.0459 0.1570
vt 0.0453 0.1726
vt 0.0505 0.1726
vt 0.7372 0.4302
vt 0.7442 0.4363
vt 0.0414 0.2169
vt 0.0450 0.2120
vt 0.0408 0.2018
vt 0.0346 0.2046
vt 0.2446 0.7555
vt 0.2298 0.7521
vt 0.2281 0.7727
vt 0.2428 0.7767
vt 0.6608 0.3992
vt 0.6624 0.3946
vt 0.0644 0.7238
vt 0.0701 0.7263
vt 0.3411 0.6486
vt 0.3415 0.6570
vt 0.0730 0.6897
vt 0.0745 0.6917
vt 0.0852 0.6858
vt 0.0842 0.6836
vt 0.7146 0.4339
vt 0.7038 0.4326
vt 0.4241 0.8799
vt 0.4391 0.8524
vt 0.4215 0.8434
vt 0.4097 0.8706
vt 0.5676 0.7116
vt 0.5690 0.7271
vt 0.7832 0.1400
vt 0.7777 0.1458
vt 0.5700 0.4515
vt 0.5683 0.4783
vt 0.5822 0.4748
vt 0.5839 0.4497
vt 0.1222 0.7191
vt 0.3746 0.5257
vt 0.3984 0.5194
vt 0.3913 0.4782
vt 0.3668 0.4829
vt 0.2747 0.4328
vt 0.3107 0.4296
vt 0.0850 0.7009
vt 0.0881 0.7048
vt 0.9367 0.1731
vt 0.8752 0.1841
vt 0.8792 0.2073
vt 0.9404 0.1996
vt 0.2224 0.7989
vt 0.2366 0.8032
vt 0.0699 0.2238
vt 0.0660 0.2276
vt 0.0794 0.2392
vt 0.0838 0.2341
vt 0.7470 0.4475
vt 0.7416 0.4512
vt 0.0660 0.4265
vt 0.0669 0.4303
vt 0.0998 0.4205
vt 0.0988 0.4171
vt 0.9449 0.4279
vt 0.8742 0.4173
vt 0.8737 0.4320
vt 0.9432 0.4410
vt 0.1328 0.5403
vt 0.1529 0.5314
vt 0.1497 0.5179
vt 0.1267 0.5271
vt 0.4259 0.7073
vt 0.4461 0.7105
vt 0.4476 0.6944
vt 0.4272 0.6891
vt 0.0482 0.7145
vt 0.0510 0.7165
vt 0.0584 0.7063
vt 0.0560 0.7044
vt 0.0745 0.6917
vt 0.0659 0.6983
vt 0.0694 0.7010
vt 0.0777 0.6944
vt 0.4962 0.4964
vt 0.4997 0.5289
vt 0.5280 0.5192
vt 0.5259 0.4889
vt 0.6558 0.7060
vt 0.6122 0.6972
vt 0.6125 0.7060
vt 0.6548 0.7145
vt 0.0911 0.2612
vt 0.0894 0.2565
vt 0.0747 0.2461
vt 0.0758 0.2514
vt 0.6475 0.8000
vt 0.2759 0.5241
vt 0.2730 0.5083
vt 0.7070 0.7971
vt 0.6817 0.7862
vt 0.6095 0.4929
vt 0.5845 0.5004
vt 0.5918 0.5256
vt 0.6164 0.5168
vt 0.4555 0.8628
vt 0.4399 0.8869
vt 0.4482 0.8880
vt 0.4624 0.8630
vt 0.7660 0.4470
vt 0.0549 0.7188
vt 0.0622 0.7089
vt 0.2720 0.7293
vt 0.2735 0.7435
vt 0.2883 0.7461
vt 0.2869 0.7314
vt 0.6928 0.4151
vt 0.6908 0.4224
vt 0.2750 0.5293
vt 0.3154 0.5499
vt 0.3170 0.5436
vt 0.2759 0.5241
vt 0.7512 0.3218
vt 0.7594 0.2914
vt 0.7470 0.2863
vt 0.7388 0.3218
vt 0.0536 0.2076
vt 0.0514 0.2080
vt 0.0568 0.2164
vt 0.0601 0.2138
vt 0.4586 0.7530
vt 0.4592 0.7755
vt 0.4865 0.7670
vt 0.4858 0.7486
vt 0.3894 0.8596
vt 0.4004 0.8321
vt 0.4101 0.8038
vt 0.4158 0.7753
vt 0.3829 0.7682
vt 0.3790 0.7923
vt 0.5731 0.4322
vt 0.5876 0.4311
vt 0.1167 0.5522
vt 0.1189 0.5559
vt 0.1348 0.5443
vt 0.1328 0.5403
vt 0.4264 0.4005
vt 0.4245 0.4204
vt 0.4669 0.4173
vt 0.4701 0.3966
vt 0.7122 0.7774
vt 0.7166 0.7597
vt 0.6870 0.7505
vt 0.6845 0.7675
vt 0.6475 0.8000
vt 0.6442 0.8140
vt 0.1553 0.5358
vt 0.3488 0.7599
vt 0.3474 0.7818
vt 0.3728 0.6098
vt 0.3893 0.6041
vt 0.2041 0.7475
vt 0.1808 0.7438
vt 0.1793 0.7613
vt 0.2026 0.7666
vt 0.8707 0.4539
vt 0.9400 0.4649
vt 0.1359 0.4130
vt 0.1360 0.4084
vt 0.4335 0.8102
vt 0.4386 0.7774
vt 0.2718 0.4806
vt 0.2286 0.4795
vt 0.4487 0.6826
vt 0.4495 0.6729
vt 0.0946 0.2493
vt 0.0994 0.2430
vt 0.3148 0.7971
vt 0.2865 0.7889
vt 0.2797 0.8163
vt 0.3079 0.8249
vt 0.5664 0.7017
vt 0.5245 0.7007
vt 0.3496 0.5282
vt 0.3416 0.4850
vt 0.3101 0.4855
vt 0.3128 0.5185
vt 0.2286 0.4795
vt 0.2290 0.4640
vt 0.1139 0.6876
vt 0.1116 0.6814
vt 0.0992 0.6848
vt 0.1014 0.6899
vt 0.1881 0.6573
vt 0.1668 0.6610
vt 0.2312 0.5210
vt 0.5705 0.5049
vt 0.5845 0.5004
vt 0.2440 0.7383
vt 0.2293 0.7356
vt 0.6116 0.6880
vt 0.6122 0.6972
vt 0.4284 0.6622
vt 0.4490 0.6683
vt 0.4635 0.6983
vt 0.4887 0.7011
vt 0.6896 0.4311
vt 0.6113 0.4284
vt 0.6332 0.4275
vt 0.9423 0.2139
vt 0.8800 0.2225
vt 0.8801 0.2256
vt 0.9426 0.2168
vt 0.4991 0.4370
vt 0.4968 0.4608
vt 0.1409 0.4458
vt 0.1434 0.4617
vt 0.3407 0.3983
vt 0.3154 0.4027
vt 0.3128 0.4119
vt 0.3394 0.4063
vt 0.1896 0.5278
vt 0.1881 0.5229
vt 0.1168 0.0780
vt 0.1154 0.0752
vt 0.1497 0.5179
vt 0.1861 0.5085
vt 0.6913 0.4546
vt 0.6896 0.4416
vt 0.5423 0.5144
vt 0.5280 0.5192
vt 0.5360 0.5464
vt 0.5501 0.5411
vt 0.8262 0.2372
vt 0.8800 0.2225
vt 0.8792 0.2073
vt 0.8197 0.2239
vt 0.7500 0.4031
vt 0.8006 0.4349
vt 0.8098 0.2039
vt 0.8197 0.2239
vt 0.3916 0.3135
vt 0.3921 0.3110
vt 0.3475 0.3150
vt 0.3472 0.3175
vt 0.1072 0.5382
vt 0.9482 0.2708
vt 0.8842 0.2737
vt 0.1146 0.4871
vt 0.1192 0.5047
vt 0.1216 0.0925
vt 0.1184 0.0850
vt 0.0983 0.0982
vt 0.1021 0.1038
vt 0.5854 0.3903
vt 0.6001 0.3913
vt 0.6029 0.3850
vt 0.5882 0.3834
vt 0.0849 0.4964
vt 0.1146 0.4871
vt 0.1107 0.4707
vt 0.0792 0.4790
vt 0.5303 0.7900
vt 0.5347 0.8064
vt 0.3175 0.7729
vt 0.2886 0.7655
vt 0.5070 0.8238
vt 0.5357 0.8126
vt 0.5347 0.8064
vt 0.5030 0.8173
vt 0.6673 0.8275
vt 0.6847 0.8383
vt 0.6117 0.8106
vt 0.6426 0.8177
vt 0.6442 0.8140
vt 0.6128 0.8071
vt 0.6085 0.4461
vt 0.4437 0.7352
vt 0.4285 0.5126
vt 0.4235 0.4713
vt 0.4968 0.4608
vt 0.5271 0.4562
vt 0.7246 0.4600
vt 0.7115 0.4649
vt 0.2035 0.7324
vt 0.1804 0.7301
vt 0.7594 0.1200
vt 0.7611 0.1254
vt 0.0502 0.1985
vt 0.0483 0.1995
vt 0.3178 0.7523
vt 0.2883 0.7461
vt 0.1360 0.0632
vt 0.1349 0.0670
vt 0.1568 0.0565
vt 0.1579 0.0529
vt 0.7836 0.2616
vt 0.7594 0.2914
vt 0.7619 0.2924
vt 0.7856 0.2636
vt 0.5707 0.0472
vt 0.5731 0.0500
vt 0.6070 0.0561
vt 0.6043 0.0533
vt 0.4199 0.7542
vt 0.3844 0.7487
vt 0.5269 0.7600
vt 0.1444 0.6660
vt 0.1461 0.6725
vt 0.0549 0.7188
vt 0.0475 0.7292
vt 0.0520 0.7318
vt 0.0593 0.7213
vt 0.1178 0.7447
vt 0.1019 0.7389
vt 0.0953 0.7549
vt 0.1116 0.7625
vt 0.1305 0.7702
vt 0.1518 0.7776
vt 0.5251 0.7110
vt 0.4878 0.7135
vt 0.4865 0.7321
vt 0.5259 0.7274
vt 0.3052 0.6423
vt 0.3414 0.6446
vt 0.3419 0.6424
vt 0.3056 0.6401
vt 0.2858 0.4036
vt 0.2809 0.4137
vt 0.4415 0.7549
vt 0.3128 0.5185
vt 0.2393 0.4037
vt 0.4335 0.8102
vt 0.0959 0.7123
vt 0.0929 0.7211
vt 0.1060 0.7255
vt 0.1078 0.7154
vt 0.0878 0.7334
vt 0.1019 0.7389
vt 0.3470 0.5833
vt 0.3314 0.5664
vt 0.0571 0.7346
vt 0.0632 0.7380
vt 0.1089 0.2701
vt 0.1070 0.2660
vt 0.0507 0.1879
vt 0.0467 0.1878
vt 0.6614 0.5012
vt 0.6393 0.5089
vt 0.1741 0.7845
vt 0.1972 0.7914
vt 0.3844 0.7487
vt 0.6996 0.4010
vt 0.6820 0.3954
vt 0.6805 0.3995
vt 0.6975 0.4048
vt 0.2259 0.6476
vt 0.2260 0.6454
vt 0.2106 0.6476
vt 0.2106 0.6499
vt 0.3638 0.6101
vt 0.1400 0.0769
vt 0.1431 0.0839
vt 0.7836 0.2616
vt 0.2290 0.4640
vt 0.2298 0.4492
vt 0.4899 0.0631
vt 0.4923 0.0543
vt 0.5697 0.7421
vt 0.5690 0.7271
vt 0.5259 0.7274
vt 0.5262 0.7428
vt 0.7198 0.7434
vt 0.1578 0.7175
vt 0.1558 0.7077
vt 0.1361 0.7064
vt 0.1382 0.7148
vt 0.4853 0.8390
vt 0.1486 0.6816
vt 0.7186 0.3218
vt 0.7267 0.3647
vt 0.4865 0.7670
vt 0.6639 0.3903
vt 0.6624 0.3946
vt 0.1068 0.4546
vt 0.1107 0.4707
vt 0.2020 0.7209
vt 0.1791 0.7196
vt 0.1043 0.4447
vt 0.1024 0.4363
vt 0.0692 0.4439
vt 0.0714 0.4525
vt 0.0934 0.5154
vt 0.7319 0.4726
vt 0.1100 0.6763
vt 0.1116 0.6814
vt 0.1254 0.6776
vt 0.1235 0.6718
vt 0.0665 0.7113
vt 0.0734 0.7035
vt 0.0533 0.1391
vt 0.0507 0.1384
vt 0.0471 0.1463
vt 0.0500 0.1464
vt 0.5262 0.7428
vt 0.0408 0.7248
vt 0.0438 0.7268
vt 0.7544 0.4571
vt 0.7490 0.4614
vt 0.5697 0.7421
vt 0.0274 0.1720
vt 0.0351 0.1726
vt 0.0362 0.1553
vt 0.0285 0.1539
vt 0.4997 0.5289
vt 0.5085 0.5567
vt 0.6098 0.6826
vt 0.6088 0.6791
vt 0.5604 0.3709
vt 0.5604 0.3690
vt 0.5451 0.3672
vt 0.5451 0.3691
vt 0.0814 0.7480
vt 0.7285 0.4104
vt 0.7160 0.4043
vt 0.7148 0.4075
vt 0.7267 0.4135
vt 0.0638 0.6962
vt 0.5746 0.8101
vt 0.4476 0.6944
vt 0.4487 0.6826
vt 0.1182 0.2514
vt 0.1140 0.2582
vt 0.6375 0.0660
vt 0.6402 0.0692
vt 0.6866 0.0883
vt 0.6831 0.0850
vt 0.7266 0.1041
vt 0.7304 0.1081
vt 0.3505 0.2953
vt 0.3513 0.3059
vt 0.3960 0.3024
vt 0.3949 0.2919
vt 0.5903 0.3746
vt 0.5905 0.3728
vt 0.5757 0.3707
vt 0.5756 0.3726
vt 0.5033 0.2970
vt 0.5018 0.2998
vt 0.2567 0.6439
vt 0.2569 0.6416
vt 0.2413 0.6432
vt 0.2411 0.6455
vt 0.5557 0.3879
vt 0.5707 0.3892
vt 0.5736 0.3819
vt 0.5585 0.3803
vt 0.5705 0.5049
vt 0.5566 0.5095
vt 0.5641 0.5358
vt 0.5780 0.5307
vt 0.2735 0.7435
vt 0.2587 0.7408
vt 0.2593 0.7588
vt 0.2739 0.7622
vt 0.5402 0.4853
vt 0.5423 0.5144
vt 0.5566 0.5095
vt 0.5545 0.4817
vt 0.5442 0.4338
vt 0.5416 0.4547
vt 0.5561 0.4532
vt 0.5587 0.4332
vt 0.2423 0.7252
vt 0.2440 0.7383
vt 0.2587 0.7408
vt 0.2571 0.7272
vt 0.2719 0.7848
vt 0.2574 0.7807
vt 0.2507 0.8075
vt 0.2652 0.8119
vt 0.0313 0.1892
vt 0.0377 0.1881
vt 0.0289 0.1737
vt 0.2649 0.6891
vt 0.2497 0.6890
vt 0.2545 0.7125
vt 0.2697 0.7142
vt 0.2723 0.6424
vt 0.2726 0.6401
vt 0.5297 0.4343
vt 0.5408 0.3865
vt 0.5434 0.3788
vt 0.4476 0.2962
vt 0.4454 0.2858
vt 0.2869 0.7314
vt 0.2847 0.7157
vt 0.2895 0.2945
vt 0.2898 0.3048
vt 0.3100 0.3059
vt 0.3120 0.2956
vt 0.2800 0.6892
vt 0.2761 0.6686
vt 0.3081 0.6692
vt 0.5326 0.4155
vt 0.5373 0.3970
vt 0.5058 0.3960
vt 0.5018 0.4159
vt 0.2609 0.6696
vt 0.2457 0.6705
vt 0.5472 0.4160
vt 0.5618 0.4166
vt 0.5670 0.3992
vt 0.5521 0.3981
vt 0.4599 0.7344
vt 0.4620 0.7124
vt 0.4277 0.3904
vt 0.3941 0.3974
vt 0.3389 0.4135
vt 0.3115 0.4203
vt 0.0813 0.6975
vt 0.0745 0.4631
vt 0.1391 0.4359
vt 0.1043 0.4447
vt 0.1558 0.7077
vt 0.1772 0.7079
vt 0.1735 0.6903
vt 0.1519 0.6934
vt 0.7217 0.7326
vt 0.6907 0.7244
vt 0.3429 0.6717
vt 0.3858 0.6790
vt 0.5245 0.7007
vt 0.4887 0.7011
vt 0.5765 0.4161
vt 0.5912 0.4156
vt 0.5965 0.3999
vt 0.5817 0.3995
vt 0.1831 0.4270
vt 0.1200 0.7045
vt 0.1168 0.6953
vt 0.1040 0.6960
vt 0.1067 0.7033
vt 0.4723 0.3856
vt 0.6952 0.4093
vt 0.7093 0.4149
vt 0.7265 0.4284
vt 0.7298 0.4249
vt 0.2775 0.4227
vt 0.5664 0.7017
vt 0.6125 0.7060
vt 0.6560 0.4157
vt 0.6588 0.4053
vt 0.6548 0.7145
vt 0.2305 0.6711
vt 0.2154 0.6718
vt 0.3654 0.4051
vt 0.1997 0.7078
vt 0.1956 0.6879
vt 0.2339 0.4227
vt 0.6008 0.0769
vt 0.5995 0.0719
vt 0.5655 0.0649
vt 0.5610 0.0731
vt 0.7538 0.4278
vt 0.7550 0.4265
vt 0.0976 0.6806
vt 0.0852 0.6858
vt 0.0878 0.6891
vt 0.0992 0.6848
vt 0.5450 0.3728
vt 0.5121 0.3709
vt 0.2734 0.6546
vt 0.3059 0.6545
vt 0.3050 0.6462
vt 0.2722 0.6463
vt 0.2581 0.6561
vt 0.2567 0.6478
vt 0.2411 0.6495
vt 0.2427 0.6577
vt 0.5882 0.3834
vt 0.5901 0.3781
vt 0.5754 0.3762
vt 0.5736 0.3819
vt 0.4650 0.6731
vt 0.4301 0.3718
vt 0.3967 0.3787
vt 0.1014 0.6899
vt 0.0907 0.6929
vt 0.0937 0.6979
vt 0.1040 0.6960
vt 0.5585 0.3803
vt 0.5602 0.3745
vt 0.6570 0.6973
vt 0.1101 0.6730
vt 0.1238 0.6682
vt 0.6638 0.3873
vt 0.6820 0.3923
vt 0.2276 0.6594
vt 0.2259 0.6516
vt 0.2107 0.6538
vt 0.2125 0.6611
vt 0.7000 0.3976
vt 0.2894 0.3986
vt 0.2424 0.3987
vt 0.3178 0.3982
vt 0.1447 0.6623
vt 0.1670 0.6572
vt 0.3686 0.3860
vt 0.3425 0.3940
vt 0.1375 0.4272
vt 0.1829 0.4180
vt 0.1832 0.4083
vt 0.1358 0.4184
vt 0.6098 0.6826
vt 0.5592 0.6795
vt 0.1882 0.6535
vt 0.5187 0.6783
vt 0.4886 0.6767
vt 0.1006 0.4261
vt 0.0676 0.4354
vt 0.3414 0.6446
vt 0.3862 0.6517
vt 0.4752 0.3672
vt 0.6242 0.3879
vt 0.6259 0.3833
vt 0.6049 0.3801
vt 0.6029 0.3850
vt 0.0966 0.7074
vt 0.0960 0.7033
vt 0.0907 0.6929
vt 0.2496 0.2896
vt 0.2494 0.2999
vt 0.2692 0.3028
vt 0.2694 0.2924
vt 0.6975 0.4048
vt 0.7121 0.4108
vt 0.7235 0.4319
vt 0.2289 0.0283
vt 0.2280 0.0314
vt 0.2492 0.0270
vt 0.2499 0.0240
vt 0.0877 0.7103
vt 0.0898 0.7071
vt 0.0774 0.7293
vt 0.0709 0.7422
vt 0.7420 0.4664
vt 0.7344 0.4554
vt 0.0834 0.7179
vt 0.0877 0.7103
vt 0.7285 0.4461
vt 0.7211 0.4347
vt 0.7235 0.4319
vt 0.7207 0.4200
vt 0.7238 0.4164
vt 0.7240 0.4390
vt 0.2352 0.0542
vt 0.2326 0.0442
vt 0.2127 0.0492
vt 0.2146 0.0590
vt 0.7384 0.4160
vt 0.7361 0.4190
vt 0.2944 0.0197
vt 0.2940 0.0224
vt 0.3406 0.0223
vt 0.3406 0.0197
vt 0.7464 0.4215
vt 0.7477 0.4202
vt 0.7396 0.4147
vt 0.7384 0.4160
vt 0.1362 0.2821
vt 0.1346 0.2785
vt 0.7296 0.4090
vt 0.0628 0.6955
vt 0.0720 0.6889
vt 0.3970 0.3766
vt 0.3692 0.3838
vt 0.5576 0.6759
vt 0.5171 0.6751
vt 0.8250 0.3618
vt 0.8007 0.3557
vt 0.7776 0.3790
vt 0.8173 0.4006
vt 0.3865 0.6495
vt 0.4282 0.6598
vt 0.4302 0.3698
vt 0.4648 0.6706
vt 0.4880 0.6742
vt 0.1882 0.6514
vt 0.1669 0.6552
vt 0.3434 0.3916
vt 0.3191 0.3956
vt 0.1445 0.6605
vt 0.2912 0.3954
vt 0.7004 0.3962
vt 0.6823 0.3908
vt 0.6640 0.3858
vt 0.1098 0.6716
vt 0.1235 0.6666
vt 0.4488 0.6658
vt 0.0550 0.7037
vt 0.7167 0.4028
vt 0.0395 0.7239
vt 0.0470 0.7137
vt 0.1319 0.6949
vt 0.1281 0.6854
vt 0.6788 0.4040
vt 0.6767 0.4104
vt 0.1361 0.7064
vt 0.6761 0.4748
vt 0.6728 0.4573
vt 0.6720 0.4421
vt 0.6726 0.4296
vt 0.6743 0.4192
vt 0.1382 0.7148
vt 0.6825 0.4935
vt 0.7495 0.2265
vt 0.7523 0.2208
vt 0.7183 0.2382
vt 0.7140 0.2425
vt 0.1805 0.0464
vt 0.1816 0.0430
vt 0.6455 0.3817
vt 0.6453 0.3833
vt 0.6454 0.3864
vt 0.1791 0.7196
vt 0.2446 0.3128
vt 0.2443 0.3101
vt 0.2234 0.3062
vt 0.2240 0.3090
vt 0.4499 0.0322
vt 0.4509 0.0349
vt 0.4960 0.0416
vt 0.4946 0.0387
vt 0.6726 0.4296
vt 0.2275 0.7231
vt 0.2293 0.7356
vt 0.1995 0.2790
vt 0.1976 0.2886
vt 0.2295 0.2963
vt 0.2284 0.2857
vt 0.5876 0.4311
vt 0.5912 0.4156
vt 0.2396 0.7109
vt 0.2545 0.7125
vt 0.2697 0.7142
vt 0.8743 0.4143
vt 0.8810 0.3679
vt 0.7855 0.3231
vt 0.7589 0.3525
vt 0.8297 0.2815
vt 0.8292 0.3218
vt 0.8844 0.3218
vt 0.8842 0.2737
vt 0.8041 0.2889
vt 0.7855 0.3231
vt 0.9488 0.3739
vt 0.9502 0.3218
vt 0.8844 0.3218
vt 0.8810 0.3679
vt 0.9515 0.2704
vt 0.9661 0.2680
vt 0.9610 0.2119
vt 0.9459 0.2158
vt 0.9893 0.3742
vt 0.9647 0.3745
vt 0.9612 0.4263
vt 0.9861 0.4269
vt 0.6080 0.2150
vt 0.5847 0.2346
vt 0.5877 0.2695
vt 0.6155 0.2630
vt 0.5557 0.1134
vt 0.5847 0.1170
vt 0.5557 0.2370
vt 0.5265 0.2353
vt 0.4927 0.2287
vt 0.4933 0.2797
vt 0.4465 0.2334
vt 0.4454 0.2858
vt 0.3939 0.1075
vt 0.4471 0.1106
vt 0.3449 0.1060
vt 0.3437 0.0463
vt 0.3484 0.2392
vt 0.3087 0.2390
vt 0.3120 0.2956
vt 0.3505 0.2953
vt 0.2799 0.1073
vt 0.3034 0.1063
vt 0.3009 0.0463
vt 0.2765 0.0479
vt 0.2465 0.2345
vt 0.2259 0.2322
vt 0.2284 0.2857
vt 0.2496 0.2896
vt 0.1937 0.1163
vt 0.2198 0.1126
vt 0.2146 0.0590
vt 0.1887 0.0665
vt 0.1986 0.2285
vt 0.1720 0.2241
vt 0.1713 0.2709
vt 0.1995 0.2790
vt 0.1456 0.1248
vt 0.1692 0.1203
vt 0.1458 0.2188
vt 0.1220 0.2137
vt 0.1039 0.1356
vt 0.1234 0.1297
vt 0.1034 0.2097
vt 0.0872 0.2057
vt 0.0721 0.1476
vt 0.0866 0.1418
vt 0.0604 0.1523
vt 0.0601 0.1355
vt 0.0532 0.1893
vt 0.0608 0.1948
vt 0.0608 0.1948
vt 0.0726 0.2005
vt 0.0726 0.1726
vt 0.0604 0.1726
vt 0.0872 0.2057
vt 0.0875 0.1726
vt 0.1039 0.1356
vt 0.0866 0.1418
vt 0.0875 0.1726
vt 0.1045 0.1726
vt 0.1034 0.2097
vt 0.1220 0.2137
vt 0.1237 0.1726
vt 0.1045 0.1726
vt 0.1456 0.1248
vt 0.1234 0.1297
vt 0.1237 0.1726
vt 0.1466 0.1726
vt 0.1458 0.2188
vt 0.1720 0.2241
vt 0.1714 0.1726
vt 0.1466 0.1726
vt 0.1937 0.1163
vt 0.1692 0.1203
vt 0.1714 0.1726
vt 0.1969 0.1726
vt 0.1986 0.2285
vt 0.2259 0.2322
vt 0.2233 0.1726
vt 0.1969 0.1726
vt 0.2400 0.1104
vt 0.2198 0.1126
vt 0.2233 0.1726
vt 0.2436 0.1726
vt 0.2859 0.2378
vt 0.3087 0.2390
vt 0.3060 0.1726
vt 0.2829 0.1726
vt 0.3449 0.1060
vt 0.3034 0.1063
vt 0.3060 0.1726
vt 0.3466 0.1726
vt 0.3484 0.2392
vt 0.3948 0.2375
vt 0.3945 0.1726
vt 0.3466 0.1726
vt 0.4465 0.2334
vt 0.4469 0.1726
vt 0.4927 0.1138
vt 0.4471 0.1106
vt 0.4469 0.1726
vt 0.4927 0.1714
vt 0.5265 0.1102
vt 0.5265 0.1720
vt 0.5557 0.2338
vt 0.5265 0.2370
vt 0.5265 0.1751
vt 0.5557 0.1740
vt 0.5557 0.1102
vt 0.5847 0.1125
vt 0.5847 0.1738
vt 0.5557 0.1740
vt 0.6126 0.1272
vt 0.5847 0.1170
vt 0.5847 0.1733
vt 0.6094 0.1727
vt 0.9931 0.2630
vt 0.9661 0.2680
vt 0.9671 0.3218
vt 0.9930 0.3218
vt 0.9513 0.3740
vt 0.9647 0.3745
vt 0.9671 0.3218
vt 0.9531 0.3218
vt 0.9887 0.2048
vt 0.5265 0.1118
vt 0.9478 0.4253
vt 0.6229 0.0780
vt 0.5265 0.0686
vt 0.5265 0.1102
vt 0.4899 0.0631
vt 0.5847 0.2301
vt 0.0526 0.1726
vt 0.0531 0.1554
vt 0.0526 0.1726
vt 0.3932 0.3085
vt 0.3921 0.3110
vt 0.4474 0.3037
vt 0.4475 0.3015
vt 0.0909 0.2544
vt 0.0761 0.2441
vt 0.0953 0.0934
vt 0.1173 0.0800
vt 0.6046 0.0606
vt 0.5995 0.0719
vt 0.6334 0.0761
vt 0.6381 0.0711
vt 0.6046 0.0606
vt 0.5708 0.0542
vt 0.0403 0.1880
vt 0.0381 0.1726
vt 0.3486 0.3123
vt 0.3072 0.3125
vt 0.3061 0.3152
vt 0.3475 0.3150
vt 0.3413 0.0260
vt 0.3921 0.0304
vt 0.3915 0.0268
vt 0.3406 0.0223
vt 0.5033 0.2970
vt 0.5017 0.2951
vt 0.5336 0.0507
vt 0.5353 0.0469
vt 0.4960 0.0416
vt 0.4950 0.0453
vt 0.2726 0.0276
vt 0.2949 0.0262
vt 0.2940 0.0224
vt 0.2716 0.0237
vt 0.0430 0.2011
vt 0.6381 0.0711
vt 0.6856 0.0901
vt 0.7175 0.2362
vt 0.6727 0.2558
vt 0.6733 0.2580
vt 0.7183 0.2382
vt 0.7600 0.1267
vt 0.7575 0.1298
vt 0.7725 0.1483
vt 0.7762 0.1465
vt 0.0533 0.1263
vt 0.0513 0.1244
vt 0.0445 0.1333
vt 0.0464 0.1348
vt 0.1818 0.0497
vt 0.2092 0.0406
vt 0.2077 0.0372
vt 0.1805 0.0464
vt 0.1362 0.2758
vt 0.1090 0.2638
vt 0.4503 0.0384
vt 0.7295 0.1097
vt 0.7304 0.1081
vt 0.7809 0.1726
vt 0.7762 0.1726
vt 0.7693 0.1951
vt 0.7736 0.1975
vt 0.5910 0.2837
vt 0.5581 0.2899
vt 0.5575 0.2924
vt 0.5911 0.2867
vt 0.1364 0.0699
vt 0.1582 0.0595
vt 0.5329 0.2920
vt 0.0390 0.1559
vt 0.0419 0.1437
vt 0.0397 0.1426
vt 0.0362 0.1553
vt 0.1943 0.2960
vt 0.1930 0.2989
vt 0.2234 0.3062
vt 0.2252 0.3034
vt 0.0621 0.2321
vt 0.2869 0.3118
vt 0.2857 0.3146
vt 0.0469 0.2108
vt 0.6282 0.2751
vt 0.6272 0.2729
vt 0.7175 0.2362
vt 0.7511 0.2191
vt 0.7481 0.2150
vt 0.7154 0.2312
vt 0.7295 0.1097
vt 0.7274 0.1137
vt 0.6272 0.2729
vt 0.6727 0.2558
vt 0.6707 0.2502
vt 0.6241 0.2670
vt 0.2458 0.3072
vt 0.2443 0.3101
vt 0.2650 0.3127
vt 0.2662 0.3098
vt 0.2294 0.0351
vt 0.2503 0.0308
vt 0.0507 0.2219
vt 0.0526 0.2202
vt 0.0782 0.1051
vt 0.0642 0.1161
vt 0.1658 0.2869
vt 0.1646 0.2897
vt 0.4466 0.3064
vt 0.3430 0.0352
vt 0.0335 0.1384
vt 0.0416 0.1270
vt 0.1940 0.3019
vt 0.3910 0.0243
vt 0.3060 0.3177
vt 0.0513 0.1180
vt 0.6691 0.2615
vt 0.5334 0.0438
vt 0.0579 0.1309
vt 0.2970 0.0354
vt 0.7703 0.1726
vt 0.7668 0.1497
vt 0.7526 0.1322
vt 0.5294 0.0601
vt 0.7630 0.1938
vt 0.1659 0.2929
vt 0.4977 0.2900
vt 0.5901 0.2762
vt 0.6241 0.2670
vt 0.7218 0.1168
vt 0.7274 0.1137
vt 0.6834 0.0950
vt 0.6777 0.0988
vt 0.7099 0.2275
vt 0.7424 0.2120
vt 0.6334 0.0761
vt 0.6229 0.0780
vt 0.6645 0.2457
vt 0.6707 0.2502
vt 0.2087 0.0340
vt 0.2765 0.0479
vt 0.2751 0.0371
vt 0.2530 0.0402
vt 0.2552 0.0506
vt 0.6243 0.2783
vt 0.5866 0.2894
vt 0.2721 0.0208
vt 0.2628 0.1726
vt 0.2594 0.1086
vt 0.2694 0.2924
vt 0.2659 0.2364
vt 0.9452 0.4253
vt 0.9488 0.3739
vt 0.9502 0.3218
vt 0.9482 0.2708
vt 0.7589 0.3525
vt 0.7536 0.3218
vt 0.8275 0.2399
f 1/1 2/2 4/3 3/4
f 1/1 3/4 6/5 5/6
f 5/6 6/5 8/7 7/8
f 7/8 8/7 10/9 9/10
f 9/10 10/9 12/11 11/12
f 11/12 12/11 14/13 13/14
f 13/14 14/13 16/15 15/16
f 15/16 16/15 18/17 17/18
f 17/18 18/17 20/19 19/20
f 21/21 22/22 24/23 23/24
f 21/21 23/24 26/25 25/26
f 25/26 26/25 28/27 27/28
f 27/28 28/27 30/29 29/30
f 29/30 30/29 32/31 31/32
f 31/32 32/31 34/33 33/34
f 33/34 34/33 36/35 35/36
f 35/36 36/35 38/37 37/38
f 37/38 38/37 40/39 39/40
f 41/41 42/42 44/43 43/44
f 41/41 43/44 46/45 45/46
f 45/46 46/45 48/47 47/48
f 47/48 48/47 50/49 49/50
f 49/50 50/49 52/51 51/52
f 51/52 52/51 54/53 53/54
f 53/54 54/53 56/55 55/56
f 55/56 56/55 58/57 57/58
f 57/58 58/57 60/59 59/60
f 61/61 62/62 64/63 63/64
f 61/61 63/64 66/65 65/66
f 65/66 66/65 68/67 67/68
f 67/68 68/67 70/69 69/70
f 69/70 70/69 72/71 71/72
f 71/72 72/71 74/73 73/74
f 73/74 74/73 76/75 75/76
f 75/76 76/75 78/77 77/78
f 77/78 78/77 80/79 79/80
f 81/81 82/82 84/83 83/84
f 81/81 83/84 86/85 85/86
f 85/86 86/85 88/87 87/88
f 87/88 88/87 90/89 89/90
f 89/90 90/89 92/91 91/92
f 91/92 92/91 94/93 93/94
f 93/94 94/93 96/95 95/96
f 95/96 96/95 98/97 97/98
f 97/98 98/97 100/99 99/100
f 2/2 1/1 101/101 102/102
f 4/3 2/2 102/103 104/104
f 3/4 4/3 104/105 103/106
f 1/1 5/6 105/107 101/101
f 6/5 3/4 103/106 106/108
f 5/6 7/8 107/109 105/107
f 8/7 6/5 106/108 108/110
f 7/8 9/10 109/111 107/109
f 10/9 8/7 108/110 110/112
f 9/10 11/12 111/113 109/111
f 12/11 10/9 110/112 112/114
f 11/12 13/14 113/115 111/113
f 14/13 12/11 112/114 114/116
f 13/14 15/16 115/117 113/115
f 16/15 14/13 114/116 116/118
f 15/16 17/18 117/119 115/117
f 18/17 16/15 116/118 118/120
f 19/20 20/19 120/121 119/122
f 17/18 19/20 119/123 117/119
f 20/19 18/17 118/120 120/124
f 22/22 21/21 121/125 122/126
f 24/23 22/22 122/127 124/128
f 23/24 24/23 124/129 123/130
f 21/21 25/26 125/131 121/125
f 26/25 23/24 123/130 126/132
f 25/26 27/28 127/133 125/131
f 28/27 26/25 126/132 128/134
f 27/28 29/30 129/135 127/133
f 30/29 28/27 128/134 130/136
f 29/30 31/32 131/137 129/135
f 32/31 30/29 130/136 132/138
f 31/32 33/34 133/139 131/137
f 34/33 32/31 132/138 134/140
f 33/34 35/36 135/141 133/139
f 36/35 34/33 134/140 136/142
f 35/36 37/38 137/143 135/141
f 38/37 36/35 136/142 138/144
f 39/40 40/39 140/145 139/146
f 37/38 39/40 139/147 137/143
f 40/39 38/37 138/144 140/148
f 42/42 41/41 141/149 142/150
f 44/43 42/42 142/151 144/152
f 43/44 44/43 144/153 143/154
f 41/41 45/46 145/155 141/149
f 46/45 43/44 143/154 146/156
f 45/46 47/48 147/157 145/155
f 48/47 46/45 146/156 148/158
f 47/48 49/50 149/159 147/157
f 50/49 48/47 148/158 150/160
f 49/50 51/52 151/161 149/159
f 52/51 50/49 150/160 152/162
f 51/52 53/54 153/163 151/161
f 54/53 52/51 152/162 154/164
f 53/54 55/56 155/165 153/163
f 56/55 54/53 154/164 156/166
f 55/56 57/58 157/167 155/165
f 58/57 56/55 156/166 158/168
f 59/60 60/59 160/169 159/170
f 57/58 59/60 159/171 157/167
f 60/59 58/57 158/168 160/172
f 62/62 61/61 161/173 162/174
f 64/63 62/62 162/175 164/176
f 63/64 64/63 164/177 163/178
f 61/61 65/66 165/179 161/173
f 66/65 63/64 163/178 166/180
f 65/66 67/68 167/181 165/179
f 68/67 66/65 166/180 168/182
f 67/68 69/70 169/183 167/181
f 70/69 68/67 168/182 170/184
f 69/70 71/72 171/185 169/183
f 72/71 70/69 170/184 172/186
f 71/72 73/74 173/187 171/185
f 74/73 72/71 172/186 174/188
f 73/74 75/76 175/189 173/187
f 76/75 74/73 174/188 176/190
f 75/76 77/78 177/191 175/189
f 78/77 76/75 176/190 178/192
f 79/80 80/79 180/193 179/194
f 77/78 79/80 179/195 177/191
f 80/79 78/77 178/192 180/196
f 82/82 81/81 181/197 182/198
f 84/83 82/82 182/199 184/200
f 83/84 84/83 184/201 183/202
f 81/81 85/86 185/203 181/197
f 86/85 83/84 183/202 186/204
f 85/86 87/88 187/205 185/203
f 88/87 86/85 186/204 188/206
f 87/88 89/90 189/207 187/205
f 90/89 88/87 188/206 190/208
f 89/90 91/92 191/209 189/207
f 92/91 90/89 190/208 192/210
f 91/92 93/94 193/211 191/209
f 94/93 92/91 192/210 194/212
f 93/94 95/96 195/213 193/211
f 96/95 94/93 194/212 196/214
f 95/96 97/98 197/215 195/213
f 98/97 96/95 196/214 198/216
f 99/100 100/99 200/217 199/218
f 97/98 99/100 199/219 197/215
f 100/99 98/97 198/216 200/220
f 281/221 304/222 248/223 296/224
f 280/225 248/223 304/222 205/226
f 226/227 280/225 205/226 204/228
f 214/229 226/227 204/228 201/230
f 202/231 203/232 270/233 212/234
f 204/228 203/232 202/231 201/230
f 208/235 216/236 228/237 224/238
f 213/239 222/240 231/241 225/242
f 284/243 270/233 203/232 254/244
f 224/238 227/245 215/246 208/235
f 233/247 243/248 252/249 240/250
f 214/229 213/239 225/242 226/227
f 227/245 229/251 217/252 215/246
f 234/253 237/254 249/255 244/256
f 254/244 211/257 247/258 284/243
f 248/259 249/255 237/254 236/260
f 232/261 239/262 251/263 242/264
f 205/226 254/244 203/232 204/228
f 238/265 235/266 245/267 250/268
f 304/222 211/257 254/244 205/226
f 250/268 251/263 239/262 238/265
f 291/269 251/263 250/268 292/270
f 292/270 250/268 245/267 293/271
f 291/272 224/238 228/237 279/273
f 280/225 226/227 225/242 295/274
f 295/274 225/242 231/241 278/275
f 211/257 246/276 297/277 247/258
f 240/250 252/249 253/278 241/279
f 269/280 288/281 289/282 230/283
f 298/284 301/285 269/286 219/287
f 265/288 268/289 255/290 256/291
f 288/281 252/249 243/248 289/282
f 302/292 299/293 252/249 288/281
f 264/294 263/295 267/296 266/297
f 266/297 267/296 268/298 265/299
f 275/300 206/301 210/302 272/303
f 274/304 223/305 207/306 273/307
f 273/307 207/306 206/308 275/309
f 277/310 209/311 212/234 270/233
f 285/312 271/313 255/314 286/315
f 258/316 256/291 255/290 271/313
f 283/317 275/300 272/303 286/318
f 294/319 274/304 273/307 287/320
f 287/320 273/307 275/309 283/321
f 285/322 277/310 270/233 284/243
f 209/311 277/310 272/303 210/302
f 301/285 302/292 288/281 269/286
f 281/221 246/276 211/257 304/222
f 277/310 285/322 286/315 272/303
f 267/296 287/320 283/321 268/298
f 227/245 292/270 293/271 229/251
f 263/295 294/319 287/320 267/296
f 268/289 283/317 286/318 255/290
f 248/223 280/225 295/274 249/255
f 251/263 291/269 279/273 242/264
f 219/287 269/286 230/283 218/323
f 224/238 291/272 292/270 227/245
f 249/255 295/274 278/275 244/256
f 271/313 285/312 284/243 247/258
f 299/324 259/325 260/326 300/327
f 302/292 290/328 259/325 299/293
f 253/278 252/249 299/293 300/327
f 290/328 302/292 301/285 257/329
f 297/277 258/316 271/313 247/258
f 303/330 296/224 248/223 236/260
f 257/329 301/285 298/284 220/331
f 260/326 259/325 262/332 261/333
f 259/325 290/328 282/334 262/332
f 290/328 257/329 276/335 282/334
f 257/329 220/331 221/336 276/335
f 242/264 243/248 233/247 232/261
f 279/273 289/282 243/248 242/264
f 289/282 279/273 228/237 230/283
f 216/236 218/323 230/283 228/237
f 222/240 217/252 229/251 231/241
f 293/271 278/275 231/241 229/251
f 278/275 293/271 245/267 244/256
f 244/256 245/267 235/266 234/253
f 262/332 263/295 264/294 261/333
f 282/334 294/319 263/295 262/332
f 294/319 282/334 276/335 274/304
f 274/304 276/335 221/336 223/305
f 209/311 210/302 311/337 310/338
f 215/246 217/252 317/339 315/340
f 216/236 208/235 309/341 316/342
f 202/231 212/234 312/343 306/344
f 222/240 213/239 313/345 322/346
f 298/284 219/287 319/347 324/348
f 218/323 216/236 316/342 318/349
f 221/336 220/331 320/350 321/351
f 201/230 202/231 306/344 305/352
f 214/229 201/230 305/352 314/353
f 206/308 207/306 308/354 307/355
f 217/252 222/240 322/346 317/339
f 213/239 214/229 314/353 313/345
f 212/234 209/311 310/338 312/343
f 207/306 223/305 323/356 308/354
f 208/235 215/246 315/340 309/341
f 210/302 206/301 307/357 311/337
f 220/331 298/284 324/348 320/350
f 223/305 221/336 321/351 323/356
f 219/287 218/323 318/349 319/347
f 315/340 317/339 337/358 335/359
f 310/338 311/337 331/360 330/361
f 324/348 319/347 339/362 344/363
f 322/346 313/345 333/364 342/365
f 312/343 310/338 330/361 332/366
f 306/344 312/343 332/366 326/367
f 321/351 320/350 340/368 341/369
f 319/347 318/349 338/370 339/362
f 314/353 305/352 325/371 334/372
f 323/356 321/351 341/369 343/373
f 318/349 316/342 336/374 338/370
f 309/341 315/340 335/359 329/375
f 320/350 324/348 344/363 340/368
f 317/339 322/346 342/365 337/358
f 316/342 309/341 329/375 336/374
f 313/345 314/353 334/372 333/364
f 307/355 308/354 328/376 327/377
f 308/354 323/356 343/373 328/376
f 311/337 307/357 327/378 331/360
f 305/352 306/344 326/367 325/371
f 337/358 342/365 362/379 357/380
f 336/374 329/375 349/381 356/382
f 333/364 334/372 354/383 353/384
f 327/377 328/376 348/385 347/386
f 328/376 343/373 363/387 348/385
f 331/360 327/378 347/388 351/389
f 325/371 326/367 346/390 345/391
f 335/359 337/358 357/380 355/392
f 330/361 331/360 351/389 350/393
f 344/363 339/362 359/394 364/395
f 342/365 333/364 353/384 362/379
f 332/366 330/361 350/393 352/396
f 326/367 332/366 352/396 346/390
f 341/369 340/368 360/397 361/398
f 339/362 338/370 358/399 359/394
f 334/372 325/371 345/391 354/383
f 343/373 341/369 361/398 363/387
f 338/370 336/374 356/382 358/399
f 329/375 335/359 355/392 349/381
f 340/368 344/363 364/395 360/397
f 352/396 350/393 370/400 372/401
f 346/390 352/396 372/401 366/402
f 361/398 360/397 380/403 381/404
f 359/394 358/399 378/405 379/406
f 354/383 345/391 365/407 374/408
f 363/387 361/398 381/404 383/409
f 358/399 356/382 376/410 378/405
f 349/381 355/392 375/411 369/412
f 360/397 364/395 384/413 380/403
f 357/380 362/379 382/414 377/415
f 356/382 349/381 369/412 376/410
f 353/384 354/383 374/408 373/416
f 347/386 348/385 368/417 367/418
f 348/385 363/387 383/409 368/417
f 351/389 347/388 367/419 371/420
f 345/391 346/390 366/402 365/407
f 355/392 357/380 377/415 375/411
f 350/393 351/389 371/420 370/400
f 364/395 359/394 379/406 384/413
f 362/379 353/384 373/416 382/414
f 597/421 591/422 594/423 563/424
f 978/425 451/426 473/427 976/428
f 982/429 512/430 1187/431 1202/432
f 818/433 672/434 415/435 814/436
f 1011/437 742/438 470/439 995/440
f 639/441 921/442 914/443 573/444
f 1017/445 932/446 431/447 997/448
f 752/449 743/450 407/451 410/452
f 980/453 468/454 666/455 974/456
f 758/457 571/458 565/459 757/460
f 945/461 835/462 504/463 939/464
f 639/465 573/466 1188/467 1223/468
f 771/469 883/470 488/471 489/472
f 601/473 602/474 600/475 599/476
f 1062/477 981/478 469/479 1028/480
f 927/481 785/482 500/483 906/484
f 486/485 959/486 1201/487 1183/488
f 1009/489 666/455 468/454 998/490
f 389/491 610/492 1375/493 387/494
f 777/495 673/496 403/497 741/498
f 835/499 859/500 1210/501 1228/502
f 764/503 680/504 484/505 748/506
f 689/507 687/508 649/509 395/510
f 390/511 446/512 455/513 388/514
f 1042/515 444/516 399/517 1038/518
f 699/519 896/520 1179/521 1222/522
f 784/523 745/524 532/525 730/526
f 795/527 557/528 553/529 790/530
f 1242/531 719/532 1219/533 1267/534
f 1015/535 854/536 516/537 1003/538
f 390/539 389/491 387/494 893/540
f 999/541 432/542 1182/543 1181/544
f 973/545 474/546 451/426 978/425
f 687/547 495/548 490/549 688/550
f 1038/551 1048/552 673/553 401/554
f 1030/555 626/556 625/557 1033/558
f 458/559 463/560 457/561 447/562
f 1053/563 730/526 532/525 1019/564
f 491/565 880/566 1238/567 1184/568
f 1031/569 1045/570 404/571 445/572
f 817/573 629/574 572/575 808/576
f 1035/577 1031/569 445/572 403/578
f 426/579 427/580 1180/581 1149/582
f 450/583 459/584 567/585 596/586
f 873/587 669/588 479/589 487/590
f 926/591 935/592 419/593 731/594
f 798/595 815/596 540/597 535/598
f 741/498 403/497 445/572 761/599
f 1008/600 436/601 847/602 1014/603
f 950/604 957/605 478/606 476/607
f 766/608 648/609 684/610 773/611
f 879/612 486/485 1183/488 1237/613
f 1045/570 1043/614 405/615 404/571
f 824/616 409/617 408/618 832/619
f 703/620 575/621 574/622 702/623
f 874/624 787/625 480/626 774/627
f 1287/628 1281/629 523/630 765/631
f 846/632 836/633 441/634 736/635
f 755/636 605/637 571/458 758/457
f 911/638 569/639 573/444 914/443
f 963/640 953/641 451/426 474/546
f 799/642 441/643 402/644 802/645
f 617/646 620/647 616/648 397/649
f 913/650 635/651 412/652 902/653
f 1041/654 607/655 570/656 1036/657
f 667/658 458/559 447/562 670/659
f 1060/660 951/661 650/662 1034/663
f 1029/664 1036/657 570/656 564/665
f 1312/666 636/667 637/668 1311/669
f 746/670 541/671 534/672 775/673
f 463/674 655/675 462/676 457/677
f 395/510 649/509 489/472 488/471
f 564/678 597/421 563/424 559/679
f 1311/669 637/668 638/680 1310/681
f 819/682 812/683 546/684 701/685
f 894/686 697/687 1135/688 1231/689
f 786/690 499/691 1208/692 1212/693
f 489/472 649/509 657/694 485/695
f 507/696 686/697 1215/698 1191/699
f 1274/700 1278/701 529/702 460/703
f 992/704 847/602 436/601 986/705
f 773/611 684/610 691/706 779/707
f 800/708 798/595 535/598 533/709
f 905/710 945/711 875/712 502/713
f 1055/714 1044/715 480/626 787/625
f 454/716 388/717 581/718 452/719
f 747/720 757/460 565/459 558/721
f 634/722 639/465 1223/468 1142/723
f 1272/724 467/725 664/726 1285/727
f 1048/552 1035/577 403/578 673/553
f 953/641 951/728 473/427 451/426
f 893/729 398/730 674/731 676/732
f 756/733 749/734 404/571 405/615
f 844/735 843/736 648/609 766/608
f 555/737 582/738 579/739 709/740
f 1278/701 1276/741 653/742 529/702
f 838/743 509/744 1200/745 1199/746
f 778/747 690/748 680/504 764/503
f 639/749 634/750 929/751 921/752
f 1305/753 421/754 420/755 1304/756
f 619/757 623/758 622/759 621/760
f 746/761 848/762 901/763 899/764
f 923/765 915/766 681/767 692/768
f 502/769 508/770 496/771 501/772
f 740/773 668/774 464/775 738/776
f 568/777 853/778 833/779 566/780
f 961/781 504/782 1214/783 1211/784
f 564/678 570/656 598/785 597/421
f 397/649 616/648 393/786 396/787
f 599/476 607/788 604/789 601/473
f 998/790 1000/791 653/792 466/793
f 449/794 448/795 608/796 609/797
f 494/798 495/548 687/547 689/507
f 692/768 681/767 682/799 693/800
f 1263/801 1021/802 530/803 1239/804
f 965/805 774/627 480/626 956/806
f 613/807 396/808 394/809 612/810
f 1313/811 577/812 574/813 1303/814
f 506/815 505/816 1198/817 1190/818
f 1049/819 1046/820 544/821 700/822
f 457/677 462/676 453/823 455/824
f 461/825 662/826 542/827 543/828
f 1295/829 1027/830 467/725 1272/724
f 602/831 619/832 588/833 603/834
f 744/835 767/836 400/837 401/838
f 1047/839 1041/840 605/841 606/842
f 599/476 600/475 592/843 598/844
f 619/832 621/760 618/845 588/833
f 656/846 542/827 662/826 661/847
f 609/848 610/492 389/491 454/849
f 449/794 609/797 454/716 452/719
f 1007/850 1005/851 525/852 663/853
f 421/754 422/854 708/855 420/755
f 657/694 764/503 748/506 485/695
f 634/750 633/856 904/857 929/751
f 423/858 461/825 543/828 897/859
f 393/786 616/648 406/860 392/861
f 815/596 900/862 898/863 540/597
f 509/744 960/864 1203/865 1200/745
f 734/866 729/867 652/868 654/869
f 849/870 850/871 553/529 557/528
f 387/872 385/873 391/874 386/875
f 1030/555 1025/876 406/877 626/556
f 790/530 553/529 546/684 812/683
f 969/878 862/879 514/880 949/881
f 1012/882 1003/538 516/537 791/883
f 613/807 614/884 397/649 396/808
f 1285/727 664/726 466/885 1275/886
f 1277/887 1274/700 460/703 526/888
f 974/456 666/455 469/479 981/478
f 804/889 566/890 557/528 795/527
f 919/891 948/892 900/862 815/596
f 904/857 633/856 635/651 913/650
f 864/893 701/685 546/684 837/894
f 1059/895 956/806 480/626 1044/715
f 598/844 570/656 607/655 599/476
f 1064/896 995/440 470/439 1028/897
f 1308/898 586/899 583/900 1307/901
f 1052/902 727/903 444/516 1042/515
f 751/904 752/449 410/452 628/905
f 806/906 659/907 414/908 816/909
f 618/845 621/760 617/910 615/911
f 462/676 662/826 461/825 453/823
f 814/436 415/435 659/907 806/906
f 959/486 435/912 1221/913 1201/487
f 625/557 626/556 620/914 622/915
f 954/916 955/917 479/589 669/588
f 1252/918 1253/919 652/920 464/921
f 1309/922 580/923 579/924 1307/925
f 704/926 637/668 636/667 707/927
f 705/928 580/929 575/621 703/620
f 536/930 733/931 1196/932 1197/933
f 601/934 623/758 619/757 602/831
f 1381/935 1383/936 583/900 586/899
f 1037/937 1033/558 625/557 624/938
f 434/939 958/940 1189/941 1218/942
f 1291/943 1282/944 439/945 860/946
f 446/512 447/562 457/561 455/513
f 1047/947 606/948 627/949 1037/950
f 563/424 594/423 595/951 562/952
f 735/953 734/866 654/869 660/954
f 630/955 596/956 595/957 589/958
f 505/816 838/743 1199/746 1198/817
f 600/475 602/474 603/959 679/960
f 678/961 591/962 592/963 593/964
f 996/965 469/479 666/455 1009/489
f 541/671 746/670 899/764 895/966
f 670/967 676/732 674/731 399/968
f 727/969 465/970 668/774 740/773
f 872/971 478/972 669/588 873/587
f 1004/973 1007/850 663/853 524/974
f 449/794 452/719 459/584 450/583
f 633/975 634/722 1142/723 1141/976
f 621/760 622/759 620/914 617/910
f 685/977 506/815 1190/818 1216/978
f 732/979 735/953 660/954 530/980
f 984/981 433/982 1170/983 1220/984
f 1306/985 585/986 576/987 1303/988
f 598/844 592/843 591/962 597/421
f 658/989 416/990 1155/991 1213/992
f 1026/993 543/828 542/827 1020/994
f 562/952 595/951 596/956 567/585
f 560/995 559/679 563/424 562/952
f 444/516 667/658 670/659 399/517
f 661/847 662/826 462/676 655/675
f 990/996 791/883 516/537 972/997
f 626/556 406/877 616/648 620/914
f 693/998 696/999 490/1000 495/1001
f 963/1002 950/1003 476/1004 475/1005
f 973/545 979/1006 477/1007 474/546
f 753/1008 554/1009 545/1010 772/1011
f 649/509 687/508 688/550 657/694
f 944/1012 733/1013 536/1014 909/1015
f 792/1016 816/909 414/908 408/1017
f 1026/993 1058/1018 897/859 543/828
f 394/809 396/808 393/786 385/1019
f 792/1016 408/1017 409/617 789/1020
f 581/718 423/1021 459/584 452/719
f 827/1022 650/1023 590/1024 870/1025
f 870/1025 590/1024 475/1026 871/1027
f 611/1028 1376/1029 1375/493 610/492
f 624/938 625/557 622/915 623/758
f 745/524 775/673 534/672 532/525
f 779/707 691/706 646/1030 762/1031
f 511/1032 961/781 1211/784 1207/1033
f 695/1034 685/977 1216/978 1226/1035
f 979/1036 528/1037 468/454 980/453
f 1005/851 1000/1038 528/1039 525/852
f 592/843 600/475 679/960 593/964
f 1019/564 532/525 534/672 1020/1040
f 967/1041 952/1042 437/1043 811/1044
f 1293/1045 938/1046 517/1047 1280/1048
f 608/1049 611/1028 610/492 609/848
f 1304/756 420/755 636/667 1312/666
f 432/542 983/1050 1217/1051 1182/543
f 1306/1052 575/621 580/929 1309/922
f 1025/1053 407/1054 405/615 1043/614
f 671/1055 426/579 1149/582 1161/1056
f 681/767 501/772 496/771 682/799
f 1032/1057 1023/1058 554/1059 558/1060
f 776/1061 606/842 605/841 755/636
f 615/911 617/910 397/649 614/884
f 1061/1062 1024/1063 521/1064 985/1065
f 587/1066 450/583 596/586 630/955
f 991/1067 972/997 516/537 854/536
f 710/1068 702/623 574/622 577/812
f 1310/681 638/680 577/812 1313/811
f 704/926 706/1069 638/680 637/668
f 562/952 567/585 544/1070 560/995
f 989/1071 811/1044 437/1043 986/1072
f 751/904 628/905 627/1073 750/1074
f 1063/1075 1004/973 524/974 1040/1076
f 829/1077 841/1078 629/1079 631/1080
f 601/934 604/1081 624/938 623/758
f 867/1082 476/607 478/606 872/971
f 966/1083 801/1084 515/1085 949/1086
f 496/771 647/1087 683/1088 682/799
f 497/1089 498/1090 1171/1091 1153/1092
f 1023/1093 560/995 544/1070 1046/820
f 906/1094 923/765 692/768 494/1095
f 762/1096 646/1097 690/748 778/747
f 494/1095 692/768 693/800 495/1001
f 1032/1098 1029/664 564/665 559/679
f 500/1099 785/1100 1185/1101 1186/1102
f 385/1019 393/786 392/861 391/874
f 682/799 683/1088 696/999 693/800
f 957/605 954/916 669/588 478/606
f 738/1103 729/1104 463/560 458/559
f 937/1105 561/1106 569/639 911/638
f 1261/1107 934/1108 429/1109 1250/1110
f 388/717 455/824 453/823 581/718
f 761/599 445/572 404/571 749/734
f 504/782 835/499 1228/502 1214/783
f 871/1027 475/1026 476/1004 867/1111
f 946/1112 878/1113 796/1114 907/1115
f 915/766 917/1116 501/772 681/767
f 710/1068 577/812 638/680 706/1069
f 744/835 401/838 673/553 777/495
f 802/645 402/644 672/434 818/433
f 447/562 446/512 676/732 670/659
f 677/1117 594/423 591/422 678/961
f 589/958 595/957 594/423 677/1117
f 450/583 587/1066 448/795 449/794
f 901/1118 898/1119 701/685 864/893
f 1058/1018 1049/819 700/822 897/859
f 900/862 819/682 701/685 898/863
f 567/585 459/584 700/822 544/1070
f 510/1120 982/429 1202/432 1204/1121
f 636/667 420/755 708/855 707/927
f 413/1122 412/1123 1209/1124 1154/1125
f 635/1126 633/975 1141/976 1160/1127
f 580/923 705/928 709/740 579/924
f 499/691 695/1034 1226/1035 1208/692
f 739/1128 538/1129 1158/1130 1230/1131
f 1292/1132 924/1133 715/1134 1273/1135
f 896/520 547/1136 1175/1137 1179/521
f 1260/1138 925/1139 719/1140 1242/1141
f 1259/1142 1244/1143 722/1144 865/1145
f 1275/1146 1276/1147 721/1148 717/1149
f 1239/1150 1251/1151 716/1152 711/1153
f 1247/1154 725/1155 717/1156 1252/1157
f 1262/1158 1050/1159 713/1160 1249/1161
f 1294/1162 1051/1163 711/1164 1277/1165
f 1240/1166 1253/1167 721/1168 714/1169
f 1249/1161 713/1160 725/1155 1247/1154
f 1251/1151 1240/1166 714/1169 716/1152
f 694/1170 500/1171 1186/1102 1224/1172
f 1254/1173 1243/1174 720/1175 782/1176
f 464/921 652/920 729/1104 738/776
f 942/1177 519/1178 733/1013 944/1012
f 656/846 661/847 735/953 732/979
f 444/516 727/903 740/773 667/658
f 661/847 655/675 734/866 735/953
f 1018/1179 465/970 727/969 1052/902
f 655/675 463/674 729/867 734/866
f 667/658 740/773 738/776 458/559
f 855/1180 846/632 736/635 440/1181
f 934/1108 926/591 731/594 429/1109
f 538/1129 549/1182 1159/1183 1158/1130
f 1021/1184 531/1185 730/526 1053/563
f 1245/1186 537/1187 1193/1188 1268/1189
f 754/1190 784/523 730/526 531/1185
f 851/1191 866/1192 784/523 754/1190
f 443/1193 737/1194 783/1195 760/1196
f 1258/1197 1254/1173 782/1176 845/1198
f 1241/1199 1255/1200 781/1201 718/1202
f 895/966 899/764 780/1203 698/1204
f 825/1205 744/835 777/495 842/1206
f 834/1207 761/599 749/734 828/1208
f 508/770 856/1209 647/1087 496/771
f 627/949 606/948 776/1210 750/1074
f 830/1211 751/904 750/1074 829/1212
f 985/1213 987/1214 759/1215 520/1216
f 841/1217 776/1061 755/636 852/1218
f 490/549 762/1096 778/747 688/550
f 826/1219 840/1220 775/673 745/524
f 850/1221 753/1008 772/1011 837/1222
f 1279/1223 1286/1224 768/1225 442/1226
f 830/1211 831/1227 752/449 751/904
f 698/1204 780/1203 772/1011 545/1010
f 962/1228 651/1229 770/1230 964/1231
f 558/1060 554/1059 753/1008 747/720
f 825/1205 836/1232 767/836 744/835
f 968/1233 839/1234 774/627 965/805
f 696/999 779/707 762/1031 490/1000
f 882/1235 881/1236 485/695 748/506
f 832/1237 828/1208 749/734 756/733
f 849/1238 833/1239 757/460 747/720
f 688/550 778/747 764/503 657/694
f 975/1240 470/439 742/438 988/1241
f 848/762 746/761 775/673 840/1220
f 852/1218 755/636 758/457 853/1242
f 737/1194 400/837 767/836 783/1195
f 1290/1243 1287/628 765/631 858/1244
f 881/1236 771/469 489/472 485/695
f 407/1054 743/450 756/733 405/615
f 683/1088 773/611 779/707 696/999
f 503/1245 741/498 761/599 834/1207
f 1006/1246 520/1216 759/1215 1010/1247
f 866/1192 826/1219 745/524 784/523
f 647/1087 766/608 773/611 683/1088
f 842/1206 777/495 741/498 503/1245
f 853/1242 758/457 757/460 833/779
f 831/1227 824/1248 743/450 752/449
f 1014/603 847/602 742/438 1011/437
f 424/1249 456/1250 1177/1251 1162/1252
f 928/1253 493/1254 785/482 927/481
f 809/1255 514/1256 869/1257 875/1258
f 440/1181 736/635 823/1259 797/1260
f 527/1261 813/1262 822/1263 726/1264
f 1246/1265 724/1266 821/1267 1256/1268
f 1282/1269 722/1270 820/1271 1288/1272
f 948/892 943/1273 819/682 900/862
f 910/1274 802/645 818/433 922/1275
f 862/1276 770/1277 482/1278 863/1279
f 1244/1280 440/1181 797/1260 1257/1281
f 566/780 804/889 803/1282 568/777
f 971/1283 936/1284 801/1084 966/1083
f 994/1285 941/1286 811/1044 989/1071
f 1284/1287 522/1288 805/1289 1289/1290
f 970/1291 967/1041 811/1044 941/1286
f 903/1292 792/1016 789/1020 902/1293
f 903/1292 920/1294 816/909 792/1016
f 726/1264 822/1263 800/708 533/709
f 993/1295 931/1296 791/883 990/996
f 918/1297 814/436 806/906 912/1298
f 912/1298 806/906 816/909 920/1294
f 632/1299 793/1300 807/1301 411/1302
f 937/1303 804/889 795/527 933/1304
f 1016/1305 1012/882 791/883 931/1296
f 930/1306 790/530 812/683 916/1307
f 629/1079 817/1308 788/1309 631/1080
f 909/1310 908/1311 798/595 800/708
f 943/1273 916/1307 812/683 819/682
f 411/1302 807/1301 789/1020 409/617
f 935/1312 799/642 802/645 910/1274
f 568/777 803/1282 808/576 572/575
f 908/1311 919/891 815/596 798/595
f 736/635 441/634 799/642 823/1259
f 921/442 817/573 808/576 914/443
f 933/1304 795/527 790/530 930/1306
f 1008/1313 439/1314 794/1315 1013/1316
f 631/1080 788/1309 793/1300 632/1299
f 922/1275 818/433 814/436 918/1297
f 856/1209 844/735 766/608 647/1087
f 411/1302 409/617 824/616 831/1227
f 672/434 842/1206 503/1245 415/435
f 1034/663 650/662 827/1022 1054/1317
f 726/1264 533/709 826/1219 866/1192
f 415/435 503/1245 834/1207 659/907
f 875/712 869/1257 508/770 502/713
f 770/1230 651/1229 868/1318 482/1278
f 1284/1287 1290/1243 858/1244 522/1288
f 572/575 852/1218 853/1242 568/777
f 540/597 848/762 840/1220 535/598
f 869/1257 863/1319 856/1209 508/770
f 557/528 566/890 833/779 849/870
f 408/1017 414/908 828/1208 832/619
f 1283/1320 723/1321 1225/1322 1302/1323
f 863/1319 482/1278 844/735 856/1209
f 952/1324 481/1325 839/1234 968/1233
f 402/644 441/643 836/633 825/1205
f 632/1299 411/1302 831/1227 830/1211
f 553/529 850/871 837/1222 546/684
f 533/709 535/598 840/1220 826/1219
f 484/505 483/1326 882/1235 748/506
f 629/574 841/1217 852/1218 572/575
f 632/1299 830/1211 829/1212 631/1080
f 1273/1327 715/1328 1172/1329 1300/1330
f 659/907 834/1207 828/1208 414/908
f 402/644 825/1205 842/1206 672/434
f 1246/1265 1258/1197 845/1198 724/1266
f 527/1261 726/1264 866/1192 851/1191
f 760/1196 783/1195 846/632 855/1180
f 1255/1200 1259/1142 865/1145 781/1201
f 899/764 901/763 864/893 780/1203
f 750/1074 776/1210 841/1078 829/1212
f 987/1214 991/1067 854/536 759/1215
f 1286/1224 1291/943 860/946 768/1225
f 780/1203 864/893 837/894 772/1011
f 964/1231 770/1230 862/1276 969/878
f 747/720 753/1008 850/1221 849/1238
f 514/1256 862/879 863/1279 869/1257
f 988/1241 742/438 847/602 992/704
f 783/1195 767/836 836/1232 846/632
f 743/450 824/1248 832/619 756/733
f 1010/1247 759/1215 854/536 1015/535
f 843/736 1056/1331 886/1332 648/609
f 888/1333 871/1027 867/1111 889/1334
f 889/1335 867/1082 872/971 890/1336
f 917/1116 905/710 502/713 501/772
f 887/1337 870/1025 871/1027 888/1333
f 886/1338 827/1022 870/1025 887/1337
f 890/1336 872/971 873/587 891/1339
f 1057/1340 1055/714 787/625 483/1341
f 877/1342 876/1343 771/469 881/1236
f 891/1339 873/587 487/590 892/1344
f 482/1278 868/1318 843/736 844/735
f 839/1234 481/1325 876/1343 877/1342
f 481/1325 796/1114 878/1113 876/1343
f 1271/1345 430/1346 1140/1347 1299/1348
f 774/627 839/1234 877/1342 874/624
f 947/1349 883/1350 878/1113 946/1112
f 483/1341 787/625 874/624 882/1235
f 874/624 877/1342 881/1236 882/1235
f 876/1343 878/1113 883/1350 771/469
f 429/1351 731/1352 1178/1353 1147/1354
f 1065/1355 947/1356 884/1357 492/1358
f 680/504 891/1339 892/1344 484/505
f 690/748 890/1336 891/1339 680/504
f 646/1097 889/1335 890/1336 690/748
f 691/706 888/1333 889/1334 646/1030
f 684/610 887/1337 888/1333 691/706
f 648/609 886/1332 887/1337 684/610
f 1054/1317 827/1022 886/1338 1056/1331
f 484/505 892/1344 1057/1340 483/1326
f 848/762 540/597 898/863 901/763
f 453/823 461/825 423/858 581/718
f 977/1359 511/1032 1207/1033 1165/1360
f 459/584 423/1021 897/859 700/822
f 446/512 390/511 893/540 676/732
f 389/491 390/539 388/514 454/849
f 387/872 386/875 398/730 893/540
f 488/471 883/470 947/1349 1065/1355
f 884/1357 947/1356 946/1112 879/1361
f 507/1362 859/1363 905/710 917/1116
f 675/1364 922/1275 918/1297 417/1365
f 556/1366 933/1304 930/1306 552/1367
f 1384/1368 643/1369 642/1370 1090/1371
f 539/1372 547/1373 919/891 908/1311
f 419/593 935/592 910/1274 418/1374
f 699/1375 548/1376 916/1307 943/1273
f 536/1014 539/1372 908/1311 909/1015
f 552/1367 930/1306 916/1307 548/1376
f 1002/1377 1016/1305 931/1296 513/1378
f 561/1106 937/1105 933/1304 556/1366
f 658/1379 912/1298 920/1294 416/1380
f 417/1365 918/1297 912/1298 658/1379
f 977/1381 513/1378 931/1296 993/1295
f 413/1382 416/1380 920/1294 903/1292
f 413/1382 903/1292 902/1293 412/652
f 959/1383 970/1291 941/1286 435/1384
f 984/1385 435/1384 941/1286 994/1285
f 961/1386 511/1387 936/1284 971/1283
f 418/1374 910/1274 922/1275 675/1364
f 896/1388 699/1375 943/1273 948/892
f 395/510 928/1253 927/481 689/507
f 797/1260 823/1259 926/591 934/1108
f 813/1262 942/1177 944/1012 822/1263
f 1256/1268 821/1267 925/1139 1260/1138
f 1288/1272 820/1271 924/1133 1292/1132
f 686/1389 507/1362 917/1116 915/766
f 879/1361 946/1112 907/1115 486/1390
f 1257/1281 797/1260 934/1108 1261/1107
f 804/889 937/1303 911/638 803/1282
f 500/1391 694/1392 923/765 906/1094
f 1289/1290 805/1289 938/1046 1293/1045
f 822/1263 944/1012 909/1015 800/708
f 793/1300 904/857 913/650 807/1301
f 547/1373 896/1388 948/892 919/891
f 817/1308 921/752 929/751 788/1309
f 694/1392 686/1389 915/766 923/765
f 859/1363 835/462 945/461 905/710
f 807/1301 913/650 902/653 789/1020
f 803/1282 911/638 914/443 808/576
f 823/1259 799/642 935/1312 926/591
f 689/507 927/481 906/484 494/798
f 875/1258 945/711 939/464 809/1255
f 1013/1316 794/1315 932/446 1017/445
f 788/1309 929/751 904/857 793/1300
f 504/463 961/1386 971/1283 939/464
f 486/1390 907/1115 970/1291 959/1383
f 763/1393 964/1231 969/878 857/1394
f 437/1043 952/1042 968/1233 861/1395
f 907/1115 796/1114 967/1041 970/1291
f 939/464 971/1283 966/1083 809/1255
f 861/1395 968/1233 965/805 769/1396
f 521/1397 962/1228 964/1231 763/1393
f 472/1398 665/1399 954/916 957/605
f 809/1255 966/1083 949/1086 514/1256
f 796/1114 481/1325 952/1324 967/1041
f 474/546 477/1007 950/1003 963/640
f 665/1399 471/1400 955/917 954/916
f 1022/1401 438/1402 956/806 1059/895
f 857/1394 969/878 949/881 515/1085
f 769/1396 965/805 956/806 438/1402
f 590/1024 650/1023 951/661 953/641
f 1024/1403 473/427 951/728 1060/660
f 475/1026 590/1024 953/641 963/1002
f 477/1404 472/1398 957/605 950/604
f 569/1405 561/1406 1151/1407 1156/1408
f 433/982 997/1409 1169/1410 1170/983
f 433/1411 984/1385 994/1285 940/1412
f 511/1387 977/1381 993/1295 936/1284
f 769/1396 988/1241 992/704 861/1395
f 763/1393 857/1394 991/1067 987/1214
f 936/1284 993/1295 990/996 801/1084
f 940/1412 994/1285 989/1071 810/1413
f 438/1402 975/1240 988/1241 769/1396
f 521/1397 763/1393 987/1214 985/1065
f 810/1413 989/1071 986/1072 436/601
f 857/1394 515/1085 972/997 991/1067
f 1040/1414 1061/1062 985/1065 520/1216
f 477/1404 979/1036 980/453 472/1398
f 525/852 528/1039 979/1006 973/545
f 801/1084 990/996 972/997 515/1085
f 1280/1415 517/1416 1206/1417 1301/1418
f 665/1399 974/456 981/478 471/1400
f 418/1419 675/1420 1229/1421 1148/1422
f 861/1395 992/704 986/705 437/1043
f 525/852 973/545 978/425 663/853
f 1022/1423 471/1400 981/478 1062/477
f 472/1398 980/453 974/456 665/1399
f 663/853 978/425 976/428 524/974
f 810/1413 1013/1316 1017/445 940/1412
f 517/1047 938/1046 1016/1305 1002/1377
f 765/631 1010/1247 1015/535 858/1244
f 436/601 1008/600 1013/1316 810/1413
f 938/1046 805/1289 1012/882 1016/1305
f 860/946 1014/603 1011/437 768/1225
f 523/630 1006/1246 1010/1247 765/631
f 1039/1424 526/1425 1004/973 1063/1075
f 529/702 653/742 1000/1038 1005/851
f 1001/1426 518/1427 1195/1428 1194/1429
f 526/888 460/703 1007/850 1004/973
f 467/725 996/965 1009/489 664/726
f 1027/1430 442/1431 995/440 1064/896
f 805/1289 522/1288 1003/538 1012/882
f 460/703 529/702 1005/851 1007/850
f 686/697 694/1170 1224/1172 1215/698
f 468/454 528/1037 1000/791 998/490
f 439/1314 1008/1313 1014/603 860/946
f 858/1244 1015/535 1003/538 522/1288
f 664/726 1009/489 998/490 466/885
f 940/1412 1017/445 997/448 433/1411
f 768/1225 1011/437 995/440 442/1226
f 467/725 1027/830 1064/896 996/965
f 523/630 1039/1424 1063/1075 1006/1246
f 438/1402 1022/1401 1062/477 975/1240
f 524/974 976/428 1061/1062 1040/1076
f 521/1064 1024/1063 1060/660 962/1228
f 471/1400 1022/1423 1059/895 955/917
f 868/1318 1054/1317 1056/1331 843/736
f 892/1344 487/590 1055/714 1057/1340
f 651/1229 1034/663 1054/1317 868/1318
f 530/980 1021/802 1053/563 732/979
f 443/1193 1018/1179 1052/902 737/1194
f 1281/1432 720/1433 1051/1163 1294/1162
f 1241/1199 718/1202 1050/1159 1262/1158
f 895/966 698/1204 1049/819 1058/1018
f 558/721 565/459 1029/664 1032/1057
f 554/1009 1023/1058 1046/820 545/1010
f 1006/1246 1063/1075 1040/1076 520/1216
f 976/428 473/427 1024/1403 1061/1062
f 559/679 560/995 1023/1093 1032/1098
f 406/860 1025/876 1043/614 392/861
f 656/846 1019/564 1020/1040 542/827
f 541/671 895/966 1058/1018 1026/993
f 541/671 1026/993 1020/994 534/672
f 604/1081 1047/947 1037/950 624/938
f 627/1073 628/905 1033/558 1037/950
f 737/1194 1052/902 1042/515 400/837
f 996/965 1064/896 1028/897 469/479
f 955/917 1059/895 1044/715 479/589
f 410/452 407/451 1025/1053 1030/555
f 604/789 607/788 1041/654 1047/839
f 1279/1223 442/1226 1027/1430 1295/829
f 698/1204 545/1010 1046/820 1049/819
f 1243/1434 531/1185 1021/1184 1263/801
f 674/731 398/730 1035/577 1048/552
f 487/590 479/589 1044/715 1055/714
f 565/459 571/458 1036/657 1029/664
f 962/1228 1060/660 1034/663 651/1229
f 605/637 1041/840 1036/657 571/458
f 391/874 392/861 1043/614 1045/570
f 398/730 386/875 1031/569 1035/577
f 386/875 391/874 1045/570 1031/569
f 732/979 1053/563 1019/564 656/846
f 410/452 1030/555 1033/558 628/905
f 399/968 674/731 1048/552 1038/518
f 400/837 1042/515 1038/518 401/838
f 975/1240 1062/477 1028/480 470/439
f 928/1253 1065/1355 492/1358 493/1254
f 395/510 488/471 1065/1355 928/1253
f 1384/1368 1382/1435 644/1436 643/1369
f 1068/1437 1090/1371 642/1370 641/1438
f 1385/1439 1383/1440 1067/1441 578/1442
f 1385/1439 578/1442 1068/1443 1380/1444
f 1121/1445 1382/1446 1067/1447 1066/1448
f 1314/1449 1308/1450 582/1451 1089/1452
f 1110/1453 422/1454 421/1455 1120/1456
f 1100/1457 555/1458 551/1459 1091/1460
f 1111/1461 456/1250 424/1249 1122/1462
f 1101/1463 697/687 894/686 1092/1464
f 1092/1464 894/686 550/1465 1093/1466
f 1093/1466 550/1465 549/1467 1094/1468
f 1112/1469 427/580 426/579 1125/1470
f 1113/1471 728/1472 427/580 1112/1469
f 1103/1473 739/1474 537/1475 1095/1476
f 1266/1477 1248/1478 428/1479 1126/1480
f 1297/1481 1283/1482 518/1483 1096/1484
f 1115/1485 999/1486 430/1487 1127/1488
f 1105/1489 1001/1490 512/1491 1097/1492
f 1116/1493 983/1050 432/542 1128/1494
f 1106/1495 982/429 510/1120 1098/1496
f 1117/1497 958/940 434/939 1129/1498
f 1107/1499 960/864 509/744 1099/1500
f 1118/1501 880/566 491/565 1130/1502
f 1119/1503 885/1504 880/566 1118/1501
f 1377/1505 1109/1506 505/816 506/815
f 1109/1507 1088/1508 1087/1509 1108/1510
f 1108/1510 1087/1509 1086/1511 1099/1512
f 1117/1513 1085/1514 1086/1515 1130/1516
f 1107/1517 1085/1518 1084/1519 1098/1520
f 1116/1521 1083/1522 1084/1523 1129/1524
f 1106/1525 1083/1526 1082/1527 1097/1528
f 1115/1529 1081/1530 1082/1531 1128/1532
f 1105/1533 1081/1534 1080/1535 1096/1536
f 1298/1537 1296/1538 1080/1539 1127/1540
f 1265/1541 1264/1542 1078/1543 1095/1544
f 1113/1545 1077/1546 1078/1547 1126/1548
f 1103/1549 1077/1550 1076/1551 1102/1552
f 1102/1552 1076/1551 1075/1553 1094/1554
f 1124/1555 1074/1556 1075/1557 1125/1558
f 1123/1559 1073/1560 1074/1556 1124/1555
f 1111/1561 1072/1562 1073/1560 1123/1559
f 1101/1563 1072/1564 1071/1565 1091/1566
f 1110/1567 1070/1568 1071/1569 1122/1570
f 1100/1571 1070/1572 1069/1573 1089/1574
f 1315/1575 1316/1576 1069/1577 1120/1578
f 555/1579 1100/1571 1089/1574 582/1451
f 697/687 1101/1463 1091/1566 551/1459
f 538/1129 1102/1552 1094/1554 549/1182
f 739/1128 1103/1473 1102/1552 538/1129
f 1245/1186 1265/1541 1095/1544 537/1187
f 1001/1426 1105/1489 1096/1536 518/1427
f 982/429 1106/1495 1097/1528 512/430
f 960/864 1107/1499 1098/1520 510/1120
f 838/743 1108/1510 1099/1512 509/744
f 505/816 1109/1506 1108/1510 838/743
f 1085/1518 1107/1517 1099/1500 1086/1515
f 1083/1526 1106/1525 1098/1496 1084/1523
f 1081/1534 1105/1533 1097/1492 1082/1531
f 1296/1538 1297/1481 1096/1484 1080/1539
f 1077/1550 1103/1549 1095/1476 1078/1547
f 1074/1556 1093/1466 1094/1468 1075/1557
f 1073/1560 1092/1464 1093/1466 1074/1556
f 1072/1564 1101/1563 1092/1464 1073/1560
f 1070/1568 1100/1457 1091/1460 1071/1569
f 1316/1576 1314/1449 1089/1452 1069/1577
f 1305/1580 1315/1575 1120/1578 421/1455
f 422/1581 1110/1567 1122/1570 424/1249
f 456/1250 1111/1461 1123/1559 425/1582
f 425/1582 1123/1559 1124/1555 671/1583
f 671/1055 1124/1555 1125/1558 426/579
f 728/1472 1113/1471 1126/1548 428/1479
f 1271/1345 1298/1537 1127/1540 430/1346
f 999/541 1115/1485 1128/1532 432/542
f 983/1050 1116/1493 1129/1524 434/939
f 958/940 1117/1497 1130/1516 491/565
f 1088/1508 1119/1503 1118/1501 1087/1509
f 1087/1509 1118/1501 1130/1502 1086/1511
f 1085/1518 1117/1513 1129/1498 1084/1519
f 1083/1526 1116/1521 1128/1494 1082/1527
f 1081/1534 1115/1529 1127/1488 1080/1535
f 1264/1542 1266/1477 1126/1480 1078/1543
f 1077/1550 1113/1545 1112/1469 1076/1551
f 1076/1551 1112/1469 1125/1470 1075/1553
f 1072/1564 1111/1561 1122/1462 1071/1565
f 1070/1572 1110/1453 1120/1456 1069/1573
f 1378/1584 1088/1508 1109/1507 1377/1505
f 1379/1585 1378/1586 499/691 786/690
f 497/1089 1379/1585 786/690 498/1090
f 1345/1587 1327/1588 1174/1589 1197/1590
f 1366/1591 1211/784 1214/783 1338/1592
f 1365/1593 1201/487 1221/913 1342/1594
f 1323/1595 1344/1596 1131/1597 1162/1598
f 1323/1599 1337/1600 1213/992 1155/991
f 1347/1601 1224/1172 1186/1102 1336/1602
f 1358/1603 1196/1604 1192/1605 1334/1606
f 1357/1607 1178/1608 1176/1609 1331/1610
f 1327/1588 1328/1611 1175/1612 1174/1589
f 1317/1613 1346/1614 1229/1615 1143/1616
f 1372/1617 1270/1618 1147/1619 1319/1620
f 1339/1621 1215/698 1224/1172 1347/1601
f 1344/1622 1154/1125 1209/1124 1352/1623
f 1349/1624 1151/1625 1150/1626 1353/1627
f 1326/1628 1350/1629 1233/1630 1173/1631
f 1363/1632 1322/1633 1138/1634 1137/1635
f 1370/1636 1169/1637 1168/1638 1324/1639
f 1368/1640 1165/1360 1207/1033 1335/1641
f 1346/1614 1320/1642 1148/1422 1229/1615
f 1351/1643 1352/1623 1209/1124 1160/1644
f 1354/1645 1343/1646 1227/1647 1236/1648
f 1330/1649 1133/1650 1222/1651 1348/1652
f 1367/1653 1220/984 1170/983 1341/1654
f 1364/1655 1179/521 1175/1137 1328/1611
f 1359/1656 1185/1657 1163/1658 1325/1659
f 1354/1645 1236/1648 1233/1630 1350/1629
f 1369/1660 1340/1661 1206/1662 1205/1663
f 1337/1600 1317/1613 1143/1616 1213/992
f 1325/1659 1163/1658 1138/1634 1322/1633
f 1361/1664 1338/1592 1214/783 1228/502
f 1371/1665 1334/1606 1192/1605 1267/1666
f 1333/1667 1191/699 1215/698 1339/1621
f 1331/1610 1176/1609 1148/1422 1320/1642
f 1330/1649 1318/1668 1134/1669 1133/1650
f 1349/1670 1232/1671 1157/1672 1321/1673
f 1326/1628 1173/1631 1234/1674 1351/1675
f 1321/1673 1157/1672 1227/1647 1343/1646
f 1318/1676 1145/1677 1235/1678 1353/1679
f 1374/1680 1355/1681 1219/1682 1301/1683
f 1373/1684 1300/1330 1172/1329 1356/1685
f 1319/1620 1147/1619 1178/1353 1357/1607
f 1345/1587 1197/1590 1196/932 1358/1603
f 1336/1602 1186/1102 1185/1101 1359/1656
f 1333/1667 1360/1686 1210/1687 1191/699
f 1360/1686 1361/1664 1228/502 1210/1687
f 1329/1688 1362/1689 1237/613 1183/488
f 1362/1689 1363/1632 1137/1635 1237/613
f 1348/1652 1222/1651 1179/521 1364/1655
f 1329/1688 1183/488 1201/487 1365/1593
f 1335/1641 1207/1033 1211/784 1366/1591
f 1342/1594 1221/913 1220/984 1367/1653
f 1332/1690 1166/1691 1165/1360 1368/1640
f 1332/1690 1369/1660 1205/1663 1166/1691
f 1341/1654 1170/983 1169/1410 1370/1636
f 547/1136 539/1692 1174/1589 1175/1137
f 427/580 728/1472 1164/1693 1180/581
f 493/1694 492/1695 1138/1634 1163/1658
f 960/864 510/1120 1204/1121 1203/865
f 517/1416 1002/1696 1205/1663 1206/1417
f 731/1352 419/1697 1176/1609 1178/1353
f 733/931 519/1698 1192/1605 1196/932
f 884/1699 879/612 1237/613 1137/1635
f 561/1406 556/1700 1150/1626 1151/1407
f 417/1701 658/989 1213/992 1143/1616
f 880/566 885/1504 1152/1702 1238/567
f 885/1504 497/1089 1153/1092 1152/1702
f 728/1472 428/1479 1146/1703 1164/1693
f 710/1704 706/1705 1233/1630 1236/1648
f 537/1187 739/1474 1230/1131 1193/1188
f 785/1100 493/1694 1163/1658 1185/1101
f 706/1705 704/1706 1173/1631 1233/1630
f 425/1582 671/1583 1161/1056 1144/1707
f 498/1090 786/690 1212/693 1171/1091
f 702/1708 710/1704 1236/1648 1227/1647
f 513/1709 977/1359 1165/1360 1166/1691
f 435/912 984/981 1220/984 1221/913
f 550/1465 894/686 1231/689 1167/1710
f 551/1459 555/1458 1145/1711 1136/1712
f 707/1713 708/1714 1132/1715 1234/1716
f 705/1717 703/1718 1157/1672 1232/1671
f 675/1420 417/1701 1143/1616 1229/1421
f 416/990 413/1122 1154/1125 1155/991
f 419/1697 418/1419 1148/1422 1176/1609
f 573/466 569/1405 1156/1408 1188/467
f 704/1706 707/1713 1234/1716 1173/1631
f 412/1123 635/1126 1160/1127 1209/1124
f 456/1250 425/1582 1144/1707 1177/1251
f 708/1714 422/1719 1131/1720 1132/1715
f 709/1721 705/1717 1232/1671 1235/1722
f 703/1718 702/1708 1227/1647 1157/1672
f 555/1458 709/1721 1235/1722 1145/1711
f 958/940 491/565 1184/568 1189/941
f 997/1409 431/1723 1168/1638 1169/1410
f 1248/1724 712/1725 1139/1726 1269/1727
f 552/1728 548/1729 1133/1650 1134/1669
f 549/1467 550/1465 1167/1710 1159/1183
f 430/1346 999/1486 1181/544 1140/1347
f 859/500 507/696 1191/699 1210/501
f 548/1729 699/519 1222/522 1133/1650
f 1250/1730 429/1351 1147/1354 1270/1618
f 512/1491 1001/1490 1194/1429 1187/431
f 697/687 551/1459 1136/1712 1135/688
f 556/1700 552/1728 1134/1669 1150/1626
f 1002/1696 513/1709 1166/1691 1205/1663
f 492/1695 884/1699 1137/1635 1138/1634
f 539/1692 536/930 1197/933 1174/1589
f 983/1050 434/939 1218/942 1217/1051
f 422/1581 424/1249 1162/1252 1131/1720
f 715/1328 1250/1730 1270/1618 1172/1329
f 428/1479 1248/1478 1269/1727 1146/1703
f 1355/1681 1371/1665 1267/1666 1219/1682
f 1356/1685 1172/1329 1270/1618 1372/1617
f 1079/1731 1114/1732 1266/1477 1264/1542
f 723/1733 1104/1734 1265/1541 1245/1186
f 1104/1734 1079/1731 1264/1542 1265/1541
f 1114/1732 712/1725 1248/1724 1266/1477
f 720/1433 1243/1174 1263/801 1051/1163
f 443/1193 1241/1199 1262/1158 1018/1179
f 820/1271 1257/1281 1261/1107 924/1133
f 813/1262 1256/1268 1260/1138 942/1177
f 760/1196 855/1180 1259/1142 1255/1200
f 527/1261 851/1191 1258/1197 1246/1265
f 722/1270 1244/1143 1257/1281 820/1271
f 527/1261 1246/1265 1256/1268 813/1262
f 443/1193 760/1196 1255/1200 1241/1199
f 851/1191 754/1190 1254/1173 1258/1197
f 723/1321 1245/1186 1268/1189 1225/1322
f 754/1190 531/1185 1243/1434 1254/1173
f 660/954 654/869 1240/1166 1251/1151
f 465/970 1249/1161 1247/1154 668/774
f 654/869 652/868 1253/1167 1240/1166
f 1018/1179 1262/1158 1249/1161 465/970
f 668/774 1247/1154 1252/1157 464/775
f 530/803 660/954 1251/1151 1239/804
f 855/1180 440/1181 1244/1280 1259/1142
f 942/1177 1260/1138 1242/1141 519/1178
f 924/1133 1261/1107 1250/1110 715/1134
f 717/1156 721/1148 1253/919 1252/1157
f 1051/1163 1263/801 1239/804 711/1164
f 519/1698 1242/531 1267/534 1192/1605
f 1324/1639 1168/1638 1300/1330 1373/1684
f 1340/1661 1374/1680 1301/1683 1206/1662
f 712/1725 1114/1732 1298/1537 1271/1345
f 1079/1731 1104/1734 1297/1481 1296/1538
f 1114/1732 1079/1731 1296/1538 1298/1537
f 1104/1734 723/1733 1283/1320 1297/1481
f 718/1202 1279/1223 1295/829 1050/1159
f 523/630 1281/629 1294/1162 1039/1424
f 719/532 1280/1415 1301/1418 1219/533
f 821/1267 1289/1290 1293/1045 925/1139
f 794/1315 1288/1272 1292/1132 932/446
f 712/1725 1271/1345 1299/1348 1139/1726
f 781/1201 865/1145 1291/943 1286/1224
f 431/1723 1273/1327 1300/1330 1168/1638
f 518/1427 1283/1482 1302/1323 1195/1428
f 724/1266 845/1198 1290/1243 1284/1287
f 724/1266 1284/1287 1289/1290 821/1267
f 439/1314 1282/944 1288/1272 794/1315
f 845/1198 782/1176 1287/628 1290/1243
f 718/1202 781/1201 1286/1224 1279/1223
f 1039/1424 1294/1162 1277/1165 526/1425
f 466/793 653/792 1276/1147 1275/886
f 932/446 1292/1132 1273/1135 431/447
f 925/1139 1293/1045 1280/1048 719/1140
f 865/1145 722/1144 1282/1269 1291/943
f 711/1164 716/1152 1274/700 1277/1165
f 725/1155 1285/727 1275/886 717/1156
f 1050/1159 1295/829 1272/724 713/1160
f 714/1169 721/1168 1276/741 1278/701
f 713/1160 1272/724 1285/727 725/1155
f 716/1152 714/1169 1278/701 1274/700
f 782/1176 720/1175 1281/1432 1287/628
f 645/1735 1121/1736 1315/1575 1305/1580
f 1066/1737 1381/1738 1314/1449 1316/1576
f 1121/1445 1066/1448 1316/1576 1315/1575
f 1381/935 586/899 1308/1450 1314/1449
f 641/1739 1310/681 1313/811 640/1740
f 585/986 1306/985 1309/922 584/1741
f 644/1436 1304/756 1312/666 643/1369
f 575/621 1306/1052 1303/988 574/622
f 584/1741 1309/922 1307/925 583/900
f 582/738 1308/898 1307/901 579/739
f 640/1740 1313/811 1303/814 576/987
f 645/1735 1305/753 1304/756 644/1436
f 642/1370 1311/669 1310/681 641/1438
f 643/1369 1312/666 1311/669 642/1370
f 1195/1428 1302/1323 1374/1680 1340/1661
f 1140/1347 1324/1639 1373/1684 1299/1348
f 1139/1726 1356/1685 1372/1617 1269/1727
f 1225/1322 1268/1189 1371/1665 1355/1681
f 1182/543 1341/1654 1370/1636 1181/544
f 1187/431 1194/1429 1369/1660 1332/1690
f 1187/431 1332/1690 1368/1640 1202/432
f 1218/942 1342/1594 1367/1653 1217/1051
f 1204/1121 1335/1641 1366/1591 1203/865
f 1184/568 1329/1688 1365/1593 1189/941
f 1135/688 1348/1652 1364/1655 1231/689
f 1238/567 1152/1702 1363/1632 1362/1689
f 1184/568 1238/567 1362/1689 1329/1688
f 1198/817 1199/746 1361/1664 1360/1686
f 1190/818 1198/817 1360/1686 1333/1667
f 1208/692 1336/1602 1359/1656 1212/693
f 1158/1130 1345/1587 1358/1603 1230/1131
f 1146/1703 1319/1620 1357/1607 1164/1693
f 1299/1348 1373/1684 1356/1685 1139/1726
f 1302/1323 1225/1322 1355/1681 1374/1680
f 1134/1669 1318/1668 1353/1679 1150/1626
f 1156/1408 1321/1673 1343/1646 1188/467
f 1141/976 1326/1628 1351/1675 1160/1127
f 1151/1407 1349/1624 1321/1673 1156/1408
f 1136/1712 1145/1711 1318/1676 1330/1649
f 1180/581 1331/1610 1320/1642 1149/582
f 1190/818 1333/1667 1339/1621 1216/978
f 1268/1189 1193/1188 1334/1606 1371/1665
f 1199/746 1200/745 1338/1592 1361/1664
f 1171/1091 1325/1659 1322/1633 1153/1092
f 1177/1251 1144/1707 1317/1613 1337/1600
f 1194/1429 1195/1428 1340/1661 1369/1660
f 1223/468 1354/1645 1350/1629 1142/723
f 1212/693 1359/1656 1325/1659 1171/1091
f 1231/689 1364/1655 1328/1611 1167/1710
f 1217/1051 1367/1653 1341/1654 1182/543
f 1136/1712 1330/1649 1348/1652 1135/688
f 1223/468 1188/467 1343/1646 1354/1645
f 1234/1674 1132/1715 1352/1623 1351/1675
f 1161/1056 1149/582 1320/1642 1346/1614
f 1202/432 1368/1640 1335/1641 1204/1121
f 1181/544 1370/1636 1324/1639 1140/1347
f 1152/1702 1153/1092 1322/1633 1363/1632
f 1141/976 1142/723 1350/1629 1326/1628
f 1232/1671 1349/1670 1353/1627 1235/1722
f 1131/1720 1344/1596 1352/1623 1132/1715
f 1216/978 1339/1621 1347/1601 1226/1035
f 1269/1727 1372/1617 1319/1620 1146/1703
f 1144/1707 1161/1056 1346/1614 1317/1613
f 1159/1183 1167/1710 1328/1611 1327/1588
f 1164/1693 1357/1607 1331/1610 1180/581
f 1230/1131 1358/1603 1334/1606 1193/1188
f 1226/1035 1347/1601 1336/1602 1208/692
f 1162/1598 1177/1251 1337/1600 1323/1595
f 1155/991 1154/1125 1344/1622 1323/1599
f 1189/941 1365/1593 1342/1594 1218/942
f 1203/865 1366/1591 1338/1592 1200/745
f 1158/1130 1159/1183 1327/1588 1345/1587
f 1119/1503 1088/1508 1378/1584 1379/1585
f 1375/493 1376/1029 612/810 394/809
f 387/872 1375/493 394/809 385/873
f 499/691 1378/1586 1377/1505 695/1034
f 695/1034 1377/1505 506/815 685/977
f 885/1504 1119/1503 1379/1585 497/1089
f 645/1735 644/1436 1382/1435 1121/1736
f 578/1442 1067/1441 1382/1446 1384/1368
f 1066/1448 1067/1447 1383/1440 1381/1738
f 584/1741 583/900 1383/936 1385/1439
f 584/1741 1385/1439 1380/1444 585/986
f 578/1442 1384/1368 1090/1371 1068/1443
f 585/986 1380/1444 1068/1443 576/987
f 576/987 1068/1443 641/1438 640/1740
f 1386/1742 1388/1743 1389/1744 1387/1745
f 1386/1742 1390/1746 1391/1747 1388/1743
f 1390/1746 1392/1748 1393/1749 1391/1747
f 1392/1748 1394/1750 1395/1751 1393/1749
f 1394/1750 1396/1752 1397/1753 1395/1751
f 1396/1752 1398/1754 1399/1755 1397/1753
f 1398/1754 1400/1756 1401/1757 1399/1755
f 1400/1756 1402/1758 1403/1759 1401/1757
f 1402/1758 1404/1760 1405/1761 1403/1759
f 1406/1762 1408/1763 1409/1764 1407/1765
f 1406/1762 1410/1766 1411/1767 1408/1763
f 1410/1766 1412/1768 1413/1769 1411/1767
f 1412/1768 1414/1770 1415/1771 1413/1769
f 1414/1770 1416/1772 1417/1773 1415/1771
f 1416/1772 1418/1774 1419/1775 1417/1773
f 1418/1774 1420/1776 1421/1777 1419/1775
f 1420/1776 1422/1778 1423/1779 1421/1777
f 1422/1778 1424/1780 1425/1781 1423/1779
f 1426/1782 1428/1783 1429/1784 1427/1785
f 1426/1782 1430/1786 1431/1787 1428/1783
f 1430/1786 1432/1788 1433/1789 1431/1787
f 1432/1788 1434/1790 1435/1791 1433/1789
f 1434/1790 1436/1792 1437/1793 1435/1791
f 1436/1792 1438/1794 1439/1795 1437/1793
f 1438/1794 1440/1796 1441/1797 1439/1795
f 1440/1796 1442/1798 1443/1799 1441/1797
f 1442/1798 1444/1800 1445/1801 1443/1799
f 1446/1802 1448/1803 1449/1804 1447/1805
f 1446/1802 1450/1806 1451/1807 1448/1803
f 1450/1806 1452/1808 1453/1809 1451/1807
f 1452/1808 1454/1810 1455/1811 1453/1809
f 1454/1810 1456/1812 1457/1813 1455/1811
f 1456/1812 1458/1814 1459/1815 1457/1813
f 1458/1814 1460/1816 1461/1817 1459/1815
f 1460/1816 1462/1818 1463/1819 1461/1817
f 1462/1818 1464/1820 1465/1821 1463/1819
f 1466/1822 1468/1823 1469/1824 1467/1825
f 1466/1822 1470/1826 1471/1827 1468/1823
f 1470/1826 1472/1828 1473/1829 1471/1827
f 1472/1828 1474/1830 1475/1831 1473/1829
f 1474/1830 1476/1832 1477/1833 1475/1831
f 1476/1832 1478/1834 1479/1835 1477/1833
f 1478/1834 1480/1836 1481/1837 1479/1835
f 1480/1836 1482/1838 1483/1839 1481/1837
f 1482/1838 1484/1840 1485/1841 1483/1839
f 1387/1745 1487/1842 1486/1843 1386/1742
f 1389/1744 1489/1844 1487/1845 1387/1745
f 1388/1743 1488/1846 1489/1847 1389/1744
f 1386/1742 1486/1843 1490/1848 1390/1746
f 1391/1747 1491/1849 1488/1846 1388/1743
f 1390/1746 1490/1848 1492/1850 1392/1748
f 1393/1749 1493/1851 1491/1849 1391/1747
f 1392/1748 1492/1850 1494/1852 1394/1750
f 1395/1751 1495/1853 1493/1851 1393/1749
f 1394/1750 1494/1852 1496/1854 1396/1752
f 1397/1753 1497/1855 1495/1853 1395/1751
f 1396/1752 1496/1854 1498/1856 1398/1754
f 1399/1755 1499/1857 1497/1855 1397/1753
f 1398/1754 1498/1856 1500/1858 1400/1756
f 1401/1757 1501/1859 1499/1857 1399/1755
f 1400/1756 1500/1858 1502/1860 1402/1758
f 1403/1759 1503/1861 1501/1859 1401/1757
f 1404/1760 1504/1862 1505/1863 1405/1761
f 1402/1758 1502/1860 1504/1864 1404/1760
f 1405/1761 1505/1865 1503/1861 1403/1759
f 1407/1765 1507/1866 1506/1867 1406/1762
f 1409/1764 1509/1868 1507/1869 1407/1765
f 1408/1763 1508/1870 1509/1871 1409/1764
f 1406/1762 1506/1867 1510/1872 1410/1766
f 1411/1767 1511/1873 1508/1870 1408/1763
f 1410/1766 1510/1872 1512/1874 1412/1768
f 1413/1769 1513/1875 1511/1873 1411/1767
f 1412/1768 1512/1874 1514/1876 1414/1770
f 1415/1771 1515/1877 1513/1875 1413/1769
f 1414/1770 1514/1876 1516/1878 1416/1772
f 1417/1773 1517/1879 1515/1877 1415/1771
f 1416/1772 1516/1878 1518/1880 1418/1774
f 1419/1775 1519/1881 1517/1879 1417/1773
f 1418/1774 1518/1880 1520/1882 1420/1776
f 1421/1777 1521/1883 1519/1881 1419/1775
f 1420/1776 1520/1882 1522/1884 1422/1778
f 1423/1779 1523/1885 1521/1883 1421/1777
f 1424/1780 1524/1886 1525/1887 1425/1781
f 1422/1778 1522/1884 1524/1888 1424/1780
f 1425/1781 1525/1889 1523/1885 1423/1779
f 1427/1785 1527/1890 1526/1891 1426/1782
f 1429/1784 1529/1892 1527/1893 1427/1785
f 1428/1783 1528/1894 1529/1895 1429/1784
f 1426/1782 1526/1891 1530/1896 1430/1786
f 1431/1787 1531/1897 1528/1894 1428/1783
f 1430/1786 1530/1896 1532/1898 1432/1788
f 1433/1789 1533/1899 1531/1897 1431/1787
f 1432/1788 1532/1898 1534/1900 1434/1790
f 1435/1791 1535/1901 1533/1899 1433/1789
f 1434/1790 1534/1900 1536/1902 1436/1792
f 1437/1793 1537/1903 1535/1901 1435/1791
f 1436/1792 1536/1902 1538/1904 1438/1794
f 1439/1795 1539/1905 1537/1903 1437/1793
f 1438/1794 1538/1904 1540/1906 1440/1796
f 1441/1797 1541/1907 1539/1905 1439/1795
f 1440/1796 1540/1906 1542/1908 1442/1798
f 1443/1799 1543/1909 1541/1907 1441/1797
f 1444/1800 1544/1910 1545/1911 1445/1801
f 1442/1798 1542/1908 1544/1912 1444/1800
f 1445/1801 1545/1913 1543/1909 1443/1799
f 1447/1805 1547/1914 1546/1915 1446/1802
f 1449/1804 1549/1916 1547/1917 1447/1805
f 1448/1803 1548/1918 1549/1919 1449/1804
f 1446/1802 1546/1915 1550/1920 1450/1806
f 1451/1807 1551/1921 1548/1918 1448/1803
f 1450/1806 1550/1920 1552/1922 1452/1808
f 1453/1809 1553/1923 1551/1921 1451/1807
f 1452/1808 1552/1922 1554/1924 1454/1810
f 1455/1811 1555/1925 1553/1923 1453/1809
f 1454/1810 1554/1924 1556/1926 1456/1812
f 1457/1813 1557/1927 1555/1925 1455/1811
f 1456/1812 1556/1926 1558/1928 1458/1814
f 1459/1815 1559/1929 1557/1927 1457/1813
f 1458/1814 1558/1928 1560/1930 1460/1816
f 1461/1817 1561/1931 1559/1929 1459/1815
f 1460/1816 1560/1930 1562/1932 1462/1818
f 1463/1819 1563/1933 1561/1931 1461/1817
f 1464/1820 1564/1934 1565/1935 1465/1821
f 1462/1818 1562/1932 1564/1936 1464/1820
f 1465/1821 1565/1937 1563/1933 1463/1819
f 1467/1825 1567/1938 1566/1939 1466/1822
f 1469/1824 1569/1940 1567/1941 1467/1825
f 1468/1823 1568/1942 1569/1943 1469/1824
f 1466/1822 1566/1939 1570/1944 1470/1826
f 1471/1827 1571/1945 1568/1942 1468/1823
f 1470/1826 1570/1944 1572/1946 1472/1828
f 1473/1829 1573/1947 1571/1945 1471/1827
f 1472/1828 1572/1946 1574/1948 1474/1830
f 1475/1831 1575/1949 1573/1947 1473/1829
f 1474/1830 1574/1948 1576/1950 1476/1832
f 1477/1833 1577/1951 1575/1949 1475/1831
f 1476/1832 1576/1950 1578/1952 1478/1834
f 1479/1835 1579/1953 1577/1951 1477/1833
f 1478/1834 1578/1952 1580/1954 1480/1836
f 1481/1837 1581/1955 1579/1953 1479/1835
f 1480/1836 1580/1954 1582/1956 1482/1838
f 1483/1839 1583/1957 1581/1955 1481/1837
f 1484/1840 1584/1958 1585/1959 1485/1841
f 1482/1838 1582/1956 1584/1960 1484/1840
f 1485/1841 1585/1961 1583/1957 1483/1839
f 1666/1962 1681/1963 1633/1964 1689/1965
f 1665/1966 1590/1967 1689/1965 1633/1964
f 1611/1968 1589/1969 1590/1967 1665/1966
f 1599/1970 1586/1971 1589/1969 1611/1968
f 1587/1972 1597/1973 1655/1974 1588/1975
f 1589/1969 1586/1971 1587/1972 1588/1975
f 1593/1976 1609/1977 1613/1978 1601/1979
f 1598/1980 1610/1981 1616/1982 1607/1983
f 1669/1984 1639/1985 1588/1975 1655/1974
f 1609/1977 1593/1976 1600/1986 1612/1987
f 1618/1988 1625/1989 1637/1990 1628/1991
f 1599/1970 1611/1968 1610/1981 1598/1980
f 1612/1987 1600/1986 1602/1992 1614/1993
f 1619/1994 1629/1995 1634/1996 1622/1997
f 1639/1985 1669/1984 1632/1998 1596/1999
f 1633/2000 1621/2001 1622/1997 1634/1996
f 1617/2002 1627/2003 1636/2004 1624/2005
f 1590/1967 1589/1969 1588/1975 1639/1985
f 1623/2006 1635/2007 1630/2008 1620/2009
f 1689/1965 1590/1967 1639/1985 1596/1999
f 1635/2007 1623/2006 1624/2005 1636/2004
f 1676/2010 1677/2011 1635/2007 1636/2004
f 1677/2011 1678/2012 1630/2008 1635/2007
f 1676/2013 1664/2014 1613/1978 1609/1977
f 1665/1966 1680/2015 1610/1981 1611/1968
f 1680/2015 1663/2016 1616/1982 1610/1981
f 1596/1999 1632/1998 1682/2017 1631/2018
f 1625/1989 1626/2019 1638/2020 1637/1990
f 1654/2021 1615/2022 1674/2023 1673/2024
f 1683/2025 1604/2026 1654/2027 1686/2028
f 1650/2029 1641/2030 1640/2031 1653/2032
f 1673/2024 1674/2023 1628/1991 1637/1990
f 1687/2033 1673/2024 1637/1990 1684/2034
f 1649/2035 1651/2036 1652/2037 1648/2038
f 1651/2036 1650/2039 1653/2040 1652/2037
f 1660/2041 1657/2042 1595/2043 1591/2044
f 1659/2045 1658/2046 1592/2047 1608/2048
f 1658/2046 1660/2049 1591/2050 1592/2047
f 1662/2051 1655/1974 1597/1973 1594/2052
f 1670/2053 1671/2054 1640/2055 1656/2056
f 1643/2057 1656/2056 1640/2055 1641/2030
f 1668/2058 1671/2059 1657/2042 1660/2041
f 1679/2060 1672/2061 1658/2046 1659/2045
f 1672/2061 1668/2062 1660/2049 1658/2046
f 1670/2063 1669/1984 1655/1974 1662/2051
f 1594/2052 1595/2043 1657/2042 1662/2051
f 1686/2028 1654/2027 1673/2024 1687/2033
f 1666/1962 1689/1965 1596/1999 1631/2018
f 1662/2051 1657/2042 1671/2059 1670/2063
f 1652/2037 1653/2040 1668/2062 1672/2061
f 1612/1987 1614/1993 1678/2012 1677/2011
f 1648/2038 1652/2037 1672/2061 1679/2060
f 1653/2032 1640/2031 1671/2054 1668/2058
f 1633/1964 1634/1996 1680/2015 1665/1966
f 1636/2004 1627/2003 1664/2014 1676/2010
f 1604/2026 1603/2064 1615/2022 1654/2027
f 1609/1977 1612/1987 1677/2011 1676/2013
f 1634/1996 1629/1995 1663/2016 1680/2015
f 1656/2056 1632/1998 1669/1984 1670/2053
f 1684/2065 1685/2066 1645/2067 1644/2068
f 1687/2033 1684/2034 1644/2068 1675/2069
f 1638/2020 1685/2066 1684/2065 1637/1990
f 1675/2069 1642/2070 1686/2028 1687/2033
f 1682/2017 1632/1998 1656/2056 1643/2057
f 1688/2071 1621/2001 1633/2000 1681/1963
f 1642/2070 1605/2072 1683/2025 1686/2028
f 1645/2067 1646/2073 1647/2074 1644/2068
f 1644/2068 1647/2074 1667/2075 1675/2069
f 1675/2069 1667/2075 1661/2076 1642/2070
f 1642/2070 1661/2076 1606/2077 1605/2072
f 1627/2003 1617/2002 1618/1988 1628/1991
f 1664/2014 1627/2003 1628/1991 1674/2023
f 1674/2023 1615/2022 1613/1978 1664/2014
f 1601/1979 1613/1978 1615/2022 1603/2064
f 1607/1983 1616/1982 1614/1993 1602/1992
f 1678/2012 1614/1993 1616/1982 1663/2016
f 1663/2016 1629/1995 1630/2008 1678/2012
f 1629/1995 1619/1994 1620/2009 1630/2008
f 1647/2074 1646/2073 1649/2035 1648/2038
f 1667/2075 1647/2074 1648/2038 1679/2060
f 1679/2060 1659/2045 1661/2076 1667/2075
f 1659/2045 1608/2048 1606/2077 1661/2076
f 1594/2052 1695/2078 1696/2079 1595/2043
f 1600/1986 1700/2080 1702/2081 1602/1992
f 1601/1979 1701/2082 1694/2083 1593/1976
f 1587/1972 1691/2084 1697/2085 1597/1973
f 1607/1983 1707/2086 1698/2087 1598/1980
f 1683/2025 1709/2088 1704/2089 1604/2026
f 1603/2064 1703/2090 1701/2082 1601/1979
f 1606/2077 1706/2091 1705/2092 1605/2072
f 1586/1971 1690/2093 1691/2084 1587/1972
f 1599/1970 1699/2094 1690/2093 1586/1971
f 1591/2050 1692/2095 1693/2096 1592/2047
f 1602/1992 1702/2081 1707/2086 1607/1983
f 1598/1980 1698/2087 1699/2094 1599/1970
f 1597/1973 1697/2085 1695/2078 1594/2052
f 1592/2047 1693/2096 1708/2097 1608/2048
f 1593/1976 1694/2083 1700/2080 1600/1986
f 1595/2043 1696/2079 1692/2098 1591/2044
f 1605/2072 1705/2092 1709/2088 1683/2025
f 1608/2048 1708/2097 1706/2091 1606/2077
f 1604/2026 1704/2089 1703/2090 1603/2064
f 1700/2080 1720/2099 1722/2100 1702/2081
f 1695/2078 1715/2101 1716/2102 1696/2079
f 1709/2088 1729/2103 1724/2104 1704/2089
f 1707/2086 1727/2105 1718/2106 1698/2087
f 1697/2085 1717/2107 1715/2101 1695/2078
f 1691/2084 1711/2108 1717/2107 1697/2085
f 1706/2091 1726/2109 1725/2110 1705/2092
f 1704/2089 1724/2104 1723/2111 1703/2090
f 1699/2094 1719/2112 1710/2113 1690/2093
f 1708/2097 1728/2114 1726/2109 1706/2091
f 1703/2090 1723/2111 1721/2115 1701/2082
f 1694/2083 1714/2116 1720/2099 1700/2080
f 1705/2092 1725/2110 1729/2103 1709/2088
f 1702/2081 1722/2100 1727/2105 1707/2086
f 1701/2082 1721/2115 1714/2116 1694/2083
f 1698/2087 1718/2106 1719/2112 1699/2094
f 1692/2095 1712/2117 1713/2118 1693/2096
f 1693/2096 1713/2118 1728/2114 1708/2097
f 1696/2079 1716/2102 1712/2119 1692/2098
f 1690/2093 1710/2113 1711/2108 1691/2084
f 1722/2100 1742/2120 1747/2121 1727/2105
f 1721/2115 1741/2122 1734/2123 1714/2116
f 1718/2106 1738/2124 1739/2125 1719/2112
f 1712/2117 1732/2126 1733/2127 1713/2118
f 1713/2118 1733/2127 1748/2128 1728/2114
f 1716/2102 1736/2129 1732/2130 1712/2119
f 1710/2113 1730/2131 1731/2132 1711/2108
f 1720/2099 1740/2133 1742/2120 1722/2100
f 1715/2101 1735/2134 1736/2129 1716/2102
f 1729/2103 1749/2135 1744/2136 1724/2104
f 1727/2105 1747/2121 1738/2124 1718/2106
f 1717/2107 1737/2137 1735/2134 1715/2101
f 1711/2108 1731/2132 1737/2137 1717/2107
f 1726/2109 1746/2138 1745/2139 1725/2110
f 1724/2104 1744/2136 1743/2140 1723/2111
f 1719/2112 1739/2125 1730/2131 1710/2113
f 1728/2114 1748/2128 1746/2138 1726/2109
f 1723/2111 1743/2140 1741/2122 1721/2115
f 1714/2116 1734/2123 1740/2133 1720/2099
f 1725/2110 1745/2139 1749/2135 1729/2103
f 1737/2137 1757/2141 1755/2142 1735/2134
f 1731/2132 1751/2143 1757/2141 1737/2137
f 1746/2138 1766/2144 1765/2145 1745/2139
f 1744/2136 1764/2146 1763/2147 1743/2140
f 1739/2125 1759/2148 1750/2149 1730/2131
f 1748/2128 1768/2150 1766/2144 1746/2138
f 1743/2140 1763/2147 1761/2151 1741/2122
f 1734/2123 1754/2152 1760/2153 1740/2133
f 1745/2139 1765/2145 1769/2154 1749/2135
f 1742/2120 1762/2155 1767/2156 1747/2121
f 1741/2122 1761/2151 1754/2152 1734/2123
f 1738/2124 1758/2157 1759/2148 1739/2125
f 1732/2126 1752/2158 1753/2159 1733/2127
f 1733/2127 1753/2159 1768/2150 1748/2128
f 1736/2129 1756/2160 1752/2161 1732/2130
f 1730/2131 1750/2149 1751/2143 1731/2132
f 1740/2133 1760/2153 1762/2155 1742/2120
f 1735/2134 1755/2142 1756/2160 1736/2129
f 1749/2135 1769/2154 1764/2146 1744/2136
f 1747/2121 1767/2156 1758/2157 1738/2124
f 1982/2162 1948/2163 1979/2164 1976/2165
f 2363/2166 2361/2167 1858/2168 1836/2169
f 2367/2170 2587/2171 2572/2172 1897/2173
f 2203/2174 2199/2175 1800/2176 2057/2177
f 2396/2178 2380/2179 1855/2180 2127/2181
f 2024/2182 1958/2183 2299/2184 2306/2185
f 2402/2186 2382/2187 1816/2188 2317/2189
f 2137/2190 1795/2191 1792/2192 2128/2193
f 2365/2194 2359/2195 2051/2196 1853/2197
f 2143/2198 2142/2199 1950/2200 1956/2201
f 2330/2202 2324/2203 1889/2204 2220/2205
f 2024/2206 2608/2207 2573/2208 1958/2209
f 2156/2210 1874/2211 1873/2212 2268/2213
f 1986/2214 1984/2215 1985/2216 1987/2217
f 2447/2218 2413/2219 1854/2220 2366/2221
f 2312/2222 2291/2223 1885/2224 2170/2225
f 1871/2226 2568/2227 2586/2228 2344/2229
f 2394/2230 2383/2231 1853/2197 2051/2196
f 1774/2232 1772/2233 2760/2234 1995/2235
f 2162/2236 2126/2237 1788/2238 2058/2239
f 2220/2240 2613/2241 2595/2242 2244/2243
f 2149/2244 2133/2245 1869/2246 2065/2247
f 2074/2248 1780/2249 2034/2250 2072/2251
f 1775/2252 1773/2253 1840/2254 1831/2255
f 2427/2256 2423/2257 1784/2258 1829/2259
f 2084/2260 2607/2261 2564/2262 2281/2263
f 2169/2264 2115/2265 1917/2266 2130/2267
f 2180/2268 2175/2269 1938/2270 1942/2271
f 2627/2272 2652/2273 2604/2274 2104/2275
f 2400/2276 2388/2277 1901/2278 2239/2279
f 1775/2280 2278/2281 1772/2233 1774/2232
f 2384/2282 2566/2283 2567/2284 1817/2285
f 2358/2286 2363/2166 1836/2169 1859/2287
f 2072/2288 2073/2289 1875/2290 1880/2291
f 2423/2292 1786/2293 2058/2294 2433/2295
f 2415/2296 2418/2297 2010/2298 2011/2299
f 1843/2300 1832/2301 1842/2302 1848/2303
f 2438/2304 2404/2305 1917/2266 2115/2265
f 1876/2306 2569/2307 2623/2308 2265/2309
f 2416/2310 1830/2311 1789/2312 2430/2313
f 2202/2314 2193/2315 1957/2316 2014/2317
f 2420/2318 1788/2319 1830/2311 2416/2310
f 1811/2320 2534/2321 2565/2322 1812/2323
f 1835/2324 1981/2325 1952/2326 1844/2327
f 2258/2328 1872/2329 1864/2330 2054/2331
f 2311/2332 2116/2333 1804/2334 2320/2335
f 2183/2336 1920/2337 1925/2338 2200/2339
f 2126/2237 2146/2340 1830/2311 1788/2238
f 2393/2341 2399/2342 2232/2343 1821/2344
f 2335/2345 1861/2346 1863/2347 2342/2348
f 2151/2349 2158/2350 2069/2351 2033/2352
f 2264/2353 2622/2354 2568/2227 1871/2226
f 2430/2313 1789/2312 1790/2355 2428/2356
f 2209/2357 2217/2358 1793/2359 1794/2360
f 2088/2361 2087/2362 1959/2363 1960/2364
f 2259/2365 2159/2366 1865/2367 2172/2368
f 2672/2369 2150/2370 1908/2371 2666/2372
f 2231/2373 2121/2374 1826/2375 2221/2376
f 2140/2377 2143/2198 1956/2201 1990/2378
f 2296/2379 2299/2184 1958/2183 1954/2380
f 2348/2381 1859/2287 1836/2169 2338/2382
f 2184/2383 2187/2384 1787/2385 1826/2386
f 2002/2387 1782/2388 2001/2389 2005/2390
f 2298/2391 2287/2392 1797/2393 2020/2394
f 2426/2395 2421/2396 1955/2397 1992/2398
f 2052/2399 2055/2400 1832/2301 1843/2300
f 2445/2401 2419/2402 2035/2403 2336/2404
f 2414/2405 1949/2406 1955/2397 2421/2396
f 2697/2407 2696/2408 2022/2409 2021/2410
f 2131/2411 2160/2412 1919/2413 1926/2414
f 1848/2415 1842/2416 1847/2417 2040/2418
f 1780/2249 1873/2212 1874/2211 2034/2250
f 1949/2419 1944/2420 1948/2163 1982/2162
f 2696/2408 2695/2421 2023/2422 2022/2409
f 2204/2423 2086/2424 1931/2425 2197/2426
f 2279/2427 2616/2428 2520/2429 2082/2430
f 2171/2431 2597/2432 2593/2433 1884/2434
f 1874/2211 1870/2435 2042/2436 2034/2250
f 1892/2437 2576/2438 2600/2439 2071/2440
f 2659/2441 1845/2442 1914/2443 2663/2444
f 2377/2445 2371/2446 1821/2344 2232/2343
f 2158/2350 2164/2447 2076/2448 2069/2351
f 2185/2449 1918/2450 1920/2337 2183/2336
f 2290/2451 1887/2452 2260/2453 2330/2454
f 2440/2455 2172/2368 1865/2367 2429/2456
f 1839/2457 1837/2458 1966/2459 1773/2460
f 2132/2461 1943/2462 1950/2200 2142/2199
f 2019/2463 2527/2464 2608/2207 2024/2206
f 2657/2465 2670/2466 2049/2467 1852/2468
f 2433/2295 2058/2294 1788/2238 2420/2318
f 2338/2382 1836/2169 1858/2168 2336/2469
f 2278/2470 2061/2471 2059/2472 1783/2473
f 2141/2474 1790/2355 1789/2312 2134/2475
f 2229/2476 2151/2349 2033/2352 2228/2477
f 1940/2478 2094/2479 1964/2480 1967/2481
f 2663/2444 1914/2443 2038/2482 2661/2483
f 2223/2484 2584/2485 2585/2486 1894/2487
f 2163/2488 2149/2244 2065/2247 2075/2489
f 2024/2490 2306/2491 2314/2492 2019/2493
f 2690/2494 2689/2495 1805/2496 1806/2497
f 2004/2498 2006/2499 2007/2500 2008/2501
f 2131/2502 2284/2503 2286/2504 2233/2505
f 2308/2506 2077/2507 2066/2508 2300/2509
f 1887/2510 1886/2511 1881/2512 1893/2513
f 2125/2514 2123/2515 1849/2516 2053/2517
f 1953/2518 1951/2519 2218/2520 2238/2521
f 2346/2522 2596/2523 2599/2524 1889/2525
f 1949/2419 1982/2162 1983/2526 1955/2397
f 1782/2388 1781/2527 1778/2528 2001/2389
f 1984/2215 1986/2214 1989/2529 1992/2530
f 2383/2531 1851/2532 2038/2533 2385/2534
f 1834/2535 1994/2536 1993/2537 1833/2538
f 1879/2539 2074/2248 2072/2251 1880/2291
f 2077/2507 2078/2540 2067/2541 2066/2508
f 2648/2542 2624/2543 1915/2544 2406/2545
f 2350/2546 2341/2547 1865/2367 2159/2366
f 1998/2548 1997/2549 1779/2550 1781/2551
f 2698/2552 2688/2553 1959/2554 1962/2555
f 1891/2556 2575/2557 2583/2558 1890/2559
f 2434/2560 2085/2561 1929/2562 2431/2563
f 1842/2416 1840/2564 1838/2565 1847/2417
f 1846/2566 1928/2567 1927/2568 2047/2569
f 2680/2570 2657/2465 1852/2468 2412/2571
f 1987/2572 1988/2573 1973/2574 2004/2575
f 2129/2576 1786/2577 1785/2578 2152/2579
f 2432/2580 1991/2581 1990/2582 2426/2583
f 1984/2215 1983/2584 1977/2585 1985/2216
f 2004/2575 1973/2574 2003/2586 2006/2499
f 2041/2587 2046/2588 2047/2569 1927/2568
f 1994/2589 1839/2590 1774/2232 1995/2235
f 1834/2535 1837/2458 1839/2457 1994/2536
f 2392/2591 2048/2592 1910/2593 2390/2594
f 1806/2497 1805/2496 2093/2595 1807/2596
f 2042/2436 1870/2435 2133/2245 2149/2244
f 2019/2493 2314/2492 2289/2597 2018/2598
f 1808/2599 2282/2600 1928/2567 1846/2566
f 1778/2528 1777/2601 1791/2602 2001/2389
f 2200/2339 1925/2338 2283/2603 2285/2604
f 1894/2487 2585/2486 2588/2605 2345/2606
f 2119/2607 2039/2608 2037/2609 2114/2610
f 2234/2611 1942/2271 1938/2270 2235/2612
f 1772/2613 1771/2614 1776/2615 1770/2616
f 2415/2296 2011/2299 1791/2617 2410/2618
f 2175/2269 2197/2426 1931/2425 1938/2270
f 2354/2619 2334/2620 1899/2621 2247/2622
f 2397/2623 2176/2624 1901/2278 2388/2277
f 1998/2548 1781/2551 1782/2388 1999/2625
f 2670/2466 2660/2626 1851/2627 2049/2467
f 2662/2628 1911/2629 1845/2442 2659/2441
f 2359/2195 2366/2221 1854/2220 2051/2196
f 2189/2630 2180/2268 1942/2271 1951/2631
f 2304/2632 2200/2339 2285/2604 2333/2633
f 2289/2597 2298/2391 2020/2394 2018/2598
f 2249/2634 2222/2635 1931/2425 2086/2424
f 2444/2636 2429/2456 1865/2367 2341/2547
f 1983/2584 1984/2215 1992/2530 1955/2397
f 2449/2637 2413/2638 1855/2180 2380/2179
f 2693/2639 2692/2640 1968/2641 1971/2642
f 2437/2643 2427/2256 1829/2259 2112/2644
f 2136/2645 2013/2646 1795/2191 2137/2190
f 2191/2647 2201/2648 1799/2649 2044/2650
f 2003/2586 2000/2651 2002/2652 2006/2499
f 1847/2417 1838/2565 1846/2566 2047/2569
f 2199/2175 2191/2647 2044/2650 1800/2176
f 2344/2229 2586/2228 2606/2653 1820/2654
f 2010/2298 2007/2655 2005/2656 2011/2299
f 2339/2657 2054/2331 1864/2330 2340/2658
f 2637/2659 1849/2660 2037/2661 2638/2662
f 2694/2663 2692/2664 1964/2665 1965/2666
f 2089/2667 2092/2668 2021/2410 2022/2409
f 2090/2669 2088/2361 1960/2364 1965/2670
f 1921/2671 2582/2672 2581/2673 2118/2674
f 1986/2675 1987/2572 2004/2575 2008/2501
f 2766/2676 1971/2642 1968/2641 2768/2677
f 2422/2678 2009/2679 2010/2298 2418/2297
f 1819/2680 2603/2681 2574/2682 2343/2683
f 2676/2684 2245/2685 1824/2686 2667/2687
f 1831/2255 1840/2254 1842/2302 1832/2301
f 2432/2688 2422/2689 2012/2690 1991/2691
f 1948/2163 1947/2692 1980/2693 1979/2164
f 2120/2694 2045/2695 2039/2608 2119/2607
f 2015/2696 1974/2697 1980/2698 1981/2699
f 1890/2559 2583/2558 2584/2485 2223/2484
f 1985/2216 2064/2700 1988/2701 1987/2217
f 2063/2702 1978/2703 1977/2704 1976/2705
f 2381/2706 2394/2230 2051/2196 1854/2220
f 1926/2414 2280/2707 2284/2503 2131/2411
f 2055/2708 1784/2709 2059/2472 2061/2471
f 2112/2710 2125/2514 2053/2517 1850/2711
f 2257/2712 2258/2328 2054/2331 1863/2713
f 2389/2714 1909/2715 2048/2592 2392/2591
f 1834/2535 1835/2324 1844/2327 1837/2458
f 2018/2716 2526/2717 2527/2464 2019/2463
f 2006/2499 2002/2652 2005/2390 2007/2500
f 2070/2718 2601/2719 2575/2557 1891/2556
f 2117/2720 1915/2721 2045/2695 2120/2694
f 2369/2722 2605/2723 2555/2724 1818/2725
f 2691/2726 2688/2727 1961/2728 1970/2729
f 1983/2584 1982/2162 1976/2165 1977/2585
f 2043/2730 2598/2731 2540/2732 1801/2733
f 2411/2734 2405/2735 1927/2568 1928/2567
f 1947/2692 1952/2326 1981/2325 1980/2693
f 1945/2736 1947/2692 1948/2163 1944/2420
f 1829/2259 1784/2258 2055/2708 2052/2399
f 2046/2588 2040/2418 1847/2417 2047/2569
f 2375/2737 2357/2738 1901/2278 2176/2624
f 2011/2299 2005/2656 2001/2389 1791/2617
f 2078/2739 1880/2740 1875/2741 2081/2742
f 2348/2743 1860/2744 1861/2745 2335/2746
f 2358/2286 1859/2287 1862/2747 2364/2748
f 2138/2749 2157/2750 1930/2751 1939/2752
f 2034/2250 2042/2436 2073/2289 2072/2251
f 2329/2753 2294/2754 1921/2755 2118/2756
f 2177/2757 1793/2758 1799/2649 2201/2648
f 2411/2734 1928/2567 2282/2600 2443/2759
f 1779/2550 1770/2760 1778/2528 1781/2551
f 2177/2757 2174/2761 1794/2360 1793/2758
f 1966/2459 1837/2458 1844/2327 1808/2762
f 2212/2763 2255/2764 1975/2765 2035/2766
f 2255/2764 2256/2767 1860/2768 1975/2765
f 1996/2769 1995/2235 2760/2234 2761/2770
f 2009/2679 2008/2501 2007/2500 2010/2298
f 2130/2267 1917/2266 1919/2413 2160/2412
f 2164/2447 2147/2771 2031/2772 2076/2448
f 1896/2773 2592/2774 2596/2523 2346/2522
f 2080/2775 2611/2776 2601/2719 2070/2718
f 2364/2777 2365/2194 1853/2197 1913/2778
f 2390/2594 1910/2593 1913/2779 2385/2780
f 1977/2585 1978/2703 2064/2700 1985/2216
f 2404/2305 2405/2781 1919/2413 1917/2266
f 2352/2782 2196/2783 1822/2784 2337/2785
f 2678/2786 2665/2787 1902/2788 2323/2789
f 1993/2790 1994/2589 1995/2235 1996/2769
f 2689/2495 2697/2407 2021/2410 1805/2496
f 1817/2285 2567/2284 2602/2791 2368/2792
f 2691/2793 2694/2663 1965/2666 1960/2364
f 2410/2794 2428/2356 1790/2355 1792/2795
f 2056/2796 2546/2797 2534/2321 1811/2320
f 2066/2508 2067/2541 1881/2512 1886/2511
f 2417/2798 1943/2799 1939/2800 2408/2801
f 2161/2802 2140/2377 1990/2378 1991/2581
f 2000/2651 1999/2625 1782/2388 2002/2652
f 2446/2803 2370/2804 1906/2805 2409/2806
f 1972/2807 2015/2696 1981/2699 1835/2324
f 2376/2808 2239/2279 1901/2278 2357/2738
f 2095/2809 1962/2555 1959/2554 2087/2362
f 2695/2421 2698/2552 1962/2555 2023/2422
f 2089/2667 2022/2409 2023/2422 2091/2810
f 1947/2692 1945/2736 1929/2811 1952/2326
f 2374/2812 2371/2813 1822/2784 2196/2783
f 2136/2645 2135/2814 2012/2815 2013/2646
f 2448/2816 2425/2817 1909/2715 2389/2714
f 2214/2818 2016/2819 2014/2820 2226/2821
f 1986/2675 2008/2501 2009/2679 1989/2822
f 2252/2823 2257/2712 1863/2713 1861/2346
f 2351/2824 2334/2825 1900/2826 2186/2827
f 1881/2512 2067/2541 2068/2828 2032/2829
f 1882/2830 2538/2831 2556/2832 1883/2833
f 2408/2834 2431/2563 1929/2562 1945/2736
f 2291/2835 1879/2836 2077/2507 2308/2506
f 2147/2837 2163/2488 2075/2489 2031/2838
f 1879/2836 1880/2740 2078/2739 2077/2507
f 2417/2839 1944/2420 1949/2419 2414/2405
f 1885/2840 2571/2841 2570/2842 2170/2843
f 1770/2760 1776/2615 1777/2601 1778/2528
f 2067/2541 2078/2540 2081/2742 2068/2828
f 2342/2348 1863/2347 2054/2331 2339/2657
f 2123/2844 1843/2300 1848/2303 2114/2845
f 2322/2846 2296/2379 1954/2380 1946/2847
f 2646/2848 2635/2849 1814/2850 2319/2851
f 1773/2460 1966/2459 1838/2565 1840/2564
f 2146/2340 2134/2475 1789/2312 1830/2311
f 1889/2525 2599/2524 2613/2241 2220/2240
f 2256/2767 2252/2852 1861/2745 1860/2768
f 2331/2853 2292/2854 2181/2855 2263/2856
f 2300/2509 2066/2508 1886/2511 2302/2857
f 2095/2809 2091/2810 2023/2422 1962/2555
f 2129/2576 2162/2236 2058/2239 1786/2577
f 2187/2384 2203/2174 2057/2177 1787/2385
f 1832/2301 2055/2400 2061/2471 1831/2255
f 2062/2858 2063/2702 1976/2705 1979/2164
f 1974/2697 2062/2858 1979/2164 1980/2698
f 1835/2324 1834/2535 1833/2538 1972/2807
f 2286/2859 2249/2634 2086/2424 2283/2860
f 2443/2759 2282/2600 2085/2561 2434/2560
f 2285/2604 2283/2603 2086/2424 2204/2423
f 1952/2326 1929/2811 2085/2561 1844/2327
f 1895/2861 2589/2862 2587/2171 2367/2170
f 2021/2410 2092/2668 2093/2595 1805/2496
f 1798/2863 2539/2864 2594/2865 1797/2866
f 2020/2867 2545/2868 2526/2717 2018/2716
f 1965/2666 1964/2665 2094/2479 2090/2669
f 1884/2434 2593/2433 2611/2776 2080/2775
f 2124/2869 2615/2870 2543/2871 1923/2872
f 2677/2873 2658/2874 2100/2875 2309/2876
f 2281/2263 2564/2262 2560/2877 1932/2878
f 2645/2879 2627/2880 2104/2881 2310/2882
f 2644/2883 2250/2884 2107/2885 2629/2886
f 2660/2887 2102/2888 2106/2889 2661/2890
f 2624/2891 2096/2892 2101/2893 2636/2894
f 2632/2895 2637/2896 2102/2897 2110/2898
f 2647/2899 2634/2900 2098/2901 2435/2902
f 2679/2903 2662/2904 2096/2905 2436/2906
f 2625/2907 2099/2908 2106/2909 2638/2910
f 2634/2900 2632/2895 2110/2898 2098/2901
f 2636/2894 2101/2893 2099/2908 2625/2907
f 2079/2911 2609/2912 2571/2841 1885/2913
f 2639/2914 2167/2915 2105/2916 2628/2917
f 1849/2660 2123/2515 2114/2845 2037/2661
f 2327/2918 2329/2753 2118/2756 1904/2919
f 2041/2587 2117/2720 2120/2694 2046/2588
f 1829/2259 2052/2399 2125/2514 2112/2644
f 2046/2588 2120/2694 2119/2607 2040/2418
f 2403/2920 2437/2643 2112/2644 1850/2711
f 2040/2418 2119/2607 2114/2610 1848/2415
f 2052/2399 1843/2300 2123/2844 2125/2514
f 2240/2921 1825/2922 2121/2374 2231/2373
f 2319/2851 1814/2850 2116/2333 2311/2332
f 1923/2872 2543/2871 2544/2923 1934/2924
f 2406/2925 2438/2304 2115/2265 1916/2926
f 2630/2927 2653/2928 2578/2929 1922/2930
f 2139/2931 1916/2926 2115/2265 2169/2264
f 2236/2932 2139/2931 2169/2264 2251/2933
f 1828/2934 2145/2935 2168/2936 2122/2937
f 2643/2938 2230/2939 2167/2915 2639/2914
f 2626/2940 2103/2941 2166/2942 2640/2943
f 2280/2707 2083/2944 2165/2945 2284/2503
f 2210/2946 2227/2947 2162/2236 2129/2576
f 2219/2948 2213/2949 2134/2475 2146/2340
f 1893/2513 1881/2512 2032/2829 2241/2950
f 2012/2690 2135/2814 2161/2951 1991/2691
f 2215/2952 2214/2953 2135/2814 2136/2645
f 2370/2954 1905/2955 2144/2956 2372/2957
f 2226/2958 2237/2959 2140/2377 2161/2802
f 1875/2290 2073/2289 2163/2488 2147/2837
f 2211/2960 2130/2267 2160/2412 2225/2961
f 2235/2962 2222/2963 2157/2750 2138/2749
f 2664/2964 1827/2965 2153/2966 2671/2967
f 2215/2952 2136/2645 2137/2190 2216/2968
f 2083/2944 1930/2751 2157/2750 2165/2945
f 2347/2969 2349/2970 2155/2971 2036/2972
f 1943/2799 2132/2461 2138/2749 1939/2800
f 2210/2946 2129/2576 2152/2579 2221/2973
f 2353/2974 2350/2546 2159/2366 2224/2975
f 2081/2742 1875/2741 2147/2771 2164/2447
f 2267/2976 2133/2245 1870/2435 2266/2977
f 2217/2978 2141/2474 2134/2475 2213/2949
f 2234/2979 2132/2461 2142/2199 2218/2980
f 2073/2289 2042/2436 2149/2244 2163/2488
f 2360/2981 2373/2982 2127/2181 1855/2180
f 2233/2505 2225/2961 2160/2412 2131/2502
f 2237/2959 2238/2983 2143/2198 2140/2377
f 2122/2937 2168/2936 2152/2579 1785/2578
f 2675/2984 2243/2985 2150/2370 2672/2369
f 2266/2977 1870/2435 1874/2211 2156/2210
f 1792/2795 1790/2355 2141/2474 2128/2193
f 2068/2828 2081/2742 2164/2447 2158/2350
f 1888/2986 2219/2948 2146/2340 2126/2237
f 2391/2987 2395/2988 2144/2956 1905/2955
f 2251/2933 2169/2264 2130/2267 2211/2960
f 2032/2829 2068/2828 2158/2350 2151/2349
f 2227/2947 1888/2986 2126/2237 2162/2236
f 2238/2983 2218/2520 2142/2199 2143/2198
f 2216/2968 2137/2190 2128/2193 2209/2989
f 2399/2342 2396/2178 2127/2181 2232/2343
f 1809/2990 2547/2991 2562/2992 1841/2993
f 2313/2994 2312/2222 2170/2225 1878/2995
f 2194/2996 2260/2997 2254/2998 1899/2999
f 1825/2922 2182/3000 2208/3001 2121/2374
f 1912/3002 2111/3003 2207/3004 2198/3005
f 2631/3006 2641/3007 2206/3008 2109/3009
f 2667/3010 2673/3011 2205/3012 2107/3013
f 2333/2633 2285/2604 2204/2423 2328/3014
f 2295/3015 2307/3016 2203/2174 2187/2384
f 2247/3017 2248/3018 1867/3019 2155/3020
f 2629/3021 2642/3022 2182/3000 1825/2922
f 1951/2519 1953/2518 2188/3023 2189/2630
f 2356/3024 2351/2824 2186/2827 2321/3025
f 2379/3026 2374/2812 2196/2783 2326/3027
f 2669/3028 2674/3029 2190/3030 1907/3031
f 2355/3032 2326/3027 2196/2783 2352/2782
f 2288/3033 2287/3034 2174/2761 2177/2757
f 2288/3033 2177/2757 2201/2648 2305/3035
f 2111/3003 1918/2450 2185/2449 2207/3004
f 2378/3036 2375/2737 2176/2624 2316/3037
f 2303/3038 2297/3039 2191/2647 2199/2175
f 2297/3039 2305/3035 2201/2648 2191/2647
f 2017/3040 1796/3041 2192/3042 2178/3043
f 2322/3044 2318/3045 2180/2268 2189/2630
f 2401/3046 2316/3037 2176/2624 2397/2623
f 2315/3047 2301/3048 2197/2426 2175/2269
f 2014/2820 2016/2819 2173/3049 2202/3050
f 2294/3051 2185/2449 2183/2336 2293/3052
f 2328/3014 2204/2423 2197/2426 2301/3048
f 1796/3041 1794/2360 2174/2761 2192/3042
f 2320/3053 2295/3015 2187/2384 2184/2383
f 1953/2518 1957/2316 2193/2315 2188/3023
f 2293/3052 2183/2336 2200/2339 2304/2632
f 2121/2374 2208/3001 2184/2383 1826/2375
f 2306/2185 2299/2184 2193/2315 2202/2314
f 2318/3045 2315/3047 2175/2269 2180/2268
f 2393/3054 2398/3055 2179/3056 1824/3057
f 2016/2819 2017/3040 2178/3043 2173/3049
f 2307/3016 2303/3038 2199/2175 2203/2174
f 2241/2950 2032/2829 2151/2349 2229/2476
f 1796/3041 2216/2968 2209/2989 1794/2360
f 2057/2177 1800/2176 1888/2986 2227/2947
f 2419/2402 2439/3058 2212/2763 2035/2403
f 2111/3003 2251/2933 2211/2960 1918/2450
f 1800/2176 2044/2650 2219/2948 1888/2986
f 2260/2453 1887/2452 1893/2513 2254/2998
f 2155/2971 1867/3019 2253/3059 2036/2972
f 2669/3028 1907/3031 2243/2985 2675/2984
f 1957/2316 1953/2518 2238/2521 2237/2959
f 1925/2338 1920/2337 2225/2961 2233/2505
f 2254/2998 1893/2513 2241/2950 2248/3060
f 1942/2271 2234/2611 2218/2980 1951/2631
f 1793/2758 2217/2358 2213/2949 1799/2649
f 2668/3061 2687/3062 2610/3063 2108/3064
f 2248/3060 2241/2950 2229/2476 1867/3019
f 2337/3065 2353/2974 2224/2975 1866/3066
f 1787/2385 2210/2946 2221/2973 1826/2386
f 2017/3040 2215/2952 2216/2968 1796/3041
f 1938/2270 1931/2425 2222/2635 2235/2612
f 1918/2450 2211/2960 2225/2961 1920/2337
f 1869/2246 2133/2245 2267/2976 1868/3067
f 2014/2317 1957/2316 2237/2959 2226/2958
f 2017/3040 2016/2819 2214/2818 2215/2952
f 2658/3068 2685/3069 2557/3070 2100/3071
f 2044/2650 1799/2649 2213/2949 2219/2948
f 1787/2385 2057/2177 2227/2947 2210/2946
f 2631/3006 2109/3009 2230/2939 2643/2938
f 1912/3002 2236/2932 2251/2933 2111/3003
f 2145/2935 2240/2921 2231/2373 2168/2936
f 2640/2943 2166/2942 2250/2884 2644/2883
f 2284/2503 2165/2945 2249/2634 2286/2504
f 2135/2814 2214/2953 2226/2821 2161/2951
f 2372/2957 2144/2956 2239/2279 2376/2808
f 2671/2967 2153/2966 2245/2685 2676/2684
f 2165/2945 2157/2750 2222/2963 2249/2634
f 2349/2970 2354/2619 2247/2622 2155/2971
f 2132/2461 2234/2979 2235/2612 2138/2749
f 1899/2999 2254/2998 2248/3060 2247/2622
f 2373/2982 2377/2445 2232/2343 2127/2181
f 2168/2936 2231/2373 2221/2376 2152/2579
f 2128/2193 2141/2474 2217/2978 2209/2989
f 2395/2988 2400/2276 2239/2279 2144/2956
f 2228/2477 2033/2352 2271/3072 2441/3073
f 2273/3074 2274/3075 2252/2852 2256/2767
f 2274/3076 2275/3077 2257/2712 2252/2823
f 2302/2857 1886/2511 1887/2510 2290/2451
f 2272/3078 2273/3074 2256/2767 2255/2764
f 2271/3079 2272/3078 2255/2764 2212/2763
f 2275/3077 2276/3080 2258/2328 2257/2712
f 2442/3081 1868/3082 2172/2368 2440/2455
f 2262/3083 2266/2977 2156/2210 2261/3084
f 2276/3080 2277/3085 1872/2329 2258/2328
f 1867/3019 2229/2476 2228/2477 2253/3059
f 2224/2975 2262/3083 2261/3084 1866/3066
f 1866/3066 2261/3084 2263/2856 2181/2855
f 2656/3086 2684/3087 2525/3088 1815/3089
f 2159/2366 2259/2365 2262/3083 2224/2975
f 2332/3090 2331/2853 2263/2856 2268/3091
f 1868/3082 2267/2976 2259/2365 2172/2368
f 2259/2365 2267/2976 2266/2977 2262/3083
f 2261/3084 2156/2210 2268/2213 2263/2856
f 1814/3092 2532/3093 2563/3094 2116/3095
f 2450/3096 1877/3097 2269/3098 2332/3099
f 2065/2247 1869/2246 2277/3085 2276/3080
f 2075/2489 2065/2247 2276/3080 2275/3077
f 2031/2838 2075/2489 2275/3077 2274/3076
f 2076/2448 2031/2772 2274/3075 2273/3074
f 2069/2351 2076/2448 2273/3074 2272/3078
f 2033/2352 2069/2351 2272/3078 2271/3072
f 2439/3058 2441/3073 2271/3072 2212/2763
f 1869/2246 1868/3067 2442/3081 2277/3085
f 2233/2505 2286/2504 2283/2860 1925/2338
f 1838/2565 1966/2459 1808/2762 1846/2566
f 2362/3100 2550/3101 2592/2774 1896/2773
f 1844/2327 2085/2561 2282/2600 1808/2762
f 1831/2255 2061/2471 2278/2470 1775/2252
f 1774/2232 1839/2590 1773/2253 1775/2280
f 1772/2613 2278/2281 1783/2473 1771/2614
f 1873/2212 2450/3096 2332/3099 2268/2213
f 2269/3098 2264/3102 2331/2853 2332/3099
f 1892/3103 2302/2857 2290/2451 2244/3104
f 2060/3105 1802/3106 2303/3038 2307/3016
f 1941/3107 1937/3108 2315/3047 2318/3045
f 2769/3109 2475/3110 2027/3111 2028/3112
f 1924/3113 2293/3052 2304/2632 1932/3114
f 1804/2334 1803/3115 2295/3015 2320/2335
f 2084/3116 2328/3014 2301/3048 1933/3117
f 1921/2755 2294/2754 2293/3052 1924/3113
f 1937/3108 1933/3117 2301/3048 2315/3047
f 2387/3118 1898/3119 2316/3037 2401/3046
f 1946/2847 1941/3107 2318/3045 2322/2846
f 2043/3120 1801/3121 2305/3035 2297/3039
f 1802/3106 2043/3120 2297/3039 2303/3038
f 2362/3122 2378/3036 2316/3037 1898/3119
f 1798/3123 2288/3033 2305/3035 1801/3121
f 1798/3123 1797/2393 2287/2392 2288/3033
f 2344/3124 1820/3125 2326/3027 2355/3032
f 2369/3126 2379/3026 2326/3027 1820/3125
f 2346/3127 2356/3024 2321/3025 1896/3128
f 1803/3115 2060/3105 2307/3016 2295/3015
f 2281/3129 2333/2633 2328/3014 2084/3116
f 1780/2249 2074/2248 2312/2222 2313/2994
f 2182/3000 2319/2851 2311/2332 2208/3001
f 2198/3005 2207/3004 2329/2753 2327/2918
f 2641/3007 2645/2879 2310/2882 2206/3008
f 2673/3011 2677/2873 2309/2876 2205/3012
f 2071/3130 2300/2509 2302/2857 1892/3103
f 2264/3102 1871/3131 2292/2854 2331/2853
f 2642/3022 2646/2848 2319/2851 2182/3000
f 2189/2630 2188/3023 2296/2379 2322/3044
f 1885/3132 2291/2835 2308/2506 2079/3133
f 2674/3029 2678/2786 2323/2789 2190/3030
f 2207/3004 2185/2449 2294/3051 2329/2753
f 2178/3043 2192/3042 2298/2391 2289/2597
f 1932/3114 2304/2632 2333/2633 2281/3129
f 2202/3050 2173/3049 2314/2492 2306/2491
f 2079/3133 2308/2506 2300/2509 2071/3130
f 2244/3104 2290/2451 2330/2454 2220/2205
f 2192/3042 2174/2761 2287/3034 2298/2391
f 2188/3023 2193/2315 2299/2184 2296/2379
f 2208/3001 2311/2332 2320/2335 2184/2383
f 2074/2248 1879/2539 2291/2223 2312/2222
f 2260/2997 2194/2996 2324/2203 2330/2454
f 2398/3055 2402/2186 2317/2189 2179/3056
f 2173/3049 2178/3043 2289/2597 2314/2492
f 1889/2204 2324/2203 2356/3024 2346/3127
f 1871/3131 2344/3124 2355/3032 2292/2854
f 2148/3134 2242/3135 2354/2619 2349/2970
f 1822/2784 2246/3136 2353/2974 2337/2785
f 2292/2854 2355/3032 2352/2782 2181/2855
f 2324/2203 2194/2996 2351/2824 2356/3024
f 2246/3136 2154/3137 2350/2546 2353/2974
f 1906/3138 2148/3134 2349/2970 2347/2969
f 1857/3139 2342/2348 2339/2657 2050/3140
f 2194/2996 1899/2999 2334/2620 2351/2824
f 2181/2855 2352/2782 2337/2785 1866/3066
f 1859/2287 2348/2381 2335/2746 1862/2747
f 2050/3140 2339/2657 2340/2658 1856/3141
f 2407/3142 2444/2636 2341/2547 1823/3143
f 2242/3135 1900/2826 2334/2825 2354/2619
f 2154/3137 1823/3143 2341/2547 2350/2546
f 1975/2765 2338/2382 2336/2469 2035/2766
f 2409/3144 2445/2401 2336/2404 1858/2168
f 1860/2768 2348/2743 2338/2382 1975/2765
f 1862/3145 2335/2345 2342/2348 1857/3139
f 1954/3146 2541/3147 2536/3148 1946/3149
f 1818/2725 2555/2724 2554/3150 2382/3151
f 1818/3152 2325/3153 2379/3026 2369/3126
f 1896/3128 2321/3025 2378/3036 2362/3122
f 2154/3137 2246/3136 2377/2445 2373/2982
f 2148/3134 2372/2957 2376/2808 2242/3135
f 2321/3025 2186/2827 2375/2737 2378/3036
f 2325/3153 2195/3154 2374/2812 2379/3026
f 1823/3143 2154/3137 2373/2982 2360/2981
f 1906/3138 2370/2804 2372/2957 2148/3134
f 2195/3154 1821/2344 2371/2446 2374/2812
f 2242/3135 2376/2808 2357/2738 1900/2826
f 2425/3155 1905/2955 2370/2954 2446/2803
f 1862/3145 1857/3139 2365/2194 2364/2777
f 1910/2593 2358/2286 2364/2748 1913/2779
f 2186/2827 1900/2826 2357/2738 2375/2737
f 2665/3156 2686/3157 2591/3158 1902/3159
f 2050/3140 1856/3141 2366/2221 2359/2195
f 1803/3160 2533/3161 2614/3162 2060/3163
f 2246/3136 1822/2784 2371/2813 2377/2445
f 1910/2593 2048/2592 2363/2166 2358/2286
f 2407/3164 2447/2218 2366/2221 1856/3141
f 1857/3139 2050/3140 2359/2195 2365/2194
f 2048/2592 1909/2715 2361/2167 2363/2166
f 2195/3154 2325/3153 2402/2186 2398/3055
f 1902/2788 2387/3118 2401/3046 2323/2789
f 2150/2370 2243/2985 2400/2276 2395/2988
f 1821/2344 2195/3154 2398/3055 2393/2341
f 2323/2789 2401/3046 2397/2623 2190/3030
f 2245/2685 2153/2966 2396/2178 2399/2342
f 1908/2371 2150/2370 2395/2988 2391/2987
f 2424/3165 2448/2816 2389/2714 1911/3166
f 1914/2443 2390/2594 2385/2780 2038/2482
f 2386/3167 2579/3168 2580/3169 1903/3170
f 1911/2629 2389/2714 2392/2591 1845/2442
f 1852/2468 2049/2467 2394/2230 2381/2706
f 2412/3171 2449/2637 2380/2179 1827/3172
f 2190/3030 2397/2623 2388/2277 1907/3031
f 1845/2442 2392/2591 2390/2594 1914/2443
f 2071/2440 2600/2439 2609/2912 2079/2911
f 1853/2197 2383/2231 2385/2534 1913/2778
f 1824/3057 2245/2685 2399/2342 2393/3054
f 2243/2985 1907/3031 2388/2277 2400/2276
f 2049/2467 1851/2627 2383/2531 2394/2230
f 2325/3153 1818/3152 2382/2187 2402/2186
f 2153/2966 1827/2965 2380/2179 2396/2178
f 1852/2468 2381/2706 2449/2637 2412/2571
f 1908/2371 2391/2987 2448/2816 2424/3165
f 1823/3143 2360/2981 2447/2218 2407/3142
f 1909/2715 2425/2817 2446/2803 2361/2167
f 1906/2805 2347/2969 2445/2401 2409/2806
f 1856/3141 2340/2658 2444/2636 2407/3164
f 2253/3059 2228/2477 2441/3073 2439/3058
f 2277/3085 2442/3081 2440/2455 1872/2329
f 2036/2972 2253/3059 2439/3058 2419/2402
f 1915/2721 2117/2720 2438/2304 2406/2545
f 1828/2934 2122/2937 2437/2643 2403/2920
f 2666/3173 2679/2903 2436/2906 2105/3174
f 2626/2940 2647/2899 2435/2902 2103/2941
f 2280/2707 2443/2759 2434/2560 2083/2944
f 1943/2462 2417/2798 2414/2405 1950/2200
f 1939/2752 1930/2751 2431/2563 2408/2801
f 2391/2987 1905/2955 2425/3155 2448/2816
f 2361/2167 2446/2803 2409/2806 1858/2168
f 1944/2420 2417/2839 2408/2801 1945/2736
f 1791/2602 1777/2601 2428/2356 2410/2618
f 2041/2587 1927/2568 2405/2735 2404/2305
f 1926/2414 2411/2734 2443/2759 2280/2707
f 1926/2414 1919/2413 2405/2781 2411/2734
f 1989/2822 2009/2679 2422/2678 2432/2688
f 2012/2815 2422/2689 2418/2297 2013/2646
f 2122/2937 1785/2578 2427/2256 2437/2643
f 2381/2706 1854/2220 2413/2219 2449/2637
f 2340/2658 1864/2330 2429/2456 2444/2636
f 1795/2191 2415/2296 2410/2618 1792/2192
f 1989/2529 2432/2580 2426/2583 1992/2530
f 2664/2964 2680/2570 2412/2571 1827/2965
f 2083/2944 2434/2560 2431/2563 1930/2751
f 2628/3175 2648/2542 2406/2545 1916/2926
f 2059/2472 2433/2295 2420/2318 1783/2473
f 1872/2329 2440/2455 2429/2456 1864/2330
f 1950/2200 2414/2405 2421/2396 1956/2201
f 2347/2969 2036/2972 2419/2402 2445/2401
f 1990/2378 1956/2201 2421/2396 2426/2583
f 1776/2615 2430/2313 2428/2356 1777/2601
f 1783/2473 2420/2318 2416/2310 1771/2614
f 1771/2614 2416/2310 2430/2313 1776/2615
f 2117/2720 2041/2587 2404/2305 2438/2304
f 1795/2191 2013/2646 2418/2297 2415/2296
f 1784/2709 2423/2257 2433/2295 2059/2472
f 1785/2578 1786/2577 2423/2292 2427/2256
f 2360/2981 1855/2180 2413/2638 2447/2218
f 2313/2994 1878/2995 1877/3097 2450/3096
f 1780/2249 2313/2994 2450/3096 1873/2212
f 2769/3109 2028/3112 2029/3176 2767/3177
f 2453/3178 2026/3179 2027/3111 2475/3110
f 2770/3180 1963/3181 2452/3182 2768/3183
f 2770/3180 2765/3184 2453/3185 1963/3181
f 2506/3186 2451/3187 2452/3188 2767/3189
f 2699/3190 2474/3191 1967/3192 2693/3193
f 2495/3194 2505/3195 1806/3196 1807/3197
f 2485/3198 2476/3199 1936/3200 1940/3201
f 2496/3202 2507/3203 1809/2990 1841/2993
f 2486/3204 2477/3205 2279/2427 2082/2430
f 2477/3205 2478/3206 1935/3207 2279/2427
f 2478/3206 2479/3208 1934/3209 1935/3207
f 2497/3210 2510/3211 1811/2320 1812/2323
f 2498/3212 2497/3210 1812/2323 2113/3213
f 2488/3214 2480/3215 1922/3216 2124/3217
f 2651/3218 2511/3219 1813/3220 2633/3221
f 2682/3222 2481/3223 1903/3224 2668/3225
f 2500/3226 2512/3227 1815/3228 2384/3229
f 2490/3230 2482/3231 1897/3232 2386/3233
f 2501/3234 2513/3235 1817/2285 2368/2792
f 2491/3236 2483/3237 1895/2861 2367/2170
f 2502/3238 2514/3239 1819/2680 2343/2683
f 2492/3240 2484/3241 1894/2487 2345/2606
f 2503/3242 2515/3243 1876/2306 2265/2309
f 2504/3244 2503/3242 2265/2309 2270/3245
f 2762/3246 1891/2556 1890/2559 2494/3247
f 2494/3248 2493/3249 2472/3250 2473/3251
f 2493/3249 2484/3252 2471/3253 2472/3250
f 2502/3254 2515/3255 2471/3256 2470/3257
f 2492/3258 2483/3259 2469/3260 2470/3261
f 2501/3262 2514/3263 2469/3264 2468/3265
f 2491/3266 2482/3267 2467/3268 2468/3269
f 2500/3270 2513/3271 2467/3272 2466/3273
f 2490/3274 2481/3275 2465/3276 2466/3277
f 2683/3278 2512/3279 2465/3280 2681/3281
f 2650/3282 2480/3283 2463/3284 2649/3285
f 2498/3286 2511/3287 2463/3288 2462/3289
f 2488/3290 2487/3291 2461/3292 2462/3293
f 2487/3291 2479/3294 2460/3295 2461/3292
f 2509/3296 2510/3297 2460/3298 2459/3299
f 2508/3300 2509/3296 2459/3299 2458/3301
f 2496/3302 2508/3303 2458/3304 2457/3305
f 2486/3306 2476/3307 2456/3308 2457/3309
f 2495/3310 2507/3311 2456/3312 2455/3313
f 2485/3314 2474/3315 2454/3316 2455/3317
f 2700/3318 2505/3319 2454/3320 2701/3321
f 1940/3322 1967/3192 2474/3191 2485/3314
f 2082/2430 1936/3200 2476/3199 2486/3204
f 1923/2872 1934/2924 2479/3208 2487/3291
f 2124/2869 1923/2872 2487/3291 2488/3214
f 2630/2927 1922/2930 2480/3215 2650/3282
f 2386/3167 1903/3170 2481/3223 2490/3230
f 2367/2170 1897/2173 2482/3231 2491/3236
f 2345/2606 1895/2861 2483/3237 2492/3240
f 2223/2484 1894/2487 2484/3241 2493/3249
f 1890/2559 2223/2484 2493/3249 2494/3247
f 2470/3261 2471/3256 2484/3252 2492/3258
f 2468/3269 2469/3264 2483/3259 2491/3266
f 2466/3277 2467/3272 2482/3267 2490/3274
f 2681/3281 2465/3280 2481/3275 2682/3222
f 2462/3293 2463/3288 2480/3283 2488/3290
f 2459/3299 2460/3298 2479/3294 2478/3206
f 2458/3301 2459/3299 2478/3206 2477/3205
f 2457/3309 2458/3304 2477/3323 2486/3306
f 2455/3313 2456/3312 2476/3199 2485/3198
f 2701/3321 2454/3320 2474/3315 2699/3190
f 2690/3324 1806/3196 2505/3195 2700/3318
f 1807/3325 1809/2990 2507/3203 2495/3310
f 1841/2993 1810/3326 2508/3327 2496/3202
f 1810/3326 2056/3328 2509/3296 2508/3327
f 2056/2796 1811/2320 2510/3211 2509/3296
f 2113/3213 1813/3220 2511/3219 2498/3212
f 2656/3086 1815/3089 2512/3227 2683/3278
f 2384/2282 1817/2285 2513/3235 2500/3226
f 2368/2792 1819/2680 2514/3239 2501/3234
f 2343/2683 1876/2306 2515/3243 2502/3238
f 2473/3251 2472/3250 2503/3242 2504/3244
f 2472/3250 2471/3253 2515/3255 2503/3242
f 2470/3261 2469/3260 2514/3263 2502/3254
f 2468/3269 2467/3268 2513/3271 2501/3262
f 2466/3277 2465/3276 2512/3279 2500/3270
f 2649/3285 2463/3284 2511/3287 2651/3218
f 2462/3293 2461/3292 2497/3210 2498/3286
f 2461/3292 2460/3295 2510/3297 2497/3210
f 2457/3309 2456/3308 2507/3329 2496/3302
f 2455/3317 2454/3316 2505/3319 2495/3194
f 2763/3330 2762/3246 2494/3247 2473/3251
f 2764/3331 2171/2431 1884/2434 2763/3332
f 1882/2830 1883/2833 2171/2431 2764/3331
f 2730/3333 2582/3334 2559/3335 2712/3336
f 2751/3337 2723/3338 2599/2524 2596/2523
f 2750/3339 2727/3340 2606/2653 2586/2228
f 2708/3341 2547/3342 2516/3343 2729/3344
f 2708/3345 2540/2732 2598/2731 2722/3346
f 2732/3347 2721/3348 2571/2841 2609/2912
f 2743/3349 2719/3350 2577/3351 2581/3352
f 2742/3353 2716/3354 2561/3355 2563/3356
f 2712/3336 2559/3335 2560/3357 2713/3358
f 2702/3359 2528/3360 2614/3361 2731/3362
f 2757/3363 2704/3364 2532/3365 2655/3366
f 2724/3367 2732/3347 2609/2912 2600/2439
f 2729/3368 2737/3369 2594/2865 2539/2864
f 2734/3370 2738/3371 2535/3372 2536/3373
f 2711/3374 2558/3375 2618/3376 2735/3377
f 2748/3378 2522/3379 2523/3380 2707/3381
f 2755/3382 2709/3383 2553/3384 2554/3385
f 2753/3386 2720/3387 2592/2774 2550/3101
f 2731/3362 2614/3361 2533/3161 2705/3388
f 2736/3389 2545/3390 2594/2865 2737/3369
f 2739/3391 2621/3392 2612/3393 2728/3394
f 2715/3395 2733/3396 2607/3397 2518/3398
f 2752/3399 2726/3400 2555/2724 2605/2723
f 2749/3401 2713/3358 2560/3357 2564/2262
f 2744/3402 2710/3403 2548/3404 2570/3405
f 2739/3391 2735/3377 2618/3376 2621/3392
f 2754/3406 2590/3407 2591/3408 2725/3409
f 2722/3346 2598/2731 2528/3360 2702/3359
f 2710/3403 2707/3381 2523/3380 2548/3404
f 2746/3410 2613/2241 2599/2524 2723/3338
f 2756/3411 2652/3412 2577/3351 2719/3350
f 2718/3413 2724/3367 2600/2439 2576/2438
f 2716/3354 2705/3388 2533/3161 2561/3355
f 2715/3395 2518/3398 2519/3414 2703/3415
f 2734/3416 2706/3417 2542/3418 2617/3419
f 2711/3374 2736/3420 2619/3421 2558/3375
f 2706/3417 2728/3394 2612/3393 2542/3418
f 2703/3422 2738/3423 2620/3424 2530/3425
f 2759/3426 2686/3427 2604/3428 2740/3429
f 2758/3430 2741/3431 2557/3070 2685/3069
f 2704/3364 2742/3353 2563/3356 2532/3365
f 2730/3333 2743/3349 2581/3352 2582/3334
f 2721/3348 2744/3402 2570/3405 2571/2841
f 2718/3413 2576/2438 2595/3432 2745/3433
f 2745/3433 2595/3432 2613/2241 2746/3410
f 2714/3434 2568/2227 2622/2354 2747/3435
f 2747/3435 2622/2354 2522/3379 2748/3378
f 2733/3396 2749/3401 2564/2262 2607/3397
f 2714/3434 2750/3339 2586/2228 2568/2227
f 2720/3387 2751/3337 2596/2523 2592/2774
f 2727/3340 2752/3399 2605/2723 2606/2653
f 2717/3436 2753/3386 2550/3101 2551/3437
f 2717/3436 2551/3437 2590/3407 2754/3406
f 2726/3400 2755/3382 2554/3385 2555/2724
f 1932/2878 2560/2877 2559/3335 1924/3438
f 1812/2323 2565/2322 2549/3439 2113/3213
f 1878/3440 2548/3404 2523/3380 1877/3441
f 2345/2606 2588/2605 2589/2862 1895/2861
f 1902/3159 2591/3158 2590/3407 2387/3442
f 2116/3095 2563/3094 2561/3355 1804/3443
f 2118/2674 2581/2673 2577/3351 1904/3444
f 2269/3445 2522/3379 2622/2354 2264/2353
f 1946/3149 2536/3148 2535/3372 1941/3446
f 1802/3447 2528/3360 2598/2731 2043/2730
f 2265/2309 2623/2308 2537/3448 2270/3245
f 2270/3245 2537/3448 2538/2831 1882/2830
f 2113/3213 2549/3439 2531/3449 1813/3220
f 2095/3450 2621/3392 2618/3376 2091/3451
f 1922/2930 2578/2929 2615/2870 2124/3217
f 2170/2843 2570/2842 2548/3404 1878/3440
f 2091/3451 2618/3376 2558/3375 2089/3452
f 1810/3326 2529/3453 2546/2797 2056/3328
f 1883/2833 2556/2832 2597/2432 2171/2431
f 2087/3454 2612/3393 2621/3392 2095/3450
f 1898/3455 2551/3437 2550/3101 2362/3100
f 1820/2654 2606/2653 2605/2723 2369/2722
f 1935/3207 2552/3456 2616/2428 2279/2427
f 1936/3200 2521/3457 2530/3458 1940/3201
f 2092/3459 2619/3460 2517/3461 2093/3462
f 2090/3463 2617/3419 2542/3418 2088/3464
f 2060/3163 2614/3162 2528/3360 1802/3447
f 1801/2733 2540/2732 2539/2864 1798/2863
f 1804/3443 2561/3355 2533/3161 1803/3160
f 1958/2209 2573/2208 2541/3147 1954/3146
f 2089/3452 2558/3375 2619/3421 2092/3459
f 1797/2866 2594/2865 2545/3390 2020/2867
f 1841/2993 2562/2992 2529/3453 1810/3326
f 2093/3462 2517/3461 2516/3465 1807/3466
f 2094/3467 2620/3468 2617/3419 2090/3463
f 2088/3464 2542/3418 2612/3393 2087/3454
f 1940/3201 2530/3458 2620/3424 2094/3467
f 2343/2683 2574/2682 2569/2307 1876/2306
f 2382/3151 2554/3150 2553/3384 1816/3469
f 2633/3470 2654/3471 2524/3472 2097/3473
f 1937/3474 2519/3414 2518/3398 1933/3475
f 1934/3209 2544/2923 2552/3456 1935/3207
f 1815/3089 2525/3088 2566/2283 2384/3229
f 2244/2243 2595/2242 2576/2438 1892/2437
f 1933/3475 2518/3398 2607/3397 2084/2260
f 2635/3476 2655/3366 2532/3365 1814/3092
f 1897/3232 2572/2172 2579/3168 2386/3233
f 2082/2430 2520/2429 2521/3457 1936/3200
f 1941/3446 2535/3372 2519/3414 1937/3474
f 2387/3442 2590/3407 2551/3437 1898/3455
f 1877/3441 2523/3380 2522/3379 2269/3445
f 1924/3438 2559/3335 2582/3334 1921/2671
f 2368/2792 2602/2791 2603/2681 1819/2680
f 1807/3325 2516/3465 2547/3342 1809/2990
f 2100/3071 2557/3070 2655/3366 2635/3476
f 1813/3220 2531/3449 2654/3471 2633/3221
f 2740/3429 2604/3428 2652/2273 2756/3411
f 2741/3431 2757/3363 2655/3366 2557/3070
f 2464/3477 2649/3285 2651/3218 2499/3478
f 2108/3479 2630/2927 2650/3282 2489/3480
f 2489/3480 2650/3282 2649/3285 2464/3477
f 2499/3478 2651/3218 2633/3221 2097/3473
f 2105/3174 2436/2906 2648/2542 2628/2917
f 1828/2934 2403/2920 2647/2899 2626/2940
f 2205/3012 2309/2876 2646/2848 2642/3022
f 2198/3005 2327/2918 2645/2879 2641/3007
f 2145/2935 2640/2943 2644/2883 2240/2921
f 1912/3002 2631/3006 2643/2938 2236/2932
f 2107/3013 2205/3012 2642/3022 2629/2886
f 1912/3002 2198/3005 2641/3007 2631/3006
f 1828/2934 2626/2940 2640/2943 2145/2935
f 2236/2932 2643/2938 2639/2914 2139/2931
f 2108/3064 2610/3063 2653/2928 2630/2927
f 2139/2931 2639/2914 2628/2917 1916/2926
f 2045/2695 2636/2894 2625/2907 2039/2608
f 1850/2711 2053/2517 2632/2895 2634/2900
f 2039/2608 2625/2907 2638/2910 2037/2609
f 2403/2920 1850/2711 2634/2900 2647/2899
f 2053/2517 1849/2516 2637/2659 2632/2895
f 1915/2544 2624/2543 2636/2894 2045/2695
f 2240/2921 2644/2883 2629/2886 1825/2922
f 2327/2918 1904/2919 2627/2880 2645/2879
f 2309/2876 2100/2875 2635/2849 2646/2848
f 2102/2897 2637/2896 2638/2662 2106/2889
f 2436/2906 2096/2905 2624/2891 2648/2542
f 1904/3444 2577/3351 2652/3412 2627/2272
f 2709/3383 2758/3430 2685/3069 2553/3384
f 2725/3409 2591/3408 2686/3157 2759/3426
f 2097/3473 2656/3086 2683/3278 2499/3478
f 2464/3477 2681/3281 2682/3222 2489/3480
f 2499/3478 2683/3278 2681/3281 2464/3477
f 2489/3480 2682/3222 2668/3225 2108/3479
f 2103/2941 2435/2902 2680/2570 2664/2964
f 1908/2371 2424/3165 2679/2903 2666/2372
f 2104/2275 2604/2274 2686/3427 2665/3156
f 2206/3008 2310/2882 2678/2786 2674/3029
f 2179/3056 2317/2189 2677/2873 2673/3011
f 2097/3473 2524/3472 2684/3087 2656/3086
f 2166/2942 2671/2967 2676/2684 2250/2884
f 1816/3469 2553/3384 2685/3069 2658/3068
f 1903/3170 2580/3169 2687/3062 2668/3225
f 2109/3009 2669/3028 2675/2984 2230/2939
f 2109/3009 2206/3008 2674/3029 2669/3028
f 1824/3057 2179/3056 2673/3011 2667/2687
f 2230/2939 2675/2984 2672/2369 2167/2915
f 2103/2941 2664/2964 2671/2967 2166/2942
f 2424/3165 1911/3166 2662/2628 2679/2903
f 1851/2532 2660/2626 2661/2890 2038/2533
f 2317/2189 1816/2188 2658/2874 2677/2873
f 2310/2882 2104/2881 2665/2787 2678/2786
f 2250/2884 2676/2684 2667/2687 2107/2885
f 2096/2905 2662/2904 2659/2441 2101/2893
f 2110/2898 2102/2897 2660/2887 2670/2466
f 2435/2902 2098/2901 2657/2465 2680/2570
f 2099/2908 2663/2444 2661/2483 2106/2909
f 2098/2901 2110/2898 2670/2466 2657/2465
f 2101/2893 2659/2441 2663/2444 2099/2908
f 2167/2915 2672/2369 2666/2372 2105/2916
f 2030/3481 2690/3324 2700/3318 2506/3482
f 2451/3483 2701/3321 2699/3190 2766/3484
f 2506/3186 2700/3318 2701/3321 2451/3187
f 2766/2676 2699/3190 2693/3193 1971/2642
f 2026/3485 2025/3486 2698/2552 2695/2421
f 1970/2729 1969/3487 2694/2663 2691/2726
f 2029/3176 2028/3112 2697/2407 2689/2495
f 1960/2364 1959/2363 2688/2553 2691/2793
f 1969/3487 1968/2641 2692/2640 2694/2663
f 1967/2481 1964/2480 2692/2664 2693/2639
f 2025/3486 1961/2728 2688/2727 2698/2552
f 2030/3481 2029/3176 2689/2495 2690/2494
f 2027/3111 2026/3179 2695/2421 2696/2408
f 2028/3112 2027/3111 2696/2408 2697/2407
f 2580/3169 2725/3409 2759/3426 2687/3062
f 2525/3088 2684/3087 2758/3430 2709/3383
f 2524/3472 2654/3471 2757/3363 2741/3431
f 2610/3063 2740/3429 2756/3411 2653/2928
f 2567/2284 2566/2283 2755/3382 2726/3400
f 2572/2172 2717/3436 2754/3406 2579/3168
f 2572/2172 2587/2171 2753/3386 2717/3436
f 2603/2681 2602/2791 2752/3399 2727/3340
f 2589/2862 2588/2605 2751/3337 2720/3387
f 2569/2307 2574/2682 2750/3339 2714/3434
f 2520/2429 2616/2428 2749/3401 2733/3396
f 2623/2308 2747/3435 2748/3378 2537/3448
f 2569/2307 2714/3434 2747/3435 2623/2308
f 2583/2558 2745/3433 2746/3410 2584/2485
f 2575/2557 2718/3413 2745/3433 2583/2558
f 2593/2433 2597/2432 2744/3402 2721/3348
f 2543/2871 2615/2870 2743/3349 2730/3333
f 2531/3449 2549/3439 2742/3353 2704/3364
f 2684/3087 2524/3472 2741/3431 2758/3430
f 2687/3062 2759/3426 2740/3429 2610/3063
f 2519/3414 2535/3372 2738/3371 2703/3415
f 2541/3147 2573/2208 2728/3394 2706/3417
f 2526/2717 2545/2868 2736/3389 2711/3374
f 2536/3148 2541/3147 2706/3417 2734/3370
f 2521/3457 2715/3395 2703/3415 2530/3458
f 2565/2322 2534/2321 2705/3388 2716/3354
f 2575/2557 2601/2719 2724/3367 2718/3413
f 2653/2928 2756/3411 2719/3350 2578/2929
f 2584/2485 2746/3410 2723/3338 2585/2486
f 2556/2832 2538/2831 2707/3381 2710/3403
f 2562/2992 2722/3346 2702/3359 2529/3453
f 2579/3168 2754/3406 2725/3409 2580/3169
f 2608/2207 2527/2464 2735/3377 2739/3391
f 2597/2432 2556/2832 2710/3403 2744/3402
f 2616/2428 2552/3456 2713/3358 2749/3401
f 2602/2791 2567/2284 2726/3400 2752/3399
f 2521/3457 2520/2429 2733/3396 2715/3395
f 2608/2207 2739/3391 2728/3394 2573/2208
f 2619/3421 2736/3420 2737/3369 2517/3461
f 2546/2797 2731/3362 2705/3388 2534/2321
f 2587/2171 2589/2862 2720/3387 2753/3386
f 2566/2283 2525/3088 2709/3383 2755/3382
f 2537/3448 2748/3378 2707/3381 2538/2831
f 2526/2717 2711/3374 2735/3377 2527/2464
f 2617/3419 2620/3468 2738/3423 2734/3416
f 2516/3465 2517/3461 2737/3369 2729/3344
f 2601/2719 2611/2776 2732/3347 2724/3367
f 2654/3471 2531/3449 2704/3364 2757/3363
f 2529/3453 2702/3359 2731/3362 2546/2797
f 2544/2923 2712/3336 2713/3358 2552/3456
f 2549/3439 2565/2322 2716/3354 2742/3353
f 2615/2870 2578/2929 2719/3350 2743/3349
f 2611/2776 2593/2433 2721/3348 2732/3347
f 2547/3342 2708/3341 2722/3346 2562/2992
f 2540/2732 2708/3345 2729/3344 2539/2864
f 2574/2682 2603/2681 2727/3340 2750/3339
f 2588/2605 2585/2486 2723/3338 2751/3337
f 2543/2871 2730/3333 2712/3336 2544/2923
f 2504/3244 2764/3331 2763/3332 2473/3251
f 2760/2234 1779/2550 1997/2549 2761/2770
f 1772/2613 1770/2616 1779/2550 2760/2234
f 1884/2434 2080/2775 2762/3246 2763/3332
f 2080/2775 2070/2718 1891/2556 2762/3246
f 2270/3245 1882/2830 2764/3331 2504/3244
f 2030/3481 2506/3482 2767/3189 2029/3176
f 1963/3181 2769/3109 2767/3177 2452/3182
f 2451/3187 2766/3484 2768/2677 2452/3188
f 1969/3487 2770/3180 2768/3183 1968/2641
f 1969/3487 1970/2729 2765/3184 2770/3180
f 1963/3181 2453/3185 2475/3110 2769/3109
f 1970/2729 1961/2728 2453/3185 2765/3184
f 1961/2728 2025/3486 2026/3485 2453/3185